source1_entity_id	s1_business_name	s1_business_address	country	true_matched_ids	generated_candidates	lost_true_id	lost_business_name	lost_business_address	lost_country	num_cands_generated	name_similarity	addr_similarity	shared_blocking_keys	diagnosed_failure_reason	failure_category
S1-925783039	Orelee's Barbershop	1795 Westchester Drive, High Point, NC	US	S2-157377754,S2-517291332,S3-698172821,S3-997698194	S2-100198226,S2-110234581,S2-137340653,S2-141689655,S2-157377754,S2-162361984,S2-293992631,S2-335180728,S2-361957120,S2-457695192	S3-698172821	Orelee'S Services	Westchester Dr, High Point, North Carolina	US	15	66.66666666666667	75.0	US|tok:orelee;US|2tok:orelee_s;US|pfx6:orelee	Top-K Truncation / Bucket Slice (Shared keys: ['US|tok:orelee', 'US|2tok:orelee_s'], but bucket sliced b[:8] or cap 15 reached)	Top-K Truncation / Bucket Slicing
S1-377745466	B+ Retail Inc	1712 Montebello Avenue, Phoenix, AZ	US	S2-203037501,S3-402918963,S3-70942743,S3-836170816	S2-144682432,S2-203037501,S2-247379994,S3-210453584,S3-402918963,S3-455372297,S3-531388419,S3-569058042,S3-782681980,S3-836170816	S3-70942743	B+ Inc Services	Arizona, Phoenix, 1712 Montebello Avenue	US	10	50.0	58.666666666666664		No Shared Blocking Key Generated (Name Sim: 50.0%, Addr Sim: 58.666666666666664%)	No Blocking Rule Hit
S1-133037285	Christ Chapel	2100 Cameron Drive, Unit APARTMENT G, Dundalk, MD	US	S2-103437512,S2-407207105,S3-183080822,S3-33144658,S3-476003339,S3-940895145	S2-184402475,S2-372466877,S2-387504930,S2-407207105,S2-502997597,S2-513555420,S2-605448401,S2-657661125,S2-662555432,S2-786223429	S3-33144658	Christ Center	210 Cameron Dr, # Apartment G, Dundalk, Maryland	US	16	69.23076923076923	84.5360824742268	US|tok:christ;US|pfx6:christ	Top-K Truncation / Bucket Slice (Shared keys: ['US|tok:christ', 'US|pfx6:christ'], but bucket sliced b[:8] or cap 15 reached)	Top-K Truncation / Bucket Slicing
S1-133037285	Christ Chapel	2100 Cameron Drive, Unit APARTMENT G, Dundalk, MD	US	S2-103437512,S2-407207105,S3-183080822,S3-33144658,S3-476003339,S3-940895145	S2-184402475,S2-372466877,S2-387504930,S2-407207105,S2-502997597,S2-513555420,S2-605448401,S2-657661125,S2-662555432,S2-786223429	S2-103437512	Christ Chapel LLC	CAMERON DRIVE, DUNDALK, MD	US	16	86.66666666666667	69.33333333333334	US|pfx8:christch;US|pfx6:christ;US|2tok:christ_chapel;US|tok:christ;US|tok:chapel	Top-K Truncation / Bucket Slice (Shared keys: ['US|pfx8:christch', 'US|pfx6:christ'], but bucket sliced b[:8] or cap 15 reached)	Top-K Truncation / Bucket Slicing
S1-133037285	Christ Chapel	2100 Cameron Drive, Unit APARTMENT G, Dundalk, MD	US	S2-103437512,S2-407207105,S3-183080822,S3-33144658,S3-476003339,S3-940895145	S2-184402475,S2-372466877,S2-387504930,S2-407207105,S2-502997597,S2-513555420,S2-605448401,S2-657661125,S2-662555432,S2-786223429	S3-940895145	Christ Chapel	# Apartment G, Dundalk, 210 Cameron Drive, Maryland	US	16	100.0	50.0	US|pfx8:christch;US|pfx6:christ;US|2tok:christ_chapel;US|tok:christ;US|tok:chapel;US|alpha:christchapel	Top-K Truncation / Bucket Slice (Shared keys: ['US|pfx8:christch', 'US|pfx6:christ'], but bucket sliced b[:8] or cap 15 reached)	Top-K Truncation / Bucket Slicing
S1-133037285	Christ Chapel	2100 Cameron Drive, Unit APARTMENT G, Dundalk, MD	US	S2-103437512,S2-407207105,S3-183080822,S3-33144658,S3-476003339,S3-940895145	S2-184402475,S2-372466877,S2-387504930,S2-407207105,S2-502997597,S2-513555420,S2-605448401,S2-657661125,S2-662555432,S2-786223429	S3-476003339	CHRIST CHAPEL	210 Cameron Drive, Dundalk, Maryland	US	16	100.0	70.58823529411764	US|pfx8:christch;US|pfx6:christ;US|2tok:christ_chapel;US|tok:christ;US|tok:chapel;US|alpha:christchapel	Top-K Truncation / Bucket Slice (Shared keys: ['US|pfx8:christch', 'US|pfx6:christ'], but bucket sliced b[:8] or cap 15 reached)	Top-K Truncation / Bucket Slicing
S1-755362802	Prabhav Business Center	797, Lake Town Block A, Kolkata, Howrah, West Bengal	India	S2-587230276,S3-440254853	S2-241952155,S2-308151397,S2-345674564,S2-356471233,S2-37926855,S2-460143072,S2-548346553,S2-570279932,S2-873773244,S2-886233797	S3-440254853	Mr Prabhav Business Services	Plot 334 797, Lake Town Block A, Kolkata, Howrah, পশ্চিমবঙ্গ	India	10	74.50980392156863	73.21428571428572	INDIA|tok:prabhav;INDIA|tok:business	Top-K Truncation / Bucket Slice (Shared keys: ['INDIA|tok:prabhav', 'INDIA|tok:business'], but bucket sliced b[:8] or cap 15 reached)	Top-K Truncation / Bucket Slicing
S1-755362802	Prabhav Business Center	797, Lake Town Block A, Kolkata, Howrah, West Bengal	India	S2-587230276,S3-440254853	S2-241952155,S2-308151397,S2-345674564,S2-356471233,S2-37926855,S2-460143072,S2-548346553,S2-570279932,S2-873773244,S2-886233797	S2-587230276	Prabhav Center Center	HN 567 797, LAKE TOWN BLOCK A, KOLKATA, NULL, West Bengal	India	10	77.27272727272727	84.40366972477065	INDIA|pfx6:prabha;INDIA|tok:prabhav	Top-K Truncation / Bucket Slice (Shared keys: ['INDIA|pfx6:prabha', 'INDIA|tok:prabhav'], but bucket sliced b[:8] or cap 15 reached)	Top-K Truncation / Bucket Slicing
S1-851869949	Custom Wealth Services LLC	OH, Columbus, 5559 Orville Avenue	US	S2-801813753,S2-915265864,S2-961342067,S3-807524060,S3-949828938	S2-488892267,S2-503025448,S2-594201235,S2-642831641,S2-684696653,S2-737195266,S2-747508529,S2-841202304,S2-905056061,S2-915265864	S3-949828938	Custom Services LLC Services	005559 Orville Ave, Columus CDP, Ohio	US	12	70.37037037037037	48.57142857142858	US|tok:custom;US|pfx6:custom	Top-K Truncation / Bucket Slice (Shared keys: ['US|tok:custom', 'US|pfx6:custom'], but bucket sliced b[:8] or cap 15 reached)	Top-K Truncation / Bucket Slicing
S1-851869949	Custom Wealth Services LLC	OH, Columbus, 5559 Orville Avenue	US	S2-801813753,S2-915265864,S2-961342067,S3-807524060,S3-949828938	S2-488892267,S2-503025448,S2-594201235,S2-642831641,S2-684696653,S2-737195266,S2-747508529,S2-841202304,S2-905056061,S2-915265864	S2-801813753	Custom Wealth Services	555 ORVILLE AVENUE, PMB 4228, COLUMBUS, OH	US	12	91.66666666666666	48.0	US|tok:wealth;US|pfx6:custom;US|tok:custom;US|2tok:custom_wealth;US|pfx8:customwe	Top-K Truncation / Bucket Slice (Shared keys: ['US|tok:wealth', 'US|pfx6:custom'], but bucket sliced b[:8] or cap 15 reached)	Top-K Truncation / Bucket Slicing
S1-851869949	Custom Wealth Services LLC	OH, Columbus, 5559 Orville Avenue	US	S2-801813753,S2-915265864,S2-961342067,S3-807524060,S3-949828938	S2-488892267,S2-503025448,S2-594201235,S2-642831641,S2-684696653,S2-737195266,S2-747508529,S2-841202304,S2-905056061,S2-915265864	S2-961342067	Custom Wealth	555 ORVILLE AVENUE, PO BOX 3877, COLUMBUS, OH	US	12	66.66666666666667	46.15384615384615	US|tok:wealth;US|pfx6:custom;US|tok:custom;US|2tok:custom_wealth;US|pfx8:customwe	Top-K Truncation / Bucket Slice (Shared keys: ['US|tok:wealth', 'US|pfx6:custom'], but bucket sliced b[:8] or cap 15 reached)	Top-K Truncation / Bucket Slicing
S1-785847572	Consulting Nyasa Nursing Private Limited	2505, Tower 1, Oakwood, Runwal Greens, Mulund Goreagon Link Road, Near Fortis Hospital, Bhandup West, Mumbai, Maharashtra	India	S2-682432196,S3-145991649,S3-943437724,S3-948163592	S2-136041364,S2-164190611,S2-278287838,S2-316187589,S2-395389219,S2-514277460,S2-552111086,S2-682432196,S2-82093156,S2-89751190	S3-145991649	Consulting Nyasa Nursing Private	Mumbai, 2505, MH, Mumbai	India	15	88.88888888888889	23.448275862068968	INDIA|tok:nyasa;INDIA|tok:nursing;INDIA|pfx6:consul;INDIA|pfx8:consulti;INDIA|2tok:consulting_nyasa	Top-K Truncation / Bucket Slice (Shared keys: ['INDIA|tok:nyasa', 'INDIA|tok:nursing'], but bucket sliced b[:8] or cap 15 reached)	Top-K Truncation / Bucket Slicing
S1-27541239	Nexus Anchor Rain	1111 Church Street, Unit 2007, Nashville, TN	US	S2-199341916,S2-85756610,S3-739757636,S3-893131105	S2-110242163,S2-140087341,S2-180488571,S2-21117818,S2-228696125,S2-459577201,S2-502880116,S2-563573129,S2-577230403,S2-594630721	S2-199341916	NEXUS ACORMHR RAIN	CHURCH STREET, NASHVILLE, TN	US	17	85.71428571428572	77.77777777777779	US|pfx6:nexusa;US|tok:nexus;US|tok:rain	Top-K Truncation / Bucket Slice (Shared keys: ['US|pfx6:nexusa', 'US|tok:nexus'], but bucket sliced b[:8] or cap 15 reached)	Top-K Truncation / Bucket Slicing
S1-27541239	Nexus Anchor Rain	1111 Church Street, Unit 2007, Nashville, TN	US	S2-199341916,S2-85756610,S3-739757636,S3-893131105	S2-110242163,S2-140087341,S2-180488571,S2-21117818,S2-228696125,S2-459577201,S2-502880116,S2-563573129,S2-577230403,S2-594630721	S3-739757636	Nexus Anchor  Service	1111 Church Street, Nashville, Tennessee	US	17	78.94736842105263	78.57142857142857	US|pfx8:nexusanc;US|tok:anchor;US|tok:nexus;US|anum:1111_church;US|2tok:nexus_anchor;US|pfx6:nexusa	Top-K Truncation / Bucket Slice (Shared keys: ['US|pfx8:nexusanc', 'US|tok:anchor'], but bucket sliced b[:8] or cap 15 reached)	Top-K Truncation / Bucket Slicing
S1-629417405	Moore Bitwise Inc	337 Oakland Avenue, Michigan City, IN	US	S2-522538408,S2-928426462,S3-438606634,S3-606982601,S3-613837325,S3-786131946,S3-962449159	S2-522538408,S2-619047561,S2-63087853,S2-654176027,S2-658126780,S2-687138912,S2-735064475,S2-740148054,S2-770602368,S2-901400857	S3-438606634	moorebitwise.com	0337 Oakland Avenue, Michigan City, Indiana	US	16	78.78787878787878	92.5	US|pfx8:moorebit;US|pfx6:mooreb	Top-K Truncation / Bucket Slice (Shared keys: ['US|pfx8:moorebit', 'US|pfx6:mooreb'], but bucket sliced b[:8] or cap 15 reached)	Top-K Truncation / Bucket Slicing
S1-629417405	Moore Bitwise Inc	337 Oakland Avenue, Michigan City, IN	US	S2-522538408,S2-928426462,S3-438606634,S3-606982601,S3-613837325,S3-786131946,S3-962449159	S2-522538408,S2-619047561,S2-63087853,S2-654176027,S2-658126780,S2-687138912,S2-735064475,S2-740148054,S2-770602368,S2-901400857	S3-613837325	Moore Inc Bitwise	0337 Oakland Avenue, Michigan City, Indiana	US	16	76.47058823529412	92.5	US|tok:moore;US|tok:bitwise;US|2tok:moore_bitwise	Top-K Truncation / Bucket Slice (Shared keys: ['US|tok:moore', 'US|tok:bitwise'], but bucket sliced b[:8] or cap 15 reached)	Top-K Truncation / Bucket Slicing
S1-629417405	Moore Bitwise Inc	337 Oakland Avenue, Michigan City, IN	US	S2-522538408,S2-928426462,S3-438606634,S3-606982601,S3-613837325,S3-786131946,S3-962449159	S2-522538408,S2-619047561,S2-63087853,S2-654176027,S2-658126780,S2-687138912,S2-735064475,S2-740148054,S2-770602368,S2-901400857	S2-928426462	Moore Inc Center	337 OAKLAND AVE, MICHHIGAN CITY CITY, IN	US	16	54.54545454545454	88.31168831168831	US|tok:moore;US|anum:337_oakland	Top-K Truncation / Bucket Slice (Shared keys: ['US|tok:moore', 'US|anum:337_oakland'], but bucket sliced b[:8] or cap 15 reached)	Top-K Truncation / Bucket Slicing
S1-629417405	Moore Bitwise Inc	337 Oakland Avenue, Michigan City, IN	US	S2-522538408,S2-928426462,S3-438606634,S3-606982601,S3-613837325,S3-786131946,S3-962449159	S2-522538408,S2-619047561,S2-63087853,S2-654176027,S2-658126780,S2-687138912,S2-735064475,S2-740148054,S2-770602368,S2-901400857	S3-786131946	Moore Bítwise Inc	Michigan City, 0337 Oakland Ave, Indiana	US	16	94.11764705882352	54.54545454545454	US|tok:moore;US|pfx6:mooreb	Top-K Truncation / Bucket Slice (Shared keys: ['US|tok:moore', 'US|pfx6:mooreb'], but bucket sliced b[:8] or cap 15 reached)	Top-K Truncation / Bucket Slicing
S1-629417405	Moore Bitwise Inc	337 Oakland Avenue, Michigan City, IN	US	S2-522538408,S2-928426462,S3-438606634,S3-606982601,S3-613837325,S3-786131946,S3-962449159	S2-522538408,S2-619047561,S2-63087853,S2-654176027,S2-658126780,S2-687138912,S2-735064475,S2-740148054,S2-770602368,S2-901400857	S3-606982601	Moore Inc Services	0337 Oakland Ave, Michigan City, Indiana	US	16	62.857142857142854	88.31168831168831	US|tok:moore	Top-K Truncation / Bucket Slice (Shared keys: ['US|tok:moore'], but bucket sliced b[:8] or cap 15 reached)	Top-K Truncation / Bucket Slicing
S1-22305073	Dermatology Green Medicine	294 Meadowcreek Drive, Unit Unit 2, Village Of Pewaukee, WI	US	S2-578011604,S3-183589405,S3-221070872,S3-317068674	S2-221582977,S2-322045646,S2-524515360,S2-597677478,S2-621236789,S2-709758118,S2-730066871,S2-792696839,S3-183589405,S3-221070872	S2-578011604	Dermatology Green	294 MADOWCREEK DR, PEWAUKEE, WI	US	11	79.06976744186046	68.88888888888889	US|pfx8:dermatol;US|pfx6:dermat;US|tok:dermatology;US|2tok:dermatology_green;US|tok:green	Top-K Truncation / Bucket Slice (Shared keys: ['US|pfx8:dermatol', 'US|pfx6:dermat'], but bucket sliced b[:8] or cap 15 reached)	Top-K Truncation / Bucket Slicing
S1-504790211	Crystal Lending PC	11643 Prosperity Road, South Jordan, UT	US	S2-340882825,S2-384272292,S2-482219248,S2-830972710,S2-939343525,S3-582752221,S3-956253301	S2-203912373,S2-277524240,S2-340882825,S2-361888929,S2-384272292,S2-458293831,S2-482219248,S2-585038676,S2-830972710,S2-837560656	S3-956253301	crystallending.com	South Jodan, Utah, 11643 Prosperity Rd	US	12	83.33333333333334	49.350649350649356	US|pfx8:crystall;US|pfx6:crysta	Top-K Truncation / Bucket Slice (Shared keys: ['US|pfx8:crystall', 'US|pfx6:crysta'], but bucket sliced b[:8] or cap 15 reached)	Top-K Truncation / Bucket Slicing
S1-564729135	Dream Construction Limited	H.No.16-11-23/37/A, 2Nd Floor, Flat No.207, Sagar Hotel Building, Opp.Rta Office, Mo, Osarambagh, Hyderabad, Telangana	India	S2-256254095,S2-327309238,S3-165493359,S3-209102076,S3-549899758,S3-912418512	S2-189292473,S2-30795221,S2-376140921,S2-392417727,S2-455679736,S2-669539870,S2-878984412,S2-94666784,S3-699224826	S2-256254095	Mr Dream Limited Construction	NO 16-11-23/37/A , 2ND FLOOR, FLAT NO.207, SAGAR HOTEL BUILDING, OPP.RTA OFFICE, MO, OSARAMBAGH, Telangana	India	9	65.45454545454545	92.85714285714286	INDIA|tok:dream;INDIA|tok:construction;INDIA|anum:16_2nd	Top-K Truncation / Bucket Slice (Shared keys: ['INDIA|tok:dream', 'INDIA|tok:construction'], but bucket sliced b[:8] or cap 15 reached)	Top-K Truncation / Bucket Slicing
S1-564729135	Dream Construction Limited	H.No.16-11-23/37/A, 2Nd Floor, Flat No.207, Sagar Hotel Building, Opp.Rta Office, Mo, Osarambagh, Hyderabad, Telangana	India	S2-256254095,S2-327309238,S3-165493359,S3-209102076,S3-549899758,S3-912418512	S2-189292473,S2-30795221,S2-376140921,S2-392417727,S2-455679736,S2-669539870,S2-878984412,S2-94666784,S3-699224826	S2-327309238	డ్రీమ్ కన్‌స్ట్రక్షన్ లిమిటెడ్	H.NO 16-11-23/37/A, OSARAMBAGH, HYDERABAD, Telangana	India	9	7.14285714285714	60.0		Address Correlated but Name Dissimilar (Addr Sim: 60.0%, missed address blocking key)	Address Correlated but Name Unmatched
S1-564729135	Dream Construction Limited	H.No.16-11-23/37/A, 2Nd Floor, Flat No.207, Sagar Hotel Building, Opp.Rta Office, Mo, Osarambagh, Hyderabad, Telangana	India	S2-256254095,S2-327309238,S3-165493359,S3-209102076,S3-549899758,S3-912418512	S2-189292473,S2-30795221,S2-376140921,S2-392417727,S2-455679736,S2-669539870,S2-878984412,S2-94666784,S3-699224826	S3-209102076	>> Dream Cofdndrucbion Limited	2Nd Floor, Flat No.207, Sagar Hotel Building, Opp.rta Office, Mo, Hyderabad, Osarambagh, TG, H.no.d/16-11-23/37/a	India	9	82.14285714285714	70.99567099567099	INDIA|tok:dream;INDIA|pfx6:dreamc	Top-K Truncation / Bucket Slice (Shared keys: ['INDIA|tok:dream', 'INDIA|pfx6:dreamc'], but bucket sliced b[:8] or cap 15 reached)	Top-K Truncation / Bucket Slicing
S1-564729135	Dream Construction Limited	H.No.16-11-23/37/A, 2Nd Floor, Flat No.207, Sagar Hotel Building, Opp.Rta Office, Mo, Osarambagh, Hyderabad, Telangana	India	S2-256254095,S2-327309238,S3-165493359,S3-209102076,S3-549899758,S3-912418512	S2-189292473,S2-30795221,S2-376140921,S2-392417727,S2-455679736,S2-669539870,S2-878984412,S2-94666784,S3-699224826	S3-912418512	డ్రీమ్ కన్‌స్ట్రక్షన్ లిమిటెడ్	D/16-11-23/37/a, 2Nd Floor, Flat No.207, Sagar Hotel Building, Opp.rta Office, Mo, Osarambagh, Hyderabad, TG	India	9	7.14285714285714	93.80530973451327	INDIA|anum:16_2nd	Top-K Truncation / Bucket Slice (Shared keys: ['INDIA|anum:16_2nd'], but bucket sliced b[:8] or cap 15 reached)	Top-K Truncation / Bucket Slicing
S1-564729135	Dream Construction Limited	H.No.16-11-23/37/A, 2Nd Floor, Flat No.207, Sagar Hotel Building, Opp.Rta Office, Mo, Osarambagh, Hyderabad, Telangana	India	S2-256254095,S2-327309238,S3-165493359,S3-209102076,S3-549899758,S3-912418512	S2-189292473,S2-30795221,S2-376140921,S2-392417727,S2-455679736,S2-669539870,S2-878984412,S2-94666784,S3-699224826	S3-549899758	Dream కన్‌స్ట్రక్షన్ Limited	No D/16-11-23/37/a, 2Nd Floor, Flat No.207, Sagar Hotel Building, Opp.rta Office, Mo, Osarambagh, Hyderabad, TG	India	9	51.85185185185186	94.32314410480349	INDIA|tok:dream;INDIA|anum:16_2nd	Top-K Truncation / Bucket Slice (Shared keys: ['INDIA|tok:dream', 'INDIA|anum:16_2nd'], but bucket sliced b[:8] or cap 15 reached)	Top-K Truncation / Bucket Slicing
S1-564729135	Dream Construction Limited	H.No.16-11-23/37/A, 2Nd Floor, Flat No.207, Sagar Hotel Building, Opp.Rta Office, Mo, Osarambagh, Hyderabad, Telangana	India	S2-256254095,S2-327309238,S3-165493359,S3-209102076,S3-549899758,S3-912418512	S2-189292473,S2-30795221,S2-376140921,S2-392417727,S2-455679736,S2-669539870,S2-878984412,S2-94666784,S3-699224826	S3-165493359	Dream Limited Service	TG, Osarambagh, 2Nd Floor, Flat No.207, Sagar Hotel Building, Opp.rta Office, Mo, Hyderabad, No D/16-11-23/37/a	India	9	55.319148936170215	72.48908296943232	INDIA|tok:dream	Top-K Truncation / Bucket Slice (Shared keys: ['INDIA|tok:dream'], but bucket sliced b[:8] or cap 15 reached)	Top-K Truncation / Bucket Slicing
S1-865131206	Helios	66 Edgewood Street, Bridgeport, CT	US	S2-657355663,S3-219374335,S3-567734078,S3-652513823	S2-209746679,S2-340726883,S2-502601226,S2-544979911,S2-577724547,S2-617606666,S2-618674884,S2-622467860,S2-657355663,S2-765153863	S3-219374335	Helios.Com	Bridgeport, 66 Edgewood Saint, Connecticut	US	14	75.0	52.63157894736843	US|pfx6:helios;US|tok:helios	Top-K Truncation / Bucket Slice (Shared keys: ['US|pfx6:helios', 'US|tok:helios'], but bucket sliced b[:8] or cap 15 reached)	Top-K Truncation / Bucket Slicing
S1-865131206	Helios	66 Edgewood Street, Bridgeport, CT	US	S2-657355663,S3-219374335,S3-567734078,S3-652513823	S2-209746679,S2-340726883,S2-502601226,S2-544979911,S2-577724547,S2-617606666,S2-618674884,S2-622467860,S2-657355663,S2-765153863	S3-652513823	Hiros	Connecticut, 66 Edgewood St, Bridgeport	US	14	72.72727272727273	71.23287671232876		No Shared Blocking Key Generated (Name Sim: 72.72727272727273%, Addr Sim: 71.23287671232876%)	No Blocking Rule Hit
S1-626914593	Unified Choice Dynamix	Unit BUILDING 3030, MD, 2701 Eastern Boulevard, Middle River	US	S2-563003232,S3-594660686	S2-259167573,S2-476794569,S2-49878399,S2-563003232,S2-607106508,S2-684418559,S2-691741899,S2-958632358,S3-745289958,S3-805541873	S3-594660686	Unified Choice Center	2701-A Eastern Boulevard, Unit Building 3030, Middle River, Maryland	US	10	74.4186046511628	56.25	US|tok:unified;US|pfx6:unifie;US|2tok:unified_choice;US|pfx8:unifiedc;US|tok:choice	Top-K Truncation / Bucket Slice (Shared keys: ['US|tok:unified', 'US|pfx6:unifie'], but bucket sliced b[:8] or cap 15 reached)	Top-K Truncation / Bucket Slicing
S1-765734254	Health Fellowship Partners	601 Oleander Circle, Virginia Beach City, VA	US	S2-156753828,S3-179968484,S3-392778993,S3-799567902	S2-137573744,S2-156753828,S2-25378142,S2-651153153,S2-683690314,S2-777438955,S2-917818554,S2-920908655,S2-940975661,S2-997993941	S3-799567902	Health Fellowship Partners Federation		US	14	82.53968253968253	0.0	US|pfx8:healthfe;US|tok:partners;US|2tok:health_fellowship;US|pfx6:health;US|tok:fellowship	Top-K Truncation / Bucket Slice (Shared keys: ['US|pfx8:healthfe', 'US|tok:partners'], but bucket sliced b[:8] or cap 15 reached)	Top-K Truncation / Bucket Slicing
S1-82053739	Smart Healthcare Private Limited	303, 3Rd Floor Sakar 5 B/H Natraj Cinema Ashram Road, Ahmedabad, Gujarat	India	S3-250737963,S3-618834296	S2-105539007,S2-137616046,S2-272727327,S2-32606836,S2-361911969,S2-464603395,S2-517189142,S2-828672866,S2-831200140,S2-835982767	S3-618834296	Smart Healthcare Limited Services	303, 3Rd Floor Sakar 5 B/h Natraj Cinema Ashram Road, Ahmedabad, GJ	India	16	73.84615384615385	96.40287769784173	INDIA|pfx8:smarthea;INDIA|pfx6:smarth;INDIA|tok:healthcare;INDIA|2tok:smart_healthcare;INDIA|tok:smart;INDIA|anum:303_3rd	Top-K Truncation / Bucket Slice (Shared keys: ['INDIA|pfx8:smarthea', 'INDIA|pfx6:smarth'], but bucket sliced b[:8] or cap 15 reached)	Top-K Truncation / Bucket Slicing
S1-82053739	Smart Healthcare Private Limited	303, 3Rd Floor Sakar 5 B/H Natraj Cinema Ashram Road, Ahmedabad, Gujarat	India	S3-250737963,S3-618834296	S2-105539007,S2-137616046,S2-272727327,S2-32606836,S2-361911969,S2-464603395,S2-517189142,S2-828672866,S2-831200140,S2-835982767	S3-250737963	Kelonyla	303, 3Rd Floor Sakar 5 B/H Natraj Cinema Ashram Road, Ahmedabad, Gujarat	India	16	15.000000000000002	100.0	INDIA|anum:303_3rd	Top-K Truncation / Bucket Slice (Shared keys: ['INDIA|anum:303_3rd'], but bucket sliced b[:8] or cap 15 reached)	Top-K Truncation / Bucket Slicing
S1-221443075	Iris Advisors	House No-777 Raghubir Bhawanmadan Pur Khadar Sarita Vihar, Delhi, South Delhi, Delhi	India	S2-804818360,S2-861061618,S3-815125209	S2-159804083,S2-173529292,S2-196883913,S2-367115870,S2-471822723,S2-714940776,S2-729977212,S2-748487868,S2-861061618,S2-882491935	S2-804818360	Iris Center	HOUSE NO-777 RAGHUBIR BHAWANMADAN PUR KHADAR SARITA VIHAR, DELHI, Delhi	India	15	50.0	91.61290322580645	INDIA|anum:777_house;INDIA|tok:iris	Top-K Truncation / Bucket Slice (Shared keys: ['INDIA|anum:777_house', 'INDIA|tok:iris'], but bucket sliced b[:8] or cap 15 reached)	Top-K Truncation / Bucket Slicing
S1-341506266	Secunderabad Park Private Limited	Secunderabad, Hyderabad, Plot No.53, Flat No.402, Sr Estate-I Rainbow Colony, Ammuguda, Sainikpuri, Telangana, # 53/1	India	S2-762225006,S3-444516861,S3-515150480	S2-312485470,S2-762225006,S3-391084602,S3-444516861,S3-484506068,S3-583111682	S3-515150480	Limited Secunderabad Private Center	# 53/1, Plot No.53, Flat No.402, Sr Estate-i Rainbow Colony, Ammuguda, Sainikpuri, Secunderabad, Hyderabad, TG	India	6	67.64705882352942	74.8898678414097	INDIA|tok:secunderabad	Top-K Truncation / Bucket Slice (Shared keys: ['INDIA|tok:secunderabad'], but bucket sliced b[:8] or cap 15 reached)	Top-K Truncation / Bucket Slicing
S1-597762257	Green Logistics Private Limited	E-7, Second Floor, New Delhi, South Delhi, Delhi	India	S2-152865025,S2-535895394,S2-750318376,S3-426660831	S2-153725054,S2-17865229,S2-253414074,S2-269300207,S2-429281974,S2-439746373,S2-456180057,S2-538234477,S2-543035553,S2-5558105	S3-426660831	ग्रीन लॉजिस्टिक्स प्राइवेट लिमिटेड	South Delhi, No. 225 E-7, DL, New Delhi	India	22	9.230769230769232	48.275862068965516		No Shared Blocking Key Generated (Name Sim: 9.230769230769232%, Addr Sim: 48.275862068965516%)	No Blocking Rule Hit
S1-597762257	Green Logistics Private Limited	E-7, Second Floor, New Delhi, South Delhi, Delhi	India	S2-152865025,S2-535895394,S2-750318376,S3-426660831	S2-153725054,S2-17865229,S2-253414074,S2-269300207,S2-429281974,S2-439746373,S2-456180057,S2-538234477,S2-543035553,S2-5558105	S2-535895394	ग्रीन लॉजिस्टिक्स प्राइवेट लिमिटेड	E-7, SECOND FLOOR, NEW DELHI, SOUTH DELHI, दिल्ली	India	22	9.230769230769232	88.65979381443299	INDIA|anum:7_second	Top-K Truncation / Bucket Slice (Shared keys: ['INDIA|anum:7_second'], but bucket sliced b[:8] or cap 15 reached)	Top-K Truncation / Bucket Slicing
S1-597762257	Green Logistics Private Limited	E-7, Second Floor, New Delhi, South Delhi, Delhi	India	S2-152865025,S2-535895394,S2-750318376,S3-426660831	S2-153725054,S2-17865229,S2-253414074,S2-269300207,S2-429281974,S2-439746373,S2-456180057,S2-538234477,S2-543035553,S2-5558105	S2-750318376	ग्रीन लॉजिस्टिक्स प्राइवेट लिमिटेड	E-7, SECOND FLOOR, NEW DELHI, SOUTH DELHI, Delhi	India	22	9.230769230769232	100.0	INDIA|anum:7_second	Top-K Truncation / Bucket Slice (Shared keys: ['INDIA|anum:7_second'], but bucket sliced b[:8] or cap 15 reached)	Top-K Truncation / Bucket Slicing
S1-597762257	Green Logistics Private Limited	E-7, Second Floor, New Delhi, South Delhi, Delhi	India	S2-152865025,S2-535895394,S2-750318376,S3-426660831	S2-153725054,S2-17865229,S2-253414074,S2-269300207,S2-429281974,S2-439746373,S2-456180057,S2-538234477,S2-543035553,S2-5558105	S2-152865025	ग्रीन लॉजिस्टिक्स प्राइवेट लिमिटेड	E-7, NEW DELHI, SECOND FLOOR, SOUTH DELHI, Delhi	India	22	9.230769230769232	77.08333333333334		Address Correlated but Name Dissimilar (Addr Sim: 77.08333333333334%, missed address blocking key)	Address Correlated but Name Unmatched
S1-661315962	Scott Eagle Inc	4828 Hedges Avenue, Kansas City, MO	US	S2-906228400,S3-173691513,S3-558516991,S3-565216958	S2-118411203,S2-149475298,S2-314456347,S2-366978909,S2-537863697,S2-557960647,S2-721569708,S2-775839754,S2-906228400,S2-991676777	S3-173691513	Scott Ene Inc	Hedges Ave, Kansas City, Missouri	US	11	85.71428571428572	79.41176470588236	US|tok:scott;US|pfx6:scotte	Top-K Truncation / Bucket Slice (Shared keys: ['US|tok:scott', 'US|pfx6:scotte'], but bucket sliced b[:8] or cap 15 reached)	Top-K Truncation / Bucket Slicing
S1-661315962	Scott Eagle Inc	4828 Hedges Avenue, Kansas City, MO	US	S2-906228400,S3-173691513,S3-558516991,S3-565216958	S2-118411203,S2-149475298,S2-314456347,S2-366978909,S2-537863697,S2-557960647,S2-721569708,S2-775839754,S2-906228400,S2-991676777	S3-565216958	The Scott Eagle Inc	4830 Hedges Ave, Kansas City, Missouri	US	11	88.23529411764706	82.1917808219178	US|tok:eagle;US|tok:scott	Top-K Truncation / Bucket Slice (Shared keys: ['US|tok:eagle', 'US|tok:scott'], but bucket sliced b[:8] or cap 15 reached)	Top-K Truncation / Bucket Slicing
S1-716574008	Rajani Enterprises of Kannur	46/1106, Dhanalakshmi Road, Near Amani Auditorium, Kannur, Kerala	India	S2-149909235,S2-233999366,S2-777687839,S3-678385750,S3-738802926	S2-119662821,S2-149909235,S2-246803482,S2-291286370,S2-314960337,S2-408790077,S2-447760016,S2-467893163,S2-587656213,S2-676803094	S2-233999366	Rajani Kannur of Enterprises	PLOT 409 46/1106, DHANALAKSHMI ROOD, NEAR AMANI AUDITORIUM, KANNUR, കേരളം	India	16	64.28571428571428	84.05797101449275	INDIA|tok:rajani;INDIA|pfx6:rajani;INDIA|tok:kannur	Top-K Truncation / Bucket Slice (Shared keys: ['INDIA|tok:rajani', 'INDIA|pfx6:rajani'], but bucket sliced b[:8] or cap 15 reached)	Top-K Truncation / Bucket Slicing
S1-716574008	Rajani Enterprises of Kannur	46/1106, Dhanalakshmi Road, Near Amani Auditorium, Kannur, Kerala	India	S2-149909235,S2-233999366,S2-777687839,S3-678385750,S3-738802926	S2-119662821,S2-149909235,S2-246803482,S2-291286370,S2-314960337,S2-408790077,S2-447760016,S2-467893163,S2-587656213,S2-676803094	S3-738802926	M/s Rajani Enterprises of	46/1106, Kannur, KL	India	16	79.24528301886792	45.238095238095234	INDIA|tok:rajani	Top-K Truncation / Bucket Slice (Shared keys: ['INDIA|tok:rajani'], but bucket sliced b[:8] or cap 15 reached)	Top-K Truncation / Bucket Slicing
S1-985038901	Schaefer, Michael and Silver Associates	32876 Circle Drive, Millsboro, DE	US	S2-228558022,S2-895941180,S3-216786851,S3-612925439	S2-305023562,S2-371460852,S2-396781683,S2-545081974,S2-561264282,S2-678747892,S2-704657919,S2-77870981,S2-807401983,S2-996401611	S2-228558022	Schaefer, Michae1 and Silver Associates	MILLSBORO, DE, 32876 CIRILE DR	US	15	97.43589743589743	44.44444444444444	US|pfx8:schaefer;US|tok:silver;US|pfx6:schaef;US|tok:schaefer	Top-K Truncation / Bucket Slice (Shared keys: ['US|pfx8:schaefer', 'US|tok:silver'], but bucket sliced b[:8] or cap 15 reached)	Top-K Truncation / Bucket Slicing
S1-985038901	Schaefer, Michael and Silver Associates	32876 Circle Drive, Millsboro, DE	US	S2-228558022,S2-895941180,S3-216786851,S3-612925439	S2-305023562,S2-371460852,S2-396781683,S2-545081974,S2-561264282,S2-678747892,S2-704657919,S2-77870981,S2-807401983,S2-996401611	S2-895941180	Silver Michael and Schaefer, Ass0ciates	32876 CIDCLE DR, MILLSBORO, DE	US	15	74.35897435897436	92.06349206349206	US|tok:silver;US|tok:michael;US|tok:schaefer	Top-K Truncation / Bucket Slice (Shared keys: ['US|tok:silver', 'US|tok:michael'], but bucket sliced b[:8] or cap 15 reached)	Top-K Truncation / Bucket Slicing
S1-883973644	Global Hovnanian LLC	4024 39th Avenue, Seattle, WA	US	S2-346262429	S2-111427874,S2-111502659,S2-195723864,S2-275707011,S2-336553362,S2-400802292,S2-435529543,S2-489044055,S2-74484046,S2-868483637	S2-346262429	GLOBAL HOGNANINN LLC	4024B 39RD AVE, SEATTLE, WA	US	16	90.0	85.71428571428572	US|pfx6:global;US|pfx8:globalho	Top-K Truncation / Bucket Slice (Shared keys: ['US|pfx6:global', 'US|pfx8:globalho'], but bucket sliced b[:8] or cap 15 reached)	Top-K Truncation / Bucket Slicing
S1-513115995	Thomas Calisa	126 D Street, Pittsfield, ME	US	S2-280138829,S3-936443358	S2-191174694,S2-24155537,S2-280138829,S2-433968001,S2-44508570,S2-470217333,S2-745483720,S2-857540674,S2-912787167,S2-975678356	S3-936443358	Th0mas Calisa	126 D Stret, Pittsfield, Maine	US	10	92.3076923076923	93.10344827586206	US|tok:calisa	Top-K Truncation / Bucket Slice (Shared keys: ['US|tok:calisa'], but bucket sliced b[:8] or cap 15 reached)	Top-K Truncation / Bucket Slicing
S1-791217329	Indian Brothers Private Limited	#17/1, Lower Ground Floor, 1St Cross, Lalbagh Road, Bangalore South, Bangalore, Karnataka	India	S2-610359841,S2-758463856	S2-130763328,S2-142970038,S2-178201204,S2-230978403,S2-367926140,S2-387370436,S2-433887043,S2-439526267,S2-454285484,S2-522417167	S2-610359841	Indian Brothers  Private	DOOR NO 17/1 , LOWER GROUND FLOOR, 1ST CROSS, LALBAGH ROAD, BANGALORE SOUTH, ಕರ್ನಾಟಕ	India	21	83.63636363636364	78.61271676300578	INDIA|2tok:indian_brothers;INDIA|tok:brothers;INDIA|pfx6:indian;INDIA|tok:indian;INDIA|pfx8:indianbr	Top-K Truncation / Bucket Slice (Shared keys: ['INDIA|2tok:indian_brothers', 'INDIA|tok:brothers'], but bucket sliced b[:8] or cap 15 reached)	Top-K Truncation / Bucket Slicing
S1-602913883	Cascade Allied Telecom LLC	165 Linden Street, Unit 106, Wellesley, MA	US	S2-837366545,S2-880137000,S3-664599872,S3-956365580	S2-173363113,S2-181567718,S2-195992158,S2-263487069,S2-288300672,S2-348663065,S2-473321800,S2-645208955,S2-872258263,S2-880137000	S3-664599872	LLC Cascade Allied Télecom	00165 Linden St, Wellesley, Massachusetts	US	11	80.76923076923077	67.46987951807229	US|2tok:cascade_allied;US|tok:allied;US|tok:cascade	Top-K Truncation / Bucket Slice (Shared keys: ['US|2tok:cascade_allied', 'US|tok:allied'], but bucket sliced b[:8] or cap 15 reached)	Top-K Truncation / Bucket Slicing
S1-602913883	Cascade Allied Telecom LLC	165 Linden Street, Unit 106, Wellesley, MA	US	S2-837366545,S2-880137000,S3-664599872,S3-956365580	S2-173363113,S2-181567718,S2-195992158,S2-263487069,S2-288300672,S2-348663065,S2-473321800,S2-645208955,S2-872258263,S2-880137000	S2-837366545	catelecom.com	65 LINDEN STREET, WELLESLEY, MA	US	11	51.28205128205128	84.93150684931507		No Shared Blocking Key Generated (Name Sim: 51.28205128205128%, Addr Sim: 84.93150684931507%)	No Blocking Rule Hit
S1-796227187	Foot & Ankle Allied Center LLC	1216 Preston Avenue, Charlottesville City, VA	US	S2-356053713,S3-637901841,S3-941018876	S2-356053713	S3-941018876	Foot & Ankle Allied Center LLC Council	216 Preston Avenue, Charlottesville ICTY, Virginia	US	1	88.23529411764706	90.52631578947368	US|pfx6:footan;US|2tok:foot_ankle;US|tok:ankle;US|tok:allied;US|pfx8:footankl;US|tok:foot	Top-K Truncation / Bucket Slice (Shared keys: ['US|pfx6:footan', 'US|2tok:foot_ankle'], but bucket sliced b[:8] or cap 15 reached)	Top-K Truncation / Bucket Slicing
S1-796227187	Foot & Ankle Allied Center LLC	1216 Preston Avenue, Charlottesville City, VA	US	S2-356053713,S3-637901841,S3-941018876	S2-356053713	S3-637901841	Llc Foot & Ankle Allied Center	Virginia, Charlottesville, 216 Preston Avenue	US	1	86.66666666666667	53.333333333333336	US|2tok:foot_ankle;US|tok:ankle;US|tok:allied;US|tok:foot	Top-K Truncation / Bucket Slice (Shared keys: ['US|2tok:foot_ankle', 'US|tok:ankle'], but bucket sliced b[:8] or cap 15 reached)	Top-K Truncation / Bucket Slicing
S1-945437722	Joeann Hills Park Inc.	10101 Threave Road, Unit 301, Raleigh, NC	US	S2-337628826,S3-570426744	S2-156162384,S2-238206352,S2-300960835,S2-356530036,S2-575081865,S2-663086191,S2-706036438,S2-733309543,S2-82873308,S3-570426744	S2-337628826	Joeann Htblsl Park Inc.	1010 THREAVE ROAD, RALEIGH, NC	US	11	88.88888888888889	84.50704225352112	US|pfx6:joeann;US|tok:joeann;US|tok:park	Top-K Truncation / Bucket Slice (Shared keys: ['US|pfx6:joeann', 'US|tok:joeann'], but bucket sliced b[:8] or cap 15 reached)	Top-K Truncation / Bucket Slicing
S1-982210261	Mayur Hospital of Gondal	C/O Dwarkadhis Enterprise, C.M. Palace, Ist Floor, Shop 3, Vill: Gondal(Mog), Gondal, Rajkot, Gondal, Rajkot, Gujarat	India	S2-240496833,S3-224149694,S3-224600177,S3-580369108,S3-724446420	S2-240496833,S2-271183294,S2-311267155,S2-31344574,S2-40358248,S2-445288348,S2-540502733,S2-59855011,S2-795295314,S2-854502414	S3-224149694	M/s Mayur Hospital of Gondal Corporation	Rajkot, GJ, Block E-2-5 C/o Dwarkadhis Enterprise, Gondal	India	16	75.0	37.93103448275862	INDIA|tok:mayur;INDIA|tok:gondal	Top-K Truncation / Bucket Slice (Shared keys: ['INDIA|tok:mayur', 'INDIA|tok:gondal'], but bucket sliced b[:8] or cap 15 reached)	Top-K Truncation / Bucket Slicing
S1-982210261	Mayur Hospital of Gondal	C/O Dwarkadhis Enterprise, C.M. Palace, Ist Floor, Shop 3, Vill: Gondal(Mog), Gondal, Rajkot, Gondal, Rajkot, Gujarat	India	S2-240496833,S3-224149694,S3-224600177,S3-580369108,S3-724446420	S2-240496833,S2-271183294,S2-311267155,S2-31344574,S2-40358248,S2-445288348,S2-540502733,S2-59855011,S2-795295314,S2-854502414	S3-224600177	Mayur Center Gondal of	Block E-2-5 C/o Dwarkadhis Enterprise, Gondal, GJ	India	16	60.86956521739131	44.57831325301205	INDIA|tok:mayur;INDIA|tok:gondal	Top-K Truncation / Bucket Slice (Shared keys: ['INDIA|tok:mayur', 'INDIA|tok:gondal'], but bucket sliced b[:8] or cap 15 reached)	Top-K Truncation / Bucket Slicing
S1-982210261	Mayur Hospital of Gondal	C/O Dwarkadhis Enterprise, C.M. Palace, Ist Floor, Shop 3, Vill: Gondal(Mog), Gondal, Rajkot, Gondal, Rajkot, Gujarat	India	S2-240496833,S3-224149694,S3-224600177,S3-580369108,S3-724446420	S2-240496833,S2-271183294,S2-311267155,S2-31344574,S2-40358248,S2-445288348,S2-540502733,S2-59855011,S2-795295314,S2-854502414	S3-580369108	Mayur Hospital of Gondal Corporation		India	16	80.0	0.0	INDIA|tok:gondal;INDIA|tok:mayur;INDIA|2tok:mayur_hospital;INDIA|pfx6:mayurh;INDIA|pfx8:mayurhos	Top-K Truncation / Bucket Slice (Shared keys: ['INDIA|tok:gondal', 'INDIA|tok:mayur'], but bucket sliced b[:8] or cap 15 reached)	Top-K Truncation / Bucket Slicing
S1-982210261	Mayur Hospital of Gondal	C/O Dwarkadhis Enterprise, C.M. Palace, Ist Floor, Shop 3, Vill: Gondal(Mog), Gondal, Rajkot, Gondal, Rajkot, Gujarat	India	S2-240496833,S3-224149694,S3-224600177,S3-580369108,S3-724446420	S2-240496833,S2-271183294,S2-311267155,S2-31344574,S2-40358248,S2-445288348,S2-540502733,S2-59855011,S2-795295314,S2-854502414	S3-724446420	Mayur-Hospital	Block E-2-5 C/o Dwarkadhis Enterprise, Gondal, GJ	India	16	68.42105263157895	44.57831325301205	INDIA|tok:mayur;INDIA|2tok:mayur_hospital;INDIA|pfx6:mayurh;INDIA|pfx8:mayurhos	Top-K Truncation / Bucket Slice (Shared keys: ['INDIA|tok:mayur', 'INDIA|2tok:mayur_hospital'], but bucket sliced b[:8] or cap 15 reached)	Top-K Truncation / Bucket Slicing
S1-976369483	FUE Pgim Care	211 Dewey Road, IL, Rockton	US	S2-268873536,S2-546179661,S2-896291492,S2-984109039,S3-960615760	S2-106027155,S2-126181351,S2-21412330,S2-236165829,S2-268873536,S2-328564069,S2-552765718,S2-662865529,S2-759636115,S2-887792401	S3-960615760	FUE Pgim Ccae	211 Dwey Rd, Rockton, Illinois	US	12	92.3076923076923	70.17543859649122	US|pfx6:fuepgi;US|pfx8:fuepgimc;US|2tok:fue_pgim;US|tok:pgim	Top-K Truncation / Bucket Slice (Shared keys: ['US|pfx6:fuepgi', 'US|pfx8:fuepgimc'], but bucket sliced b[:8] or cap 15 reached)	Top-K Truncation / Bucket Slicing
S1-976369483	FUE Pgim Care	211 Dewey Road, IL, Rockton	US	S2-268873536,S2-546179661,S2-896291492,S2-984109039,S3-960615760	S2-106027155,S2-126181351,S2-21412330,S2-236165829,S2-268873536,S2-328564069,S2-552765718,S2-662865529,S2-759636115,S2-887792401	S2-546179661	FUE Care (Service)	IL, ROCKTON, 211 DEWEY RD	US	12	51.61290322580645	46.15384615384615		No Shared Blocking Key Generated (Name Sim: 51.61290322580645%, Addr Sim: 46.15384615384615%)	No Blocking Rule Hit
S1-370715897	Primary Care Physicians Inc.	53 Park Lane, Wellsville, NY	US	S2-146449836,S3-200302884	S2-113363527,S2-162860289,S2-183400218,S2-186914000,S2-192909287,S2-208603174,S2-215992192,S2-453772715,S2-56411391,S2-590673587	S2-146449836	Primary Care Physicians	53-55 PARK LANE, WELLSVILLE, NY	US	16	90.19607843137256	94.91525423728814	US|anum:53_park;US|tok:primary;US|pfx6:primar;US|pfx8:primaryc;US|2tok:primary_care;US|tok:physicians	Top-K Truncation / Bucket Slice (Shared keys: ['US|anum:53_park', 'US|tok:primary'], but bucket sliced b[:8] or cap 15 reached)	Top-K Truncation / Bucket Slicing
S1-370715897	Primary Care Physicians Inc.	53 Park Lane, Wellsville, NY	US	S2-146449836,S3-200302884	S2-113363527,S2-162860289,S2-183400218,S2-186914000,S2-192909287,S2-208603174,S2-215992192,S2-453772715,S2-56411391,S2-590673587	S3-200302884	Primary Care Physicians Inc	53 Prk Ln, N/A, Wellsville, New York	US	16	98.18181818181819	78.125	US|pfx6:primar;US|tok:primary;US|alpha:primarycarephysiciansinc;US|pfx8:primaryc;US|2tok:primary_care;US|tok:physicians	Top-K Truncation / Bucket Slice (Shared keys: ['US|pfx6:primar', 'US|tok:primary'], but bucket sliced b[:8] or cap 15 reached)	Top-K Truncation / Bucket Slicing
S1-27029362	Global Ministries	74 429, Stockdale, TX	US	S2-523775206,S3-688569314,S3-689563486,S3-883141528	S2-165707418,S2-306279401,S2-438697793,S2-447625486,S2-448854793,S2-476066826,S2-513982552,S2-555989079,S2-558691254,S2-595411337	S3-688569314	Global Ministries	074 429, Stockdale, Texas	US	16	100.0	91.30434782608697	US|tok:ministries;US|pfx8:globalmi;US|2tok:global_ministries;US|pfx6:global;US|alpha:globalministries	Top-K Truncation / Bucket Slice (Shared keys: ['US|tok:ministries', 'US|pfx8:globalmi'], but bucket sliced b[:8] or cap 15 reached)	Top-K Truncation / Bucket Slicing
S1-27029362	Global Ministries	74 429, Stockdale, TX	US	S2-523775206,S3-688569314,S3-689563486,S3-883141528	S2-165707418,S2-306279401,S2-438697793,S2-447625486,S2-448854793,S2-476066826,S2-513982552,S2-555989079,S2-558691254,S2-595411337	S3-883141528	Global-Ministries	074 429, Stockdale, Texas	US	16	94.11764705882352	91.30434782608697	US|tok:ministries;US|pfx8:globalmi;US|2tok:global_ministries;US|pfx6:global;US|alpha:globalministries	Top-K Truncation / Bucket Slice (Shared keys: ['US|tok:ministries', 'US|pfx8:globalmi'], but bucket sliced b[:8] or cap 15 reached)	Top-K Truncation / Bucket Slicing
S1-27029362	Global Ministries	74 429, Stockdale, TX	US	S2-523775206,S3-688569314,S3-689563486,S3-883141528	S2-165707418,S2-306279401,S2-438697793,S2-447625486,S2-448854793,S2-476066826,S2-513982552,S2-555989079,S2-558691254,S2-595411337	S3-689563486	global global ministries	Stockdale, 429, Texas	US	16	82.92682926829268	61.904761904761905	US|pfx6:global;US|tok:ministries	Top-K Truncation / Bucket Slice (Shared keys: ['US|pfx6:global', 'US|tok:ministries'], but bucket sliced b[:8] or cap 15 reached)	Top-K Truncation / Bucket Slicing
S1-27029362	Global Ministries	74 429, Stockdale, TX	US	S2-523775206,S3-688569314,S3-689563486,S3-883141528	S2-165707418,S2-306279401,S2-438697793,S2-447625486,S2-448854793,S2-476066826,S2-513982552,S2-555989079,S2-558691254,S2-595411337	S2-523775206	Global  Ministries	TX, 74 429, STOCKDALE	US	16	97.14285714285714	80.95238095238095	US|tok:ministries;US|pfx8:globalmi;US|2tok:global_ministries;US|pfx6:global;US|alpha:globalministries;US|anum:74_stockdale	Top-K Truncation / Bucket Slice (Shared keys: ['US|tok:ministries', 'US|pfx8:globalmi'], but bucket sliced b[:8] or cap 15 reached)	Top-K Truncation / Bucket Slicing
S1-993527714	George Saul Inc	Unit UNIT 367, 1400 Great Wolf Drive, WI, Village Of Lake Delton	US	S3-250788566,S3-623091575	S2-127570111,S2-209291661,S2-353752030,S2-408274610,S2-745948249,S2-855631747,S3-623091575,S3-800450886,S3-81058297,S3-88158520	S3-250788566	Úmbrayuma	1400 Great Wolf Dr, Unit UNIT 367, Village Of Lake Delton, Wisconsin	US	10	25.0	68.18181818181819		Address Correlated but Name Dissimilar (Addr Sim: 68.18181818181819%, missed address blocking key)	Address Correlated but Name Unmatched
S1-151608539	Orchid Renewable Ltd	House No.26-352, Kadavakollu Bhavanam, Bhuttaipeta, Near E.N.T Hospital, Machilipatanam, Krishna, Andhra Pradesh	India	S2-128512750,S3-509257100,S3-91140513	S2-128019736,S2-297662430,S2-325895510,S2-357708056,S2-556076119,S2-613623918,S2-797918703,S2-823209625,S2-864848438,S2-900810153	S2-128512750	Smt BRIXUMBRABELO	Andhra Pradesh, HOUSE NO.26-352, KADAVAKOLLU BHAVANAM, BHUTTAIPETA, NEAR E.N.T HOSPITAL, KRISHNA, MACHILIPATANAM	India	17	37.83783783783784	77.67857142857143		Address Correlated but Name Dissimilar (Addr Sim: 77.67857142857143%, missed address blocking key)	Address Correlated but Name Unmatched
S1-134898809	Corner Hypnosis	26 Stone Street, Unit 3, Beverly, MA	US	S2-156312637,S2-733711701,S3-307933717,S3-882276216,S3-994371548	S2-112921551,S2-227443036,S2-261413077,S2-605743649,S2-617171224,S2-738906877,S2-740975299,S2-763227715,S2-77278822,S2-844739727	S2-156312637	Brixlyra	PMB 9599, MA, BEVERLY, 0026 STONE ST	US	16	17.391304347826086	38.888888888888886		Severe Dissimilarity / Brand Alteration (Name Sim: 17.391304347826086%, Addr Sim: 38.888888888888886%)	Severe Dissimilarity / Alternate Brand
S1-134898809	Corner Hypnosis	26 Stone Street, Unit 3, Beverly, MA	US	S2-156312637,S2-733711701,S3-307933717,S3-882276216,S3-994371548	S2-112921551,S2-227443036,S2-261413077,S2-605743649,S2-617171224,S2-738906877,S2-740975299,S2-763227715,S2-77278822,S2-844739727	S3-994371548	Corner-Hypnosis	26 Stone Street, PMB 5084, Beverly, Massachusetts	US	16	93.33333333333333	72.94117647058825	US|anum:26_stone;US|2tok:corner_hypnosis;US|pfx6:corner;US|pfx8:cornerhy;US|tok:hypnosis;US|tok:corner;US|alpha:cornerhypnosis	Top-K Truncation / Bucket Slice (Shared keys: ['US|anum:26_stone', 'US|2tok:corner_hypnosis'], but bucket sliced b[:8] or cap 15 reached)	Top-K Truncation / Bucket Slicing
S1-134898809	Corner Hypnosis	26 Stone Street, Unit 3, Beverly, MA	US	S2-156312637,S2-733711701,S3-307933717,S3-882276216,S3-994371548	S2-112921551,S2-227443036,S2-261413077,S2-605743649,S2-617171224,S2-738906877,S2-740975299,S2-763227715,S2-77278822,S2-844739727	S2-733711701	Corner  Hypnosis	0026 STONE STREET, BEVERLY, MA	US	16	96.7741935483871	84.84848484848484	US|2tok:corner_hypnosis;US|pfx6:corner;US|pfx8:cornerhy;US|tok:hypnosis;US|tok:corner;US|alpha:cornerhypnosis	Top-K Truncation / Bucket Slice (Shared keys: ['US|2tok:corner_hypnosis', 'US|pfx6:corner'], but bucket sliced b[:8] or cap 15 reached)	Top-K Truncation / Bucket Slicing
S1-277072715	Shiva Management Private Limited	D No. 20-6-3/12, Dantuluri Vari Street, Ayodyanagar, Vijayawada (Urban), Krishna, Andhra Pradesh	India	S2-276736886,S3-61206591	S2-432678534,S2-446328301,S2-663239802,S2-699811452,S2-717591443,S2-720406279,S2-759712916,S2-903666409,S2-9236175,S2-927450412	S3-61206591	Shiva Management Private Ltd		India	16	93.33333333333333	0.0	INDIA|tok:shiva;INDIA|pfx6:shivam;INDIA|2tok:shiva_management;INDIA|pfx8:shivaman	Top-K Truncation / Bucket Slice (Shared keys: ['INDIA|tok:shiva', 'INDIA|pfx6:shivam'], but bucket sliced b[:8] or cap 15 reached)	Top-K Truncation / Bucket Slicing
S1-277072715	Shiva Management Private Limited	D No. 20-6-3/12, Dantuluri Vari Street, Ayodyanagar, Vijayawada (Urban), Krishna, Andhra Pradesh	India	S2-276736886,S3-61206591	S2-432678534,S2-446328301,S2-663239802,S2-699811452,S2-717591443,S2-720406279,S2-759712916,S2-903666409,S2-9236175,S2-927450412	S2-276736886	శివ మేనేజ్‌మెంట్ ప్రైవేట్ లిమిటెడ్	#20-6-3/12, KRISHNA, VIJAYAWADA (URBAN), Andhra Pradesh, DANTULURI VARI STREET, AYODYANAGAR	India	16	9.090909090909093	55.61497326203209		No Shared Blocking Key Generated (Name Sim: 9.090909090909093%, Addr Sim: 55.61497326203209%)	No Blocking Rule Hit
S1-514155563	Horizon LLC	2025 Sterigere Street, West Norriton Township, PA	US	S2-556405995,S2-893936251,S3-229519117,S3-54908638,S3-663732554	S2-252130764,S2-324109559,S2-430530857,S2-538812525,S2-541004230,S2-556405995,S2-668189279,S2-761557906,S2-941421676,S3-229519117	S2-893936251	HORIZON HORIZON LLC	Sterigere Street, WEST NORRITON TOWNSHIP, PA	US	12	73.33333333333334	94.6236559139785	US|pfx6:horizo;US|tok:horizon	Top-K Truncation / Bucket Slice (Shared keys: ['US|pfx6:horizo', 'US|tok:horizon'], but bucket sliced b[:8] or cap 15 reached)	Top-K Truncation / Bucket Slicing
S1-681392030	Care Institute of Technology	West Bengal, Howrah, 229, Kolkata, Netaji Subhas Chandra Bose Road Vishnu Enclave, 3Rd Floor, Flat No.- 3A, Kolkata	India	S2-501358496,S3-340243016,S3-476447318,S3-51004437	S2-29954699,S2-382126531,S2-540184182,S2-579319210,S2-620876937,S2-679412145,S2-89695256,S2-955211295,S2-97180475,S2-975204156	S2-501358496	Care of Innsdtitute Technology	NO. 423 229, NETAJI SUBHAS CHANDRA BOSE ROAD VISHNU ENCLAVE, 3RD FLOOR, FLAT NO.- 3A, KOLKATA, KOLKATA, West Bengal	India	15	86.20689655172413	76.52173913043478		No Shared Blocking Key Generated (Name Sim: 86.20689655172413%, Addr Sim: 76.52173913043478%)	No Blocking Rule Hit
S1-791867209	WG Harbor Worldwide P.C.	101 Oak Street, Lohrville, IA	US	S3-698772725,S3-805705209	S2-16223635,S2-167782115,S2-198942320,S2-306528429,S2-315615997,S2-357841319,S2-37277696,S2-446571757,S2-506637767,S2-543312573	S3-805705209	Gildxyloavi	Oak Street, Lohrville, Iowa	US	16	22.857142857142854	89.28571428571429		Address Correlated but Name Dissimilar (Addr Sim: 89.28571428571429%, missed address blocking key)	Address Correlated but Name Unmatched
S1-666876590	Ss Systems Limited	A-1, Malad (West), Mumbai, Maharashtra, 401, Rahul Apartment, Marve Road	India	S2-185860935,S2-409273,S2-975207252,S3-20969768,S3-847656632	S2-103106006,S2-175219437,S2-200367826,S2-250745258,S2-258793919,S2-275166166,S2-293925794,S2-310700992,S2-409273,S2-412577062	S2-975207252	एसएस सिस्टम्स लिमिटेड	A-3, 401, RAHUL APARTMENT, MARVE ROAD, MUMBAI SUBURBAN, MALAD (WEST), महाराष्ट्र	India	21	10.256410256410254	47.36842105263158		No Shared Blocking Key Generated (Name Sim: 10.256410256410254%, Addr Sim: 47.36842105263158%)	No Blocking Rule Hit
S1-666876590	Ss Systems Limited	A-1, Malad (West), Mumbai, Maharashtra, 401, Rahul Apartment, Marve Road	India	S2-185860935,S2-409273,S2-975207252,S3-20969768,S3-847656632	S2-103106006,S2-175219437,S2-200367826,S2-250745258,S2-258793919,S2-275166166,S2-293925794,S2-310700992,S2-409273,S2-412577062	S3-847656632	Ss-Systems Ltd	A-1, 401, Rahul Apartment, Marve Road, Mumbai, Malad (West), MH	India	21	81.25	54.81481481481482	INDIA|pfx8:sssystem;INDIA|pfx6:sssyst;INDIA|2tok:ss_systems	Top-K Truncation / Bucket Slice (Shared keys: ['INDIA|pfx8:sssystem', 'INDIA|pfx6:sssyst'], but bucket sliced b[:8] or cap 15 reached)	Top-K Truncation / Bucket Slicing
S1-666876590	Ss Systems Limited	A-1, Malad (West), Mumbai, Maharashtra, 401, Rahul Apartment, Marve Road	India	S2-185860935,S2-409273,S2-975207252,S3-20969768,S3-847656632	S2-103106006,S2-175219437,S2-200367826,S2-250745258,S2-258793919,S2-275166166,S2-293925794,S2-310700992,S2-409273,S2-412577062	S2-185860935	एसएस सिस्टम्स लिमिटेड	A-3, 401, RAHUL APARTMENT, MARVE ROAD, MUMBAI, Maharashtra	India	21	10.256410256410254	55.38461538461539		No Shared Blocking Key Generated (Name Sim: 10.256410256410254%, Addr Sim: 55.38461538461539%)	No Blocking Rule Hit
S1-913301865	Technologies Pratyaksh Finserve Limited	Village Kurali, Sabhapur Road Tehsil Bilaspur. Block Sadhoura, Tehsil Bilaspur, Yamuna Nagar, Haryana	India	S2-448343421,S2-501080638,S2-871917871,S3-180684658,S3-835772436	S2-165343354,S2-208682187,S2-226924190,S2-26585200,S2-342275137,S2-367808984,S2-448343421,S2-527089404,S2-579043546,S2-587259622	S3-835772436	technologiespratyakshfinserve.com	Village Kurali, Sabhapur Road Tehsil Bilaspur. Block Sadhoura, Tehsil Bilaspur, Yamuna Nagar, हरियाणा	India	16	83.33333333333334	93.06930693069306	INDIA|pfx6:techno;INDIA|pfx8:technolo	Top-K Truncation / Bucket Slice (Shared keys: ['INDIA|pfx6:techno', 'INDIA|pfx8:technolo'], but bucket sliced b[:8] or cap 15 reached)	Top-K Truncation / Bucket Slicing
S1-913301865	Technologies Pratyaksh Finserve Limited	Village Kurali, Sabhapur Road Tehsil Bilaspur. Block Sadhoura, Tehsil Bilaspur, Yamuna Nagar, Haryana	India	S2-448343421,S2-501080638,S2-871917871,S3-180684658,S3-835772436	S2-165343354,S2-208682187,S2-226924190,S2-26585200,S2-342275137,S2-367808984,S2-448343421,S2-527089404,S2-579043546,S2-587259622	S3-180684658	Technologies Pratyaksh Finserve	Village Kurlai, Sabhapur Road Tehsil Bilaspur. Block Sadhoura, Tehsil Bilaspur, Yamuna Nagar, HR	India	16	88.57142857142857	96.44670050761421	INDIA|2tok:technologies_pratyaksh;INDIA|pfx8:technolo;INDIA|tok:pratyaksh;INDIA|pfx6:techno;INDIA|tok:finserve	Top-K Truncation / Bucket Slice (Shared keys: ['INDIA|2tok:technologies_pratyaksh', 'INDIA|pfx8:technolo'], but bucket sliced b[:8] or cap 15 reached)	Top-K Truncation / Bucket Slicing
S1-913301865	Technologies Pratyaksh Finserve Limited	Village Kurali, Sabhapur Road Tehsil Bilaspur. Block Sadhoura, Tehsil Bilaspur, Yamuna Nagar, Haryana	India	S2-448343421,S2-501080638,S2-871917871,S3-180684658,S3-835772436	S2-165343354,S2-208682187,S2-226924190,S2-26585200,S2-342275137,S2-367808984,S2-448343421,S2-527089404,S2-579043546,S2-587259622	S2-501080638	TECHNOLOGIES PRATYAKSH FINSERVE LÍMITED	VILLAGE KURALI, SABHAPUR ROAD TEHSIL BILASPUR. BLOCK SADHOURA, TEHSIL BILASPUR, Haryana	India	16	97.43589743589743	92.5531914893617	INDIA|2tok:technologies_pratyaksh;INDIA|pfx8:technolo;INDIA|tok:pratyaksh;INDIA|pfx6:techno;INDIA|tok:finserve	Top-K Truncation / Bucket Slice (Shared keys: ['INDIA|2tok:technologies_pratyaksh', 'INDIA|pfx8:technolo'], but bucket sliced b[:8] or cap 15 reached)	Top-K Truncation / Bucket Slicing
S1-216181354	United Consultants Private Limited	1/522A, Survey No 52, Rajput Associates, Kolkhe, Panvel, Raigarh(Mh), Maharashtra	India	S2-225919108,S2-302685491,S3-317748253,S3-509236611,S3-685337179	S2-225919108,S2-28294847,S2-302685491,S2-393523895,S2-452947844,S2-498484682,S3-22116727,S3-393819785,S3-490653373,S3-540528800	S3-685337179	यूनाइटेड कंसल्टेंट्स प्राइवेट लिमिटेड	001/522A, Panvel, Raigarh(mh), MH	India	11	8.450704225352112	54.385964912280706		No Shared Blocking Key Generated (Name Sim: 8.450704225352112%, Addr Sim: 54.385964912280706%)	No Blocking Rule Hit
S1-216181354	United Consultants Private Limited	1/522A, Survey No 52, Rajput Associates, Kolkhe, Panvel, Raigarh(Mh), Maharashtra	India	S2-225919108,S2-302685491,S3-317748253,S3-509236611,S3-685337179	S2-225919108,S2-28294847,S2-302685491,S2-393523895,S2-452947844,S2-498484682,S3-22116727,S3-393819785,S3-490653373,S3-540528800	S3-509236611	यूनाइटेड Consultants Private Limited	001/522A, Panvel, MH	India	11	80.0	35.64356435643564		Moderate Name Similarity with Typo/Prefix Mismatch (Name Sim: 80.0%, missed name key)	Moderate Name Similarity (Typo/Prefix Mismatch)
S1-216181354	United Consultants Private Limited	1/522A, Survey No 52, Rajput Associates, Kolkhe, Panvel, Raigarh(Mh), Maharashtra	India	S2-225919108,S2-302685491,S3-317748253,S3-509236611,S3-685337179	S2-225919108,S2-28294847,S2-302685491,S2-393523895,S2-452947844,S2-498484682,S3-22116727,S3-393819785,S3-490653373,S3-540528800	S3-317748253	यूनाइटेड कंसल्टेंट्स प्राइवेट लिमिटेड	001/522A, Panvel, महाराष्ट्र	India	11	8.450704225352112	29.357798165137616		Severe Dissimilarity / Brand Alteration (Name Sim: 8.450704225352112%, Addr Sim: 29.357798165137616%)	Severe Dissimilarity / Alternate Brand
S1-454111437	Maa Research Private Limited	Flat No-702, Sapphire A, Gulmohur Tower, Chiranjeev Vihar, Sector, -6, Ghaziabad, Uttar Pradesh	India	S2-171575965,S2-617784610,S2-659407377,S2-790403370	S2-171575965,S2-617784610,S2-636328109,S2-711852811,S2-790403370,S3-88852368,S3-995588545	S2-659407377	M/s maaresearch.com	FLAT NO-00702, SAPPHIRE A, GULMOHUR TOWER, CHIRANJEEV VIHAR, SECTOR, -6, GHAZIABAD, उत्तर प्रदेश	India	7	51.06382978723405	86.91099476439791		No Shared Blocking Key Generated (Name Sim: 51.06382978723405%, Addr Sim: 86.91099476439791%)	No Blocking Rule Hit
S1-743171772	Ear Nose & Throat Group of Oberlin	94 Oberlin Road, Oberlin, OH	US	S2-166364524,S2-550708294,S2-556427757,S2-914083138	S2-145963130,S2-166364524,S2-530122352,S2-556427757,S2-675233145,S2-978808297,S2-985956753,S2-995843038	S2-914083138	Ear Nose & Throat Group of Oberlin Co	94B OBERLIN RD, OBERLIN, OH	US	8	95.77464788732395	94.54545454545455	US|pfx6:earnos;US|tok:oberlin;US|2tok:ear_nose;US|tok:nose;US|pfx8:earnoset;US|tok:throat	Top-K Truncation / Bucket Slice (Shared keys: ['US|pfx6:earnos', 'US|tok:oberlin'], but bucket sliced b[:8] or cap 15 reached)	Top-K Truncation / Bucket Slicing
S1-743171772	Ear Nose & Throat Group of Oberlin	94 Oberlin Road, Oberlin, OH	US	S2-166364524,S2-550708294,S2-556427757,S2-914083138	S2-145963130,S2-166364524,S2-530122352,S2-556427757,S2-675233145,S2-978808297,S2-985956753,S2-995843038	S2-550708294	Ear Throat Throat and Nose Group of Oberlin	94B Oberlin Rd, OBERLIN, OH	US	8	75.32467532467533	94.54545454545455	US|tok:oberlin;US|tok:throat;US|tok:nose	Top-K Truncation / Bucket Slice (Shared keys: ['US|tok:oberlin', 'US|tok:throat'], but bucket sliced b[:8] or cap 15 reached)	Top-K Truncation / Bucket Slicing
S1-965549055	Wilson Toyo LLC	120 Lake Drive, Stevensville, MD	US	S2-147779226,S2-71831978,S3-47511318,S3-537422052	S2-147779226,S2-19290171,S2-319389443,S2-46562462,S2-507381097,S2-51781056,S2-527482256,S2-643932109,S2-658010685,S2-659597578	S3-537422052	LLC Wilson Tafo	120C Lake Dr, Stevensville, Maryland	US	17	60.0	85.29411764705883	US|tok:wilson	Top-K Truncation / Bucket Slice (Shared keys: ['US|tok:wilson'], but bucket sliced b[:8] or cap 15 reached)	Top-K Truncation / Bucket Slicing
S1-965549055	Wilson Toyo LLC	120 Lake Drive, Stevensville, MD	US	S2-147779226,S2-71831978,S3-47511318,S3-537422052	S2-147779226,S2-19290171,S2-319389443,S2-46562462,S2-507381097,S2-51781056,S2-527482256,S2-643932109,S2-658010685,S2-659597578	S3-47511318	Korkelo formerly: Wilson Toyo LLC	120 Lake Drive, Stevensville, MD	US	17	62.5	100.0	US|tok:toyo;US|anum:120_lake;US|tok:wilson	Top-K Truncation / Bucket Slice (Shared keys: ['US|tok:toyo', 'US|anum:120_lake'], but bucket sliced b[:8] or cap 15 reached)	Top-K Truncation / Bucket Slicing
S1-947119891	Prairie Initiative	15 Bellview Avenue, Brookhaven, NY	US	S2-164888409,S2-710754694,S2-86974679,S3-128064048	S2-167666915,S2-243138095,S2-267054443,S2-302848360,S2-320973566,S2-456744133,S2-514481391,S2-518874157,S2-582376177,S2-624061243	S2-164888409	PRAIRIEINITIATIVE.COM	#1 BELLVIEW AVENUE, BROOKHAVEN, NY	US	15	87.17948717948718	97.05882352941177	US|pfx6:prairi;US|pfx8:prairiei	Top-K Truncation / Bucket Slice (Shared keys: ['US|pfx6:prairi', 'US|pfx8:prairiei'], but bucket sliced b[:8] or cap 15 reached)	Top-K Truncation / Bucket Slicing
S1-947119891	Prairie Initiative	15 Bellview Avenue, Brookhaven, NY	US	S2-164888409,S2-710754694,S2-86974679,S3-128064048	S2-167666915,S2-243138095,S2-267054443,S2-302848360,S2-320973566,S2-456744133,S2-514481391,S2-518874157,S2-582376177,S2-624061243	S3-128064048	Prairie Initiative Corporation	Brookhaven, New York, 015 Bellview Avenue	US	15	75.0	48.0	US|pfx8:prairiei;US|pfx6:prairi;US|tok:prairie;US|tok:initiative;US|2tok:prairie_initiative	Top-K Truncation / Bucket Slice (Shared keys: ['US|pfx8:prairiei', 'US|pfx6:prairi'], but bucket sliced b[:8] or cap 15 reached)	Top-K Truncation / Bucket Slicing
S1-947119891	Prairie Initiative	15 Bellview Avenue, Brookhaven, NY	US	S2-164888409,S2-710754694,S2-86974679,S3-128064048	S2-167666915,S2-243138095,S2-267054443,S2-302848360,S2-320973566,S2-456744133,S2-514481391,S2-518874157,S2-582376177,S2-624061243	S2-710754694	Prairie Initiative	#1 BELLVIEW AVENUE, BROOKHAVEN, NY	US	15	100.0	97.05882352941177	US|alpha:prairieinitiative;US|pfx8:prairiei;US|pfx6:prairi;US|tok:prairie;US|tok:initiative;US|2tok:prairie_initiative	Top-K Truncation / Bucket Slice (Shared keys: ['US|alpha:prairieinitiative', 'US|pfx8:prairiei'], but bucket sliced b[:8] or cap 15 reached)	Top-K Truncation / Bucket Slicing
S1-511561869	JPY Energy Pvt. Ltd.	109 2 Floor 16 Cross Road, Jp Nagar Phase 4, Dollars, Bangalore South, Bangalore, Karnataka	India	S2-207363000,S2-414560620,S3-195462157,S3-223470686,S3-526947744	S2-414560620,S3-195462157,S3-223470686,S3-526947744	S2-207363000	The JPY Energy Pvt. (Ltd.)	00109 2 FLOOR 16 CROSS ROAD, JP NAGAR PHASE 4, DOLLARS, BANGALORE SOUTH, Karnataka	India	4	86.95652173913044	92.48554913294798	INDIA|tok:energy	Top-K Truncation / Bucket Slice (Shared keys: ['INDIA|tok:energy'], but bucket sliced b[:8] or cap 15 reached)	Top-K Truncation / Bucket Slicing
S1-302710833	Kial Weaver Signature Associates Halifax	NC, 6961 301, Halifax	US	S2-23803098,S2-546588882,S2-888817530,S3-203698864,S3-77639341	S2-138561182,S2-316885787,S2-32002651,S2-408439605,S2-510488866,S2-529499859,S2-546588882,S2-66642205,S2-771309098,S2-843391341	S3-203698864	Wmeamevr, Kial Signature Associates Halifax	Halifax, 301, North Carolina, <NULL>	US	15	81.92771084337349	42.10526315789473	US|tok:kial;US|tok:signature;US|tok:halifax	Top-K Truncation / Bucket Slice (Shared keys: ['US|tok:kial', 'US|tok:signature'], but bucket sliced b[:8] or cap 15 reached)	Top-K Truncation / Bucket Slicing
S1-302710833	Kial Weaver Signature Associates Halifax	NC, 6961 301, Halifax	US	S2-23803098,S2-546588882,S2-888817530,S3-203698864,S3-77639341	S2-138561182,S2-316885787,S2-32002651,S2-408439605,S2-510488866,S2-529499859,S2-546588882,S2-66642205,S2-771309098,S2-843391341	S2-23803098	Weaver, Kial Signature Ássociates [Halifax]	6961 301, HLAIFAX TOWNSHIP, NC	US	15	81.92771084337349	62.745098039215684	US|tok:kial;US|tok:signature;US|tok:halifax;US|tok:weaver	Top-K Truncation / Bucket Slice (Shared keys: ['US|tok:kial', 'US|tok:signature'], but bucket sliced b[:8] or cap 15 reached)	Top-K Truncation / Bucket Slicing
S1-302710833	Kial Weaver Signature Associates Halifax	NC, 6961 301, Halifax	US	S2-23803098,S2-546588882,S2-888817530,S3-203698864,S3-77639341	S2-138561182,S2-316885787,S2-32002651,S2-408439605,S2-510488866,S2-529499859,S2-546588882,S2-66642205,S2-771309098,S2-843391341	S2-888817530	The Kial Weaver Signature Associates Halifax	NC, 6961 301, HLAIFAX TOWNSHIP	US	15	95.23809523809523	78.43137254901961	US|tok:kial;US|tok:signature;US|tok:halifax;US|tok:weaver	Top-K Truncation / Bucket Slice (Shared keys: ['US|tok:kial', 'US|tok:signature'], but bucket sliced b[:8] or cap 15 reached)	Top-K Truncation / Bucket Slicing
S1-302710833	Kial Weaver Signature Associates Halifax	NC, 6961 301, Halifax	US	S2-23803098,S2-546588882,S2-888817530,S3-203698864,S3-77639341	S2-138561182,S2-316885787,S2-32002651,S2-408439605,S2-510488866,S2-529499859,S2-546588882,S2-66642205,S2-771309098,S2-843391341	S3-77639341	Kial Weaver  Signature	961 301, <NULL>, Halifax, North Carolina	US	15	67.74193548387098	52.459016393442624	US|tok:kial;US|tok:signature;US|2tok:kial_weaver;US|pfx8:kialweav;US|pfx6:kialwe;US|tok:weaver	Top-K Truncation / Bucket Slice (Shared keys: ['US|tok:kial', 'US|tok:signature'], but bucket sliced b[:8] or cap 15 reached)	Top-K Truncation / Bucket Slicing
S1-888660595	Raheja Estates Limited	Zahid Manzil, Maharashtra, Mumbai, Mumbai City, Plot No.2, Shop No.7, Kkg Marg, Off Juhu Road, Opp Royal Hotel	India	S2-268350287,S3-305137974,S3-783479770	S2-113629690,S2-149332097,S2-171368123,S2-235663501,S2-25308912,S2-26216748,S2-268350287,S2-2986521,S2-414835250,S2-439694381	S3-305137974	Archalo trading as Raheja Estates Limited	Zahid Manzil, Plot No.2, Shop No.7, Kkg Marg, Off Juhu Road, Opp Royal Hotel, Mumbai, Mumbai City, Maharashtra	India	17	69.84126984126983	69.0909090909091	INDIA|anum:2_zahid;INDIA|tok:raheja;INDIA|tok:estates	Top-K Truncation / Bucket Slice (Shared keys: ['INDIA|anum:2_zahid', 'INDIA|tok:raheja'], but bucket sliced b[:8] or cap 15 reached)	Top-K Truncation / Bucket Slicing
S1-684656443	Green Ventures Ltd	P. O. Ranasan, Ta. Talod, Ranasan, Sabar Kantha, Gujarat	India	S2-804463632,S2-815000108,S3-611972573	S2-150707196,S2-281440983,S2-283470875,S2-354177059,S2-394586211,S2-517630099,S2-518291958,S2-713191968,S2-778583863,S2-852642268	S3-611972573	Green Ventures  Ltd #18964	P. O. Ranasan, Ta. Talod, Sabar Kantha, GJ	India	11	81.81818181818181	85.71428571428572	INDIA|2tok:green_ventures;INDIA|pfx8:greenven;INDIA|tok:green;INDIA|pfx6:greenv;INDIA|tok:ventures	Top-K Truncation / Bucket Slice (Shared keys: ['INDIA|2tok:green_ventures', 'INDIA|pfx8:greenven'], but bucket sliced b[:8] or cap 15 reached)	Top-K Truncation / Bucket Slicing
S1-684656443	Green Ventures Ltd	P. O. Ranasan, Ta. Talod, Ranasan, Sabar Kantha, Gujarat	India	S2-804463632,S2-815000108,S3-611972573	S2-150707196,S2-281440983,S2-283470875,S2-354177059,S2-394586211,S2-517630099,S2-518291958,S2-713191968,S2-778583863,S2-852642268	S2-815000108	GREEN VENTURES	P. O. RANASAN, TA. TALOD, RANASAN, ગુજરાત	India	11	87.5	72.16494845360825	INDIA|2tok:green_ventures;INDIA|pfx8:greenven;INDIA|tok:green;INDIA|pfx6:greenv;INDIA|tok:ventures	Top-K Truncation / Bucket Slice (Shared keys: ['INDIA|2tok:green_ventures', 'INDIA|pfx8:greenven'], but bucket sliced b[:8] or cap 15 reached)	Top-K Truncation / Bucket Slicing
S1-684656443	Green Ventures Ltd	P. O. Ranasan, Ta. Talod, Ranasan, Sabar Kantha, Gujarat	India	S2-804463632,S2-815000108,S3-611972573	S2-150707196,S2-281440983,S2-283470875,S2-354177059,S2-394586211,S2-517630099,S2-518291958,S2-713191968,S2-778583863,S2-852642268	S2-804463632	Green Ventures	Gujarat, P. O. RANASAN, TA. TALOD, RANASAN	India	11	87.5	67.34693877551021	INDIA|2tok:green_ventures;INDIA|pfx8:greenven;INDIA|tok:green;INDIA|pfx6:greenv;INDIA|tok:ventures	Top-K Truncation / Bucket Slice (Shared keys: ['INDIA|2tok:green_ventures', 'INDIA|pfx8:greenven'], but bucket sliced b[:8] or cap 15 reached)	Top-K Truncation / Bucket Slicing
S1-208973592	Morgan Ameren Inc	LA, 266 Enterprise Drive, Houma	US	S2-165827711,S2-481660181,S3-135578226,S3-645496810,S3-832332012,S3-931413846	S2-150939808,S2-165827711,S2-181457340,S2-406725265,S2-462036023,S2-465845370,S2-679871801,S2-764973327,S2-780251533,S2-864199327	S2-481660181	INC MORGAN AEMBERN	266 ENTERPRISE DR, BAYOU CANE, LA	US	14	68.57142857142857	68.75	US|tok:morgan	Top-K Truncation / Bucket Slice (Shared keys: ['US|tok:morgan'], but bucket sliced b[:8] or cap 15 reached)	Top-K Truncation / Bucket Slicing
S1-208973592	Morgan Ameren Inc	LA, 266 Enterprise Drive, Houma	US	S2-165827711,S2-481660181,S3-135578226,S3-645496810,S3-832332012,S3-931413846	S2-150939808,S2-165827711,S2-181457340,S2-406725265,S2-462036023,S2-465845370,S2-679871801,S2-764973327,S2-780251533,S2-864199327	S3-645496810	Morgan Ámeren Inc	267 Enterprise Drive, Houma, Louisiana	US	14	94.11764705882352	75.36231884057972	US|pfx6:morgan;US|tok:morgan	Top-K Truncation / Bucket Slice (Shared keys: ['US|pfx6:morgan', 'US|tok:morgan'], but bucket sliced b[:8] or cap 15 reached)	Top-K Truncation / Bucket Slicing
S1-630223771	All International LLP	Office 105, Flr-1, Sujata Chambers, Abhaychand Gandhi Marg, Mirchi Gully Masjid Stn Man, Dvi, Mumbai, Mumbai City, Maharashtra	India	S2-494260820,S3-587424087,S3-697578371,S3-815538600	S2-128300447,S2-196392069,S2-33929897,S2-421985067,S2-494964806,S2-558005255,S2-625562439,S2-662775432,S2-671909075,S2-705205486	S3-587424087	All LLP Center	Office C-105, Mumbai Ii, MH	India	16	45.714285714285715	32.6797385620915	INDIA|anum:105_office	Top-K Truncation / Bucket Slice (Shared keys: ['INDIA|anum:105_office'], but bucket sliced b[:8] or cap 15 reached)	Top-K Truncation / Bucket Slicing
S1-630223771	All International LLP	Office 105, Flr-1, Sujata Chambers, Abhaychand Gandhi Marg, Mirchi Gully Masjid Stn Man, Dvi, Mumbai, Mumbai City, Maharashtra	India	S2-494260820,S3-587424087,S3-697578371,S3-815538600	S2-128300447,S2-196392069,S2-33929897,S2-421985067,S2-494964806,S2-558005255,S2-625562439,S2-662775432,S2-671909075,S2-705205486	S2-494260820	ऑल इंटरनेशनल एलएलपी	OFFICE 0105, FLR-1, SUJATA CHAMBERS, ABHAYCHAND GANDHI MARG, MIRCHI GULLY MASJID STN MAN, DVI, BOMBAY, MUMBAI CITY, Maharashtra	India	16	9.999999999999998	97.23320158102767		Address Correlated but Name Dissimilar (Addr Sim: 97.23320158102767%, missed address blocking key)	Address Correlated but Name Unmatched
S1-630223771	All International LLP	Office 105, Flr-1, Sujata Chambers, Abhaychand Gandhi Marg, Mirchi Gully Masjid Stn Man, Dvi, Mumbai, Mumbai City, Maharashtra	India	S2-494260820,S3-587424087,S3-697578371,S3-815538600	S2-128300447,S2-196392069,S2-33929897,S2-421985067,S2-494964806,S2-558005255,S2-625562439,S2-662775432,S2-671909075,S2-705205486	S3-697578371	ऑल इंटरनेशनल एलएलपी	Office C-105, Mumbai (SUBURBAN), MH, Mumbai City	India	16	9.999999999999998	42.52873563218391	INDIA|anum:105_office	Top-K Truncation / Bucket Slice (Shared keys: ['INDIA|anum:105_office'], but bucket sliced b[:8] or cap 15 reached)	Top-K Truncation / Bucket Slicing
S1-630223771	All International LLP	Office 105, Flr-1, Sujata Chambers, Abhaychand Gandhi Marg, Mirchi Gully Masjid Stn Man, Dvi, Mumbai, Mumbai City, Maharashtra	India	S2-494260820,S3-587424087,S3-697578371,S3-815538600	S2-128300447,S2-196392069,S2-33929897,S2-421985067,S2-494964806,S2-558005255,S2-625562439,S2-662775432,S2-671909075,S2-705205486	S3-815538600	ऑल इंटरनेशनल एलएलपी	Office C-105, Mumbai Ii, MH	India	16	9.999999999999998	32.6797385620915	INDIA|anum:105_office	Top-K Truncation / Bucket Slice (Shared keys: ['INDIA|anum:105_office'], but bucket sliced b[:8] or cap 15 reached)	Top-K Truncation / Bucket Slicing
S1-754175313	Alpha Media Private Limited	28-B, Chand Bihari Nagar Near Khatipura Bridge Khatipura, Jaipur, Rajasthan	India	S2-174917371,S3-412701641,S3-992076561	S2-202775756,S2-513139685,S2-593499476,S2-658710347,S2-676516242,S2-79209111,S2-848882257,S2-876052646,S2-908742768,S3-122981629	S3-992076561	Dr Alpha Media Private Ltd	28-B, Chand Bihari Nagar Near Khatipura Bridge Khatipura, Jaipur, RJ	India	16	86.79245283018868	95.1048951048951	INDIA|tok:media;INDIA|anum:28_chand;INDIA|tok:alpha	Top-K Truncation / Bucket Slice (Shared keys: ['INDIA|tok:media', 'INDIA|anum:28_chand'], but bucket sliced b[:8] or cap 15 reached)	Top-K Truncation / Bucket Slicing
S1-754175313	Alpha Media Private Limited	28-B, Chand Bihari Nagar Near Khatipura Bridge Khatipura, Jaipur, Rajasthan	India	S2-174917371,S3-412701641,S3-992076561	S2-202775756,S2-513139685,S2-593499476,S2-658710347,S2-676516242,S2-79209111,S2-848882257,S2-876052646,S2-908742768,S3-122981629	S2-174917371	अल्फा मीडिया प्राइवेट लिमिटेड	28-B, CHAND BIHARI NAGAR NEAR KHATIPURA BRIDGE KHATIPURA, JHUNJHUNU, Rajasthan	India	16	10.71428571428571	92.81045751633987	INDIA|anum:28_chand	Top-K Truncation / Bucket Slice (Shared keys: ['INDIA|anum:28_chand'], but bucket sliced b[:8] or cap 15 reached)	Top-K Truncation / Bucket Slicing
S1-754175313	Alpha Media Private Limited	28-B, Chand Bihari Nagar Near Khatipura Bridge Khatipura, Jaipur, Rajasthan	India	S2-174917371,S3-412701641,S3-992076561	S2-202775756,S2-513139685,S2-593499476,S2-658710347,S2-676516242,S2-79209111,S2-848882257,S2-876052646,S2-908742768,S3-122981629	S3-412701641	Alpha Media Private [Limited]	28-B, Jaipur, राजस्थान	India	16	96.42857142857143	28.865979381443296	INDIA|pfx6:alpham;INDIA|alpha:alphamediaprivatelimited;INDIA|tok:media;INDIA|tok:alpha;INDIA|pfx8:alphamed;INDIA|2tok:alpha_media	Top-K Truncation / Bucket Slice (Shared keys: ['INDIA|pfx6:alpham', 'INDIA|alpha:alphamediaprivatelimited'], but bucket sliced b[:8] or cap 15 reached)	Top-K Truncation / Bucket Slicing
S1-970518712	Trident Welfare Society	9/2113, Gali No.-7 Kailash Nagar, New Delhi, East Delhi, Delhi	India	S2-239226917,S3-460357940,S3-849723066	S2-106256769,S2-275635889,S2-313791897,S2-382984512,S2-532435508,S2-731983863,S2-770048212,S2-882574952,S2-939555008,S2-974185721	S3-460357940	Trident Society Welfare	9/2113, Delhi, East Delhi, दिल्ली	India	13	65.21739130434783	56.84210526315789	INDIA|pfx6:triden;INDIA|tok:welfare;INDIA|tok:trident;INDIA|tok:society	Top-K Truncation / Bucket Slice (Shared keys: ['INDIA|pfx6:triden', 'INDIA|tok:welfare'], but bucket sliced b[:8] or cap 15 reached)	Top-K Truncation / Bucket Slicing
S1-970518712	Trident Welfare Society	9/2113, Gali No.-7 Kailash Nagar, New Delhi, East Delhi, Delhi	India	S2-239226917,S3-460357940,S3-849723066	S2-106256769,S2-275635889,S2-313791897,S2-382984512,S2-532435508,S2-731983863,S2-770048212,S2-882574952,S2-939555008,S2-974185721	S2-239226917	Sóciety Welfare Trident	9/2113, GALI NO.-7 KAILASH NAGAR, EAST DELHI, NEW DELHI, Delhi	India	13	65.21739130434783	91.93548387096774	INDIA|anum:9_gali;INDIA|tok:welfare;INDIA|tok:trident	Top-K Truncation / Bucket Slice (Shared keys: ['INDIA|anum:9_gali', 'INDIA|tok:welfare'], but bucket sliced b[:8] or cap 15 reached)	Top-K Truncation / Bucket Slicing
S1-366329737	Silver Constructions LLP	101 Cts No, 917/18 F P No, Near British Library, Pune City, Pune, Maharashtra	India	S2-23560385,S3-21765103,S3-845296458	S2-167482637,S2-23560385,S2-352226445,S2-380585526,S2-435833022,S2-446637936,S2-466024473,S2-594418258,S2-624344654,S2-699750678	S3-21765103	सिल्वर कंस्ट्रक्शंस एलएलपी	Door No 101 Cts No, 917/18 F P No, Near British Library, Pune City, Pune, MH	India	21	7.9999999999999964	88.88888888888889		Address Correlated but Name Dissimilar (Addr Sim: 88.88888888888889%, missed address blocking key)	Address Correlated but Name Unmatched
S1-708796012	Board of Consumer Affairs	122 Dayton Yellow Springs Road, Unit 4, Fairborn, OH	US	S2-440628035,S2-994438467,S3-335174066,S3-338279058,S3-703951662,S3-974934575	S2-260948862,S2-315429039,S2-331795907,S2-358987563,S2-394053660,S2-440628035,S2-553584658,S2-559243217,S2-590685339,S2-788951694	S3-703951662	Board of	122 Dayon Yellow Springs Rd, # 4, Fairborn, Ohio	US	14	48.484848484848484	90.0	US|pfx6:boardo;US|tok:board;US|2tok:board_of	Top-K Truncation / Bucket Slice (Shared keys: ['US|pfx6:boardo', 'US|tok:board'], but bucket sliced b[:8] or cap 15 reached)	Top-K Truncation / Bucket Slicing
S1-424529930	Griffin International Center	536 College Avenue, City Of Waukesha, WI	US	S2-856639211,S3-513647452,S3-749460022	S2-126754966,S2-223365954,S2-2347622,S2-259856657,S2-418818117,S2-571760244,S2-582815772,S2-956920860,S3-513647452,S3-749460022	S2-856639211	Griffin International Center Co	536C COLLEGE AVENUE, N/A, CITY OF WAUKESHA, WI	US	11	94.91525423728814	93.02325581395348	US|pfx8:griffini;US|tok:griffin;US|pfx6:griffi	Top-K Truncation / Bucket Slice (Shared keys: ['US|pfx8:griffini', 'US|tok:griffin'], but bucket sliced b[:8] or cap 15 reached)	Top-K Truncation / Bucket Slicing
S1-912508322	Shiv Technologies LLP	42, 16Th Cross, 8Th Main Road, Malleswaram, Bengaluru, Bangalore, Karnataka	India	S2-276782865,S2-334957677,S2-974864172,S3-768166043,S3-894743995	S2-263064259,S2-265073681,S2-288724078,S2-334957677,S2-361992349,S2-466121335,S2-54337145,S2-604567745,S2-638803013,S2-704027053	S2-974864172	Dr SHIV  TECHNOLOGIES	42, 16TH CROSS, 8TH MAIN ROAD, MALLESWARAM, BENGALURU, Karnataka	India	15	80.95238095238095	92.08633093525181	INDIA|tok:shiv;INDIA|anum:42_16th	Top-K Truncation / Bucket Slice (Shared keys: ['INDIA|tok:shiv', 'INDIA|anum:42_16th'], but bucket sliced b[:8] or cap 15 reached)	Top-K Truncation / Bucket Slicing
S1-912508322	Shiv Technologies LLP	42, 16Th Cross, 8Th Main Road, Malleswaram, Bengaluru, Bangalore, Karnataka	India	S2-276782865,S2-334957677,S2-974864172,S3-768166043,S3-894743995	S2-263064259,S2-265073681,S2-288724078,S2-334957677,S2-361992349,S2-466121335,S2-54337145,S2-604567745,S2-638803013,S2-704027053	S3-894743995	Shiv Technologies	42, 16Th Cross, 8Th Main Road, Malleswaram, Bangalore, Bengaluru, KA	India	15	89.47368421052632	86.7132867132867	INDIA|2tok:shiv_technologies;INDIA|tok:shiv;INDIA|pfx8:shivtech;INDIA|pfx6:shivte;INDIA|anum:42_16th	Top-K Truncation / Bucket Slice (Shared keys: ['INDIA|2tok:shiv_technologies', 'INDIA|tok:shiv'], but bucket sliced b[:8] or cap 15 reached)	Top-K Truncation / Bucket Slicing
S1-912508322	Shiv Technologies LLP	42, 16Th Cross, 8Th Main Road, Malleswaram, Bengaluru, Bangalore, Karnataka	India	S2-276782865,S2-334957677,S2-974864172,S3-768166043,S3-894743995	S2-263064259,S2-265073681,S2-288724078,S2-334957677,S2-361992349,S2-466121335,S2-54337145,S2-604567745,S2-638803013,S2-704027053	S3-768166043	Sri shivtechnologies.com	42, 16Th Cross, 8Th Main Road, Malleswaram, Bengaluru, Bangalore, KA	India	15	71.11111111111111	95.1048951048951	INDIA|anum:42_16th	Top-K Truncation / Bucket Slice (Shared keys: ['INDIA|anum:42_16th'], but bucket sliced b[:8] or cap 15 reached)	Top-K Truncation / Bucket Slicing
S1-912508322	Shiv Technologies LLP	42, 16Th Cross, 8Th Main Road, Malleswaram, Bengaluru, Bangalore, Karnataka	India	S2-276782865,S2-334957677,S2-974864172,S3-768166043,S3-894743995	S2-263064259,S2-265073681,S2-288724078,S2-334957677,S2-361992349,S2-466121335,S2-54337145,S2-604567745,S2-638803013,S2-704027053	S2-276782865	ಶಿವ್ ಟೆಕ್ನಾಲಜೀಸ್ ಎಲ್ಎಲ್‌ಪಿ	Karnataka, BENGALURU, 42, BANGALORE	India	15	8.510638297872342	49.09090909090909		No Shared Blocking Key Generated (Name Sim: 8.510638297872342%, Addr Sim: 49.09090909090909%)	No Blocking Rule Hit
S1-846028981	Barbey Mclaughlin Oneim Group	8610 Ep True Parkway, Unit Unit 5001, West Des Moines, IA	US	S3-473512786,S3-556955938,S3-57600493,S3-78080276	S2-321162266,S2-452477418,S2-503282896,S2-550789674,S2-557594507,S2-568139048,S2-640401128,S2-645094071,S2-674677725,S2-709319863	S3-473512786	Barbey Mclaughlin Group Partners	Unit Unit 5001, West Des Moines, Iowa, ##8610 Ep True Pkwy	US	19	75.40983606557377	60.86956521739131	US|2tok:barbey_mclaughlin;US|pfx8:barbeymc;US|tok:barbey;US|tok:mclaughlin;US|pfx6:barbey	Top-K Truncation / Bucket Slice (Shared keys: ['US|2tok:barbey_mclaughlin', 'US|pfx8:barbeymc'], but bucket sliced b[:8] or cap 15 reached)	Top-K Truncation / Bucket Slicing
S1-846028981	Barbey Mclaughlin Oneim Group	8610 Ep True Parkway, Unit Unit 5001, West Des Moines, IA	US	S3-473512786,S3-556955938,S3-57600493,S3-78080276	S2-321162266,S2-452477418,S2-503282896,S2-550789674,S2-557594507,S2-568139048,S2-640401128,S2-645094071,S2-674677725,S2-709319863	S3-556955938	Barbey Mclaughlin Oneim	##8610 Ep True Parkway, West Des Moines, Iowa, # Unit 5001	US	19	88.46153846153845	71.30434782608695	US|anum:8610_true;US|2tok:barbey_mclaughlin;US|pfx8:barbeymc;US|tok:barbey;US|tok:mclaughlin;US|tok:oneim;US|pfx6:barbey	Top-K Truncation / Bucket Slice (Shared keys: ['US|anum:8610_true', 'US|2tok:barbey_mclaughlin'], but bucket sliced b[:8] or cap 15 reached)	Top-K Truncation / Bucket Slicing
S1-846028981	Barbey Mclaughlin Oneim Group	8610 Ep True Parkway, Unit Unit 5001, West Des Moines, IA	US	S3-473512786,S3-556955938,S3-57600493,S3-78080276	S2-321162266,S2-452477418,S2-503282896,S2-550789674,S2-557594507,S2-568139048,S2-640401128,S2-645094071,S2-674677725,S2-709319863	S3-57600493	Barbey Mclaughlin	##8610 Ep True Pkwy, Unit Unit 5001, West Des Moines, Iowa	US	19	73.91304347826086	93.91304347826087	US|anum:8610_true;US|2tok:barbey_mclaughlin;US|pfx8:barbeymc;US|tok:barbey;US|tok:mclaughlin;US|pfx6:barbey	Top-K Truncation / Bucket Slice (Shared keys: ['US|anum:8610_true', 'US|2tok:barbey_mclaughlin'], but bucket sliced b[:8] or cap 15 reached)	Top-K Truncation / Bucket Slicing
S1-318218643	Velix Charles LLC	1447 59 Street, Brooklyn, NY	US	S2-5757527,S3-220224280,S3-492516478	S2-234306724,S2-299214820,S2-34218481,S2-378065279,S2-461696475,S2-487235027,S2-495540357,S2-557662699,S2-5757527,S2-60052366	S3-220224280	LLC Velix Ces	1447 59 St, Brooklyn, New York	US	16	60.0	82.75862068965517	US|anum:1447_brooklyn;US|tok:velix	Top-K Truncation / Bucket Slice (Shared keys: ['US|anum:1447_brooklyn', 'US|tok:velix'], but bucket sliced b[:8] or cap 15 reached)	Top-K Truncation / Bucket Slicing
S1-970972284	Gujarat Guru Agro Private Limited	Bihar, Pakki Sarai Road, Muzaffarpur, Near Abbda High School Azad Market, 3Rd Floor, Mithanpura	India	S2-579880840,S2-904010001,S3-807299919	S2-153996632,S2-279684175,S2-414923407,S2-527846835,S2-543415862,S2-548783072,S2-557677226,S2-579880840,S2-592165482,S2-669887054	S2-904010001	गुजरात गुरु एग्रो प्राइवेट लिमिटेड	BLOCK D-308 PAKKI SARAI ROAD, NEAR ABBDA HIGH SCHOOL AZAD MARKET, 3RD FLOOR, Bihar, MITHANPURA, MUZAFFARPUR	India	16	11.940298507462687	76.23762376237624		Address Correlated but Name Dissimilar (Addr Sim: 76.23762376237624%, missed address blocking key)	Address Correlated but Name Unmatched
S1-970972284	Gujarat Guru Agro Private Limited	Bihar, Pakki Sarai Road, Muzaffarpur, Near Abbda High School Azad Market, 3Rd Floor, Mithanpura	India	S2-579880840,S2-904010001,S3-807299919	S2-153996632,S2-279684175,S2-414923407,S2-527846835,S2-543415862,S2-548783072,S2-557677226,S2-579880840,S2-592165482,S2-669887054	S3-807299919	गुजरात गुरु एग्रो प्राइवेट लिमिटेड	Muzaffarpur, Mithanpura, Pakki Sarai Road, BR	India	16	11.940298507462687	40.0		No Shared Blocking Key Generated (Name Sim: 11.940298507462687%, Addr Sim: 40.0%)	No Blocking Rule Hit
S1-435587816	Iraheta, Dacie, D.O.	77 Morrison Street, Struthers, OH	US	S2-600565084,S2-647226257,S3-295724377,S3-361957744,S3-486498115	S2-198643305,S2-299563092,S2-384330957,S2-436990280,S2-489659364,S2-600565084,S2-641107532,S2-647226257,S2-797826599,S2-865521812	S3-295724377	Lraheta,-Dacie, D.O.	77 Morrison Street, Struthers, Ohio	US	16	90.0	97.05882352941177	US|tok:dacie;US|anum:77_morrison	Top-K Truncation / Bucket Slice (Shared keys: ['US|tok:dacie', 'US|anum:77_morrison'], but bucket sliced b[:8] or cap 15 reached)	Top-K Truncation / Bucket Slicing
S1-106221717	Aditya Sun Consultants Private Limited	Sy.No.1009, Flat No.60206, Iind Floor, Maple Block Indufortune Fields, 13 Phase, Kphb Colony, Kukatpally, Hyderabad, Telangana	India	S3-153987195,S3-381789336,S3-440377204,S3-504945706	S2-156718186,S2-169121087,S2-239806148,S2-437570258,S2-455696385,S2-709324566,S2-720930495,S2-752924996,S2-989654921,S3-381789336	S3-153987195	ఆదిత్య సన్ కన్సల్టెంట్స్ ప్రైవేట్ లిమిటెడ్	Sy.no.1009, Flat No.60206, Iind Floor, Maple Block Indufortune Fields, 13 Phase, Kphb Colony, Kukatpally, Hyderabad, TG	India	15	9.999999999999998	97.14285714285714	INDIA|anum:1009_flat	Top-K Truncation / Bucket Slice (Shared keys: ['INDIA|anum:1009_flat'], but bucket sliced b[:8] or cap 15 reached)	Top-K Truncation / Bucket Slicing
S1-106221717	Aditya Sun Consultants Private Limited	Sy.No.1009, Flat No.60206, Iind Floor, Maple Block Indufortune Fields, 13 Phase, Kphb Colony, Kukatpally, Hyderabad, Telangana	India	S3-153987195,S3-381789336,S3-440377204,S3-504945706	S2-156718186,S2-169121087,S2-239806148,S2-437570258,S2-455696385,S2-709324566,S2-720930495,S2-752924996,S2-989654921,S3-381789336	S3-504945706	ఆదిత్య సన్ కన్సల్టెంట్స్ ప్రైవేట్ లిమిటెడ్	Sy.no.1009, Flat No.60206, Iind Floor, Maple Block Indufortune Fields, 13 Phase, Kphb Colony, Kukatpally, Hyderabad, TG	India	15	9.999999999999998	97.14285714285714	INDIA|anum:1009_flat	Top-K Truncation / Bucket Slice (Shared keys: ['INDIA|anum:1009_flat'], but bucket sliced b[:8] or cap 15 reached)	Top-K Truncation / Bucket Slicing
S1-800482427	B+ Biotechnologies LLC	328 Buckingham Street, Unit 414, Columbus, OH	US	S3-22228357,S3-321919925,S3-338689364,S3-355590735	S2-37946265,S2-486665478,S3-112989764,S3-22228357,S3-321919925,S3-338689364,S3-996088804	S3-355590735	B+ LLC Services		US	7	37.83783783783784	0.0		Severe Dissimilarity / Brand Alteration (Name Sim: 37.83783783783784%, Addr Sim: 0%)	Severe Dissimilarity / Alternate Brand
S1-703200453	Vt Exporters	C/O Safinara Khatun, Allpara, Ratua, Malda, West Bengal	India	S2-144163137,S3-485763252	S3-485763252	S2-144163137	M/s Vt Exporters Corporation	West Bengal, C/O SAFINARA KHATUN, ALLPARA, RATUA	India	1	60.0	67.96116504854368	INDIA|tok:exporters	Top-K Truncation / Bucket Slice (Shared keys: ['INDIA|tok:exporters'], but bucket sliced b[:8] or cap 15 reached)	Top-K Truncation / Bucket Slicing
S1-500552277	U Q & Z Kimco	105 Susan Court, Winchester, KY	US	S2-613760087,S3-523390882,S3-602004752,S3-628706426,S3-829483271,S3-91306272	S2-199335365,S2-207956137,S2-290038263,S2-523292683,S2-540981835,S2-611186550,S2-613760087,S2-710882224,S2-878013730,S3-440073903	S3-628706426	U Q + Z	Winchester, Kentucky, 105 Susan Ct	US	14	60.0	43.07692307692308	US|2tok:u_q	Top-K Truncation / Bucket Slice (Shared keys: ['US|2tok:u_q'], but bucket sliced b[:8] or cap 15 reached)	Top-K Truncation / Bucket Slicing
S1-505869859	Invest Investments Pvt Ltd	Ff-104, Meera Mana Arcade, Beside Krupa Petrol Pump, Ellisbridge, Ahmedabad, Gujarat	India	S2-253039316,S3-882498611,S3-971950950	S2-237806680,S2-253039316,S2-2877522,S2-336770011,S2-365880656,S2-42371953,S2-440508618,S2-476329881,S2-535670964,S2-570305606	S3-971950950	Invest Investments Ltd Pvt	Ff-1-104, Meera Mana Arcade, Beside Krupa Petrol Pump, Ellisbridge, Ahmedabad, GJ	India	16	84.61538461538461	95.75757575757575	INDIA|tok:investments;INDIA|pfx8:investin;INDIA|2tok:invest_investments;INDIA|pfx6:invest;INDIA|tok:invest	Top-K Truncation / Bucket Slice (Shared keys: ['INDIA|tok:investments', 'INDIA|pfx8:investin'], but bucket sliced b[:8] or cap 15 reached)	Top-K Truncation / Bucket Slicing
S1-505869859	Invest Investments Pvt Ltd	Ff-104, Meera Mana Arcade, Beside Krupa Petrol Pump, Ellisbridge, Ahmedabad, Gujarat	India	S2-253039316,S3-882498611,S3-971950950	S2-237806680,S2-253039316,S2-2877522,S2-336770011,S2-365880656,S2-42371953,S2-440508618,S2-476329881,S2-535670964,S2-570305606	S3-882498611	Invest Imsemefs Pvt Ltd	Ff-1-104, Meera Mana Arcade, Beside Krupa Petrol Pump, Ellisbridge, Ahmedabad, ગુજરાત	India	16	81.63265306122449	91.12426035502959	INDIA|pfx6:invest;INDIA|tok:invest	Top-K Truncation / Bucket Slice (Shared keys: ['INDIA|pfx6:invest', 'INDIA|tok:invest'], but bucket sliced b[:8] or cap 15 reached)	Top-K Truncation / Bucket Slicing
S1-814475089	Family Clinic Partners	202 Kingsley Avenue, Greeneville, TN	US	S2-238559336,S2-366448075,S2-72193173,S3-107435140,S3-388645736,S3-720955181,S3-814489031	S2-150659635,S2-238559336,S2-254060940,S2-366448075,S2-479189206,S2-580694223,S2-72193173,S2-909354295,S2-919612368,S2-92406596	S3-107435140	Family  Clinic Partners Inc	Tennessee, 202 Kingsley Avenue, Greeneville	US	12	89.79591836734694	81.0126582278481	US|2tok:family_clinic;US|pfx6:family;US|tok:partners;US|pfx8:familycl;US|tok:family	Top-K Truncation / Bucket Slice (Shared keys: ['US|2tok:family_clinic', 'US|pfx6:family'], but bucket sliced b[:8] or cap 15 reached)	Top-K Truncation / Bucket Slicing
S1-814475089	Family Clinic Partners	202 Kingsley Avenue, Greeneville, TN	US	S2-238559336,S2-366448075,S2-72193173,S3-107435140,S3-388645736,S3-720955181,S3-814489031	S2-150659635,S2-238559336,S2-254060940,S2-366448075,S2-479189206,S2-580694223,S2-72193173,S2-909354295,S2-919612368,S2-92406596	S3-720955181	Family Partners  Clinic	Greeneville, 202 Kingsley Ave, Tennessee	US	12	66.66666666666667	57.89473684210527	US|tok:partners;US|pfx6:family;US|tok:family	Top-K Truncation / Bucket Slice (Shared keys: ['US|tok:partners', 'US|pfx6:family'], but bucket sliced b[:8] or cap 15 reached)	Top-K Truncation / Bucket Slicing
S1-814475089	Family Clinic Partners	202 Kingsley Avenue, Greeneville, TN	US	S2-238559336,S2-366448075,S2-72193173,S3-107435140,S3-388645736,S3-720955181,S3-814489031	S2-150659635,S2-238559336,S2-254060940,S2-366448075,S2-479189206,S2-580694223,S2-72193173,S2-909354295,S2-919612368,S2-92406596	S3-814489031	familyclinicpartners.com	Greeneville, Tennessee, 202 Kingsley Avenue	US	12	86.95652173913044	48.10126582278481	US|pfx6:family;US|pfx8:familycl	Top-K Truncation / Bucket Slice (Shared keys: ['US|pfx6:family', 'US|pfx8:familycl'], but bucket sliced b[:8] or cap 15 reached)	Top-K Truncation / Bucket Slicing
S1-451077707	Osprey (India) Development LLP	39-D, A.B. Road Industrial Area No.1, Dewas, Madhya Pradesh	India	S2-234537987,S3-12361934,S3-360869121,S3-92853611	S2-18983318,S2-230503562,S2-234537987,S2-529369557,S2-568246914,S2-671883758,S2-714293236,S2-788978258,S2-791797733,S2-799565058	S3-360869121	Osprey (lndia) Development LLP	39-D, MP, Dewas, A.b. Road Industrial Area No.1, Dewas	India	17	96.66666666666667	76.10619469026548	INDIA|pfx6:osprey;INDIA|tok:osprey;INDIA|tok:development	Top-K Truncation / Bucket Slice (Shared keys: ['INDIA|pfx6:osprey', 'INDIA|tok:osprey'], but bucket sliced b[:8] or cap 15 reached)	Top-K Truncation / Bucket Slicing
S1-448166395	Kerium Care	NY, Smithtown, 3 Bette Lane	US	S2-388220290,S3-111294485,S3-718780514,S3-886088195	S2-170608782,S2-172201548,S2-214800895,S2-388220290,S2-617503853,S3-125727879,S3-685256227,S3-718780514,S3-794204123,S3-886088195	S3-111294485	Kerium Services	3 Bette Lane, Commack CITY, New York	US	11	69.23076923076923	38.095238095238095	US|tok:kerium;US|pfx6:kerium	Top-K Truncation / Bucket Slice (Shared keys: ['US|tok:kerium', 'US|pfx6:kerium'], but bucket sliced b[:8] or cap 15 reached)	Top-K Truncation / Bucket Slicing
S1-940115232	Shriji Group	A-1/106 Vbhdc Greenwoods, Palghar Devkhope, Palghar, Thane, Maharashtra	India	S2-492128678,S3-774677895,S3-823552499,S3-946614984	S2-120780136,S2-147817802,S2-165416638,S2-327287872,S2-463034909,S2-479999739,S2-492128678,S2-506409692,S2-535930368,S2-671718387	S3-774677895	Shriji Gróup	No. 611 A-1/106 Vbhdc Greenwoods, Palghar, Thane, महाराष्ट्र	India	15	91.66666666666666	64.12213740458014	INDIA|pfx6:shriji;INDIA|tok:shriji;INDIA|pfx8:shrijigr	Top-K Truncation / Bucket Slice (Shared keys: ['INDIA|pfx6:shriji', 'INDIA|tok:shriji'], but bucket sliced b[:8] or cap 15 reached)	Top-K Truncation / Bucket Slicing
S1-940115232	Shriji Group	A-1/106 Vbhdc Greenwoods, Palghar Devkhope, Palghar, Thane, Maharashtra	India	S2-492128678,S3-774677895,S3-823552499,S3-946614984	S2-120780136,S2-147817802,S2-165416638,S2-327287872,S2-463034909,S2-479999739,S2-492128678,S2-506409692,S2-535930368,S2-671718387	S3-946614984	Shriji	611 A-1/106 Vbhdc Greenwoods, Palghar Devkhope, Palghar, Thane, MH	India	15	66.66666666666667	90.51094890510949	INDIA|pfx6:shriji;INDIA|tok:shriji	Top-K Truncation / Bucket Slice (Shared keys: ['INDIA|pfx6:shriji', 'INDIA|tok:shriji'], but bucket sliced b[:8] or cap 15 reached)	Top-K Truncation / Bucket Slicing
S1-472232440	Ramos and Benham Fusion	Burrell, PA, 378 Devinney Hollow Road	US	S2-344700160,S2-916177096,S2-995936729,S3-614462819	S2-133024631,S2-234387082,S2-248509783,S2-305087729,S2-344700160,S2-347535346,S2-422394633,S2-441888596,S2-468765614,S2-472620513	S2-916177096	Ramos and Benham		US	21	82.05128205128204	0.0	US|pfx6:ramosa;US|pfx8:ramosand;US|2tok:ramos_and;US|tok:benham;US|tok:ramos	Top-K Truncation / Bucket Slice (Shared keys: ['US|pfx6:ramosa', 'US|pfx8:ramosand'], but bucket sliced b[:8] or cap 15 reached)	Top-K Truncation / Bucket Slicing
S1-472232440	Ramos and Benham Fusion	Burrell, PA, 378 Devinney Hollow Road	US	S2-344700160,S2-916177096,S2-995936729,S3-614462819	S2-133024631,S2-234387082,S2-248509783,S2-305087729,S2-344700160,S2-347535346,S2-422394633,S2-441888596,S2-468765614,S2-472620513	S3-614462819	Ramos And Beahm [Fusion]	Pennsylvania, Burrell, 378 Devinney Hollow Road	US	21	89.36170212765957	78.57142857142857	US|pfx6:ramosa;US|pfx8:ramosand;US|2tok:ramos_and;US|tok:fusion;US|tok:ramos	Top-K Truncation / Bucket Slice (Shared keys: ['US|pfx6:ramosa', 'US|pfx8:ramosand'], but bucket sliced b[:8] or cap 15 reached)	Top-K Truncation / Bucket Slicing
S1-472232440	Ramos and Benham Fusion	Burrell, PA, 378 Devinney Hollow Road	US	S2-344700160,S2-916177096,S2-995936729,S3-614462819	S2-133024631,S2-234387082,S2-248509783,S2-305087729,S2-344700160,S2-347535346,S2-422394633,S2-441888596,S2-468765614,S2-472620513	S2-995936729	Ramos and Benham	378-380 DEVINNEY HOLLOW ROAD, BURRELL, PA	US	21	82.05128205128204	61.53846153846154	US|pfx6:ramosa;US|pfx8:ramosand;US|2tok:ramos_and;US|tok:benham;US|tok:ramos	Top-K Truncation / Bucket Slice (Shared keys: ['US|pfx6:ramosa', 'US|pfx8:ramosand'], but bucket sliced b[:8] or cap 15 reached)	Top-K Truncation / Bucket Slicing
S1-21084577	Harbor Alliance	45 Goff Street, Corning, NY	US	S2-19452549,S2-205227313,S3-364924227,S3-50929802	S2-124299928,S2-19452549,S2-310115593,S2-369967914,S2-427439965,S2-475143453,S2-527996127,S2-573284677,S2-608036071,S2-783580230	S2-205227313	THE HARBOR ALLIANCE	NY, CORNING, PO BOX 4918, 45 GOFF STREET	US	12	88.23529411764706	41.7910447761194	US|tok:alliance;US|tok:harbor	Top-K Truncation / Bucket Slice (Shared keys: ['US|tok:alliance', 'US|tok:harbor'], but bucket sliced b[:8] or cap 15 reached)	Top-K Truncation / Bucket Slicing
S1-21084577	Harbor Alliance	45 Goff Street, Corning, NY	US	S2-19452549,S2-205227313,S3-364924227,S3-50929802	S2-124299928,S2-19452549,S2-310115593,S2-369967914,S2-427439965,S2-475143453,S2-527996127,S2-573284677,S2-608036071,S2-783580230	S3-364924227	Harbor Alliance Co	45 Gff St, Corning, New York	US	12	90.9090909090909	80.0	US|pfx8:harboral;US|tok:harbor;US|pfx6:harbor;US|tok:alliance;US|2tok:harbor_alliance	Top-K Truncation / Bucket Slice (Shared keys: ['US|pfx8:harboral', 'US|tok:harbor'], but bucket sliced b[:8] or cap 15 reached)	Top-K Truncation / Bucket Slicing
S1-21084577	Harbor Alliance	45 Goff Street, Corning, NY	US	S2-19452549,S2-205227313,S3-364924227,S3-50929802	S2-124299928,S2-19452549,S2-310115593,S2-369967914,S2-427439965,S2-475143453,S2-527996127,S2-573284677,S2-608036071,S2-783580230	S3-50929802	Harbor Alliance Trading		US	12	78.94736842105263	0.0	US|pfx8:harboral;US|tok:harbor;US|pfx6:harbor;US|tok:alliance;US|2tok:harbor_alliance	Top-K Truncation / Bucket Slice (Shared keys: ['US|pfx8:harboral', 'US|tok:harbor'], but bucket sliced b[:8] or cap 15 reached)	Top-K Truncation / Bucket Slicing
S1-978421811	Highland Learning Center	1240 Indiana Avenue, Salt Lake City, UT	US	S2-346720876,S2-687120101,S2-798657992,S2-847503139,S3-453096432	S2-27436029,S2-31790708,S2-346720876,S2-422193256,S2-520345950,S2-557166640,S2-687120101,S2-702081404,S2-798657992,S2-909888329	S3-453096432	highlandlearningcenter.com	1240 Indiana Ave, Salt Lake City, Utah	US	15	88.0	93.5064935064935	US|anum:1240_indiana;US|pfx8:highland;US|pfx6:highla	Top-K Truncation / Bucket Slice (Shared keys: ['US|anum:1240_indiana', 'US|pfx8:highland'], but bucket sliced b[:8] or cap 15 reached)	Top-K Truncation / Bucket Slicing
S1-978421811	Highland Learning Center	1240 Indiana Avenue, Salt Lake City, UT	US	S2-346720876,S2-687120101,S2-798657992,S2-847503139,S3-453096432	S2-27436029,S2-31790708,S2-346720876,S2-422193256,S2-520345950,S2-557166640,S2-687120101,S2-702081404,S2-798657992,S2-909888329	S2-847503139	Highland Learning Center Corporation		US	15	80.0	0.0	US|tok:highland;US|pfx8:highland;US|pfx6:highla;US|tok:learning;US|2tok:highland_learning	Top-K Truncation / Bucket Slice (Shared keys: ['US|tok:highland', 'US|pfx8:highland'], but bucket sliced b[:8] or cap 15 reached)	Top-K Truncation / Bucket Slicing
S1-332410345	Jawan Investment Pvt Ltd	C 87 88 Cst Rd Kismat Nagar Kurla W Nr Masjid Mumbai, Mumbai, Mumbai City, Maharashtra	India	S2-615350296,S2-85568547,S3-147549265	S2-202764756,S2-211333287,S2-217053284,S2-277177969,S2-313949985,S2-406585945,S2-468039293,S2-539156477,S2-566643786,S2-61706608	S3-147549265	Jawan Ínvestment Pvt Ltd	C 87 88 Cst Rd Kismat Nagar Kurla W Nr Masjid Mumbai, Mumbai Region, Mumbai City, महाराष्ट्र	India	18	95.83333333333334	84.26966292134833	INDIA|anum:87_cst;INDIA|tok:jawan	Top-K Truncation / Bucket Slice (Shared keys: ['INDIA|anum:87_cst', 'INDIA|tok:jawan'], but bucket sliced b[:8] or cap 15 reached)	Top-K Truncation / Bucket Slicing
S1-332410345	Jawan Investment Pvt Ltd	C 87 88 Cst Rd Kismat Nagar Kurla W Nr Masjid Mumbai, Mumbai, Mumbai City, Maharashtra	India	S2-615350296,S2-85568547,S3-147549265	S2-202764756,S2-211333287,S2-217053284,S2-277177969,S2-313949985,S2-406585945,S2-468039293,S2-539156477,S2-566643786,S2-61706608	S2-615350296	Dr jawaninvestment.com	C 87 88 CST RD KISMAT NAGAR KURLA W NR MASJID MUMBAI, MUMBAI, Maharashtra	India	18	65.21739130434783	91.82389937106919	INDIA|anum:87_cst	Top-K Truncation / Bucket Slice (Shared keys: ['INDIA|anum:87_cst'], but bucket sliced b[:8] or cap 15 reached)	Top-K Truncation / Bucket Slicing
S1-332410345	Jawan Investment Pvt Ltd	C 87 88 Cst Rd Kismat Nagar Kurla W Nr Masjid Mumbai, Mumbai, Mumbai City, Maharashtra	India	S2-615350296,S2-85568547,S3-147549265	S2-202764756,S2-211333287,S2-217053284,S2-277177969,S2-313949985,S2-406585945,S2-468039293,S2-539156477,S2-566643786,S2-61706608	S2-85568547	JAWAN ÍNVESTMENT PVT LTD	C 87 88 CST RD KISMAT NAGAR KURLA W NR MASJID MUMBAI, MUMBAI, महाराष्ट्र	India	18	95.83333333333334	78.48101265822784	INDIA|anum:87_cst;INDIA|tok:jawan	Top-K Truncation / Bucket Slice (Shared keys: ['INDIA|anum:87_cst', 'INDIA|tok:jawan'], but bucket sliced b[:8] or cap 15 reached)	Top-K Truncation / Bucket Slicing
S1-617455147	Medyne Adr LLC	1732 Sanford Street, Arlington, TX	US	S2-639267012,S3-630897051	S2-111609449,S2-170129202,S2-205884783,S2-297778319,S2-425137227,S2-476838826,S2-477998081,S2-510031383,S2-561045502,S2-569023594	S3-630897051	Veoevo	#1732 Sanford St, Arlington, Texas	US	21	19.999999999999996	88.23529411764706	US|anum:1732_sanford	Top-K Truncation / Bucket Slice (Shared keys: ['US|anum:1732_sanford'], but bucket sliced b[:8] or cap 15 reached)	Top-K Truncation / Bucket Slicing
S1-173971969	Hotel It Pvt Ltd	Kailash Bihari Singh, Cou, Po-Bhagwan, Chapra, Saran, Bihar	India	S2-292981300,S3-165312490,S3-210351517	S2-219835785,S2-222838743,S2-287058932,S2-294446052,S2-340450480,S2-371790020,S2-436934502,S2-44586524,S2-651028801,S2-665471075	S3-165312490	होटल आईटी प्रा. लि.	Kailash Bihari Singh, Chapra, Saran, बिहार	India	14	17.14285714285714	73.26732673267327		Address Correlated but Name Dissimilar (Addr Sim: 73.26732673267327%, missed address blocking key)	Address Correlated but Name Unmatched
S1-173971969	Hotel It Pvt Ltd	Kailash Bihari Singh, Cou, Po-Bhagwan, Chapra, Saran, Bihar	India	S2-292981300,S3-165312490,S3-210351517	S2-219835785,S2-222838743,S2-287058932,S2-294446052,S2-340450480,S2-371790020,S2-436934502,S2-44586524,S2-651028801,S2-665471075	S2-292981300	होटल आईटी प्रा. लि.	KAILASH BIHARI SINGH, COU, PO-BHAGWAN, SARAN, CHAPRA, Bihar	India	14	17.14285714285714	91.52542372881356		Address Correlated but Name Dissimilar (Addr Sim: 91.52542372881356%, missed address blocking key)	Address Correlated but Name Unmatched
S1-173971969	Hotel It Pvt Ltd	Kailash Bihari Singh, Cou, Po-Bhagwan, Chapra, Saran, Bihar	India	S2-292981300,S3-165312490,S3-210351517	S2-219835785,S2-222838743,S2-287058932,S2-294446052,S2-340450480,S2-371790020,S2-436934502,S2-44586524,S2-651028801,S2-665471075	S3-210351517	Htl It Pvt Ltd	Kailash Bihari Singh, Chapra, BR, Saran	India	14	93.33333333333333	73.46938775510203		No Shared Blocking Key Generated (Name Sim: 93.33333333333333%, Addr Sim: 73.46938775510203%)	No Blocking Rule Hit
S1-596450212	Bally Jagachha Management Private Limited	Ideal Grand Bl-A, G T Road(South) Howrah, Bally Jagachha, Howrah, West Bengal	India	S2-96970795,S3-991003018	S2-229925369,S2-325415389,S2-423931478,S2-522548788,S2-626967383,S2-640864708,S2-707790985,S2-731734654,S2-816355882,S2-838851916	S3-991003018	Bally Jagachha Management Private	Ideal Grand Bl-a, Howrah, WB	India	14	89.1891891891892	53.333333333333336	INDIA|pfx8:ballyjag;INDIA|tok:jagachha;INDIA|tok:bally;INDIA|pfx6:ballyj;INDIA|2tok:bally_jagachha	Top-K Truncation / Bucket Slice (Shared keys: ['INDIA|pfx8:ballyjag', 'INDIA|tok:jagachha'], but bucket sliced b[:8] or cap 15 reached)	Top-K Truncation / Bucket Slicing
S1-804300777	Swastik Hospitality Private Limited	S No 268 Swami Samarth Nagar Ph-I Flat- 15 Building-D/Ii Chichwad, Pune, Maharashtra	India	S2-217729012,S3-291243842,S3-361448686,S3-65482005,S3-841228843	S2-108557325,S2-177514827,S2-337580290,S2-563936212,S2-609013093,S2-755334229,S2-825361130,S2-844320521,S2-942084664,S2-959598731	S3-841228843	Swastik Hospitality Private Ltd	#320 S No 268 Swami Samarth Nagar Ph-i Flat- 15 Building-d/ii Chichwad, Pune, MH	India	15	93.93939393939394	91.46341463414635	INDIA|pfx8:swastikh;INDIA|pfx6:swasti;INDIA|tok:swastik;INDIA|tok:hospitality;INDIA|2tok:swastik_hospitality	Top-K Truncation / Bucket Slice (Shared keys: ['INDIA|pfx8:swastikh', 'INDIA|pfx6:swasti'], but bucket sliced b[:8] or cap 15 reached)	Top-K Truncation / Bucket Slicing
S1-804300777	Swastik Hospitality Private Limited	S No 268 Swami Samarth Nagar Ph-I Flat- 15 Building-D/Ii Chichwad, Pune, Maharashtra	India	S2-217729012,S3-291243842,S3-361448686,S3-65482005,S3-841228843	S2-108557325,S2-177514827,S2-337580290,S2-563936212,S2-609013093,S2-755334229,S2-825361130,S2-844320521,S2-942084664,S2-959598731	S3-291243842	स्वस्तिक हॉस्पिटैलिटी प्राइवेट लिमिटेड	320 S No 268 Swami Samarth Nagar Ph-i Flat- 15 Building-d/ii Chichwad, Pune, MH	India	15	8.21917808219178	92.02453987730061		Address Correlated but Name Dissimilar (Addr Sim: 92.02453987730061%, missed address blocking key)	Address Correlated but Name Unmatched
S1-804300777	Swastik Hospitality Private Limited	S No 268 Swami Samarth Nagar Ph-I Flat- 15 Building-D/Ii Chichwad, Pune, Maharashtra	India	S2-217729012,S3-291243842,S3-361448686,S3-65482005,S3-841228843	S2-108557325,S2-177514827,S2-337580290,S2-563936212,S2-609013093,S2-755334229,S2-825361130,S2-844320521,S2-942084664,S2-959598731	S2-217729012	swastik h0spitality private limited	Maharashtra, S NO 2-68 SWAMI SAMARTH NAGAR PH-I FLAT- 15 BUILDING-D/II CHICHWAD, PUNE	India	15	97.14285714285714	84.02366863905326	INDIA|tok:swastik;INDIA|pfx8:swastikh;INDIA|pfx6:swasti	Top-K Truncation / Bucket Slice (Shared keys: ['INDIA|tok:swastik', 'INDIA|pfx8:swastikh'], but bucket sliced b[:8] or cap 15 reached)	Top-K Truncation / Bucket Slicing
S1-804300777	Swastik Hospitality Private Limited	S No 268 Swami Samarth Nagar Ph-I Flat- 15 Building-D/Ii Chichwad, Pune, Maharashtra	India	S2-217729012,S3-291243842,S3-361448686,S3-65482005,S3-841228843	S2-108557325,S2-177514827,S2-337580290,S2-563936212,S2-609013093,S2-755334229,S2-825361130,S2-844320521,S2-942084664,S2-959598731	S3-361448686	Swastik Hospitality	S No 268 Swami Samarth Nagar Ph-I Flat- 15 Building-D/Ii Chichwad, Pune, Maharashtra	India	15	70.37037037037037	100.0	INDIA|pfx8:swastikh;INDIA|pfx6:swasti;INDIA|tok:swastik;INDIA|anum:268_swami;INDIA|tok:hospitality;INDIA|2tok:swastik_hospitality	Top-K Truncation / Bucket Slice (Shared keys: ['INDIA|pfx8:swastikh', 'INDIA|pfx6:swasti'], but bucket sliced b[:8] or cap 15 reached)	Top-K Truncation / Bucket Slicing
S1-305440895	No Nursing Home	32, Vill. Bania Bigha, Tola Bania Bigha Panch-Amara, Panchyat, Block Arwal, Arwal, Bihar	India	S2-594436200,S2-793023011,S3-210855008,S3-292471555,S3-547827089	S2-207466035,S2-223406294,S2-315964854,S2-31663149,S2-41421217,S2-624925017,S2-656450625,S2-6919200,S2-793023011,S3-210855008	S2-594436200	No Home Nursing	32., VILL. BANIA BIGHA, TOLA BANIA BIGHA PANCH-AMARA, PANCHYAT, BLOCK ARWAL, Bihar	India	12	66.66666666666667	95.29411764705881	INDIA|tok:home;INDIA|anum:32_vill;INDIA|tok:nursing	Top-K Truncation / Bucket Slice (Shared keys: ['INDIA|tok:home', 'INDIA|anum:32_vill'], but bucket sliced b[:8] or cap 15 reached)	Top-K Truncation / Bucket Slicing
S1-145606139	Williamson Quality Braves LP	1420 Ardsley Place, Homewood, AL	US	S2-999471757,S3-212135744,S3-230789820	S2-177846319,S2-747526456,S2-800040608,S2-847366956,S2-853446923,S2-902281958,S2-933153215,S2-999471757,S3-212135744	S3-230789820	Williamson Quality Btcas LP	Birmingham, Alabama, 1420 Ardsley Pl, NULL	US	9	90.9090909090909	48.64864864864865	US|tok:quality;US|pfx6:willia;US|tok:williamson;US|2tok:williamson_quality;US|pfx8:williams	Top-K Truncation / Bucket Slice (Shared keys: ['US|tok:quality', 'US|pfx6:willia'], but bucket sliced b[:8] or cap 15 reached)	Top-K Truncation / Bucket Slicing
S1-368348061	Naon Enterprises Inc	31481 Oak Ridge Drive, Muscoda, WI	US	S2-485175177,S2-621867288,S2-792202616,S3-387125361,S3-656890408,S3-832808344	S2-274745823,S2-288004005,S2-378496908,S2-485175177,S2-572072956,S2-640857659,S2-792202616,S2-929130072,S2-995196937,S3-387125361	S3-656890408	Naon Ínc Partners		US	11	54.054054054054056	0.0	US|tok:naon	Top-K Truncation / Bucket Slice (Shared keys: ['US|tok:naon'], but bucket sliced b[:8] or cap 15 reached)	Top-K Truncation / Bucket Slicing
S1-368348061	Naon Enterprises Inc	31481 Oak Ridge Drive, Muscoda, WI	US	S2-485175177,S2-621867288,S2-792202616,S3-387125361,S3-656890408,S3-832808344	S2-274745823,S2-288004005,S2-378496908,S2-485175177,S2-572072956,S2-640857659,S2-792202616,S2-929130072,S2-995196937,S3-387125361	S2-621867288	Na0n Enterprises	OAK RIDGE DR, MUSCODA, WI	US	11	83.33333333333334	84.7457627118644		No Shared Blocking Key Generated (Name Sim: 83.33333333333334%, Addr Sim: 84.7457627118644%)	No Blocking Rule Hit
S1-368348061	Naon Enterprises Inc	31481 Oak Ridge Drive, Muscoda, WI	US	S2-485175177,S2-621867288,S2-792202616,S3-387125361,S3-656890408,S3-832808344	S2-274745823,S2-288004005,S2-378496908,S2-485175177,S2-572072956,S2-640857659,S2-792202616,S2-929130072,S2-995196937,S3-387125361	S3-832808344	Naon Inc Partners	Oak Ridge Dr, Musoda, Wisconsin	US	11	54.054054054054056	73.84615384615385	US|tok:naon	Top-K Truncation / Bucket Slice (Shared keys: ['US|tok:naon'], but bucket sliced b[:8] or cap 15 reached)	Top-K Truncation / Bucket Slicing
S1-46716098	Knox and Nicholas, Inc	WI, Town Of Townsend, 17160 Presbyterian Road	US	S2-313914652,S2-989834083,S3-135087123,S3-214211825	S2-279110196,S2-391654544,S2-394529591,S2-466700682,S2-494421149,S2-59455066,S2-59875391,S2-72504436,S2-739189743,S2-928377822	S2-313914652	Inc Knox and Nicholas,	17160 PRESBYTERIAN RD, TOWN OF TOWNSEND, WI	US	17	81.81818181818181	50.0	US|2tok:knox_and;US|tok:nicholas;US|tok:knox	Top-K Truncation / Bucket Slice (Shared keys: ['US|2tok:knox_and', 'US|tok:nicholas'], but bucket sliced b[:8] or cap 15 reached)	Top-K Truncation / Bucket Slicing
S1-46716098	Knox and Nicholas, Inc	WI, Town Of Townsend, 17160 Presbyterian Road	US	S2-313914652,S2-989834083,S3-135087123,S3-214211825	S2-279110196,S2-391654544,S2-394529591,S2-466700682,S2-494421149,S2-59455066,S2-59875391,S2-72504436,S2-739189743,S2-928377822	S2-989834083	Knox Nicholas, Inc	17160 PRESBYTEIRAN RD, TOWNSEND, WI	US	17	90.0	52.5	US|tok:nicholas;US|tok:knox	Top-K Truncation / Bucket Slice (Shared keys: ['US|tok:nicholas', 'US|tok:knox'], but bucket sliced b[:8] or cap 15 reached)	Top-K Truncation / Bucket Slicing
S1-557464657	Doiron & Alvarez Token LLC	17607 Lake Melford Avenue, Bowie, MD	US	S2-729358614,S3-219424314,S3-406498606	S2-138855536,S2-31165440,S2-314951146,S2-371758762,S2-494954810,S2-791732488,S2-850914814,S2-93111511,S2-948707363,S3-262626426	S2-729358614	Doiron & Afcvz Token LLC		US	12	88.0	0.0	US|pfx6:doiron;US|tok:doiron;US|tok:token	Top-K Truncation / Bucket Slice (Shared keys: ['US|pfx6:doiron', 'US|tok:doiron'], but bucket sliced b[:8] or cap 15 reached)	Top-K Truncation / Bucket Slicing
S1-557464657	Doiron & Alvarez Token LLC	17607 Lake Melford Avenue, Bowie, MD	US	S2-729358614,S3-219424314,S3-406498606	S2-138855536,S2-31165440,S2-314951146,S2-371758762,S2-494954810,S2-791732488,S2-850914814,S2-93111511,S2-948707363,S3-262626426	S3-219424314	Doiron & A1varez Token LLC	Lake Melford Avenue, Bowie, Maryland	US	12	96.15384615384616	83.33333333333334	US|pfx6:doiron;US|tok:doiron;US|tok:token	Top-K Truncation / Bucket Slice (Shared keys: ['US|pfx6:doiron', 'US|tok:doiron'], but bucket sliced b[:8] or cap 15 reached)	Top-K Truncation / Bucket Slicing
S1-557464657	Doiron & Alvarez Token LLC	17607 Lake Melford Avenue, Bowie, MD	US	S2-729358614,S3-219424314,S3-406498606	S2-138855536,S2-31165440,S2-314951146,S2-371758762,S2-494954810,S2-791732488,S2-850914814,S2-93111511,S2-948707363,S3-262626426	S3-406498606	LLC Doiron and Alvarez Token	17226 Lake Melford Ave, Bowie, Maryland	US	12	77.77777777777779	82.66666666666667	US|tok:alvarez;US|tok:token;US|tok:doiron	Top-K Truncation / Bucket Slice (Shared keys: ['US|tok:alvarez', 'US|tok:token'], but bucket sliced b[:8] or cap 15 reached)	Top-K Truncation / Bucket Slicing
S1-8092452	Urban Nails!	1262 Grandstaff Avenue, Lancaster, OH	US	S2-404025676,S3-183988476	S2-180932287,S2-238499955,S2-238661101,S2-298827913,S2-530638170,S2-631734171,S2-696679067,S2-743855755,S2-749728236,S2-800263369	S3-183988476	Urban Náils! - 1389976563	1262 Grandstff Ave, Lancaster, Ohio	US	15	59.45945945945945	91.66666666666666	US|tok:urban;US|pfx6:urbann	Top-K Truncation / Bucket Slice (Shared keys: ['US|tok:urban', 'US|pfx6:urbann'], but bucket sliced b[:8] or cap 15 reached)	Top-K Truncation / Bucket Slicing
S1-8092452	Urban Nails!	1262 Grandstaff Avenue, Lancaster, OH	US	S2-404025676,S3-183988476	S2-180932287,S2-238499955,S2-238661101,S2-298827913,S2-530638170,S2-631734171,S2-696679067,S2-743855755,S2-749728236,S2-800263369	S2-404025676	Urban  Nai1s!	LANCASTER, OH, #1262 GRANDSTAFF AVE	US	15	88.0	52.77777777777778	US|pfx8:urbannai;US|tok:urban;US|pfx6:urbann	Top-K Truncation / Bucket Slice (Shared keys: ['US|pfx8:urbannai', 'US|tok:urban'], but bucket sliced b[:8] or cap 15 reached)	Top-K Truncation / Bucket Slicing
S1-216511119	Surya Energy Private Limited	Nagar Jaipur, Hans Marg, C-252-A, Malviya Nagar, Rajasthan	India	S2-645205818,S3-188861564,S3-245059775,S3-47618118,S3-700997777	S2-112749459,S2-329357251,S2-593313878,S2-607163022,S2-74161846,S2-761387714,S2-764771933,S2-77646444,S2-789102908,S2-800793273	S2-645205818	सूर्य एनर्जी प्राइवेट लिमिटेड	HANS MARG, C-252-A, MALVIYA NAGAR, NAGAR JAIPUR, Rajasthan	India	15	10.526315789473683	75.86206896551724		Address Correlated but Name Dissimilar (Addr Sim: 75.86206896551724%, missed address blocking key)	Address Correlated but Name Unmatched
S1-216511119	Surya Energy Private Limited	Nagar Jaipur, Hans Marg, C-252-A, Malviya Nagar, Rajasthan	India	S2-645205818,S3-188861564,S3-245059775,S3-47618118,S3-700997777	S2-112749459,S2-329357251,S2-593313878,S2-607163022,S2-74161846,S2-761387714,S2-764771933,S2-77646444,S2-789102908,S2-800793273	S3-47618118	सूर्या एनर्जी प्राइवेट लिमिटेड	C-252-a, Hans Marg, Malviya Nagar, RJ	India	15	10.344827586206895	65.26315789473685		Address Correlated but Name Dissimilar (Addr Sim: 65.26315789473685%, missed address blocking key)	Address Correlated but Name Unmatched
S1-216511119	Surya Energy Private Limited	Nagar Jaipur, Hans Marg, C-252-A, Malviya Nagar, Rajasthan	India	S2-645205818,S3-188861564,S3-245059775,S3-47618118,S3-700997777	S2-112749459,S2-329357251,S2-593313878,S2-607163022,S2-74161846,S2-761387714,S2-764771933,S2-77646444,S2-789102908,S2-800793273	S3-700997777	सूर्या Energy प्राइवेट लिमिटेड	Malviya Nagar, C-252-a, Hans Marg, Malviya Nagar, RJ	India	15	31.034482758620683	67.27272727272727	INDIA|tok:energy	Top-K Truncation / Bucket Slice (Shared keys: ['INDIA|tok:energy'], but bucket sliced b[:8] or cap 15 reached)	Top-K Truncation / Bucket Slicing
S1-216511119	Surya Energy Private Limited	Nagar Jaipur, Hans Marg, C-252-A, Malviya Nagar, Rajasthan	India	S2-645205818,S3-188861564,S3-245059775,S3-47618118,S3-700997777	S2-112749459,S2-329357251,S2-593313878,S2-607163022,S2-74161846,S2-761387714,S2-764771933,S2-77646444,S2-789102908,S2-800793273	S3-188861564	सूर्य Energy Private Limited	C-252-a, Hans Marg, Nagar Jaipur, Malviya Nagar, RJ	India	15	82.14285714285714	62.38532110091744	INDIA|tok:energy	Top-K Truncation / Bucket Slice (Shared keys: ['INDIA|tok:energy'], but bucket sliced b[:8] or cap 15 reached)	Top-K Truncation / Bucket Slicing
S1-216511119	Surya Energy Private Limited	Nagar Jaipur, Hans Marg, C-252-A, Malviya Nagar, Rajasthan	India	S2-645205818,S3-188861564,S3-245059775,S3-47618118,S3-700997777	S2-112749459,S2-329357251,S2-593313878,S2-607163022,S2-74161846,S2-761387714,S2-764771933,S2-77646444,S2-789102908,S2-800793273	S3-245059775	Surya Energy Limited Center	C-252-a, Malviya Nagar, राजस्थान	India	15	72.72727272727273	53.333333333333336	INDIA|tok:surya;INDIA|tok:energy;INDIA|pfx6:suryae;INDIA|pfx8:suryaene;INDIA|2tok:surya_energy	Top-K Truncation / Bucket Slice (Shared keys: ['INDIA|tok:surya', 'INDIA|tok:energy'], but bucket sliced b[:8] or cap 15 reached)	Top-K Truncation / Bucket Slicing
S1-499302167	Shree Industries Private Limited	Plot No. 265, G. I. D. C. Estate Sachin, Surat, Gujarat	India	S2-127669900,S2-148775637,S2-45522817,S3-112108004,S3-112888430,S3-469734598,S3-76582686,S3-909488329	S2-167460619,S2-177158630,S2-342862389,S2-385366642,S2-403657278,S2-433680239,S2-482329388,S2-612761952,S2-628453176,S2-683695538	S2-45522817	શ્રી ઇન્ડસ્ટ્રીઝ પ્રાઇવેટ લિમિટેડ	PLOT NO. 265, G. I. D. C. ESTATE SACHIN, SURAT, ગુજરાત	India	16	9.230769230769232	88.07339449541286	INDIA|anum:265_plot	Top-K Truncation / Bucket Slice (Shared keys: ['INDIA|anum:265_plot'], but bucket sliced b[:8] or cap 15 reached)	Top-K Truncation / Bucket Slicing
S1-499302167	Shree Industries Private Limited	Plot No. 265, G. I. D. C. Estate Sachin, Surat, Gujarat	India	S2-127669900,S2-148775637,S2-45522817,S3-112108004,S3-112888430,S3-469734598,S3-76582686,S3-909488329	S2-167460619,S2-177158630,S2-342862389,S2-385366642,S2-403657278,S2-433680239,S2-482329388,S2-612761952,S2-628453176,S2-683695538	S3-76582686	શ્રી ઇન્ડસ્ટ્રીઝ Private Limited	Plot No. 265, G. I. D. C. Estate Sachin, Vadodara Region, Surat, ગુજરાત	India	16	53.125	77.77777777777779	INDIA|anum:265_plot	Top-K Truncation / Bucket Slice (Shared keys: ['INDIA|anum:265_plot'], but bucket sliced b[:8] or cap 15 reached)	Top-K Truncation / Bucket Slicing
S1-499302167	Shree Industries Private Limited	Plot No. 265, G. I. D. C. Estate Sachin, Surat, Gujarat	India	S2-127669900,S2-148775637,S2-45522817,S3-112108004,S3-112888430,S3-469734598,S3-76582686,S3-909488329	S2-167460619,S2-177158630,S2-342862389,S2-385366642,S2-403657278,S2-433680239,S2-482329388,S2-612761952,S2-628453176,S2-683695538	S3-469734598	શ્રી ઇન્ડસ્ટ્રીઝ પ્રાઇવેટ લિમિટેડ	Surat, Vadodara Region, No 265, GJ, G. I. D. C. Estate Sachin	India	16	9.230769230769232	60.3448275862069		Address Correlated but Name Dissimilar (Addr Sim: 60.3448275862069%, missed address blocking key)	Address Correlated but Name Unmatched
S1-499302167	Shree Industries Private Limited	Plot No. 265, G. I. D. C. Estate Sachin, Surat, Gujarat	India	S2-127669900,S2-148775637,S2-45522817,S3-112108004,S3-112888430,S3-469734598,S3-76582686,S3-909488329	S2-167460619,S2-177158630,S2-342862389,S2-385366642,S2-403657278,S2-433680239,S2-482329388,S2-612761952,S2-628453176,S2-683695538	S3-112888430	શ્રી ઇન્ડસ્ટ્રીઝ પ્રાઇવેટ લિમિટેડ	Plot No. 265, G. I. D. C. Estate Sachin, Vadodara Region, Surat, ગુજરાત	India	16	9.230769230769232	77.77777777777779	INDIA|anum:265_plot	Top-K Truncation / Bucket Slice (Shared keys: ['INDIA|anum:265_plot'], but bucket sliced b[:8] or cap 15 reached)	Top-K Truncation / Bucket Slicing
S1-499302167	Shree Industries Private Limited	Plot No. 265, G. I. D. C. Estate Sachin, Surat, Gujarat	India	S2-127669900,S2-148775637,S2-45522817,S3-112108004,S3-112888430,S3-469734598,S3-76582686,S3-909488329	S2-167460619,S2-177158630,S2-342862389,S2-385366642,S2-403657278,S2-433680239,S2-482329388,S2-612761952,S2-628453176,S2-683695538	S3-112108004	શ્રી ઇન્ડસ્ટ્રીઝ પ્રાઇવેટ લિમિટેડ	Plot No. 265, G. I. D. C. Estate Sachin, Vadodara Region, Surat, ગુજરાત	India	16	9.230769230769232	77.77777777777779	INDIA|anum:265_plot	Top-K Truncation / Bucket Slice (Shared keys: ['INDIA|anum:265_plot'], but bucket sliced b[:8] or cap 15 reached)	Top-K Truncation / Bucket Slicing
S1-499302167	Shree Industries Private Limited	Plot No. 265, G. I. D. C. Estate Sachin, Surat, Gujarat	India	S2-127669900,S2-148775637,S2-45522817,S3-112108004,S3-112888430,S3-469734598,S3-76582686,S3-909488329	S2-167460619,S2-177158630,S2-342862389,S2-385366642,S2-403657278,S2-433680239,S2-482329388,S2-612761952,S2-628453176,S2-683695538	S2-127669900	શ્રી ઇન્ડસ્ટ્રીઝ પ્રાઇવેટ લિમિટેડ	G. I. D. C. ESTATE SACHIN, SURAT, PLOT NO. 265, Gujarat	India	16	9.230769230769232	74.54545454545455		Address Correlated but Name Dissimilar (Addr Sim: 74.54545454545455%, missed address blocking key)	Address Correlated but Name Unmatched
S1-499302167	Shree Industries Private Limited	Plot No. 265, G. I. D. C. Estate Sachin, Surat, Gujarat	India	S2-127669900,S2-148775637,S2-45522817,S3-112108004,S3-112888430,S3-469734598,S3-76582686,S3-909488329	S2-167460619,S2-177158630,S2-342862389,S2-385366642,S2-403657278,S2-433680239,S2-482329388,S2-612761952,S2-628453176,S2-683695538	S2-148775637	શ્રી ઇન્ડસ્ટ્રીઝ પ્રાઇવેટ લિમિટેડ	PLOT NO. 265, SURAT, ગુજરાત	India	16	9.230769230769232	51.21951219512195	INDIA|anum:265_plot	Top-K Truncation / Bucket Slice (Shared keys: ['INDIA|anum:265_plot'], but bucket sliced b[:8] or cap 15 reached)	Top-K Truncation / Bucket Slicing
S1-499302167	Shree Industries Private Limited	Plot No. 265, G. I. D. C. Estate Sachin, Surat, Gujarat	India	S2-127669900,S2-148775637,S2-45522817,S3-112108004,S3-112888430,S3-469734598,S3-76582686,S3-909488329	S2-167460619,S2-177158630,S2-342862389,S2-385366642,S2-403657278,S2-433680239,S2-482329388,S2-612761952,S2-628453176,S2-683695538	S3-909488329	શ્રી Industries પ્રાઇવેટ લિમિટેડ	Dor No 265, G. I. D. C. Estate Sachin, Vadodara Region, Surat, GJ	India	16	40.625	76.66666666666666		Address Correlated but Name Dissimilar (Addr Sim: 76.66666666666666%, missed address blocking key)	Address Correlated but Name Unmatched
S1-56985694	Energy New Mechanical Private Limited	4C, Kowdiar Mannor Jawahar Nagar, Thiruvananthapuram, Thiruvananthapuram, Trivandrum, Kerala	India	S2-143788454,S2-849652682,S3-531690508,S3-532768370	S2-140995478,S2-143788454,S2-180729101,S2-321804610,S2-333857916,S2-396021700,S2-42422902,S2-531952073,S2-62009173,S2-663941383	S2-849652682	Energy New Mechanical Private Ltd	BLOCK C-6-34 4C, KOWDIAR MANNOR JAWAHAR NAGAR, THIRUVANANTHAPURAM, THIRUVANANTHAPURAM, കേരളം	India	17	94.28571428571428	80.43478260869566	INDIA|tok:energy;INDIA|pfx6:energy;INDIA|tok:mechanical;INDIA|2tok:energy_new;INDIA|pfx8:energyne	Top-K Truncation / Bucket Slice (Shared keys: ['INDIA|tok:energy', 'INDIA|pfx6:energy'], but bucket sliced b[:8] or cap 15 reached)	Top-K Truncation / Bucket Slicing
S1-56985694	Energy New Mechanical Private Limited	4C, Kowdiar Mannor Jawahar Nagar, Thiruvananthapuram, Thiruvananthapuram, Trivandrum, Kerala	India	S2-143788454,S2-849652682,S3-531690508,S3-532768370	S2-140995478,S2-143788454,S2-180729101,S2-321804610,S2-333857916,S2-396021700,S2-42422902,S2-531952073,S2-62009173,S2-663941383	S3-532768370	Energy New Mechanical Private	#4C, Kowdiar Mannor Jawahar Nagar, Thiruvananthapuram, Trivandrum, Thiruvananthapuram, KL	India	17	87.87878787878788	83.97790055248619	INDIA|tok:energy;INDIA|pfx6:energy;INDIA|tok:mechanical;INDIA|2tok:energy_new;INDIA|pfx8:energyne	Top-K Truncation / Bucket Slice (Shared keys: ['INDIA|tok:energy', 'INDIA|pfx6:energy'], but bucket sliced b[:8] or cap 15 reached)	Top-K Truncation / Bucket Slicing
S1-417526535	Vanguard Allstate Inc	22899 George Lane, Staunton, IL	US	S2-566526014,S3-498182561,S3-888501071	S3-104605033,S3-498182561,S3-888501071	S2-566526014	Center Vanguard Inc	STAUNTON, IL, 022899 GEORGE LN, PO BOX 2478	US	3	60.0	51.35135135135135	US|tok:vanguard	Top-K Truncation / Bucket Slice (Shared keys: ['US|tok:vanguard'], but bucket sliced b[:8] or cap 15 reached)	Top-K Truncation / Bucket Slicing
S1-382435344	American Western LLC	61-01 Bleecker Street, Ridgewood, NY	US	S2-850859063,S3-356046991,S3-455018200,S3-590488708	S2-850859063,S3-356046991,S3-590488708,S3-929911154	S3-455018200	American Westem-LLC	61-01c Bleecker St, Ridgewood, New York	US	4	87.17948717948718	85.33333333333333	US|tok:american;US|pfx6:americ;US|pfx8:american	Top-K Truncation / Bucket Slice (Shared keys: ['US|tok:american', 'US|pfx6:americ'], but bucket sliced b[:8] or cap 15 reached)	Top-K Truncation / Bucket Slicing
S1-927651996	Anand Builders Pvt Ltd	B/101 Bhaveshwar Plazal B S Road Ghatkopar (W), Mumbai, Maharashtra	India	S2-476737109,S3-508899690,S3-701215575,S3-92887877	S2-198214614,S2-220331032,S2-35857581,S2-46083223,S2-476737109,S2-59732064,S2-637609123,S2-936541413,S2-950611154,S2-984777890	S3-701215575	Anand बिल्डर्स प्रा. लि.	Mumbai, MH, Mumbai, B/101 Bhaveshwar Plazal B S Road Ghatkopar (W)	India	14	34.78260869565217	69.17293233082707	INDIA|tok:anand	Top-K Truncation / Bucket Slice (Shared keys: ['INDIA|tok:anand'], but bucket sliced b[:8] or cap 15 reached)	Top-K Truncation / Bucket Slicing
S1-613598143	Clair Sprott Inc	430 Lewis Avenue, Lombard, IL	US	S2-121542712,S2-467289585,S2-495419923,S2-742518143,S2-980172703,S3-150094514	S2-237183092,S2-467289585,S2-486931253,S2-495419923,S2-583890122,S2-64321994,S2-742518143,S2-765097276,S2-799297804,S2-844916486	S2-121542712	Inc Clair Sgrott	430 LEWIS AVENUE, LOMBARD, IL	US	16	68.75	100.0	US|anum:430_lewis;US|tok:clair	Top-K Truncation / Bucket Slice (Shared keys: ['US|anum:430_lewis', 'US|tok:clair'], but bucket sliced b[:8] or cap 15 reached)	Top-K Truncation / Bucket Slicing
S1-378164861	Industrial Wholesale Enterprises	2507 Branson Landing, Unit Unit 507B, Branson, MO	US	S2-52711585,S2-825460140,S3-256462990,S3-593129031,S3-796747973	S2-271438487,S2-343109494,S2-371461778,S2-37459407,S2-52711585,S2-549198862,S2-686692091,S2-829238835,S2-896400298	S3-796747973	industrialwholesaleenterprises.com	507 Branson Landing, Unit Unit 507B, Branson, Missouri	US	9	90.9090909090909	93.20388349514563	US|pfx6:indust;US|pfx8:industri	Top-K Truncation / Bucket Slice (Shared keys: ['US|pfx6:indust', 'US|pfx8:industri'], but bucket sliced b[:8] or cap 15 reached)	Top-K Truncation / Bucket Slicing
S1-378164861	Industrial Wholesale Enterprises	2507 Branson Landing, Unit Unit 507B, Branson, MO	US	S2-52711585,S2-825460140,S3-256462990,S3-593129031,S3-796747973	S2-271438487,S2-343109494,S2-371461778,S2-37459407,S2-52711585,S2-549198862,S2-686692091,S2-829238835,S2-896400298	S3-256462990	Industrial Enterprises Services	507 Branson Landing, # Unit 507B, Branson, Missouri	US	9	69.84126984126983	88.0	US|tok:industrial;US|pfx6:indust;US|pfx8:industri	Top-K Truncation / Bucket Slice (Shared keys: ['US|tok:industrial', 'US|pfx6:indust'], but bucket sliced b[:8] or cap 15 reached)	Top-K Truncation / Bucket Slicing
S1-378164861	Industrial Wholesale Enterprises	2507 Branson Landing, Unit Unit 507B, Branson, MO	US	S2-52711585,S2-825460140,S3-256462990,S3-593129031,S3-796747973	S2-271438487,S2-343109494,S2-371461778,S2-37459407,S2-52711585,S2-549198862,S2-686692091,S2-829238835,S2-896400298	S3-593129031	Industrial Wh0lesale Enterprises	507 Branson Landing, # Unit 507B, Branson, Missouri	US	9	96.875	88.0	US|tok:industrial;US|pfx6:indust;US|pfx8:industri	Top-K Truncation / Bucket Slice (Shared keys: ['US|tok:industrial', 'US|pfx6:indust'], but bucket sliced b[:8] or cap 15 reached)	Top-K Truncation / Bucket Slicing
S1-378164861	Industrial Wholesale Enterprises	2507 Branson Landing, Unit Unit 507B, Branson, MO	US	S2-52711585,S2-825460140,S3-256462990,S3-593129031,S3-796747973	S2-271438487,S2-343109494,S2-371461778,S2-37459407,S2-52711585,S2-549198862,S2-686692091,S2-829238835,S2-896400298	S2-825460140	INDUSTRIAL ENTERPRISES WHÓLESALE	BRANSON LANDING, BRANSON, MO	US	9	68.75	72.72727272727273	US|tok:industrial;US|pfx6:indust;US|pfx8:industri	Top-K Truncation / Bucket Slice (Shared keys: ['US|tok:industrial', 'US|pfx6:indust'], but bucket sliced b[:8] or cap 15 reached)	Top-K Truncation / Bucket Slicing
S1-639096068	India Impact Development Limited	W 21/674, Beach Road, Alleppey, Alappuzha, Kerala	India	S2-334697769,S2-435057007,S2-837803619,S3-134346326,S3-150643293,S3-515416988,S3-702803465	S2-137716937,S2-30888716,S2-368477214,S2-634275068,S2-669202351,S2-678808818,S2-757039269,S2-77538312,S2-955408039,S3-150643293	S2-334697769	India Ímpact Development Ltd	W 51/674, BEACH ROAD, ALLEPPEY, Kerala	India	15	90.0	85.0574712643678	INDIA|tok:development;INDIA|tok:india	Top-K Truncation / Bucket Slice (Shared keys: ['INDIA|tok:development', 'INDIA|tok:india'], but bucket sliced b[:8] or cap 15 reached)	Top-K Truncation / Bucket Slicing
S1-639096068	India Impact Development Limited	W 21/674, Beach Road, Alleppey, Alappuzha, Kerala	India	S2-334697769,S2-435057007,S2-837803619,S3-134346326,S3-150643293,S3-515416988,S3-702803465	S2-137716937,S2-30888716,S2-368477214,S2-634275068,S2-669202351,S2-678808818,S2-757039269,S2-77538312,S2-955408039,S3-150643293	S3-702803465	India Impact Development Ltd		India	15	93.33333333333333	0.0	INDIA|tok:india;INDIA|2tok:india_impact;INDIA|pfx8:indiaimp;INDIA|tok:impact;INDIA|tok:development;INDIA|pfx6:indiai	Top-K Truncation / Bucket Slice (Shared keys: ['INDIA|tok:india', 'INDIA|2tok:india_impact'], but bucket sliced b[:8] or cap 15 reached)	Top-K Truncation / Bucket Slicing
S1-639096068	India Impact Development Limited	W 21/674, Beach Road, Alleppey, Alappuzha, Kerala	India	S2-334697769,S2-435057007,S2-837803619,S3-134346326,S3-150643293,S3-515416988,S3-702803465	S2-137716937,S2-30888716,S2-368477214,S2-634275068,S2-669202351,S2-678808818,S2-757039269,S2-77538312,S2-955408039,S3-150643293	S3-134346326	India Limited  Development Impact	W 21/674, Alappuzha, Keralam	India	15	76.92307692307692	70.12987012987013	INDIA|tok:development;INDIA|tok:india;INDIA|tok:impact	Top-K Truncation / Bucket Slice (Shared keys: ['INDIA|tok:development', 'INDIA|tok:india'], but bucket sliced b[:8] or cap 15 reached)	Top-K Truncation / Bucket Slicing
S1-639096068	India Impact Development Limited	W 21/674, Beach Road, Alleppey, Alappuzha, Kerala	India	S2-334697769,S2-435057007,S2-837803619,S3-134346326,S3-150643293,S3-515416988,S3-702803465	S2-137716937,S2-30888716,S2-368477214,S2-634275068,S2-669202351,S2-678808818,S2-757039269,S2-77538312,S2-955408039,S3-150643293	S2-435057007	India Imantc Development Limited		India	15	93.75	0.0	INDIA|tok:development;INDIA|tok:india;INDIA|pfx6:indiai	Top-K Truncation / Bucket Slice (Shared keys: ['INDIA|tok:development', 'INDIA|tok:india'], but bucket sliced b[:8] or cap 15 reached)	Top-K Truncation / Bucket Slicing
S1-639096068	India Impact Development Limited	W 21/674, Beach Road, Alleppey, Alappuzha, Kerala	India	S2-334697769,S2-435057007,S2-837803619,S3-134346326,S3-150643293,S3-515416988,S3-702803465	S2-137716937,S2-30888716,S2-368477214,S2-634275068,S2-669202351,S2-678808818,S2-757039269,S2-77538312,S2-955408039,S3-150643293	S2-837803619	INDIAIMPACTDEVELOPMENT.COM	W 51/674, BEACH ROAD, ALLEPPEY, കേരളം	India	15	79.3103448275862	72.09302325581395	INDIA|pfx6:indiai;INDIA|pfx8:indiaimp	Top-K Truncation / Bucket Slice (Shared keys: ['INDIA|pfx6:indiai', 'INDIA|pfx8:indiaimp'], but bucket sliced b[:8] or cap 15 reached)	Top-K Truncation / Bucket Slicing
S1-269039848	Holy Community Church	5546 Cincinnati Dayton Road, Middletown, OH	US	S2-141962181,S2-523777271,S3-241756735,S3-30260686	S2-143852128,S2-16755519,S2-190273831,S2-195337767,S2-295623283,S2-302306821,S2-422114847,S2-431585964,S2-566921547,S2-673264114	S2-141962181	HOLY COMMUNITY	5546 CINCINNATI DAYTON ROAD, OH, MIDDLETOWN	US	16	80.0	90.69767441860466	US|anum:5546_cincinnati;US|2tok:holy_community;US|tok:community;US|pfx8:holycomm;US|tok:holy;US|pfx6:holyco	Top-K Truncation / Bucket Slice (Shared keys: ['US|anum:5546_cincinnati', 'US|2tok:holy_community'], but bucket sliced b[:8] or cap 15 reached)	Top-K Truncation / Bucket Slicing
S1-269039848	Holy Community Church	5546 Cincinnati Dayton Road, Middletown, OH	US	S2-141962181,S2-523777271,S3-241756735,S3-30260686	S2-143852128,S2-16755519,S2-190273831,S2-195337767,S2-295623283,S2-302306821,S2-422114847,S2-431585964,S2-566921547,S2-673264114	S3-30260686	Rizavantage+ fka Holy Community Church	Middletown, OH, 5546 Cincinnati Dayton Road	US	16	71.1864406779661	62.7906976744186	US|tok:community;US|tok:church;US|tok:holy	Top-K Truncation / Bucket Slice (Shared keys: ['US|tok:community', 'US|tok:church'], but bucket sliced b[:8] or cap 15 reached)	Top-K Truncation / Bucket Slicing
S1-269039848	Holy Community Church	5546 Cincinnati Dayton Road, Middletown, OH	US	S2-141962181,S2-523777271,S3-241756735,S3-30260686	S2-143852128,S2-16755519,S2-190273831,S2-195337767,S2-295623283,S2-302306821,S2-422114847,S2-431585964,S2-566921547,S2-673264114	S2-523777271	HOLY CHURCH COMMUNITY	OH, 5546 CINCINNATI DAYTON ROAD, MIDDLETOWN	US	16	66.66666666666667	90.69767441860466	US|tok:community;US|anum:5546_cincinnati;US|tok:church;US|tok:holy	Top-K Truncation / Bucket Slice (Shared keys: ['US|tok:community', 'US|anum:5546_cincinnati'], but bucket sliced b[:8] or cap 15 reached)	Top-K Truncation / Bucket Slicing
S1-269039848	Holy Community Church	5546 Cincinnati Dayton Road, Middletown, OH	US	S2-141962181,S2-523777271,S3-241756735,S3-30260686	S2-143852128,S2-16755519,S2-190273831,S2-195337767,S2-295623283,S2-302306821,S2-422114847,S2-431585964,S2-566921547,S2-673264114	S3-241756735	community holy church	5546 Cinicnnati Dayton Road, Middletown, Ohio	US	16	76.19047619047619	95.45454545454545	US|tok:community;US|tok:church;US|tok:holy	Top-K Truncation / Bucket Slice (Shared keys: ['US|tok:community', 'US|tok:church'], but bucket sliced b[:8] or cap 15 reached)	Top-K Truncation / Bucket Slicing
S1-111673633	Anand Projects Private Limited	H No.1-1-188/C3, Jj Nagar, Opp Govt Junior College, Suryapet, Nalgonda, Telangana	India	S3-445683675,S3-72536400	S2-213964386,S2-279776099,S2-323767601,S2-368247858,S2-443359674,S2-454856101,S2-528699329,S2-547379716,S2-585619856,S2-591266071	S3-72536400	Anand Projects	Suryapet, H No.1-1-188/C3, Nalgonda, Jj Nagar, Opp Govt Junior College, Telangana	India	20	63.63636363636363	75.30864197530865	INDIA|tok:anand;INDIA|pfx6:anandp;INDIA|tok:projects;INDIA|2tok:anand_projects;INDIA|pfx8:anandpro	Top-K Truncation / Bucket Slice (Shared keys: ['INDIA|tok:anand', 'INDIA|pfx6:anandp'], but bucket sliced b[:8] or cap 15 reached)	Top-K Truncation / Bucket Slicing
S1-111673633	Anand Projects Private Limited	H No.1-1-188/C3, Jj Nagar, Opp Govt Junior College, Suryapet, Nalgonda, Telangana	India	S3-445683675,S3-72536400	S2-213964386,S2-279776099,S2-323767601,S2-368247858,S2-443359674,S2-454856101,S2-528699329,S2-547379716,S2-585619856,S2-591266071	S3-445683675	Anand Projects  Private Ltd	#1-1-188/C3, Jj Nagar, Opp Govt Junior College, Suryapet, Nalgonda, తెలంగాణ	India	20	91.22807017543859	85.8974358974359	INDIA|anum:1_nagar;INDIA|tok:anand;INDIA|pfx6:anandp;INDIA|tok:projects;INDIA|2tok:anand_projects;INDIA|pfx8:anandpro	Top-K Truncation / Bucket Slice (Shared keys: ['INDIA|anum:1_nagar', 'INDIA|tok:anand'], but bucket sliced b[:8] or cap 15 reached)	Top-K Truncation / Bucket Slicing
S1-17506850	Indian Industries Limited	Ghaziabad, C-1601, Uttar Pradesh, Ghaziabad, Laxuria Estate Aditya World City	India	S2-254243056,S2-398583958,S3-917774125	S2-148987688,S2-248940708,S2-388537092,S2-429857278,S2-456906802,S2-752574056,S2-798142992,S2-839075142,S2-929904297,S3-385521459	S2-254243056	INDIAN INDIAN INDUSTRIES	C-1601 , LAXURIA ESTATE ADITYA WORLD CITY, GHAZIABAD, उत्तर प्रदेश	India	13	69.38775510204081	57.34265734265735	INDIA|pfx8:indianin;INDIA|tok:indian;INDIA|pfx6:indian	Top-K Truncation / Bucket Slice (Shared keys: ['INDIA|pfx8:indianin', 'INDIA|tok:indian'], but bucket sliced b[:8] or cap 15 reached)	Top-K Truncation / Bucket Slicing
S1-17506850	Indian Industries Limited	Ghaziabad, C-1601, Uttar Pradesh, Ghaziabad, Laxuria Estate Aditya World City	India	S2-254243056,S2-398583958,S3-917774125	S2-148987688,S2-248940708,S2-388537092,S2-429857278,S2-456906802,S2-752574056,S2-798142992,S2-839075142,S2-929904297,S3-385521459	S2-398583958	इंडियन इंडस्ट्रीज लिमिटेड	C-1601, LAXURIA ESTATE ADITYA WORLD CITY, GHAZIABAD, उत्तर प्रदेश	India	13	7.9999999999999964	56.33802816901409		No Shared Blocking Key Generated (Name Sim: 7.9999999999999964%, Addr Sim: 56.33802816901409%)	No Blocking Rule Hit
S1-68201540	Marketing Balaji Label Limited	Kerala, 4Th Floor, Thiruvananthapuram, Capital Tower, Statue, Thiruvananthapuram, Trivandrum	India	S2-289059559,S3-454778716,S3-509801092	S2-185829833,S2-225679898,S2-250069987,S2-289059559,S2-31346298,S2-395649017,S2-505954407,S2-595741625,S2-636187517,S2-82332128	S3-509801092	marketingbalajilabel.com	Capital Tower, Statue, Thiruvananthapuram, Trivandrum, കേരളം, #4Th Floor, Thiruvananthapuram	India	17	77.77777777777779	58.69565217391304	INDIA|pfx6:market;INDIA|pfx8:marketin	Top-K Truncation / Bucket Slice (Shared keys: ['INDIA|pfx6:market', 'INDIA|pfx8:marketin'], but bucket sliced b[:8] or cap 15 reached)	Top-K Truncation / Bucket Slicing
S1-831843558	Hernandez Regional Aktiengesellschaft	7102 Arbor Rose Lane, Spring, TX	US	S2-681892599,S3-234100494,S3-932279798	S2-102580586,S2-225689557,S2-406350448,S2-681892599,S2-684919678,S2-778579515,S2-81203510,S2-837763637,S3-391250496,S3-921625947	S3-234100494	Hernandez Aktiengesellschaft Regional		US	11	75.67567567567568	0.0	US|tok:aktiengesellschaft;US|tok:hernandez;US|pfx8:hernande;US|pfx6:hernan;US|tok:regional	Top-K Truncation / Bucket Slice (Shared keys: ['US|tok:aktiengesellschaft', 'US|tok:hernandez'], but bucket sliced b[:8] or cap 15 reached)	Top-K Truncation / Bucket Slicing
S1-304785953	Lafferty Certified Lifesciences Inc.	13315 Schwenger Place, Fairfax County, VA	US	S2-818938450,S3-633775998,S3-924252420,S3-982408491	S2-121967890,S2-128228604,S2-293937110,S2-453287653,S2-543123278,S2-616329379,S2-622885173,S2-662173539,S2-715741589,S2-738349191	S3-633775998	Laffertycertifiedlifesciences.Com	13315 Schwenher Place, Herndon, Virginia	US	16	86.95652173913044	71.60493827160495	US|pfx8:lafferty;US|pfx6:laffer	Top-K Truncation / Bucket Slice (Shared keys: ['US|pfx8:lafferty', 'US|pfx6:laffer'], but bucket sliced b[:8] or cap 15 reached)	Top-K Truncation / Bucket Slicing
S1-740254254	Pediatric Prairie Physicians, LLC	Salem, IL, 1009 Trenary Avenue	US	S2-263513530,S2-285568761,S2-290998875,S2-482679078,S2-855309230	S2-106581817,S2-115029741,S2-195865543,S2-466104529,S2-486362415,S2-492461356,S2-547982394,S2-699804329,S2-717208291,S2-763777141	S2-290998875	PEDIATRIC PIRMIE PIRMIE PHYSICIANS, LLC	1009  TRENARY AVE, SALEM, IL	US	14	88.88888888888889	58.62068965517242	US|pfx8:pediatri;US|tok:pediatric;US|pfx6:pediat;US|tok:physicians	Top-K Truncation / Bucket Slice (Shared keys: ['US|pfx8:pediatri', 'US|tok:pediatric'], but bucket sliced b[:8] or cap 15 reached)	Top-K Truncation / Bucket Slicing
S1-740254254	Pediatric Prairie Physicians, LLC	Salem, IL, 1009 Trenary Avenue	US	S2-263513530,S2-285568761,S2-290998875,S2-482679078,S2-855309230	S2-106581817,S2-115029741,S2-195865543,S2-466104529,S2-486362415,S2-492461356,S2-547982394,S2-699804329,S2-717208291,S2-763777141	S2-482679078	#44590 Pediatric Prairie Physicians,	1009  TRENARY AVENUE, SALEM, IL	US	14	84.05797101449275	62.295081967213115	US|tok:pediatric;US|tok:prairie;US|tok:physicians	Top-K Truncation / Bucket Slice (Shared keys: ['US|tok:pediatric', 'US|tok:prairie'], but bucket sliced b[:8] or cap 15 reached)	Top-K Truncation / Bucket Slicing
S1-740254254	Pediatric Prairie Physicians, LLC	Salem, IL, 1009 Trenary Avenue	US	S2-263513530,S2-285568761,S2-290998875,S2-482679078,S2-855309230	S2-106581817,S2-115029741,S2-195865543,S2-466104529,S2-486362415,S2-492461356,S2-547982394,S2-699804329,S2-717208291,S2-763777141	S2-285568761	Pediatric Prairie Physicians, LLC Authority	1009  TRENARY AVE, SALEM, IL	US	14	86.8421052631579	58.62068965517242	US|pfx6:pediat;US|pfx8:pediatri;US|2tok:pediatric_prairie;US|tok:prairie;US|tok:pediatric;US|tok:physicians	Top-K Truncation / Bucket Slice (Shared keys: ['US|pfx6:pediat', 'US|pfx8:pediatri'], but bucket sliced b[:8] or cap 15 reached)	Top-K Truncation / Bucket Slicing
S1-740254254	Pediatric Prairie Physicians, LLC	Salem, IL, 1009 Trenary Avenue	US	S2-263513530,S2-285568761,S2-290998875,S2-482679078,S2-855309230	S2-106581817,S2-115029741,S2-195865543,S2-466104529,S2-486362415,S2-492461356,S2-547982394,S2-699804329,S2-717208291,S2-763777141	S2-263513530	Pediatric Prairie Physicians,	1009  TRENARY AVE, SALEM, IL	US	14	93.5483870967742	58.62068965517242	US|pfx6:pediat;US|pfx8:pediatri;US|2tok:pediatric_prairie;US|tok:prairie;US|tok:pediatric;US|tok:physicians	Top-K Truncation / Bucket Slice (Shared keys: ['US|pfx6:pediat', 'US|pfx8:pediatri'], but bucket sliced b[:8] or cap 15 reached)	Top-K Truncation / Bucket Slicing
S1-111065528	Duplantis Wisekey Inc	7340 Stock Ranch Road, Unit APT 7, Citrus Heights, CA	US	S2-28390752,S2-464212494,S2-808062793,S2-917662827,S3-232846963,S3-340441081,S3-631970416	S2-142118866,S2-195921792,S2-205955486,S2-28390752,S2-388419251,S2-391778489,S2-425477759,S2-464212494,S2-475496795,S2-493103970	S3-631970416	Duplantis Wisekey	7340 Stock Ranch Rd, # APT 7, Citrus Heights, California	US	16	89.47368421052632	86.23853211009174	US|anum:7340_stock;US|tok:wisekey;US|2tok:duplantis_wisekey;US|pfx6:duplan;US|pfx8:duplanti;US|tok:duplantis	Top-K Truncation / Bucket Slice (Shared keys: ['US|anum:7340_stock', 'US|tok:wisekey'], but bucket sliced b[:8] or cap 15 reached)	Top-K Truncation / Bucket Slicing
S1-111065528	Duplantis Wisekey Inc	7340 Stock Ranch Road, Unit APT 7, Citrus Heights, CA	US	S2-28390752,S2-464212494,S2-808062793,S2-917662827,S3-232846963,S3-340441081,S3-631970416	S2-142118866,S2-195921792,S2-205955486,S2-28390752,S2-388419251,S2-391778489,S2-425477759,S2-464212494,S2-475496795,S2-493103970	S3-340441081	Partners Duplantis Inc	7340 Stock Ranch Road, Unit APT 7, Citrus Heights, California	US	16	60.46511627906976	92.98245614035088	US|anum:7340_stock;US|tok:duplantis	Top-K Truncation / Bucket Slice (Shared keys: ['US|anum:7340_stock', 'US|tok:duplantis'], but bucket sliced b[:8] or cap 15 reached)	Top-K Truncation / Bucket Slicing
S1-111065528	Duplantis Wisekey Inc	7340 Stock Ranch Road, Unit APT 7, Citrus Heights, CA	US	S2-28390752,S2-464212494,S2-808062793,S2-917662827,S3-232846963,S3-340441081,S3-631970416	S2-142118866,S2-195921792,S2-205955486,S2-28390752,S2-388419251,S2-391778489,S2-425477759,S2-464212494,S2-475496795,S2-493103970	S3-232846963	Nylacira DBA Duplantis Wisekey Inc	7340 Stock Ranch Road, Unit APT 7, Citrus Heights, CA	US	16	76.36363636363637	100.0	US|anum:7340_stock;US|tok:wisekey;US|tok:duplantis	Top-K Truncation / Bucket Slice (Shared keys: ['US|anum:7340_stock', 'US|tok:wisekey'], but bucket sliced b[:8] or cap 15 reached)	Top-K Truncation / Bucket Slicing
S1-111065528	Duplantis Wisekey Inc	7340 Stock Ranch Road, Unit APT 7, Citrus Heights, CA	US	S2-28390752,S2-464212494,S2-808062793,S2-917662827,S3-232846963,S3-340441081,S3-631970416	S2-142118866,S2-195921792,S2-205955486,S2-28390752,S2-388419251,S2-391778489,S2-425477759,S2-464212494,S2-475496795,S2-493103970	S2-917662827	Duplantis Inc [Center]	7340 STOCK RANCH ROAD, CITRUS HEIGHTS, CA	US	16	60.46511627906976	87.2340425531915	US|anum:7340_stock;US|pfx6:duplan;US|tok:duplantis;US|pfx8:duplanti	Top-K Truncation / Bucket Slice (Shared keys: ['US|anum:7340_stock', 'US|pfx6:duplan'], but bucket sliced b[:8] or cap 15 reached)	Top-K Truncation / Bucket Slicing
S1-545601093	Bermudez, Rice and Crittenden Inc	131 Willow Ridge, Altoona, IA	US	S2-899758735,S3-764951392,S3-781450721	S2-169986201,S2-197422349,S2-21549994,S2-237286827,S2-467856596,S2-488133740,S2-495925546,S2-555051090,S2-556370559,S2-576190657	S3-764951392	Bermudez, Rice And Crittenden	131 Willow Rdg, Altoona CITY, Iowa	US	18	93.5483870967742	85.71428571428572	US|tok:crittenden;US|tok:rice;US|pfx8:bermudez;US|tok:bermudez;US|anum:131_willow;US|pfx6:bermud;US|2tok:bermudez_rice	Top-K Truncation / Bucket Slice (Shared keys: ['US|tok:crittenden', 'US|tok:rice'], but bucket sliced b[:8] or cap 15 reached)	Top-K Truncation / Bucket Slicing
S1-988516196	Bright Pub!	1455 Thompson Road, Woodburn, OR	US	S2-39357842,S2-604842009,S3-45345410,S3-799417795	S2-100583077,S2-165535019,S2-246778140,S2-247376744,S2-452914600,S2-594056064,S2-615207591,S2-620099755,S2-680165742,S2-680840258	S2-604842009	Bright Pub!		US	15	100.0	0.0	US|2tok:bright_pub;US|tok:bright;US|pfx6:bright;US|alpha:brightpub;US|pfx8:brightpu	Top-K Truncation / Bucket Slice (Shared keys: ['US|2tok:bright_pub', 'US|tok:bright'], but bucket sliced b[:8] or cap 15 reached)	Top-K Truncation / Bucket Slicing
S1-988516196	Bright Pub!	1455 Thompson Road, Woodburn, OR	US	S2-39357842,S2-604842009,S3-45345410,S3-799417795	S2-100583077,S2-165535019,S2-246778140,S2-247376744,S2-452914600,S2-594056064,S2-615207591,S2-620099755,S2-680165742,S2-680840258	S2-39357842	Bright Pub!  Inc.	001455 THOMPSON RD, WOODBURN, OR	US	15	78.57142857142857	93.75	US|tok:bright;US|2tok:bright_pub;US|pfx6:bright;US|pfx8:brightpu	Top-K Truncation / Bucket Slice (Shared keys: ['US|tok:bright', 'US|2tok:bright_pub'], but bucket sliced b[:8] or cap 15 reached)	Top-K Truncation / Bucket Slicing
S1-419483044	King Aria LLC	215 Grand Avenue, Unit Apartment 609, Old Orchard Beach, ME	US	S2-497881051,S2-708439842,S2-828973635,S2-834046092,S3-120588781,S3-861998724	S2-193416019,S2-238513304,S2-441111422,S2-457864003,S2-497881051,S2-514934813,S2-548877004,S2-622249006,S2-75846137,S2-798589613	S2-708439842	King LLC [Partners]	GRAND AVENUE, OLD ORCHARD BEACH, ME	US	16	50.0	74.46808510638299	US|tok:king	Top-K Truncation / Bucket Slice (Shared keys: ['US|tok:king'], but bucket sliced b[:8] or cap 15 reached)	Top-K Truncation / Bucket Slicing
S1-787617931	Delta Ministries IV	40219 Bay Hill Way, Phoenix, AZ	US	S2-598018848,S2-863761700,S3-217603089	S2-129565558,S2-161540430,S2-172272930,S2-224653566,S2-355141454,S2-359685781,S2-368264316,S2-392215471,S2-598018848,S2-937509955	S2-863761700	DELTA MÍNISTRIES IV	BAY HILL WAY, PHOENIX, AZ	US	12	94.73684210526316	89.28571428571429	US|pfx6:deltam;US|tok:delta	Top-K Truncation / Bucket Slice (Shared keys: ['US|pfx6:deltam', 'US|tok:delta'], but bucket sliced b[:8] or cap 15 reached)	Top-K Truncation / Bucket Slicing
S1-535605149	Supreme Engineering LLP	Shop-04, Gut-41/2, Plot-3/A, 3/B, Pratham Park, Panvel, Raigarh(Mh), Maharashtra	India	S2-751164711,S2-950867387,S3-426905497,S3-441844163	S2-133867073,S2-135641186,S2-172263331,S2-241928251,S2-25923728,S2-363875640,S2-372862074,S2-385601280,S2-385997449,S2-433050546	S2-950867387	Supreme Engineering (ID: 95402)	SHOP-1-04, GUT-41/2, PLOT-3/A, 3/B, PRATHAM PARK, PANVEL, Maharashtra	India	19	74.07407407407408	89.93288590604027	INDIA|2tok:supreme_engineering;INDIA|pfx8:supremee;INDIA|pfx6:suprem;INDIA|tok:supreme;INDIA|tok:engineering	Top-K Truncation / Bucket Slice (Shared keys: ['INDIA|2tok:supreme_engineering', 'INDIA|pfx8:supremee'], but bucket sliced b[:8] or cap 15 reached)	Top-K Truncation / Bucket Slicing
S1-535605149	Supreme Engineering LLP	Shop-04, Gut-41/2, Plot-3/A, 3/B, Pratham Park, Panvel, Raigarh(Mh), Maharashtra	India	S2-751164711,S2-950867387,S3-426905497,S3-441844163	S2-133867073,S2-135641186,S2-172263331,S2-241928251,S2-25923728,S2-363875640,S2-372862074,S2-385601280,S2-385997449,S2-433050546	S2-751164711	सुप्रीम इंजीनियरिंग एलएलपी	SHOP-1-04, RAIGARH(MH), Maharashtra	India	19	8.163265306122447	57.391304347826086		No Shared Blocking Key Generated (Name Sim: 8.163265306122447%, Addr Sim: 57.391304347826086%)	No Blocking Rule Hit
S1-535605149	Supreme Engineering LLP	Shop-04, Gut-41/2, Plot-3/A, 3/B, Pratham Park, Panvel, Raigarh(Mh), Maharashtra	India	S2-751164711,S2-950867387,S3-426905497,S3-441844163	S2-133867073,S2-135641186,S2-172263331,S2-241928251,S2-25923728,S2-363875640,S2-372862074,S2-385601280,S2-385997449,S2-433050546	S3-426905497	Bríxcira	MH, Gut-41/2, Plot-3/a, 3/B, Pratham Park, null, Shop-04, Panvel	India	19	19.354838709677423	69.44444444444444		Address Correlated but Name Dissimilar (Addr Sim: 69.44444444444444%, missed address blocking key)	Address Correlated but Name Unmatched
S1-498738124	Primary Care Medicine	1509 Primrose Lane, Cary, NC	US	S2-218846957,S2-603877664,S3-974705603	S2-128366430,S2-31948478,S2-370788130,S2-372446484,S2-380155329,S2-407175475,S2-511725487,S2-91578578	S2-603877664	Primary Care Medicine Inc.	1509B PRIMROSE LN, CARY, NC	US	8	89.36170212765957	94.54545454545455	US|pfx6:primar;US|tok:primary;US|tok:medicine;US|pfx8:primaryc;US|2tok:primary_care	Top-K Truncation / Bucket Slice (Shared keys: ['US|pfx6:primar', 'US|tok:primary'], but bucket sliced b[:8] or cap 15 reached)	Top-K Truncation / Bucket Slicing
S1-498738124	Primary Care Medicine	1509 Primrose Lane, Cary, NC	US	S2-218846957,S2-603877664,S3-974705603	S2-128366430,S2-31948478,S2-370788130,S2-372446484,S2-380155329,S2-407175475,S2-511725487,S2-91578578	S2-218846957	Primary Care Medicine District	1509B PRIMROSE LANE, CARY, NC	US	8	82.35294117647058	98.24561403508771	US|pfx6:primar;US|tok:primary;US|tok:medicine;US|pfx8:primaryc;US|2tok:primary_care	Top-K Truncation / Bucket Slice (Shared keys: ['US|pfx6:primar', 'US|tok:primary'], but bucket sliced b[:8] or cap 15 reached)	Top-K Truncation / Bucket Slicing
S1-498738124	Primary Care Medicine	1509 Primrose Lane, Cary, NC	US	S2-218846957,S2-603877664,S3-974705603	S2-128366430,S2-31948478,S2-370788130,S2-372446484,S2-380155329,S2-407175475,S2-511725487,S2-91578578	S3-974705603	primary care medicine	North Carolina, 150 Primrose Ln, Cary	US	8	100.0	64.61538461538461	US|pfx6:primar;US|tok:primary;US|alpha:primarycaremedicine;US|tok:medicine;US|pfx8:primaryc;US|2tok:primary_care	Top-K Truncation / Bucket Slice (Shared keys: ['US|pfx6:primar', 'US|tok:primary'], but bucket sliced b[:8] or cap 15 reached)	Top-K Truncation / Bucket Slicing
S1-748364403	Eye Group	802 Buffalo Street, Unit 8, Johnson City, TN	US	S2-166464835,S3-355553997,S3-773858535,S3-940222258,S3-949424666	S2-39511734,S3-773858535,S3-940222258,S3-949424666	S2-166464835	Eye Group Group	JOHNSON CITY, 802 BUFFALO ST, TN	US	4	75.0	47.36842105263158	US|pfx6:eyegro;US|pfx8:eyegroup	Top-K Truncation / Bucket Slice (Shared keys: ['US|pfx6:eyegro', 'US|pfx8:eyegroup'], but bucket sliced b[:8] or cap 15 reached)	Top-K Truncation / Bucket Slicing
S1-748364403	Eye Group	802 Buffalo Street, Unit 8, Johnson City, TN	US	S2-166464835,S3-355553997,S3-773858535,S3-940222258,S3-949424666	S2-39511734,S3-773858535,S3-940222258,S3-949424666	S3-355553997	Eye Group	Buffalo St, # 8, Johnson City, Tennessee	US	4	100.0	76.19047619047619	US|alpha:eyegroup;US|pfx6:eyegro;US|pfx8:eyegroup	Top-K Truncation / Bucket Slice (Shared keys: ['US|alpha:eyegroup', 'US|pfx6:eyegro'], but bucket sliced b[:8] or cap 15 reached)	Top-K Truncation / Bucket Slicing
S1-622557613	Baid Retail Corporation	114, Sitaram Appartments Plot No-102, Ip Extension, Delhi, East Delhi, Delhi	India	S2-187526768,S2-628909296,S2-904082339,S3-163454489,S3-344508848,S3-618802292,S3-635948631	S2-187526768,S2-308237597,S2-406264960,S2-471570256,S2-568136099,S2-5686926,S2-594246338,S2-628909296,S2-774616246,S2-918032583	S2-904082339	Mr Baid Rétail Corporation #51139		India	15	78.57142857142857	0.0	INDIA|tok:baid	Top-K Truncation / Bucket Slice (Shared keys: ['INDIA|tok:baid'], but bucket sliced b[:8] or cap 15 reached)	Top-K Truncation / Bucket Slicing
S1-622557613	Baid Retail Corporation	114, Sitaram Appartments Plot No-102, Ip Extension, Delhi, East Delhi, Delhi	India	S2-187526768,S2-628909296,S2-904082339,S3-163454489,S3-344508848,S3-618802292,S3-635948631	S2-187526768,S2-308237597,S2-406264960,S2-471570256,S2-568136099,S2-5686926,S2-594246338,S2-628909296,S2-774616246,S2-918032583	S3-163454489	Baid Corporation Service	Delhi, DL, Sitaram Appartments Plot No-102, Ip Extension, 396 114, East Delhi	India	15	68.08510638297872	79.73856209150327	INDIA|tok:baid	Top-K Truncation / Bucket Slice (Shared keys: ['INDIA|tok:baid'], but bucket sliced b[:8] or cap 15 reached)	Top-K Truncation / Bucket Slicing
S1-622557613	Baid Retail Corporation	114, Sitaram Appartments Plot No-102, Ip Extension, Delhi, East Delhi, Delhi	India	S2-187526768,S2-628909296,S2-904082339,S3-163454489,S3-344508848,S3-618802292,S3-635948631	S2-187526768,S2-308237597,S2-406264960,S2-471570256,S2-568136099,S2-5686926,S2-594246338,S2-628909296,S2-774616246,S2-918032583	S3-635948631	Baid Corporation Retail	H.no 396 114, Sitaram Appartments Plot No-102, Ip Extension, Delhi, East Delhi, DL	India	15	69.56521739130434	92.40506329113924	INDIA|2tok:baid_retail;INDIA|tok:retail;INDIA|tok:baid	Top-K Truncation / Bucket Slice (Shared keys: ['INDIA|2tok:baid_retail', 'INDIA|tok:retail'], but bucket sliced b[:8] or cap 15 reached)	Top-K Truncation / Bucket Slicing
S1-622557613	Baid Retail Corporation	114, Sitaram Appartments Plot No-102, Ip Extension, Delhi, East Delhi, Delhi	India	S2-187526768,S2-628909296,S2-904082339,S3-163454489,S3-344508848,S3-618802292,S3-635948631	S2-187526768,S2-308237597,S2-406264960,S2-471570256,S2-568136099,S2-5686926,S2-594246338,S2-628909296,S2-774616246,S2-918032583	S3-344508848	Baid Corporation Retail	No 396 114, Delhi, East Delhi, DL	India	15	69.56521739130434	49.54128440366973	INDIA|2tok:baid_retail;INDIA|tok:retail;INDIA|tok:baid	Top-K Truncation / Bucket Slice (Shared keys: ['INDIA|2tok:baid_retail', 'INDIA|tok:retail'], but bucket sliced b[:8] or cap 15 reached)	Top-K Truncation / Bucket Slicing
S1-155027115	Bharat Jai Tech	157, Udyog Kendra Toy Cit, Greater Noida, Bishrakh, Gautam Buddha Nagar, Uttar Pradesh	India	S2-780856981	S2-132260249,S2-265353799,S2-423247069,S2-538375920,S2-856282217,S2-9126948,S2-979040195,S2-993488994,S3-10117931,S3-163257496	S2-780856981	भारत जय टेक	157, BISHRAKH, GAUTAM BUDDHA NAGAR, Uttar Pradesh	India	11	15.384615384615385	72.59259259259258		Address Correlated but Name Dissimilar (Addr Sim: 72.59259259259258%, missed address blocking key)	Address Correlated but Name Unmatched
S1-417074218	One Constructions Private Limited	130, Zahoor Garden, Khaggu Sarai, Sambhal, Moradabad, Uttar Pradesh	India	S2-776251876,S3-171555434,S3-387274034,S3-804702164	S2-184614422,S2-287301149,S2-439759018,S2-554046290,S2-640017295,S2-693197239,S2-704044038,S2-793741811,S2-867191751,S2-942453305	S3-171555434	Oneconstructions.Com	130, Zahoor Garden, Khaggu Sarai, Moradabad, Sambhal, उत्तर प्रदेश	India	15	64.15094339622642	70.67669172932331	INDIA|anum:130_zahoor;INDIA|pfx8:oneconst;INDIA|pfx6:onecon	Top-K Truncation / Bucket Slice (Shared keys: ['INDIA|anum:130_zahoor', 'INDIA|pfx8:oneconst'], but bucket sliced b[:8] or cap 15 reached)	Top-K Truncation / Bucket Slicing
S1-417074218	One Constructions Private Limited	130, Zahoor Garden, Khaggu Sarai, Sambhal, Moradabad, Uttar Pradesh	India	S2-776251876,S3-171555434,S3-387274034,S3-804702164	S2-184614422,S2-287301149,S2-439759018,S2-554046290,S2-640017295,S2-693197239,S2-704044038,S2-793741811,S2-867191751,S2-942453305	S3-387274034	वन कंस्ट्रक्शंस प्राइवेट लिमिटेड	130, Moradabad, Sambhal, UP	India	15	9.230769230769232	51.06382978723405		No Shared Blocking Key Generated (Name Sim: 9.230769230769232%, Addr Sim: 51.06382978723405%)	No Blocking Rule Hit
S1-417074218	One Constructions Private Limited	130, Zahoor Garden, Khaggu Sarai, Sambhal, Moradabad, Uttar Pradesh	India	S2-776251876,S3-171555434,S3-387274034,S3-804702164	S2-184614422,S2-287301149,S2-439759018,S2-554046290,S2-640017295,S2-693197239,S2-704044038,S2-793741811,S2-867191751,S2-942453305	S2-776251876	वन कंस्ट्रक्शंस प्राइवेट लिमिटेड	130, MORADABAD, ZAHOOR GARDEN, KHAGGU SARAI, Uttar Pradesh, SAMBHAL	India	15	9.230769230769232	70.1492537313433		Address Correlated but Name Dissimilar (Addr Sim: 70.1492537313433%, missed address blocking key)	Address Correlated but Name Unmatched
S1-483281264	Louisa's Group	599 Mountain Shadow Lane, Maryville, TN	US	S2-135813138,S2-59557708,S2-639567176,S3-246582348,S3-992417216	S2-132994620,S2-135813138,S2-350976553,S2-400555617,S2-538582399,S2-59557708,S2-662161765,S2-665424786,S2-708535554,S2-7142648	S3-246582348	Lrusir'S Group	599D Mountain Shadow Lane, PO Box 2895, Maryille, Tennessee	US	18	78.57142857142857	77.55102040816327		No Shared Blocking Key Generated (Name Sim: 78.57142857142857%, Addr Sim: 77.55102040816327%)	No Blocking Rule Hit
S1-483281264	Louisa's Group	599 Mountain Shadow Lane, Maryville, TN	US	S2-135813138,S2-59557708,S2-639567176,S3-246582348,S3-992417216	S2-132994620,S2-135813138,S2-350976553,S2-400555617,S2-538582399,S2-59557708,S2-662161765,S2-665424786,S2-708535554,S2-7142648	S2-639567176	Loluiass' Group	599 1/2 MOUNTAIN SHADOW LN, MARYVILLE, TN	US	18	82.75862068965517	92.5	US|anum:599_mountain	Top-K Truncation / Bucket Slice (Shared keys: ['US|anum:599_mountain'], but bucket sliced b[:8] or cap 15 reached)	Top-K Truncation / Bucket Slicing
S1-140525226	First Technical Solutions	IL, Lasalle, 393 N 30th Road	US	S2-122823927,S2-173583152,S3-173142466,S3-968874840	S2-104981842,S2-128503591,S2-202551551,S2-234788229,S2-239600432,S2-325172710,S2-336824325,S2-374199815,S2-405447345,S2-694420753	S2-122823927	FIRST TECHNICAL SOLUTIONS CORP	393 NORTH 30TH RD, LA SALLE, IL	US	12	90.9090909090909	44.067796610169495	US|tok:first;US|tok:technical;US|pfx8:firsttec;US|pfx6:firstt;US|2tok:first_technical	Top-K Truncation / Bucket Slice (Shared keys: ['US|tok:first', 'US|tok:technical'], but bucket sliced b[:8] or cap 15 reached)	Top-K Truncation / Bucket Slicing
S1-140525226	First Technical Solutions	IL, Lasalle, 393 N 30th Road	US	S2-122823927,S2-173583152,S3-173142466,S3-968874840	S2-104981842,S2-128503591,S2-202551551,S2-234788229,S2-239600432,S2-325172710,S2-336824325,S2-374199815,S2-405447345,S2-694420753	S2-173583152	First Technical Solutions (Co)	IL, NORTH 30TH ROAD, LA SALLE	US	12	90.9090909090909	52.63157894736843	US|tok:first;US|tok:technical;US|pfx8:firsttec;US|pfx6:firstt;US|2tok:first_technical	Top-K Truncation / Bucket Slice (Shared keys: ['US|tok:first', 'US|tok:technical'], but bucket sliced b[:8] or cap 15 reached)	Top-K Truncation / Bucket Slicing
S1-140525226	First Technical Solutions	IL, Lasalle, 393 N 30th Road	US	S2-122823927,S2-173583152,S3-173142466,S3-968874840	S2-104981842,S2-128503591,S2-202551551,S2-234788229,S2-239600432,S2-325172710,S2-336824325,S2-374199815,S2-405447345,S2-694420753	S3-173142466	First Technical Solutions LLC	39 N 30th Rd, La Slale, Illinois	US	12	92.5925925925926	40.0	US|tok:first;US|tok:technical;US|pfx8:firsttec;US|pfx6:firstt;US|2tok:first_technical	Top-K Truncation / Bucket Slice (Shared keys: ['US|tok:first', 'US|tok:technical'], but bucket sliced b[:8] or cap 15 reached)	Top-K Truncation / Bucket Slicing
S1-527727380	Alpha Bright Technologies Private Limited	B1102 Unity Complex Chs Ltd Yari Road, East Of Link Road Near Gulmohar Garden, Mumbai, Maharashtra	India	S2-303500895,S2-59122190,S2-876358702,S3-746908655	S2-396906994,S2-591382231,S2-876358702,S3-262050985,S3-27860344,S3-746908655,S3-764524412	S2-59122190	अल्फा ब्राइट टेक्नोलॉजीज प्राइवेट लिमिटेड	B1102 UNITY COMPLEX CHS LTD YARI ROAD, EAST OF LINK ROAD NEAR GULMOHAR GARDEN, MUMBAI, Maharashtra	India	7	9.756097560975608	100.0		Address Correlated but Name Dissimilar (Addr Sim: 100.0%, missed address blocking key)	Address Correlated but Name Unmatched
S1-527727380	Alpha Bright Technologies Private Limited	B1102 Unity Complex Chs Ltd Yari Road, East Of Link Road Near Gulmohar Garden, Mumbai, Maharashtra	India	S2-303500895,S2-59122190,S2-876358702,S3-746908655	S2-396906994,S2-591382231,S2-876358702,S3-262050985,S3-27860344,S3-746908655,S3-764524412	S2-303500895	अल्फा ब्राइट टेक्नोलॉजीज प्राइवेट लिमिटेड	B1102 UNITY COMPLEX CHS LTD YARI ROAD, MUMBAI, Maharashtra, EAST OF LINK ROAD NEAR GULMOHAR GARDEN	India	7	9.756097560975608	78.57142857142857		Address Correlated but Name Dissimilar (Addr Sim: 78.57142857142857%, missed address blocking key)	Address Correlated but Name Unmatched
S1-387694500	Bombay Power Private Limited	No: 32/2, 2Nd Floor, Mcc Towers, Opp To Sigma Soft Tech Park, Whitefield Main Road, Ramagon, Danahalli, Bangalore, Karnataka	India	S2-674345300,S2-828925482,S2-89272121,S2-960848454,S3-469722658,S3-77197957,S3-789542813,S3-904486811,S3-9126403,S3-91755708	S2-154411307,S2-174387552,S2-299767018,S2-306695157,S2-319621644,S2-486078847,S2-503427361,S2-847136542,S2-888236296,S2-917810010	S3-904486811	ಬಾಂಬೆ ಪವರ್ ಪ್ರೈವೇಟ್ ಲಿಮಿಟೆಡ್	2Nd Floor, Mcc Towers, Opp To Sigma Soft Tech Park, Whitefield Main Road, Ramagon, Danahalli, No: 6-32/2, Bangalore, KA	India	16	10.71428571428571	88.06584362139918		Address Correlated but Name Dissimilar (Addr Sim: 88.06584362139918%, missed address blocking key)	Address Correlated but Name Unmatched
S1-387694500	Bombay Power Private Limited	No: 32/2, 2Nd Floor, Mcc Towers, Opp To Sigma Soft Tech Park, Whitefield Main Road, Ramagon, Danahalli, Bangalore, Karnataka	India	S2-674345300,S2-828925482,S2-89272121,S2-960848454,S3-469722658,S3-77197957,S3-789542813,S3-904486811,S3-9126403,S3-91755708	S2-154411307,S2-174387552,S2-299767018,S2-306695157,S2-319621644,S2-486078847,S2-503427361,S2-847136542,S2-888236296,S2-917810010	S2-89272121	ಬಾಂಬೆ ಪವರ್ ಪ್ರೈವೇಟ್ ಲಿಮಿಟೆಡ್	NO: 032/2, 2ND FLOOR, MCC TOWERS, OPP TO SIGMA SOFT TECH PARK, WHITEFIELD MAIN ROAD, RAMAGON, DANAHALLI, BANGALORE, Karnataka	India	16	10.71428571428571	99.59839357429718		Address Correlated but Name Dissimilar (Addr Sim: 99.59839357429718%, missed address blocking key)	Address Correlated but Name Unmatched
S1-387694500	Bombay Power Private Limited	No: 32/2, 2Nd Floor, Mcc Towers, Opp To Sigma Soft Tech Park, Whitefield Main Road, Ramagon, Danahalli, Bangalore, Karnataka	India	S2-674345300,S2-828925482,S2-89272121,S2-960848454,S3-469722658,S3-77197957,S3-789542813,S3-904486811,S3-9126403,S3-91755708	S2-154411307,S2-174387552,S2-299767018,S2-306695157,S2-319621644,S2-486078847,S2-503427361,S2-847136542,S2-888236296,S2-917810010	S2-674345300	ಬಾಂಬೆ ಪವರ್ ಪ್ರೈವೇಟ್ ಲಿಮಿಟೆಡ್	BANGALORE, 2ND FLOOR, MCC TOWERS, OPP TO SIGMA SOFT TECH PARK, WHITEFIELD MAIN ROAD, RAMAGON, DANAHALLI, Karnataka, NO: 032/2	India	16	10.71428571428571	85.94377510040161		Address Correlated but Name Dissimilar (Addr Sim: 85.94377510040161%, missed address blocking key)	Address Correlated but Name Unmatched
S1-387694500	Bombay Power Private Limited	No: 32/2, 2Nd Floor, Mcc Towers, Opp To Sigma Soft Tech Park, Whitefield Main Road, Ramagon, Danahalli, Bangalore, Karnataka	India	S2-674345300,S2-828925482,S2-89272121,S2-960848454,S3-469722658,S3-77197957,S3-789542813,S3-904486811,S3-9126403,S3-91755708	S2-154411307,S2-174387552,S2-299767018,S2-306695157,S2-319621644,S2-486078847,S2-503427361,S2-847136542,S2-888236296,S2-917810010	S3-77197957	Bombay Private Límited Center		India	16	73.6842105263158	0.0	INDIA|tok:bombay;INDIA|pfx6:bombay	Top-K Truncation / Bucket Slice (Shared keys: ['INDIA|tok:bombay', 'INDIA|pfx6:bombay'], but bucket sliced b[:8] or cap 15 reached)	Top-K Truncation / Bucket Slicing
S1-387694500	Bombay Power Private Limited	No: 32/2, 2Nd Floor, Mcc Towers, Opp To Sigma Soft Tech Park, Whitefield Main Road, Ramagon, Danahalli, Bangalore, Karnataka	India	S2-674345300,S2-828925482,S2-89272121,S2-960848454,S3-469722658,S3-77197957,S3-789542813,S3-904486811,S3-9126403,S3-91755708	S2-154411307,S2-174387552,S2-299767018,S2-306695157,S2-319621644,S2-486078847,S2-503427361,S2-847136542,S2-888236296,S2-917810010	S3-91755708	Bombay Power	No: 32/2, 2Nd Floor, Mcc Towers, Opp To Sigma Soft Tech Park, Whitefield Main Road, Ramagon, Danahalli, Bangalore, Karnataka	India	16	60.0	100.0	INDIA|tok:power;INDIA|2tok:bombay_power;INDIA|pfx8:bombaypo;INDIA|tok:bombay;INDIA|pfx6:bombay;INDIA|anum:32_2nd	Top-K Truncation / Bucket Slice (Shared keys: ['INDIA|tok:power', 'INDIA|2tok:bombay_power'], but bucket sliced b[:8] or cap 15 reached)	Top-K Truncation / Bucket Slicing
S1-387694500	Bombay Power Private Limited	No: 32/2, 2Nd Floor, Mcc Towers, Opp To Sigma Soft Tech Park, Whitefield Main Road, Ramagon, Danahalli, Bangalore, Karnataka	India	S2-674345300,S2-828925482,S2-89272121,S2-960848454,S3-469722658,S3-77197957,S3-789542813,S3-904486811,S3-9126403,S3-91755708	S2-154411307,S2-174387552,S2-299767018,S2-306695157,S2-319621644,S2-486078847,S2-503427361,S2-847136542,S2-888236296,S2-917810010	S2-828925482	Mr Bombay Poer Private Limited	NO: 032/2, 2ND FLOOR, MCC TOWERS, OPP TO SIGMA SOT TECH PARK, WHITEFIELD MAIN ROAD, RAMAGON, DANAHALLI, BANGALORE, ಕರ್ನಾಟಕ	India	16	93.10344827586206	92.6829268292683	INDIA|tok:bombay	Top-K Truncation / Bucket Slice (Shared keys: ['INDIA|tok:bombay'], but bucket sliced b[:8] or cap 15 reached)	Top-K Truncation / Bucket Slicing
S1-387694500	Bombay Power Private Limited	No: 32/2, 2Nd Floor, Mcc Towers, Opp To Sigma Soft Tech Park, Whitefield Main Road, Ramagon, Danahalli, Bangalore, Karnataka	India	S2-674345300,S2-828925482,S2-89272121,S2-960848454,S3-469722658,S3-77197957,S3-789542813,S3-904486811,S3-9126403,S3-91755708	S2-154411307,S2-174387552,S2-299767018,S2-306695157,S2-319621644,S2-486078847,S2-503427361,S2-847136542,S2-888236296,S2-917810010	S3-789542813	Bombaypower.Com	No: 6-32/2, 2Nd Floor, Mcc Towers, Opp To Sigma Soft Tech Park, Whitefield Main Road, Ramagon, Danahalli, Bangalore, KA	India	16	55.81395348837209	96.2962962962963	INDIA|pfx8:bombaypo;INDIA|pfx6:bombay	Top-K Truncation / Bucket Slice (Shared keys: ['INDIA|pfx8:bombaypo', 'INDIA|pfx6:bombay'], but bucket sliced b[:8] or cap 15 reached)	Top-K Truncation / Bucket Slicing
S1-387694500	Bombay Power Private Limited	No: 32/2, 2Nd Floor, Mcc Towers, Opp To Sigma Soft Tech Park, Whitefield Main Road, Ramagon, Danahalli, Bangalore, Karnataka	India	S2-674345300,S2-828925482,S2-89272121,S2-960848454,S3-469722658,S3-77197957,S3-789542813,S3-904486811,S3-9126403,S3-91755708	S2-154411307,S2-174387552,S2-299767018,S2-306695157,S2-319621644,S2-486078847,S2-503427361,S2-847136542,S2-888236296,S2-917810010	S3-9126403	ಬಾಂಬೆ ಪವರ್ ಪ್ರೈವೇಟ್ ಲಿಮಿಟೆಡ್	No: 6-32/2, Bangalore, KA	India	16	10.71428571428571	30.87248322147651		Severe Dissimilarity / Brand Alteration (Name Sim: 10.71428571428571%, Addr Sim: 30.87248322147651%)	Severe Dissimilarity / Alternate Brand
S1-387694500	Bombay Power Private Limited	No: 32/2, 2Nd Floor, Mcc Towers, Opp To Sigma Soft Tech Park, Whitefield Main Road, Ramagon, Danahalli, Bangalore, Karnataka	India	S2-674345300,S2-828925482,S2-89272121,S2-960848454,S3-469722658,S3-77197957,S3-789542813,S3-904486811,S3-9126403,S3-91755708	S2-154411307,S2-174387552,S2-299767018,S2-306695157,S2-319621644,S2-486078847,S2-503427361,S2-847136542,S2-888236296,S2-917810010	S2-960848454	PRIVOATE BOMBAY POWER LIMITED	NO: 032/2, 2ND FLOOR, MCC TOWERS, OPP TO SIGMA SOFT TECH PARK, WHITEFIELD MAIN ROAD, RAMAGON, DANAHALLI, BANGALORE, Karnataka	India	16	70.17543859649122	99.59839357429718	INDIA|tok:power;INDIA|tok:bombay	Top-K Truncation / Bucket Slice (Shared keys: ['INDIA|tok:power', 'INDIA|tok:bombay'], but bucket sliced b[:8] or cap 15 reached)	Top-K Truncation / Bucket Slicing
S1-387694500	Bombay Power Private Limited	No: 32/2, 2Nd Floor, Mcc Towers, Opp To Sigma Soft Tech Park, Whitefield Main Road, Ramagon, Danahalli, Bangalore, Karnataka	India	S2-674345300,S2-828925482,S2-89272121,S2-960848454,S3-469722658,S3-77197957,S3-789542813,S3-904486811,S3-9126403,S3-91755708	S2-154411307,S2-174387552,S2-299767018,S2-306695157,S2-319621644,S2-486078847,S2-503427361,S2-847136542,S2-888236296,S2-917810010	S3-469722658	Bombay Power Private-Limited	No: 6-32/2, 2Nd Floor, Mcc Towers, Opp To Sigma Soft Tech Park, Whitefield Main Road, Ramagon, Danahalli, Bangalore, ಕರ್ನಾಟಕ	India	16	96.42857142857143	92.74193548387096	INDIA|tok:power;INDIA|2tok:bombay_power;INDIA|alpha:bombaypowerprivatelimited;INDIA|pfx8:bombaypo;INDIA|tok:bombay;INDIA|pfx6:bombay	Top-K Truncation / Bucket Slice (Shared keys: ['INDIA|tok:power', 'INDIA|2tok:bombay_power'], but bucket sliced b[:8] or cap 15 reached)	Top-K Truncation / Bucket Slicing
S1-664267481	Daniella Pizano Wireless LLC	4647 Topaz Drive, San Tan Valley, AZ	US	S2-62672656,S3-313438593,S3-787923321	S2-147354319,S2-181770557,S2-385344205,S2-451667581,S2-455120052,S2-46574359,S2-532907512,S2-536832826,S2-602950407,S2-672091125	S3-787923321	Daniella Pizano LLC Center	Arizona, 4647 Topaz Drive, SA TAN Valley	US	17	70.37037037037037	81.57894736842105	US|tok:daniella;US|pfx8:daniella;US|tok:pizano;US|2tok:daniella_pizano;US|pfx6:daniel	Top-K Truncation / Bucket Slice (Shared keys: ['US|tok:daniella', 'US|pfx8:daniella'], but bucket sliced b[:8] or cap 15 reached)	Top-K Truncation / Bucket Slicing
S1-664267481	Daniella Pizano Wireless LLC	4647 Topaz Drive, San Tan Valley, AZ	US	S2-62672656,S3-313438593,S3-787923321	S2-147354319,S2-181770557,S2-385344205,S2-451667581,S2-455120052,S2-46574359,S2-532907512,S2-536832826,S2-602950407,S2-672091125	S2-62672656	Daniella Pizano	SAN TAN VALLEY, 4647 TOAPZ DR, AZ	US	17	69.76744186046511	52.17391304347826	US|tok:daniella;US|pfx8:daniella;US|tok:pizano;US|2tok:daniella_pizano;US|pfx6:daniel	Top-K Truncation / Bucket Slice (Shared keys: ['US|tok:daniella', 'US|pfx8:daniella'], but bucket sliced b[:8] or cap 15 reached)	Top-K Truncation / Bucket Slicing
S1-664267481	Daniella Pizano Wireless LLC	4647 Topaz Drive, San Tan Valley, AZ	US	S2-62672656,S3-313438593,S3-787923321	S2-147354319,S2-181770557,S2-385344205,S2-451667581,S2-455120052,S2-46574359,S2-532907512,S2-536832826,S2-602950407,S2-672091125	S3-313438593	Daniella  Pizano	Topaz Drive, SA TAN Valley, Arizona	US	17	68.18181818181819	84.50704225352112	US|tok:daniella;US|pfx8:daniella;US|tok:pizano;US|2tok:daniella_pizano;US|pfx6:daniel	Top-K Truncation / Bucket Slice (Shared keys: ['US|tok:daniella', 'US|pfx8:daniella'], but bucket sliced b[:8] or cap 15 reached)	Top-K Truncation / Bucket Slicing
S1-840279529	Siobhan Caswell Safe Diversified LLC	2205 Hayes Road, Houston, TX	US	S2-310438906,S2-740597157,S3-37907580,S3-906375248	S2-120876485,S2-195442194,S2-213473541,S2-310438906,S2-350006010,S2-415437175,S2-458304485,S2-52480273,S2-616734028,S2-697558578	S3-906375248	Caswell, Siobhan Safe Diversified LLC	2205 Hayes Road, Houston, Texas	US	17	76.71232876712328	94.91525423728814	US|tok:diversified;US|anum:2205_hayes;US|tok:siobhan;US|tok:safe;US|tok:caswell	Top-K Truncation / Bucket Slice (Shared keys: ['US|tok:diversified', 'US|anum:2205_hayes'], but bucket sliced b[:8] or cap 15 reached)	Top-K Truncation / Bucket Slicing
S1-840279529	Siobhan Caswell Safe Diversified LLC	2205 Hayes Road, Houston, TX	US	S2-310438906,S2-740597157,S3-37907580,S3-906375248	S2-120876485,S2-195442194,S2-213473541,S2-310438906,S2-350006010,S2-415437175,S2-458304485,S2-52480273,S2-616734028,S2-697558578	S3-37907580	Caswell, Siobhan Safe LLC Center	2205 Hayes Rd, Houston, Texas	US	17	52.94117647058824	91.22807017543859	US|tok:safe;US|anum:2205_hayes;US|tok:siobhan;US|tok:caswell	Top-K Truncation / Bucket Slice (Shared keys: ['US|tok:safe', 'US|anum:2205_hayes'], but bucket sliced b[:8] or cap 15 reached)	Top-K Truncation / Bucket Slicing
S1-557783855	Sunrise Investments Private Limited	818 Devika Tower, Nehru Place, New Delhi, Delhi	India	S2-858086386	S2-400547747,S2-518331916,S2-572659305,S2-582700680,S2-591848210,S2-75304066,S2-757389818,S2-837476859,S2-88843427,S2-906761880	S2-858086386	सनराइज इन्वेस्टमेंट्स प्राइवेट लिमिटेड	#C-818 DEVIKA TOWER, NEW DELHI, Delhi	India	15	8.21917808219178	80.95238095238095	INDIA|anum:818_devika	Top-K Truncation / Bucket Slice (Shared keys: ['INDIA|anum:818_devika'], but bucket sliced b[:8] or cap 15 reached)	Top-K Truncation / Bucket Slicing
S1-187558029	Asset Building Charities	2103 Milwaukee Avenue, Minneapolis, MN	US	S2-273759983,S3-243353843,S3-816315044,S3-933157196,S3-995052021	S2-104416055,S2-273759983,S2-313482559,S2-550512578,S2-748456528,S2-815722986,S2-829820477,S2-836093560,S2-909810408,S3-933157196	S3-816315044	Asset Building  Charities LLC Enterprises		US	11	73.84615384615385	0.0	US|tok:building;US|pfx8:assetbui;US|tok:asset;US|pfx6:assetb;US|tok:charities;US|2tok:asset_building	Top-K Truncation / Bucket Slice (Shared keys: ['US|tok:building', 'US|pfx8:assetbui'], but bucket sliced b[:8] or cap 15 reached)	Top-K Truncation / Bucket Slicing
S1-187558029	Asset Building Charities	2103 Milwaukee Avenue, Minneapolis, MN	US	S2-273759983,S3-243353843,S3-816315044,S3-933157196,S3-995052021	S2-104416055,S2-273759983,S2-313482559,S2-550512578,S2-748456528,S2-815722986,S2-829820477,S2-836093560,S2-909810408,S3-933157196	S3-243353843	Asset Building  (Charities)		US	11	94.11764705882352	0.0	US|tok:building;US|pfx8:assetbui;US|alpha:assetbuildingcharities;US|tok:asset;US|pfx6:assetb;US|tok:charities;US|2tok:asset_building	Top-K Truncation / Bucket Slice (Shared keys: ['US|tok:building', 'US|pfx8:assetbui'], but bucket sliced b[:8] or cap 15 reached)	Top-K Truncation / Bucket Slicing
S1-737635669	Steffane Dale Clean Eaton	NC, Hays, 4205 Yellow Banks Road	US	S2-471295552,S2-596317832,S2-766796658,S3-197753037,S3-465835526,S3-480268996,S3-662788874,S3-857979338	S2-114890688,S2-12791968,S2-170954073,S2-365528681,S2-466559682,S2-470371672,S2-63950466,S2-655779583,S2-702020995,S2-767091159	S3-662788874	Steffane Dale Clean  Eaton | www.steffaned.com	4205 Yellow Banks Rd, Hays, North Carolina	US	15	70.4225352112676	56.75675675675676	US|2tok:steffane_dale;US|tok:eaton;US|tok:steffane;US|pfx8:steffane;US|pfx6:steffa;US|tok:clean;US|tok:dale	Top-K Truncation / Bucket Slice (Shared keys: ['US|2tok:steffane_dale', 'US|tok:eaton'], but bucket sliced b[:8] or cap 15 reached)	Top-K Truncation / Bucket Slicing
S1-737635669	Steffane Dale Clean Eaton	NC, Hays, 4205 Yellow Banks Road	US	S2-471295552,S2-596317832,S2-766796658,S3-197753037,S3-465835526,S3-480268996,S3-662788874,S3-857979338	S2-114890688,S2-12791968,S2-170954073,S2-365528681,S2-466559682,S2-470371672,S2-63950466,S2-655779583,S2-702020995,S2-767091159	S2-471295552	Steffane  Dale Clean	4205 YELLOW BANKS ROAD, HAYS, NC	US	15	84.44444444444444	68.75	US|2tok:steffane_dale;US|tok:steffane;US|pfx8:steffane;US|pfx6:steffa;US|tok:clean;US|tok:dale	Top-K Truncation / Bucket Slice (Shared keys: ['US|2tok:steffane_dale', 'US|tok:steffane'], but bucket sliced b[:8] or cap 15 reached)	Top-K Truncation / Bucket Slicing
S1-737635669	Steffane Dale Clean Eaton	NC, Hays, 4205 Yellow Banks Road	US	S2-471295552,S2-596317832,S2-766796658,S3-197753037,S3-465835526,S3-480268996,S3-662788874,S3-857979338	S2-114890688,S2-12791968,S2-170954073,S2-365528681,S2-466559682,S2-470371672,S2-63950466,S2-655779583,S2-702020995,S2-767091159	S3-197753037	Steffane Dale Clean Eaton Corp	4205 Yellow Banks Road, Hays, North Carolina	US	15	90.9090909090909	57.89473684210527	US|2tok:steffane_dale;US|tok:eaton;US|tok:steffane;US|pfx8:steffane;US|pfx6:steffa;US|tok:clean;US|tok:dale	Top-K Truncation / Bucket Slice (Shared keys: ['US|2tok:steffane_dale', 'US|tok:eaton'], but bucket sliced b[:8] or cap 15 reached)	Top-K Truncation / Bucket Slicing
S1-737635669	Steffane Dale Clean Eaton	NC, Hays, 4205 Yellow Banks Road	US	S2-471295552,S2-596317832,S2-766796658,S3-197753037,S3-465835526,S3-480268996,S3-662788874,S3-857979338	S2-114890688,S2-12791968,S2-170954073,S2-365528681,S2-466559682,S2-470371672,S2-63950466,S2-655779583,S2-702020995,S2-767091159	S3-480268996	steffanedaleclean.com	North Carolina, 4205 Yellow Banks Road, Hays	US	15	78.26086956521739	71.05263157894737	US|pfx8:steffane;US|pfx6:steffa	Top-K Truncation / Bucket Slice (Shared keys: ['US|pfx8:steffane', 'US|pfx6:steffa'], but bucket sliced b[:8] or cap 15 reached)	Top-K Truncation / Bucket Slicing
S1-737635669	Steffane Dale Clean Eaton	NC, Hays, 4205 Yellow Banks Road	US	S2-471295552,S2-596317832,S2-766796658,S3-197753037,S3-465835526,S3-480268996,S3-662788874,S3-857979338	S2-114890688,S2-12791968,S2-170954073,S2-365528681,S2-466559682,S2-470371672,S2-63950466,S2-655779583,S2-702020995,S2-767091159	S2-766796658	DALE, STEFFANE CLEAN EATON	4205 Yellow Banks Rd, HAYS, NC	US	15	78.43137254901961	64.51612903225806	US|tok:steffane;US|tok:clean;US|tok:eaton;US|tok:dale	Top-K Truncation / Bucket Slice (Shared keys: ['US|tok:steffane', 'US|tok:clean'], but bucket sliced b[:8] or cap 15 reached)	Top-K Truncation / Bucket Slicing
S1-737635669	Steffane Dale Clean Eaton	NC, Hays, 4205 Yellow Banks Road	US	S2-471295552,S2-596317832,S2-766796658,S3-197753037,S3-465835526,S3-480268996,S3-662788874,S3-857979338	S2-114890688,S2-12791968,S2-170954073,S2-365528681,S2-466559682,S2-470371672,S2-63950466,S2-655779583,S2-702020995,S2-767091159	S3-857979338	steffanecleandale.com	Hays, 4205 Yellow Banks Road, North Carolina	US	15	65.21739130434783	73.6842105263158	US|pfx8:steffane;US|pfx6:steffa;US|anum:4205_hays	Top-K Truncation / Bucket Slice (Shared keys: ['US|pfx8:steffane', 'US|pfx6:steffa'], but bucket sliced b[:8] or cap 15 reached)	Top-K Truncation / Bucket Slicing
S1-737635669	Steffane Dale Clean Eaton	NC, Hays, 4205 Yellow Banks Road	US	S2-471295552,S2-596317832,S2-766796658,S3-197753037,S3-465835526,S3-480268996,S3-662788874,S3-857979338	S2-114890688,S2-12791968,S2-170954073,S2-365528681,S2-466559682,S2-470371672,S2-63950466,S2-655779583,S2-702020995,S2-767091159	S2-596317832	Steffane Dale Clean Services	4205 YELLOW BANKS RD, HAYS, NC	US	15	79.24528301886792	64.51612903225806	US|2tok:steffane_dale;US|tok:steffane;US|pfx8:steffane;US|pfx6:steffa;US|tok:clean;US|tok:dale	Top-K Truncation / Bucket Slice (Shared keys: ['US|2tok:steffane_dale', 'US|tok:steffane'], but bucket sliced b[:8] or cap 15 reached)	Top-K Truncation / Bucket Slicing
S1-356319224	Womens Health Care	32 Lexington Avenue, Unit 1, Somerville, MA	US	S2-577061900,S2-714702079,S3-790284367,S3-884878054	S2-137933147,S2-189452226,S2-218398691,S2-254528520,S2-293340145,S2-423460885,S2-435170686,S2-465050991,S2-577061900,S2-714702079	S3-790284367	Drexzeph Co dba Womens Health Care	32 Lexington Avenue, Unit 1, Somerville, MA	US	16	69.23076923076923	100.0	US|anum:32_lexington;US|tok:womens	Top-K Truncation / Bucket Slice (Shared keys: ['US|anum:32_lexington', 'US|tok:womens'], but bucket sliced b[:8] or cap 15 reached)	Top-K Truncation / Bucket Slicing
S1-356319224	Womens Health Care	32 Lexington Avenue, Unit 1, Somerville, MA	US	S2-577061900,S2-714702079,S3-790284367,S3-884878054	S2-137933147,S2-189452226,S2-218398691,S2-254528520,S2-293340145,S2-423460885,S2-435170686,S2-465050991,S2-577061900,S2-714702079	S3-884878054	Womens Hcmaiet Care	Lexington Avenue, null, Somerville, Massachusetts	US	16	81.08108108108108	76.08695652173914	US|tok:womens;US|pfx6:womens	Top-K Truncation / Bucket Slice (Shared keys: ['US|tok:womens', 'US|pfx6:womens'], but bucket sliced b[:8] or cap 15 reached)	Top-K Truncation / Bucket Slicing
S1-551688195	Devendra Lounge Pvt Ltd	76, Mahaveer Colony Pushkar Road, Ajmer, Rajasthan	India	S2-717382763,S2-960896533,S3-199855200	S2-111017418,S2-185002798,S2-253117356,S2-301651914,S2-303464030,S2-318186884,S2-344159907,S2-400863417,S2-484969741,S2-488827294	S2-717382763	Devendra-Lounge Pvt	C-76, MAHAVEER COLONY PUSHKAR ROAD, AJMER, राजस्थान	India	20	85.71428571428572	81.1881188118812	INDIA|tok:lounge;INDIA|anum:76_mahaveer;INDIA|pfx6:devend;INDIA|pfx8:devendra;INDIA|tok:devendra;INDIA|2tok:devendra_lounge	Top-K Truncation / Bucket Slice (Shared keys: ['INDIA|tok:lounge', 'INDIA|anum:76_mahaveer'], but bucket sliced b[:8] or cap 15 reached)	Top-K Truncation / Bucket Slicing
S1-551688195	Devendra Lounge Pvt Ltd	76, Mahaveer Colony Pushkar Road, Ajmer, Rajasthan	India	S2-717382763,S2-960896533,S3-199855200	S2-111017418,S2-185002798,S2-253117356,S2-301651914,S2-303464030,S2-318186884,S2-344159907,S2-400863417,S2-484969741,S2-488827294	S3-199855200	Devendra  Lounge	76, Mahaveer Colony Pushkar Road, Ajmer, RJ	India	20	76.92307692307692	92.47311827956989	INDIA|tok:lounge;INDIA|anum:76_mahaveer;INDIA|pfx6:devend;INDIA|pfx8:devendra;INDIA|tok:devendra;INDIA|2tok:devendra_lounge	Top-K Truncation / Bucket Slice (Shared keys: ['INDIA|tok:lounge', 'INDIA|anum:76_mahaveer'], but bucket sliced b[:8] or cap 15 reached)	Top-K Truncation / Bucket Slicing
S1-116737194	Cannon Precious LLC	Burlington, 161 Saint Paul Street, VT	US	S2-158716458,S2-242454246,S2-662170735,S3-215417480	S2-280148287,S2-312374716,S2-608229530,S2-70397989,S2-729494181,S2-85694616,S2-880375689,S3-215417480,S3-70932135	S2-242454246	Llc Cannon Précious	161 SAINT PAUL ST, BURLINGTON, VT	US	9	73.6842105263158	65.71428571428571	US|tok:cannon	Top-K Truncation / Bucket Slice (Shared keys: ['US|tok:cannon'], but bucket sliced b[:8] or cap 15 reached)	Top-K Truncation / Bucket Slicing
S1-116737194	Cannon Precious LLC	Burlington, 161 Saint Paul Street, VT	US	S2-158716458,S2-242454246,S2-662170735,S3-215417480	S2-280148287,S2-312374716,S2-608229530,S2-70397989,S2-729494181,S2-85694616,S2-880375689,S3-215417480,S3-70932135	S2-158716458	cann0n précious llc	161 SAINT PAUL ST, BURLINGTON, VT	US	9	89.47368421052632	65.71428571428571		No Shared Blocking Key Generated (Name Sim: 89.47368421052632%, Addr Sim: 65.71428571428571%)	No Blocking Rule Hit
S1-116737194	Cannon Precious LLC	Burlington, 161 Saint Paul Street, VT	US	S2-158716458,S2-242454246,S2-662170735,S3-215417480	S2-280148287,S2-312374716,S2-608229530,S2-70397989,S2-729494181,S2-85694616,S2-880375689,S3-215417480,S3-70932135	S2-662170735	LLC CANNON PRÉCIOUS	161 Saint Paul St, BURLINGTON, VT	US	9	73.6842105263158	65.71428571428571	US|tok:cannon	Top-K Truncation / Bucket Slice (Shared keys: ['US|tok:cannon'], but bucket sliced b[:8] or cap 15 reached)	Top-K Truncation / Bucket Slicing
S1-136894582	Economic Development United Fellowship	3841 Forsyth Park Court, Greenville, NC	US	S2-22011915,S2-868217429,S3-662764840,S3-975464331	S2-868217429,S3-662764840	S3-975464331	Economic Dvéegpemnt United Fellowship	Winterville, North Carolina, 3841 Forsyth Park Ct	US	2	90.66666666666666	45.45454545454546	US|tok:united;US|pfx6:econom;US|pfx8:economic;US|tok:economic;US|tok:fellowship	Top-K Truncation / Bucket Slice (Shared keys: ['US|tok:united', 'US|pfx6:econom'], but bucket sliced b[:8] or cap 15 reached)	Top-K Truncation / Bucket Slicing
S1-136894582	Economic Development United Fellowship	3841 Forsyth Park Court, Greenville, NC	US	S2-22011915,S2-868217429,S3-662764840,S3-975464331	S2-868217429,S3-662764840	S2-22011915	ECONOMIC DEVELOPMENT UNITED	003841 FORSYTH PARK COURT, NC, GREENVILLE	US	2	83.07692307692307	87.5	US|tok:united;US|2tok:economic_development;US|tok:development;US|pfx6:econom;US|pfx8:economic;US|tok:economic	Top-K Truncation / Bucket Slice (Shared keys: ['US|tok:united', 'US|2tok:economic_development'], but bucket sliced b[:8] or cap 15 reached)	Top-K Truncation / Bucket Slicing
S1-342754370	Shree Care Private Limited	1A - 201 Shilpitha Splendour, Bangalore North, Bangalore, Karnataka	India	S2-440423232,S2-547395060,S3-463262879,S3-537026223,S3-795903271	S2-124303737,S2-154605720,S2-185366343,S2-524542326,S2-58821858,S2-589548802,S2-77003139,S2-780512714,S2-810620273,S2-812552834	S3-537026223	ಶ್ರೀ ಕೇರ್ ಪ್ರೈವೇಟ್ ಲಿಮಿಟೆಡ್	1A - 201 Shilpitha Splendour, ಕರ್ನಾಟಕ, Bangalore North, Bangalore	India	16	11.32075471698113	84.84848484848484	INDIA|anum:201_shilpitha	Top-K Truncation / Bucket Slice (Shared keys: ['INDIA|anum:201_shilpitha'], but bucket sliced b[:8] or cap 15 reached)	Top-K Truncation / Bucket Slicing
S1-342754370	Shree Care Private Limited	1A - 201 Shilpitha Splendour, Bangalore North, Bangalore, Karnataka	India	S2-440423232,S2-547395060,S3-463262879,S3-537026223,S3-795903271	S2-124303737,S2-154605720,S2-185366343,S2-524542326,S2-58821858,S2-589548802,S2-77003139,S2-780512714,S2-810620273,S2-812552834	S3-463262879	Ciraquotavo	1A - 201 Shilpitha Splendour, Bangalore North, Bangalore, Karnataka	India	16	21.62162162162162	100.0	INDIA|anum:201_shilpitha	Top-K Truncation / Bucket Slice (Shared keys: ['INDIA|anum:201_shilpitha'], but bucket sliced b[:8] or cap 15 reached)	Top-K Truncation / Bucket Slicing
S1-342754370	Shree Care Private Limited	1A - 201 Shilpitha Splendour, Bangalore North, Bangalore, Karnataka	India	S2-440423232,S2-547395060,S3-463262879,S3-537026223,S3-795903271	S2-124303737,S2-154605720,S2-185366343,S2-524542326,S2-58821858,S2-589548802,S2-77003139,S2-780512714,S2-810620273,S2-812552834	S2-440423232	ಶ್ರೀ ಕೇರ್ ಪ್ರೈವೇಟ್ ಲಿಮಿಟೆಡ್	BANGALORE, Karnataka, DOOR NO 1-1A - 201 SHOLPITHA SPLENDOUR, BANGALORE NORTH	India	16	11.32075471698113	61.111111111111114		Address Correlated but Name Dissimilar (Addr Sim: 61.111111111111114%, missed address blocking key)	Address Correlated but Name Unmatched
S1-342754370	Shree Care Private Limited	1A - 201 Shilpitha Splendour, Bangalore North, Bangalore, Karnataka	India	S2-440423232,S2-547395060,S3-463262879,S3-537026223,S3-795903271	S2-124303737,S2-154605720,S2-185366343,S2-524542326,S2-58821858,S2-589548802,S2-77003139,S2-780512714,S2-810620273,S2-812552834	S2-547395060	ಶ್ರೀ ಕೇರ್ ಪ್ರೈವೇಟ್ ಲಿಮಿಟೆಡ್	1-1A - 201 SHILPITHA SPLENDOUR, Karnataka, BANGALORE, BANGALORE NORTH	India	16	11.32075471698113	77.94117647058823		Address Correlated but Name Dissimilar (Addr Sim: 77.94117647058823%, missed address blocking key)	Address Correlated but Name Unmatched
S1-567349457	Bay Horse Inc.	6601 4th Avenue, Phoenix, AZ	US	S2-209454655,S3-295513461,S3-565190357,S3-70405454	S2-139174474,S2-154251239,S2-242079437,S2-260573500,S2-29491130,S2-444360695,S2-497723326,S2-643202283,S2-663233549,S2-696277035	S2-209454655	Bay Horse	6601 4th Avenue, AZ, PHOENIX	US	16	78.26086956521739	85.71428571428572	US|2tok:bay_horse;US|pfx8:bayhorse;US|pfx6:bayhor;US|tok:horse;US|anum:6601_4th	Top-K Truncation / Bucket Slice (Shared keys: ['US|2tok:bay_horse', 'US|pfx8:bayhorse'], but bucket sliced b[:8] or cap 15 reached)	Top-K Truncation / Bucket Slicing
S1-567349457	Bay Horse Inc.	6601 4th Avenue, Phoenix, AZ	US	S2-209454655,S3-295513461,S3-565190357,S3-70405454	S2-139174474,S2-154251239,S2-242079437,S2-260573500,S2-29491130,S2-444360695,S2-497723326,S2-643202283,S2-663233549,S2-696277035	S3-70405454	Bay Inc. Horse	006601 Fourth Avenue, <NULL>, South Mountain, Arizona	US	16	64.28571428571428	59.25925925925925	US|2tok:bay_horse;US|tok:horse	Top-K Truncation / Bucket Slice (Shared keys: ['US|2tok:bay_horse', 'US|tok:horse'], but bucket sliced b[:8] or cap 15 reached)	Top-K Truncation / Bucket Slicing
S1-567349457	Bay Horse Inc.	6601 4th Avenue, Phoenix, AZ	US	S2-209454655,S3-295513461,S3-565190357,S3-70405454	S2-139174474,S2-154251239,S2-242079437,S2-260573500,S2-29491130,S2-444360695,S2-497723326,S2-643202283,S2-663233549,S2-696277035	S3-295513461	Bay [Horse]	<NULL>, 006601 Fourth Avenue, Arizona, Phoenix	US	16	72.0	62.16216216216216	US|pfx8:bayhorse;US|2tok:bay_horse;US|tok:horse;US|pfx6:bayhor	Top-K Truncation / Bucket Slice (Shared keys: ['US|pfx8:bayhorse', 'US|2tok:bay_horse'], but bucket sliced b[:8] or cap 15 reached)	Top-K Truncation / Bucket Slicing
S1-468339122	Frederick's Machine Works	12209 Grimsley Drive, Austin, TX	US	S3-513775433	S2-155792855,S2-256700115,S2-686463955,S2-753289962,S2-801456793,S2-818289538,S2-883602907,S2-993396276,S3-63487808	S3-513775433	Frederick's Machine Works Inc.	Austin, 12209 Grimsley Dr, Texas	US	9	90.9090909090909	65.625	US|pfx8:frederic;US|2tok:frederick_s;US|tok:machine;US|tok:works;US|pfx6:freder;US|tok:frederick	Top-K Truncation / Bucket Slice (Shared keys: ['US|pfx8:frederic', 'US|2tok:frederick_s'], but bucket sliced b[:8] or cap 15 reached)	Top-K Truncation / Bucket Slicing
S1-971115873	Hernandez Better Karman LLC	325 Pr 640, Matagorda, TX	US	S2-257626404,S2-332024425,S2-52896949,S2-538042585,S3-157894297,S3-16615435,S3-882368365	S2-282906794,S2-332024425,S2-451935990,S2-519581327,S2-52896949,S2-538042585,S2-926124736,S2-967038894,S3-157894297,S3-16615435	S2-257626404	L.L.C. Hernandez Better Karman	25 PR 640, MATAGORDA, TX	US	11	80.70175438596492	97.95918367346938	US|tok:hernandez;US|tok:karman;US|tok:better	Top-K Truncation / Bucket Slice (Shared keys: ['US|tok:hernandez', 'US|tok:karman'], but bucket sliced b[:8] or cap 15 reached)	Top-K Truncation / Bucket Slicing
S1-848777360	India Northend Foundations Limited	1-7-1074/B, Flat No. 309, B Block, 3Rd Floor, Dattasai Commercial Complex, Rtcxroad, Ch, Ikkadpally, Hyderabad, Telangana	India	S2-824599437,S3-877940212	S2-114182334,S2-148410187,S2-233249580,S2-244271608,S2-288341797,S2-448030605,S2-698317248,S2-758086986,S2-803945351,S2-824599437	S3-877940212	India Northend Foundations	1-7-1074/B, Hyderabad, Andhra Pradesh	India	16	86.66666666666667	35.44303797468354	INDIA|tok:india;INDIA|pfx6:indian;INDIA|pfx8:indianor;INDIA|tok:northend;INDIA|tok:foundations;INDIA|2tok:india_northend	Top-K Truncation / Bucket Slice (Shared keys: ['INDIA|tok:india', 'INDIA|pfx6:indian'], but bucket sliced b[:8] or cap 15 reached)	Top-K Truncation / Bucket Slicing
S1-705961596	IMQ Eye Private Limited	M.C.B.-Z-6-22224/0003 Main Road, Adarsh Nagar, Goniana Road, Bathinda, Punjab	India	S2-647049143,S3-53750375,S3-762367919	S2-222478137,S2-25159143,S2-269030151,S2-280200820,S2-481575838,S2-598119462,S2-647049143,S2-878035517,S2-905997068,S3-53750375	S3-762367919	lMQ Eye Private Ltd	M.c.b.-z-d/6-22224/0003 Main Road, Bathinda, PB	India	10	85.71428571428572	72.58064516129032	INDIA|anum:6_main	Top-K Truncation / Bucket Slice (Shared keys: ['INDIA|anum:6_main'], but bucket sliced b[:8] or cap 15 reached)	Top-K Truncation / Bucket Slicing
S1-974991176	Fresh Certified Ashford-Leesburg	30 Ems T7A Lane, Leesburg, IN	US	S2-459448482,S2-673040435,S3-225979015,S3-384867476,S3-766777210,S3-932406727	S2-290100098,S2-312534605,S2-315137609,S2-401919084,S2-450891041,S2-45299230,S2-485573581,S2-517272340,S2-52854538,S2-548869123	S2-459448482	The Fresh Certified [Ashf0rd-Leesburg]	30 EMS T7A LN, LEESBURG, IN	US	15	88.57142857142857	96.42857142857143	US|anum:30_ems;US|tok:certified;US|tok:fresh;US|tok:leesburg	Top-K Truncation / Bucket Slice (Shared keys: ['US|anum:30_ems', 'US|tok:certified'], but bucket sliced b[:8] or cap 15 reached)	Top-K Truncation / Bucket Slicing
S1-974991176	Fresh Certified Ashford-Leesburg	30 Ems T7A Lane, Leesburg, IN	US	S2-459448482,S2-673040435,S3-225979015,S3-384867476,S3-766777210,S3-932406727	S2-290100098,S2-312534605,S2-315137609,S2-401919084,S2-450891041,S2-45299230,S2-485573581,S2-517272340,S2-52854538,S2-548869123	S3-225979015	Lyragild t/a Fresh Certified Ashford-Leesburg	30 Ems T7A Lane, Leesburg, IN	US	15	83.11688311688312	100.0	US|tok:certified;US|tok:fresh;US|tok:leesburg;US|tok:ashford;US|anum:30_ems	Top-K Truncation / Bucket Slice (Shared keys: ['US|tok:certified', 'US|tok:fresh'], but bucket sliced b[:8] or cap 15 reached)	Top-K Truncation / Bucket Slicing
S1-974991176	Fresh Certified Ashford-Leesburg	30 Ems T7A Lane, Leesburg, IN	US	S2-459448482,S2-673040435,S3-225979015,S3-384867476,S3-766777210,S3-932406727	S2-290100098,S2-312534605,S2-315137609,S2-401919084,S2-450891041,S2-45299230,S2-485573581,S2-517272340,S2-52854538,S2-548869123	S3-766777210	Fresh Certified Alshfor-Rletesbtrg	30 Ems T7A Lane, Lesburg, Indiana	US	15	90.9090909090909	90.32258064516128	US|tok:certified;US|2tok:fresh_certified;US|tok:fresh;US|pfx8:freshcer;US|anum:30_ems;US|pfx6:freshc	Top-K Truncation / Bucket Slice (Shared keys: ['US|tok:certified', 'US|2tok:fresh_certified'], but bucket sliced b[:8] or cap 15 reached)	Top-K Truncation / Bucket Slicing
S1-974991176	Fresh Certified Ashford-Leesburg	30 Ems T7A Lane, Leesburg, IN	US	S2-459448482,S2-673040435,S3-225979015,S3-384867476,S3-766777210,S3-932406727	S2-290100098,S2-312534605,S2-315137609,S2-401919084,S2-450891041,S2-45299230,S2-485573581,S2-517272340,S2-52854538,S2-548869123	S3-932406727	Fresh Cértified Ashford-Leesburg	30 Ems T7A Ln, Indiana, Lesburg	US	15	96.875	76.66666666666666	US|tok:fresh;US|tok:leesburg;US|tok:ashford;US|anum:30_ems;US|pfx6:freshc	Top-K Truncation / Bucket Slice (Shared keys: ['US|tok:fresh', 'US|tok:leesburg'], but bucket sliced b[:8] or cap 15 reached)	Top-K Truncation / Bucket Slicing
S1-974991176	Fresh Certified Ashford-Leesburg	30 Ems T7A Lane, Leesburg, IN	US	S2-459448482,S2-673040435,S3-225979015,S3-384867476,S3-766777210,S3-932406727	S2-290100098,S2-312534605,S2-315137609,S2-401919084,S2-450891041,S2-45299230,S2-485573581,S2-517272340,S2-52854538,S2-548869123	S3-384867476	Fresh Certified Ashfrod-Leesburg	30 Ems T7A Ln, Lesburg, Indiana	US	15	96.875	86.66666666666667	US|tok:certified;US|2tok:fresh_certified;US|tok:fresh;US|tok:leesburg;US|pfx8:freshcer;US|anum:30_ems;US|pfx6:freshc	Top-K Truncation / Bucket Slice (Shared keys: ['US|tok:certified', 'US|2tok:fresh_certified'], but bucket sliced b[:8] or cap 15 reached)	Top-K Truncation / Bucket Slicing
S1-297525707	Bright Consultancy	Maharashtra, Mumbai City, Shop No. A/17 Gaurav Annex Nr. Mandvi Co.-Op. Bank. R. R. T. Rd., Mumbai, M, Ulund West	India	S2-515961553,S3-623258076	S2-229397864,S2-346849439,S2-401241172,S2-403113279,S2-548500171,S2-626015204,S2-693075819,S2-814557757,S2-815441357,S2-842834434	S3-623258076	Bright  Consultancy Company	Shop No. A/17 Gaurav Annex Nr. Mandvi Co.-op. Bank. R. R. T. Rd., Mumbai, Mumbai City, MH	India	16	80.0	77.22772277227723	INDIA|pfx6:bright;INDIA|pfx8:brightco;INDIA|2tok:bright_consultancy;INDIA|tok:consultancy;INDIA|tok:bright	Top-K Truncation / Bucket Slice (Shared keys: ['INDIA|pfx6:bright', 'INDIA|pfx8:brightco'], but bucket sliced b[:8] or cap 15 reached)	Top-K Truncation / Bucket Slicing
S1-297525707	Bright Consultancy	Maharashtra, Mumbai City, Shop No. A/17 Gaurav Annex Nr. Mandvi Co.-Op. Bank. R. R. T. Rd., Mumbai, M, Ulund West	India	S2-515961553,S3-623258076	S2-229397864,S2-346849439,S2-401241172,S2-403113279,S2-548500171,S2-626015204,S2-693075819,S2-814557757,S2-815441357,S2-842834434	S2-515961553	ब्राइट कंसल्टेंसी	SHOP NO. A/17  GAURAV ANNEX NR. MANDVI CO.-OP. BANK. R. R. T. RD., M, ULUND WEST, GREATER BOMBAY, MUMBAI CITY, Maharashtra	India	16	5.714285714285716	67.2340425531915		Address Correlated but Name Dissimilar (Addr Sim: 67.2340425531915%, missed address blocking key)	Address Correlated but Name Unmatched
S1-915022305	Cozy Pub	3616 Peterson Avenue, Chicago, IL	US	S2-355615365,S3-756557772,S3-857332206	S2-304958036,S2-329607542,S2-410187650,S2-508374208,S2-665650200,S2-671955060,S2-726454636,S2-731429646,S2-814193727,S2-829980962	S2-355615365	Ctooy Pub	PETERSON AVENUE, CHICAGGO, IL	US	15	82.35294117647058	90.32258064516128		No Shared Blocking Key Generated (Name Sim: 82.35294117647058%, Addr Sim: 90.32258064516128%)	No Blocking Rule Hit
S1-16609748	Midwest Mountain Wells LLC	2140 71st Street, Lubbock, TX	US	S2-358858367,S2-54823044,S2-802982832,S2-884975007,S2-960730403,S3-400882561	S2-19968190,S2-43966389,S2-499034488,S2-553660846,S2-592678025,S2-793533034,S2-899693197,S2-944705586,S3-400882561	S2-884975007	midwestmountain.com	2140 71TH STREET, LUBBOCK, TX	US	9	71.11111111111111	96.55172413793103	US|pfx6:midwes;US|pfx8:midwestm	Top-K Truncation / Bucket Slice (Shared keys: ['US|pfx6:midwes', 'US|pfx8:midwestm'], but bucket sliced b[:8] or cap 15 reached)	Top-K Truncation / Bucket Slicing
S1-16609748	Midwest Mountain Wells LLC	2140 71st Street, Lubbock, TX	US	S2-358858367,S2-54823044,S2-802982832,S2-884975007,S2-960730403,S3-400882561	S2-19968190,S2-43966389,S2-499034488,S2-553660846,S2-592678025,S2-793533034,S2-899693197,S2-944705586,S3-400882561	S2-960730403	Midwest Wells Mountain LLC	2140 71TH STREET, LUBBOCK, TX	US	9	76.92307692307692	96.55172413793103	US|pfx6:midwes;US|tok:midwest;US|tok:wells;US|tok:mountain	Top-K Truncation / Bucket Slice (Shared keys: ['US|pfx6:midwes', 'US|tok:midwest'], but bucket sliced b[:8] or cap 15 reached)	Top-K Truncation / Bucket Slicing
S1-16609748	Midwest Mountain Wells LLC	2140 71st Street, Lubbock, TX	US	S2-358858367,S2-54823044,S2-802982832,S2-884975007,S2-960730403,S3-400882561	S2-19968190,S2-43966389,S2-499034488,S2-553660846,S2-592678025,S2-793533034,S2-899693197,S2-944705586,S3-400882561	S2-802982832	Midwest Mountain	TX, 2140 71TH STREET, LUBBOCK	US	9	76.19047619047619	82.75862068965517	US|pfx6:midwes;US|tok:midwest;US|2tok:midwest_mountain;US|pfx8:midwestm;US|tok:mountain	Top-K Truncation / Bucket Slice (Shared keys: ['US|pfx6:midwes', 'US|tok:midwest'], but bucket sliced b[:8] or cap 15 reached)	Top-K Truncation / Bucket Slicing
S1-16609748	Midwest Mountain Wells LLC	2140 71st Street, Lubbock, TX	US	S2-358858367,S2-54823044,S2-802982832,S2-884975007,S2-960730403,S3-400882561	S2-19968190,S2-43966389,S2-499034488,S2-553660846,S2-592678025,S2-793533034,S2-899693197,S2-944705586,S3-400882561	S2-358858367	Midwest Mncruntain Wells (LLC)	2140 71TH STREET, LUBBOCK, TX	US	9	89.28571428571429	96.55172413793103	US|pfx6:midwes;US|tok:midwest;US|tok:wells;US|pfx8:midwestm	Top-K Truncation / Bucket Slice (Shared keys: ['US|pfx6:midwes', 'US|tok:midwest'], but bucket sliced b[:8] or cap 15 reached)	Top-K Truncation / Bucket Slicing
S1-16609748	Midwest Mountain Wells LLC	2140 71st Street, Lubbock, TX	US	S2-358858367,S2-54823044,S2-802982832,S2-884975007,S2-960730403,S3-400882561	S2-19968190,S2-43966389,S2-499034488,S2-553660846,S2-592678025,S2-793533034,S2-899693197,S2-944705586,S3-400882561	S2-54823044	Midwest Muntbeani Wells LLC	2140 71TH SAINT, LUBBOCK, TX	US	9	90.56603773584906	84.21052631578947	US|pfx6:midwes;US|tok:midwest;US|tok:wells;US|pfx8:midwestm	Top-K Truncation / Bucket Slice (Shared keys: ['US|pfx6:midwes', 'US|tok:midwest'], but bucket sliced b[:8] or cap 15 reached)	Top-K Truncation / Bucket Slicing
S1-281051556	Stella Vail House Inc	3620 Old Sand Mine Drive, Wilmington, NC	US	S2-539994792,S2-717396610,S2-885229183,S2-92381673,S3-41844222	S2-168362883,S2-370482461,S2-379743756,S2-501809653,S2-6211882,S2-652764463,S2-702572189,S2-717396610,S2-743250184,S2-813736819	S2-539994792	SVHOUSE.COM	NC, WILMINGTON, 3620 OLD SAND MINE DRIVE	US	16	50.0	60.0		No Shared Blocking Key Generated (Name Sim: 50.0%, Addr Sim: 60.0%)	No Blocking Rule Hit
S1-281051556	Stella Vail House Inc	3620 Old Sand Mine Drive, Wilmington, NC	US	S2-539994792,S2-717396610,S2-885229183,S2-92381673,S3-41844222	S2-168362883,S2-370482461,S2-379743756,S2-501809653,S2-6211882,S2-652764463,S2-702572189,S2-717396610,S2-743250184,S2-813736819	S2-885229183	VAIL, STELLA HOUSE INC	3620 OLD SAND MINE DRIVE, WILMINGTON, NC	US	16	74.4186046511628	100.0	US|tok:house;US|tok:stella;US|tok:vail;US|anum:3620_old	Top-K Truncation / Bucket Slice (Shared keys: ['US|tok:house', 'US|tok:stella'], but bucket sliced b[:8] or cap 15 reached)	Top-K Truncation / Bucket Slicing
S1-536948776	I+ Corporate Inc.	718 94, Warwick, NY	US	S2-376450162,S2-769315859,S3-315892953,S3-51327360,S3-783545761	S2-550389932,S2-597924811,S2-769315859,S3-280066126,S3-315892953,S3-51327360,S3-655975580,S3-783545761	S2-376450162	I+ Coporae Inc.	718 94, PMB 8827, FLORDA, NY	US	8	93.75	55.319148936170215		No Shared Blocking Key Generated (Name Sim: 93.75%, Addr Sim: 55.319148936170215%)	No Blocking Rule Hit
S1-241686597	Romero Technologies Co	TN, 27 Creekbend Cove, Jackson	US	S2-521249860,S2-552262560,S2-557917303,S3-276559406,S3-623309888,S3-84276127	S2-551884043,S2-552262560,S2-557917303,S3-235474091,S3-276559406,S3-623309888,S3-84276127,S3-927689601	S2-521249860	ROMERO CO SERVICES	CREEKBEND CV, JACKSON, TN	US	8	60.0	76.36363636363637	US|pfx6:romero;US|tok:romero	Top-K Truncation / Bucket Slice (Shared keys: ['US|pfx6:romero', 'US|tok:romero'], but bucket sliced b[:8] or cap 15 reached)	Top-K Truncation / Bucket Slicing
S1-684505968	Namaskar & Co Company	B 70/51, Keshav Puram, Delhi, North West Delhi, Delhi	India	S2-965363180,S3-300894176,S3-769854633	S2-116724981,S2-304111021,S2-368800778,S2-376816364,S2-555504353,S2-654576947,S2-67098707,S2-917727056,S2-965363180,S3-769854633	S3-300894176	Naadkar & Co Company #60371	B A-70/51, North West Delhi, Delhi, DL	India	10	79.16666666666666	70.32967032967032		No Shared Blocking Key Generated (Name Sim: 79.16666666666666%, Addr Sim: 70.32967032967032%)	No Blocking Rule Hit
S1-835425265	Green United Solana LLC	694 E Side Drive, Unit F, Layton, UT	US	S2-224023107,S2-493112937,S2-825851111,S3-830853417,S3-847076297,S3-9987388	S2-224023107,S2-233517687,S2-275072559,S2-300624932,S2-475171483,S2-493112937,S2-564518778,S2-576949140,S2-722606634,S2-724402492	S3-847076297	Green-Solana LLC Services	694 E Side Dr, # F, Layton, Utah	US	18	62.5	85.29411764705883	US|tok:solana;US|anum:694_side;US|tok:green	Top-K Truncation / Bucket Slice (Shared keys: ['US|tok:solana', 'US|anum:694_side'], but bucket sliced b[:8] or cap 15 reached)	Top-K Truncation / Bucket Slicing
S1-835425265	Green United Solana LLC	694 E Side Drive, Unit F, Layton, UT	US	S2-224023107,S2-493112937,S2-825851111,S3-830853417,S3-847076297,S3-9987388	S2-224023107,S2-233517687,S2-275072559,S2-300624932,S2-475171483,S2-493112937,S2-564518778,S2-576949140,S2-722606634,S2-724402492	S3-9987388	Green  Unhtid Solana LLC	694 E Side Dr, # F, Layton, Utah	US	18	89.36170212765957	85.29411764705883	US|pfx6:greenu;US|tok:solana;US|anum:694_side;US|tok:green	Top-K Truncation / Bucket Slice (Shared keys: ['US|pfx6:greenu', 'US|tok:solana'], but bucket sliced b[:8] or cap 15 reached)	Top-K Truncation / Bucket Slicing
S1-835425265	Green United Solana LLC	694 E Side Drive, Unit F, Layton, UT	US	S2-224023107,S2-493112937,S2-825851111,S3-830853417,S3-847076297,S3-9987388	S2-224023107,S2-233517687,S2-275072559,S2-300624932,S2-475171483,S2-493112937,S2-564518778,S2-576949140,S2-722606634,S2-724402492	S3-830853417	Green	Layton, 694 E Side Drive, UT, Unit F	US	18	35.71428571428571	66.66666666666667	US|tok:green	Top-K Truncation / Bucket Slice (Shared keys: ['US|tok:green'], but bucket sliced b[:8] or cap 15 reached)	Top-K Truncation / Bucket Slicing
S1-386654734	One Enterprises	H.No 6-3-712/90-23, 2Nd Floor, Beside Agarwal Eye Hospital, Panjagutta, Hyderabad, Telangana	India	S3-508283569	S2-103154386,S2-174285415,S2-186159524,S2-30248203,S2-376883607,S2-496224610,S2-668214951,S2-797195660,S2-870597571,S2-912866463	S3-508283569	వన్ ఎంటర్‌ప్రైజెస్	H.no 6-3-712/90-2, Hyderabad, తెలంగాణ	India	14	6.060606060606055	46.51162790697675		No Shared Blocking Key Generated (Name Sim: 6.060606060606055%, Addr Sim: 46.51162790697675%)	No Blocking Rule Hit
S1-896836973	Odessa York, CPA	Mobile, 3845 Cottage Hill Road, AL	US	S2-494098461,S2-650996664,S3-110953474,S3-324561668	S2-148439271,S2-153378895,S2-268550574,S2-311658304,S2-494098461,S2-598454879,S2-650996664,S2-695474882,S2-753991287,S3-302392312	S3-110953474	Odessa Ykohf CPA	3845 Cottage Hill Rd, Mobile, Alabama	US	10	81.25	67.6056338028169	US|tok:odessa;US|pfx6:odessa	Top-K Truncation / Bucket Slice (Shared keys: ['US|tok:odessa', 'US|pfx6:odessa'], but bucket sliced b[:8] or cap 15 reached)	Top-K Truncation / Bucket Slicing
S1-896836973	Odessa York, CPA	Mobile, 3845 Cottage Hill Road, AL	US	S2-494098461,S2-650996664,S3-110953474,S3-324561668	S2-148439271,S2-153378895,S2-268550574,S2-311658304,S2-494098461,S2-598454879,S2-650996664,S2-695474882,S2-753991287,S3-302392312	S3-324561668	Odessa Yórk,	3845 Cottage Hill Rd, Mobile, Alabama	US	10	78.57142857142857	67.6056338028169	US|tok:odessa;US|pfx6:odessa	Top-K Truncation / Bucket Slice (Shared keys: ['US|tok:odessa', 'US|pfx6:odessa'], but bucket sliced b[:8] or cap 15 reached)	Top-K Truncation / Bucket Slicing
S1-881770296	Pediatric Dentistry Clinic, Inc	4 Snowbell Lane, Worcester, MA	US	S2-788437790,S2-805782580,S3-828639935,S3-989612942	S2-199609370,S2-223728135,S2-358179648,S2-363415591,S2-444172275,S2-497274738,S2-566686391,S2-788437790,S2-805782580,S2-977218313	S3-828639935	Inc Pediatric Dentistry Clinic,	3 Snowbell Lane, Worcester, Massachusetts	US	10	87.09677419354838	81.69014084507043	US|tok:dentistry;US|2tok:pediatric_dentistry;US|tok:pediatric	Top-K Truncation / Bucket Slice (Shared keys: ['US|tok:dentistry', 'US|2tok:pediatric_dentistry'], but bucket sliced b[:8] or cap 15 reached)	Top-K Truncation / Bucket Slicing
S1-881770296	Pediatric Dentistry Clinic, Inc	4 Snowbell Lane, Worcester, MA	US	S2-788437790,S2-805782580,S3-828639935,S3-989612942	S2-199609370,S2-223728135,S2-358179648,S2-363415591,S2-444172275,S2-497274738,S2-566686391,S2-788437790,S2-805782580,S2-977218313	S3-989612942	Pediatric-Dentistry Clinic, Inc	3 Snowbell Lane, Worcester, Massachusetts	US	10	96.7741935483871	81.69014084507043	US|pfx6:pediat;US|alpha:pediatricdentistryclinicinc;US|pfx8:pediatri;US|tok:dentistry;US|2tok:pediatric_dentistry;US|tok:pediatric	Top-K Truncation / Bucket Slice (Shared keys: ['US|pfx6:pediat', 'US|alpha:pediatricdentistryclinicinc'], but bucket sliced b[:8] or cap 15 reached)	Top-K Truncation / Bucket Slicing
S1-504059078	Bastion Financial LLC	2729 Montclare Avenue, Chicago, IL	US	S2-576213995,S2-588477363,S3-197665109,S3-475719743,S3-539943866,S3-81915093	S2-265201084,S2-349072296,S2-588477363,S2-605117330,S2-650131269,S2-705668564,S2-999671626,S3-197665109,S3-475719743,S3-539943866	S2-576213995	FINANCIAL BASTION LLC	Montclare Ave, ELMWOOD PARK, IL	US	11	61.904761904761905	61.53846153846154	US|tok:financial;US|tok:bastion	Top-K Truncation / Bucket Slice (Shared keys: ['US|tok:financial', 'US|tok:bastion'], but bucket sliced b[:8] or cap 15 reached)	Top-K Truncation / Bucket Slicing
S1-973233920	Data Materials Networks	609 Hickory Street, Ottawa, KS	US	S2-428307002,S3-110090880,S3-159133847,S3-792460305	S2-119916004,S2-159858404,S2-224629293,S2-24040013,S2-266412345,S2-278068162,S2-36840221,S2-424929283,S2-428307002,S2-627723703	S3-110090880	Data Networks Service	Hickory Street, Otatwa, Kansas	US	20	59.09090909090908	83.33333333333334	US|tok:data;US|tok:networks	Top-K Truncation / Bucket Slice (Shared keys: ['US|tok:data', 'US|tok:networks'], but bucket sliced b[:8] or cap 15 reached)	Top-K Truncation / Bucket Slicing
S1-973233920	Data Materials Networks	609 Hickory Street, Ottawa, KS	US	S2-428307002,S3-110090880,S3-159133847,S3-792460305	S2-119916004,S2-159858404,S2-224629293,S2-24040013,S2-266412345,S2-278068162,S2-36840221,S2-424929283,S2-428307002,S2-627723703	S3-792460305	Data Materials Service	09 Hickory Street, Otatwa, Kansas	US	20	75.55555555555556	88.88888888888889	US|pfx6:datama;US|tok:data;US|2tok:data_materials;US|tok:materials;US|pfx8:datamate	Top-K Truncation / Bucket Slice (Shared keys: ['US|pfx6:datama', 'US|tok:data'], but bucket sliced b[:8] or cap 15 reached)	Top-K Truncation / Bucket Slicing
S1-769172378	Technocast Chit Private Limited	A/39, Kamla Nagar, Near Ram Mandir, Kotra Sultanabad, Bhopal, Madhya Pradesh	India	S2-713014713,S2-754328130,S2-977119232	S2-190691074,S2-261204652,S2-26140040,S2-264068833,S2-274039176,S2-276400737,S2-393563371,S2-395078323,S2-50147774,S2-515122294	S2-713014713	Sri TECHNOCAST CHIT  PRIVATE LIMITED	A/##39, KAMLA NAGAR, NEAR RAM MANDIR, KOTRA SULTANABAD, BHOPAL, Madhya Pradesh	India	15	92.53731343283582	98.7012987012987	INDIA|tok:technocast;INDIA|anum:39_kamla;INDIA|tok:chit	Top-K Truncation / Bucket Slice (Shared keys: ['INDIA|tok:technocast', 'INDIA|anum:39_kamla'], but bucket sliced b[:8] or cap 15 reached)	Top-K Truncation / Bucket Slicing
S1-769172378	Technocast Chit Private Limited	A/39, Kamla Nagar, Near Ram Mandir, Kotra Sultanabad, Bhopal, Madhya Pradesh	India	S2-713014713,S2-754328130,S2-977119232	S2-190691074,S2-261204652,S2-26140040,S2-264068833,S2-274039176,S2-276400737,S2-393563371,S2-395078323,S2-50147774,S2-515122294	S2-977119232	privatechittechnocast.com	A/##39, KAMLA NAGAR, NEAR RAM MANDIR, KOTRA SULTANABAD, DIVREPORTINGCIRCLE, BHOPAL, Madhya Pradesh	India	15	42.85714285714286	87.35632183908046	INDIA|anum:39_kamla	Top-K Truncation / Bucket Slice (Shared keys: ['INDIA|anum:39_kamla'], but bucket sliced b[:8] or cap 15 reached)	Top-K Truncation / Bucket Slicing
S1-223621109	Pioneer Projects LLP	Rohtak, Khewat No. 93, Kh No 197, Rajender Nagar, Plot No 12, Haryana	India	S2-262241482,S3-15370997,S3-548341368	S2-10508697,S2-136403784,S2-399495133,S2-59729726,S2-682178941,S2-782053769,S2-816645525,S2-919148994,S2-993278932,S3-191993749	S3-548341368	>> Pioneer Pjecst LLP	Plot No 12, Haryana, Rohtak, HR	India	14	82.92682926829268	42.00000000000001	INDIA|pfx6:pionee;INDIA|tok:pioneer;INDIA|pfx8:pioneerp	Top-K Truncation / Bucket Slice (Shared keys: ['INDIA|pfx6:pionee', 'INDIA|tok:pioneer'], but bucket sliced b[:8] or cap 15 reached)	Top-K Truncation / Bucket Slicing
S1-223621109	Pioneer Projects LLP	Rohtak, Khewat No. 93, Kh No 197, Rajender Nagar, Plot No 12, Haryana	India	S2-262241482,S3-15370997,S3-548341368	S2-10508697,S2-136403784,S2-399495133,S2-59729726,S2-682178941,S2-782053769,S2-816645525,S2-919148994,S2-993278932,S3-191993749	S2-262241482	पायोनियर प्रोजेक्ट्स एलएलपी	PLOT NO G-12, KHEWAT NO. 93, KH NO 197, RAJENDER NAGAR, ROHTAK, हरियाणा	India	14	8.510638297872342	71.42857142857143		Address Correlated but Name Dissimilar (Addr Sim: 71.42857142857143%, missed address blocking key)	Address Correlated but Name Unmatched
S1-223621109	Pioneer Projects LLP	Rohtak, Khewat No. 93, Kh No 197, Rajender Nagar, Plot No 12, Haryana	India	S2-262241482,S3-15370997,S3-548341368	S2-10508697,S2-136403784,S2-399495133,S2-59729726,S2-682178941,S2-782053769,S2-816645525,S2-919148994,S2-993278932,S3-191993749	S3-15370997	Pioneer  Plocits LLP	Plot No 12, Haryana, Rohtak, HR	India	14	85.0	42.00000000000001	INDIA|pfx6:pionee;INDIA|tok:pioneer;INDIA|pfx8:pioneerp	Top-K Truncation / Bucket Slice (Shared keys: ['INDIA|pfx6:pionee', 'INDIA|tok:pioneer'], but bucket sliced b[:8] or cap 15 reached)	Top-K Truncation / Bucket Slicing
S1-983652708	Regional Heartland Chiropractic	1631 45th Place, Tulsa, OK	US	S2-265523806,S3-958817857	S2-124617377,S2-144015464,S2-265523806,S2-419832289,S2-424495349,S2-533933379,S2-780092690,S2-91488705,S2-955681415,S2-965231846	S3-958817857	Regional Héartland Chiropractic	1631 45st Place, Tulsa, Oklahoma	US	10	96.7741935483871	86.20689655172413	US|pfx6:region;US|tok:chiropractic;US|pfx8:regional;US|tok:regional	Top-K Truncation / Bucket Slice (Shared keys: ['US|pfx6:region', 'US|tok:chiropractic'], but bucket sliced b[:8] or cap 15 reached)	Top-K Truncation / Bucket Slicing
S1-904479856	Annmarie Pierson Creative Property LLC	11834 Big Leaf Way, Redmond, WA	US	S2-282702620,S2-734625882,S2-990269864,S3-458171230	S2-199636039,S2-22185369,S2-231099200,S2-232239687,S2-261831240,S2-487904760,S2-496856416,S2-714093102,S2-7310102,S2-734625882	S2-282702620	ANNMARIE PIARBSN CREATIVE PROPERTY LLC	11834 BIG LEAF WAY, PO BOX 7252, REDMOND, WA	US	16	94.73684210526316	82.66666666666667	US|pfx8:annmarie;US|tok:annmarie;US|tok:creative;US|anum:11834_big;US|pfx6:annmar;US|tok:property	Top-K Truncation / Bucket Slice (Shared keys: ['US|pfx8:annmarie', 'US|tok:annmarie'], but bucket sliced b[:8] or cap 15 reached)	Top-K Truncation / Bucket Slicing
S1-904479856	Annmarie Pierson Creative Property LLC	11834 Big Leaf Way, Redmond, WA	US	S2-282702620,S2-734625882,S2-990269864,S3-458171230	S2-199636039,S2-22185369,S2-231099200,S2-232239687,S2-261831240,S2-487904760,S2-496856416,S2-714093102,S2-7310102,S2-734625882	S3-458171230	Annmarie Creative Pierson Property LLC	11834 Big Laf Way, PMB 7597, Redmond, Washington	US	16	78.94736842105263	75.9493670886076	US|pfx8:annmarie;US|tok:annmarie;US|tok:creative;US|tok:pierson;US|anum:11834_big;US|pfx6:annmar;US|tok:property	Top-K Truncation / Bucket Slice (Shared keys: ['US|pfx8:annmarie', 'US|tok:annmarie'], but bucket sliced b[:8] or cap 15 reached)	Top-K Truncation / Bucket Slicing
S1-783021266	Power Infotel	Sirsa, Ground Floor, H.No. 801, Sawera Hotel Wali Gali, Near Bus Stand, Gobind Nagar, Haryana, Sirsa	India	S2-474696089,S2-784556099,S3-510421905,S3-530494268,S3-837055216	S2-109872154,S2-155027407,S2-158134202,S2-209930538,S2-295979844,S2-31295529,S2-474696089,S2-5973073,S2-690144512,S2-691168439	S3-837055216	P0wer  Infotel	Sirsa, Ground Floor, HR, Sirsa	India	16	88.88888888888889	46.15384615384615	INDIA|tok:infotel	Top-K Truncation / Bucket Slice (Shared keys: ['INDIA|tok:infotel'], but bucket sliced b[:8] or cap 15 reached)	Top-K Truncation / Bucket Slicing
S1-783021266	Power Infotel	Sirsa, Ground Floor, H.No. 801, Sawera Hotel Wali Gali, Near Bus Stand, Gobind Nagar, Haryana, Sirsa	India	S2-474696089,S2-784556099,S3-510421905,S3-530494268,S3-837055216	S2-109872154,S2-155027407,S2-158134202,S2-209930538,S2-295979844,S2-31295529,S2-474696089,S2-5973073,S2-690144512,S2-691168439	S3-530494268	Power Ínfotel	Ground Floor, H.no. 801, Sawera Hotel Wali Gali, Near Bus Stand, Gobind Nagar, Sirsa, HR	India	16	92.3076923076923	89.36170212765957	INDIA|tok:power	Top-K Truncation / Bucket Slice (Shared keys: ['INDIA|tok:power'], but bucket sliced b[:8] or cap 15 reached)	Top-K Truncation / Bucket Slicing
S1-783021266	Power Infotel	Sirsa, Ground Floor, H.No. 801, Sawera Hotel Wali Gali, Near Bus Stand, Gobind Nagar, Haryana, Sirsa	India	S2-474696089,S2-784556099,S3-510421905,S3-530494268,S3-837055216	S2-109872154,S2-155027407,S2-158134202,S2-209930538,S2-295979844,S2-31295529,S2-474696089,S2-5973073,S2-690144512,S2-691168439	S3-510421905	Power Infotel Corp	HR, Sirsa, Ground Floor, Sirsa	India	16	83.87096774193549	40.0	INDIA|tok:power;INDIA|2tok:power_infotel;INDIA|pfx8:powerinf;INDIA|pfx6:poweri;INDIA|tok:infotel	Top-K Truncation / Bucket Slice (Shared keys: ['INDIA|tok:power', 'INDIA|2tok:power_infotel'], but bucket sliced b[:8] or cap 15 reached)	Top-K Truncation / Bucket Slicing
S1-259452306	Shorter and Reyes Xrp	130 Main Street, Durham, NC	US	S2-547115644,S3-118331403,S3-787015231	S2-338782137,S2-381756717,S2-401580004,S2-406860821,S2-448342228,S2-512547251,S2-547115644,S2-659073143,S2-734179327,S2-752439108	S3-118331403	Shorter and Reyes	130 Main Street, Durhm CDP, North Carolina	US	16	89.47368421052632	75.36231884057972	US|tok:reyes;US|pfx8:shortera;US|anum:130_main;US|2tok:shorter_and;US|pfx6:shorte;US|tok:shorter	Top-K Truncation / Bucket Slice (Shared keys: ['US|tok:reyes', 'US|pfx8:shortera'], but bucket sliced b[:8] or cap 15 reached)	Top-K Truncation / Bucket Slicing
S1-253986331	Shirleen Knight Apex Income LLC	5000 Dartmouth Drive, Unit UNIT B29, College, AK	US	S2-132882662,S2-989397932,S3-201224889,S3-468708356,S3-607432877	S2-11799591,S2-128698171,S2-179390724,S2-209214710,S2-305624837,S2-362233139,S2-500006696,S2-612507011,S2-724421938,S2-755916298	S2-132882662	shirleenknightapex.com	5000 DARTMOUTH DR, COLLEGE, AK	US	15	79.24528301886792	76.92307692307692	US|anum:5000_dartmouth;US|pfx6:shirle;US|pfx8:shirleen	Top-K Truncation / Bucket Slice (Shared keys: ['US|anum:5000_dartmouth', 'US|pfx6:shirle'], but bucket sliced b[:8] or cap 15 reached)	Top-K Truncation / Bucket Slicing
S1-253986331	Shirleen Knight Apex Income LLC	5000 Dartmouth Drive, Unit UNIT B29, College, AK	US	S2-132882662,S2-989397932,S3-201224889,S3-468708356,S3-607432877	S2-11799591,S2-128698171,S2-179390724,S2-209214710,S2-305624837,S2-362233139,S2-500006696,S2-612507011,S2-724421938,S2-755916298	S3-201224889	Shirleen Kingfiht Apex Income  LLC	5000 Dartmouth Dr, PO Box 4484, College, Alaska	US	15	92.3076923076923	71.57894736842105	US|tok:shirleen;US|tok:apex;US|tok:income;US|pfx8:shirleen;US|anum:5000_dartmouth;US|pfx6:shirle	Top-K Truncation / Bucket Slice (Shared keys: ['US|tok:shirleen', 'US|tok:apex'], but bucket sliced b[:8] or cap 15 reached)	Top-K Truncation / Bucket Slicing
S1-253986331	Shirleen Knight Apex Income LLC	5000 Dartmouth Drive, Unit UNIT B29, College, AK	US	S2-132882662,S2-989397932,S3-201224889,S3-468708356,S3-607432877	S2-11799591,S2-128698171,S2-179390724,S2-209214710,S2-305624837,S2-362233139,S2-500006696,S2-612507011,S2-724421938,S2-755916298	S3-607432877	Shirleen Knight Apex Income	5000 Dartmouth Drive, # UNIT B29, College, Alaska	US	15	93.10344827586206	90.72164948453609	US|2tok:shirleen_knight;US|tok:shirleen;US|tok:apex;US|tok:knight;US|tok:income;US|pfx8:shirleen;US|anum:5000_dartmouth;US|pfx6:shirle	Top-K Truncation / Bucket Slice (Shared keys: ['US|2tok:shirleen_knight', 'US|tok:shirleen'], but bucket sliced b[:8] or cap 15 reached)	Top-K Truncation / Bucket Slicing
S1-336167025	Dasi Rothrock, DDS	3267 Eastcrest Road, West Valley City, UT	US	S2-289660373,S2-513842592,S3-193695161,S3-620328785	S2-117299857,S2-148344548,S2-150716121,S2-20369842,S2-292399951,S2-299527071,S2-305393801,S2-327936565,S2-407979488,S2-425642115	S2-289660373	Róthrock,, Dasi DDS	3267 EASTCREST RD, WEST VALLEY CITY, UT	US	21	64.86486486486487	97.5	US|tok:dasi;US|anum:3267_eastcrest	Top-K Truncation / Bucket Slice (Shared keys: ['US|tok:dasi', 'US|anum:3267_eastcrest'], but bucket sliced b[:8] or cap 15 reached)	Top-K Truncation / Bucket Slicing
S1-761585587	Classic Printing Enterprises Corp	22 Hickory Point Road, Constantia, NY	US	S2-509160915,S2-586234138,S2-801229590,S3-279160745,S3-331084086,S3-72688650	S2-1050674,S2-150782103,S2-156872560,S2-235874824,S2-42916325,S2-441064659,S2-46952257,S2-561693901,S2-596038205,S2-647687384	S3-279160745	Classicprintingenterprises.Com	Constantia, 22 Hickory Point Road, New York	US	15	88.88888888888889	65.0	US|pfx6:classi;US|pfx8:classicp	Top-K Truncation / Bucket Slice (Shared keys: ['US|pfx6:classi', 'US|pfx8:classicp'], but bucket sliced b[:8] or cap 15 reached)	Top-K Truncation / Bucket Slicing
S1-761585587	Classic Printing Enterprises Corp	22 Hickory Point Road, Constantia, NY	US	S2-509160915,S2-586234138,S2-801229590,S3-279160745,S3-331084086,S3-72688650	S2-1050674,S2-150782103,S2-156872560,S2-235874824,S2-42916325,S2-441064659,S2-46952257,S2-561693901,S2-596038205,S2-647687384	S3-331084086	C1assic Printing Enterprises  Corp	22 Hickory Point Rd, Constantia, New York	US	15	95.52238805970148	89.74358974358975	US|tok:printing;US|anum:22_hickory	Top-K Truncation / Bucket Slice (Shared keys: ['US|tok:printing', 'US|anum:22_hickory'], but bucket sliced b[:8] or cap 15 reached)	Top-K Truncation / Bucket Slicing
S1-761585587	Classic Printing Enterprises Corp	22 Hickory Point Road, Constantia, NY	US	S2-509160915,S2-586234138,S2-801229590,S3-279160745,S3-331084086,S3-72688650	S2-1050674,S2-150782103,S2-156872560,S2-235874824,S2-42916325,S2-441064659,S2-46952257,S2-561693901,S2-596038205,S2-647687384	S2-509160915	CLASSIC PRINTING ENTERPRISES CORPORATION	22 HICKOYR POINT RD, CLEVELAND, NY	US	15	90.41095890410959	76.05633802816901	US|tok:classic;US|pfx6:classi;US|tok:printing;US|pfx8:classicp;US|2tok:classic_printing	Top-K Truncation / Bucket Slice (Shared keys: ['US|tok:classic', 'US|pfx6:classi'], but bucket sliced b[:8] or cap 15 reached)	Top-K Truncation / Bucket Slicing
S1-761585587	Classic Printing Enterprises Corp	22 Hickory Point Road, Constantia, NY	US	S2-509160915,S2-586234138,S2-801229590,S3-279160745,S3-331084086,S3-72688650	S2-1050674,S2-150782103,S2-156872560,S2-235874824,S2-42916325,S2-441064659,S2-46952257,S2-561693901,S2-596038205,S2-647687384	S2-586234138	Classic Enterprises Corp Services		US	15	72.72727272727273	0.0	US|pfx6:classi;US|tok:classic	Top-K Truncation / Bucket Slice (Shared keys: ['US|pfx6:classi', 'US|tok:classic'], but bucket sliced b[:8] or cap 15 reached)	Top-K Truncation / Bucket Slicing
S1-761585587	Classic Printing Enterprises Corp	22 Hickory Point Road, Constantia, NY	US	S2-509160915,S2-586234138,S2-801229590,S3-279160745,S3-331084086,S3-72688650	S2-1050674,S2-150782103,S2-156872560,S2-235874824,S2-42916325,S2-441064659,S2-46952257,S2-561693901,S2-596038205,S2-647687384	S3-72688650	corp classic printing enterprises	22 Hickory Point Rd, Cleveland, New York	US	15	84.84848484848484	72.72727272727273	US|tok:classic;US|anum:22_hickory;US|2tok:classic_printing;US|tok:printing	Top-K Truncation / Bucket Slice (Shared keys: ['US|tok:classic', 'US|anum:22_hickory'], but bucket sliced b[:8] or cap 15 reached)	Top-K Truncation / Bucket Slicing
S1-576153543	Four Charitable Trust	334 Madhuban Apartment, Saket Nagar, Indore, Madhya Pradesh	India	S2-149416100,S2-563703169,S3-29955784,S3-323987800	S2-149416100,S2-151130268,S2-546569924,S2-563703169,S3-29955784,S3-709883648	S3-323987800	Four-Trust Charitable	Madhuban Apartment, Indore, MP	India	6	71.42857142857143	67.41573033707866	INDIA|tok:charitable;INDIA|tok:trust;INDIA|tok:four	Top-K Truncation / Bucket Slice (Shared keys: ['INDIA|tok:charitable', 'INDIA|tok:trust'], but bucket sliced b[:8] or cap 15 reached)	Top-K Truncation / Bucket Slicing
S1-699955992	Diaz Grifols LLC	3817 Crane Street, Independence, MO	US	S2-619457951,S2-948092933,S3-105658018,S3-130546119,S3-69993000,S3-797447667	S2-132512335,S2-294161005,S2-332502954,S2-336381613,S2-619457951,S2-668720065,S2-751180080,S2-948092933,S3-105658018,S3-69993000	S3-130546119	Center Diaz LLC	381 Crane St, Independence, Missouri	US	11	51.61290322580645	84.50704225352112	US|tok:diaz	Top-K Truncation / Bucket Slice (Shared keys: ['US|tok:diaz'], but bucket sliced b[:8] or cap 15 reached)	Top-K Truncation / Bucket Slicing
S1-881535873	Azamgarh Marketing Private Limited	C/O Ajai Kumar Rai, Village Lachirampur Hafizpur, Post- Heerapatti, Azamgarh, Uttar Pradesh	India	S2-642463929,S3-235111026,S3-724794232,S3-820808792	S2-136911703,S2-287549224,S2-39800118,S2-43752605,S2-440149322,S2-578448531,S2-65087342,S2-668092275,S2-865998768,S2-871255998	S3-820808792	Azamgarh Marreing Private Limited	C/o Ajai Kumar Rai, Azamgarh, UP	India	13	95.52238805970148	52.032520325203244	INDIA|pfx8:azamgarh;INDIA|tok:azamgarh;INDIA|pfx6:azamga	Top-K Truncation / Bucket Slice (Shared keys: ['INDIA|pfx8:azamgarh', 'INDIA|tok:azamgarh'], but bucket sliced b[:8] or cap 15 reached)	Top-K Truncation / Bucket Slicing
S1-881535873	Azamgarh Marketing Private Limited	C/O Ajai Kumar Rai, Village Lachirampur Hafizpur, Post- Heerapatti, Azamgarh, Uttar Pradesh	India	S2-642463929,S3-235111026,S3-724794232,S3-820808792	S2-136911703,S2-287549224,S2-39800118,S2-43752605,S2-440149322,S2-578448531,S2-65087342,S2-668092275,S2-865998768,S2-871255998	S3-724794232	Azamgarh Private Limited Service	C/o Ajai Kuamr Rai, Azamgarh, UP	India	13	72.72727272727273	52.032520325203244	INDIA|pfx8:azamgarh;INDIA|tok:azamgarh;INDIA|pfx6:azamga	Top-K Truncation / Bucket Slice (Shared keys: ['INDIA|pfx8:azamgarh', 'INDIA|tok:azamgarh'], but bucket sliced b[:8] or cap 15 reached)	Top-K Truncation / Bucket Slicing
S1-881535873	Azamgarh Marketing Private Limited	C/O Ajai Kumar Rai, Village Lachirampur Hafizpur, Post- Heerapatti, Azamgarh, Uttar Pradesh	India	S2-642463929,S3-235111026,S3-724794232,S3-820808792	S2-136911703,S2-287549224,S2-39800118,S2-43752605,S2-440149322,S2-578448531,S2-65087342,S2-668092275,S2-865998768,S2-871255998	S2-642463929	azamgarhmarketing.com	PLOT 58 C/O AJAI KUMAR RAI, VILLAGE LACHIRAMPUR HAFIZPUR, POST- HEERAPATTI, AZAMGARH, Uttar Pradesh	India	13	65.45454545454545	95.78947368421052	INDIA|pfx8:azamgarh;INDIA|pfx6:azamga	Top-K Truncation / Bucket Slice (Shared keys: ['INDIA|pfx8:azamgarh', 'INDIA|pfx6:azamga'], but bucket sliced b[:8] or cap 15 reached)	Top-K Truncation / Bucket Slicing
S1-602775749	Urology Rocky Care Associates	4419 27th Street, Unit 11, Phoenix, AZ	US	S2-161271237,S2-872504799,S3-174000230,S3-630600412	S2-137396278,S2-350530303,S2-403228495,S2-492863240,S2-496621852,S2-739445687,S2-743628341,S2-796321277,S2-872504799,S3-174000230	S2-161271237	Urology Rocky Care (Associates) #97284	4419 27ND ST, AZ, NORTHEAST	US	11	86.56716417910448	52.3076923076923	US|2tok:urology_rocky;US|tok:rocky;US|pfx8:urologyr;US|pfx6:urolog;US|tok:urology	Top-K Truncation / Bucket Slice (Shared keys: ['US|2tok:urology_rocky', 'US|tok:rocky'], but bucket sliced b[:8] or cap 15 reached)	Top-K Truncation / Bucket Slicing
S1-166601186	Pediatric Medicine LLC	5022 Goose Neck Road, Northwest, NC	US	S2-419629303,S2-488014779,S2-747520536,S3-743861068	S2-182687971,S2-306045968,S2-488014779,S2-507037118,S2-516064120,S2-615126873,S2-747520536,S2-760359908,S2-915612152,S2-966243831	S2-419629303	Pediatric Medicine	4706- GOOSE NECK RD, RIEGEELWOOD, NC	US	10	90.0	64.7887323943662	US|pfx6:pediat;US|pfx8:pediatri;US|tok:pediatric;US|2tok:pediatric_medicine;US|tok:medicine	Top-K Truncation / Bucket Slice (Shared keys: ['US|pfx6:pediat', 'US|pfx8:pediatri'], but bucket sliced b[:8] or cap 15 reached)	Top-K Truncation / Bucket Slicing
S1-166601186	Pediatric Medicine LLC	5022 Goose Neck Road, Northwest, NC	US	S2-419629303,S2-488014779,S2-747520536,S3-743861068	S2-182687971,S2-306045968,S2-488014779,S2-507037118,S2-516064120,S2-615126873,S2-747520536,S2-760359908,S2-915612152,S2-966243831	S3-743861068	L.L.C. Pediatric Medicine	4828c Goose Neck Road, Riegelwood, North Carolina	US	10	76.59574468085107	61.904761904761905	US|tok:pediatric;US|tok:medicine	Top-K Truncation / Bucket Slice (Shared keys: ['US|tok:pediatric', 'US|tok:medicine'], but bucket sliced b[:8] or cap 15 reached)	Top-K Truncation / Bucket Slicing
S1-139532667	Merchant Charitable Trust	Mohla Road, Village Harphala, Post Office : Gadpuri, Ballabgarh, Faridabad, Haryana	India	S2-463164496,S2-615912556,S3-83993905,S3-905481899	S2-12972412,S2-292117511,S2-371936504,S2-406015535,S2-463164496,S2-500895722,S2-534615573,S2-617364000,S2-627822043,S2-714902037	S2-615912556	MERCHANT CHARITABLE TRUST CORPORATION	MOHLA ROAD, VILLAGE HARPHAAL, POST OFFICE : GADPURI, BALLABGARH, FARIDABAD, Haryana	India	15	80.64516129032258	98.79518072289156	INDIA|pfx6:mercha;INDIA|tok:trust;INDIA|tok:merchant;INDIA|2tok:merchant_charitable;INDIA|tok:charitable;INDIA|pfx8:merchant	Top-K Truncation / Bucket Slice (Shared keys: ['INDIA|pfx6:mercha', 'INDIA|tok:trust'], but bucket sliced b[:8] or cap 15 reached)	Top-K Truncation / Bucket Slicing
S1-139532667	Merchant Charitable Trust	Mohla Road, Village Harphala, Post Office : Gadpuri, Ballabgarh, Faridabad, Haryana	India	S2-463164496,S2-615912556,S3-83993905,S3-905481899	S2-12972412,S2-292117511,S2-371936504,S2-406015535,S2-463164496,S2-500895722,S2-534615573,S2-617364000,S2-627822043,S2-714902037	S3-905481899	Onyxonyxiri	Mohma Road, Village Harphala, Post Office : Gadpuri, Ballabgarh, Palwal, Faridabad, HR	India	15	16.666666666666664	91.12426035502959		Address Correlated but Name Dissimilar (Addr Sim: 91.12426035502959%, missed address blocking key)	Address Correlated but Name Unmatched
S1-139532667	Merchant Charitable Trust	Mohla Road, Village Harphala, Post Office : Gadpuri, Ballabgarh, Faridabad, Haryana	India	S2-463164496,S2-615912556,S3-83993905,S3-905481899	S2-12972412,S2-292117511,S2-371936504,S2-406015535,S2-463164496,S2-500895722,S2-534615573,S2-617364000,S2-627822043,S2-714902037	S3-83993905	Merchant Charitable Trust Co	Mohla Road, Village Harphala, Post Office : Gadpuri, Ballabgarh, Palwal, Faridabad, HR	India	15	94.33962264150944	92.3076923076923	INDIA|pfx6:mercha;INDIA|tok:trust;INDIA|tok:merchant;INDIA|2tok:merchant_charitable;INDIA|tok:charitable;INDIA|pfx8:merchant	Top-K Truncation / Bucket Slice (Shared keys: ['INDIA|pfx6:mercha', 'INDIA|tok:trust'], but bucket sliced b[:8] or cap 15 reached)	Top-K Truncation / Bucket Slicing
S1-217259238	Buttler, Wilding and Manjarrez Inc	2038 Ohara Avenue, Sneads, FL	US	S2-106099802,S2-172550558,S3-259333845,S3-474463057,S3-489783956	S2-106099802,S2-172550558,S2-181157974,S2-225035135,S2-313961917,S2-431693219,S2-437860296,S2-581024801,S2-704056900,S2-813175674	S3-259333845	Buttler, Wilding Manjarrez Inc		US	17	93.75	0.0	US|pfx8:buttlerw;US|pfx6:buttle;US|tok:manjarrez;US|tok:buttler;US|tok:wilding;US|2tok:buttler_wilding	Top-K Truncation / Bucket Slice (Shared keys: ['US|pfx8:buttlerw', 'US|pfx6:buttle'], but bucket sliced b[:8] or cap 15 reached)	Top-K Truncation / Bucket Slicing
S1-217259238	Buttler, Wilding and Manjarrez Inc	2038 Ohara Avenue, Sneads, FL	US	S2-106099802,S2-172550558,S3-259333845,S3-474463057,S3-489783956	S2-106099802,S2-172550558,S2-181157974,S2-225035135,S2-313961917,S2-431693219,S2-437860296,S2-581024801,S2-704056900,S2-813175674	S3-489783956	Butt1er, Wrioldinig And Manjarrez [Inc]	2038 Ohara Avenue, Sneads, Florida	US	17	90.41095890410959	92.06349206349206	US|tok:manjarrez;US|anum:2038_ohara	Top-K Truncation / Bucket Slice (Shared keys: ['US|tok:manjarrez', 'US|anum:2038_ohara'], but bucket sliced b[:8] or cap 15 reached)	Top-K Truncation / Bucket Slicing
S1-363414052	Meify, Inc	1202 Schreier Road, Unit B, Rossford, OH	US	S2-559623141,S2-669343208,S2-857674782,S3-821671998	S2-12187,S2-160148359,S2-205078295,S2-215517722,S2-247918984,S2-30933629,S2-311398778,S2-477882716,S2-486972146,S2-516795736	S2-669343208	Meify, Inc	ROSSFORD, OH, SCHREIER RD	US	17	100.0	36.92307692307693	US|alpha:meifyinc;US|tok:meify;US|pfx6:meifyi;US|pfx8:meifyinc	Top-K Truncation / Bucket Slice (Shared keys: ['US|alpha:meifyinc', 'US|tok:meify'], but bucket sliced b[:8] or cap 15 reached)	Top-K Truncation / Bucket Slicing
S1-363414052	Meify, Inc	1202 Schreier Road, Unit B, Rossford, OH	US	S2-559623141,S2-669343208,S2-857674782,S3-821671998	S2-12187,S2-160148359,S2-205078295,S2-215517722,S2-247918984,S2-30933629,S2-311398778,S2-477882716,S2-486972146,S2-516795736	S3-821671998	Mieaiyf, Inc	Ohio, Rossfoord, Unit B, 1202 Schreier Rd	US	17	81.81818181818181	46.913580246913575		No Shared Blocking Key Generated (Name Sim: 81.81818181818181%, Addr Sim: 46.913580246913575%)	No Blocking Rule Hit
S1-363414052	Meify, Inc	1202 Schreier Road, Unit B, Rossford, OH	US	S2-559623141,S2-669343208,S2-857674782,S3-821671998	S2-12187,S2-160148359,S2-205078295,S2-215517722,S2-247918984,S2-30933629,S2-311398778,S2-477882716,S2-486972146,S2-516795736	S2-857674782	INC. MEIFY,	1202 SCHREIER RD, ROSSFORD, OH	US	17	57.14285714285714	85.71428571428572	US|tok:meify;US|anum:1202_schreier	Top-K Truncation / Bucket Slice (Shared keys: ['US|tok:meify', 'US|anum:1202_schreier'], but bucket sliced b[:8] or cap 15 reached)	Top-K Truncation / Bucket Slicing
S1-719919136	Al Blue Consultancy Limited	24/7-A, Second Floor Tilak Nagar, New Delhi, West Delhi, Delhi	India	S2-680886210,S3-882766547	S2-311296381,S2-527365665,S2-566943878,S2-628941167,S2-712953247,S2-764497097,S2-930560704,S2-962537121,S3-696027919,S3-882766547	S2-680886210	अल ब्लू कंसल्टेंसी लिमिटेड	SECOND FLOOR TILAK NAGAR, 24/7-A, NEW DELHI, WEST DELHI, Delhi	India	11	11.32075471698113	87.09677419354838	INDIA|anum:24_second	Top-K Truncation / Bucket Slice (Shared keys: ['INDIA|anum:24_second'], but bucket sliced b[:8] or cap 15 reached)	Top-K Truncation / Bucket Slicing
S1-75134768	Urban Tech	Calcutta, 71 B R B Basu Rd, West Bengal, Kolkata	India	S2-170486292,S2-623236074,S3-146641895	S2-338696264,S2-346816329,S2-553805363,S2-561576326,S2-588582510,S2-625085775,S2-657955474,S2-69101601,S2-703663474,S2-730629241	S3-146641895	আরবান টেক	71 B R B Basu Rd, North 24 Paraganas, Calcutta, WB	India	16	10.526315789473683	55.10204081632652		No Shared Blocking Key Generated (Name Sim: 10.526315789473683%, Addr Sim: 55.10204081632652%)	No Blocking Rule Hit
S1-75134768	Urban Tech	Calcutta, 71 B R B Basu Rd, West Bengal, Kolkata	India	S2-170486292,S2-623236074,S3-146641895	S2-338696264,S2-346816329,S2-553805363,S2-561576326,S2-588582510,S2-625085775,S2-657955474,S2-69101601,S2-703663474,S2-730629241	S2-623236074	আরবান টেক	71 B R B BASU RD, CALCUTTA, পশ্চিমবঙ্গ	India	16	10.526315789473683	51.162790697674424		No Shared Blocking Key Generated (Name Sim: 10.526315789473683%, Addr Sim: 51.162790697674424%)	No Blocking Rule Hit
S1-75134768	Urban Tech	Calcutta, 71 B R B Basu Rd, West Bengal, Kolkata	India	S2-170486292,S2-623236074,S3-146641895	S2-338696264,S2-346816329,S2-553805363,S2-561576326,S2-588582510,S2-625085775,S2-657955474,S2-69101601,S2-703663474,S2-730629241	S2-170486292	আরবান টেক	71 B R B BASU RD, CALCUTTA, West Bengal	India	16	10.526315789473683	66.66666666666667		Address Correlated but Name Dissimilar (Addr Sim: 66.66666666666667%, missed address blocking key)	Address Correlated but Name Unmatched
S1-174758675	Phillis Rios Quantum	1091 Addice Way, Cincinnati, OH	US	S3-266973130,S3-966491223	S2-111524611,S2-196508637,S2-20645683,S2-350055757,S2-618712634,S2-651187209,S2-662355753,S2-671088719,S2-699379964,S2-745919386	S3-966491223	Phillis Rios	1091 Addice Way, Cincinnati, Ohio	US	16	75.0	96.875	US|pfx6:philli;US|tok:rios;US|tok:phillis;US|pfx8:phillisr;US|anum:1091_addice;US|2tok:phillis_rios	Top-K Truncation / Bucket Slice (Shared keys: ['US|pfx6:philli', 'US|tok:rios'], but bucket sliced b[:8] or cap 15 reached)	Top-K Truncation / Bucket Slicing
S1-124712855	Thompson Immigration Private Limited	Princetowers, Doorno.52&53, 9Thfloorcollegeroad, Nungambakkam, Chennai, Tamil Nadu	India	S2-889040389,S3-147531883,S3-398500200	S2-151246321,S2-313538984,S2-338125611,S2-346075566,S2-39591721,S2-424434922,S2-554166263,S2-615488971,S2-688451458,S2-727089938	S3-398500200	@Thompsonimmigration	Doorno.52&53, 9Thfloorcollegeroad, Nungambakkam, Chennai, Princetowers, TN, Chennai	India	12	67.85714285714286	75.15151515151514	INDIA|pfx6:thomps;INDIA|pfx8:thompson	Top-K Truncation / Bucket Slice (Shared keys: ['INDIA|pfx6:thomps', 'INDIA|pfx8:thompson'], but bucket sliced b[:8] or cap 15 reached)	Top-K Truncation / Bucket Slicing
S1-305403960	Urban Food Private Limited	5 East Avas Vikas Colony, Betiahata, Gorakhpur, Uttar Pradesh	India	S2-771841018,S2-942407057,S3-885146871	S2-100059330,S2-210061385,S2-221703619,S2-280638418,S2-304504520,S2-326867978,S2-408581900,S2-435370677,S2-569572406,S2-854306937	S2-942407057	privatefood.com	#5 EAST AVAS VIKAS COLONY, GORAKHPUR, ALINAGAR  GORAKHPUR, Uttar Pradesh	India	21	39.02439024390244	82.70676691729324	INDIA|anum:5_avas	Top-K Truncation / Bucket Slice (Shared keys: ['INDIA|anum:5_avas'], but bucket sliced b[:8] or cap 15 reached)	Top-K Truncation / Bucket Slicing
S1-305403960	Urban Food Private Limited	5 East Avas Vikas Colony, Betiahata, Gorakhpur, Uttar Pradesh	India	S2-771841018,S2-942407057,S3-885146871	S2-100059330,S2-210061385,S2-221703619,S2-280638418,S2-304504520,S2-326867978,S2-408581900,S2-435370677,S2-569572406,S2-854306937	S2-771841018	अर्बन फूड प्राइवेट लिमिटेड	5 EAST AVAS VIKAS COLONY, BETIAHATA, CIVIL LINES, उत्तर प्रदेश	India	21	11.538461538461542	65.04065040650406	INDIA|anum:5_avas	Top-K Truncation / Bucket Slice (Shared keys: ['INDIA|anum:5_avas'], but bucket sliced b[:8] or cap 15 reached)	Top-K Truncation / Bucket Slicing
S1-305403960	Urban Food Private Limited	5 East Avas Vikas Colony, Betiahata, Gorakhpur, Uttar Pradesh	India	S2-771841018,S2-942407057,S3-885146871	S2-100059330,S2-210061385,S2-221703619,S2-280638418,S2-304504520,S2-326867978,S2-408581900,S2-435370677,S2-569572406,S2-854306937	S3-885146871	Urban Food Private	Gorakhpur, ##5 East Avas Vikas Colony, Gorakhpur, UP, Betiahata	India	21	81.81818181818181	66.12903225806453	INDIA|2tok:urban_food;INDIA|tok:food;INDIA|pfx8:urbanfoo;INDIA|pfx6:urbanf;INDIA|tok:urban	Top-K Truncation / Bucket Slice (Shared keys: ['INDIA|2tok:urban_food', 'INDIA|tok:food'], but bucket sliced b[:8] or cap 15 reached)	Top-K Truncation / Bucket Slicing
S1-615738219	Rahul Brothers Private Limited	A-279Okhla Phase-I, New Delhi, South Delhi, Delhi	India	S2-371140968,S2-736811334,S3-629355792,S3-6559536	S2-112419826,S2-140775554,S2-200225285,S2-204874988,S2-371140968,S2-372656518,S2-511998264,S2-533943199,S2-549967725,S2-68322778	S3-6559536	Rahul Private Limited Center	A-00279okhla Phase-i, New Delhi, Vasundhara, दिल्ली	India	15	72.41379310344827	74.0	INDIA|tok:rahul	Top-K Truncation / Bucket Slice (Shared keys: ['INDIA|tok:rahul'], but bucket sliced b[:8] or cap 15 reached)	Top-K Truncation / Bucket Slicing
S1-615738219	Rahul Brothers Private Limited	A-279Okhla Phase-I, New Delhi, South Delhi, Delhi	India	S2-371140968,S2-736811334,S3-629355792,S3-6559536	S2-112419826,S2-140775554,S2-200225285,S2-204874988,S2-371140968,S2-372656518,S2-511998264,S2-533943199,S2-549967725,S2-68322778	S3-629355792	Rahul Brothers Private	A-00279okhla Phase-i, New Delhi, Vasundhara, DL	India	15	84.61538461538461	81.25	INDIA|tok:brothers;INDIA|2tok:rahul_brothers;INDIA|pfx6:rahulb;INDIA|pfx8:rahulbro;INDIA|tok:rahul	Top-K Truncation / Bucket Slice (Shared keys: ['INDIA|tok:brothers', 'INDIA|2tok:rahul_brothers'], but bucket sliced b[:8] or cap 15 reached)	Top-K Truncation / Bucket Slicing
S1-615738219	Rahul Brothers Private Limited	A-279Okhla Phase-I, New Delhi, South Delhi, Delhi	India	S2-371140968,S2-736811334,S3-629355792,S3-6559536	S2-112419826,S2-140775554,S2-200225285,S2-204874988,S2-371140968,S2-372656518,S2-511998264,S2-533943199,S2-549967725,S2-68322778	S2-736811334	RAHUL BRÓTHERS	A-D/279OKHLA PHASE-I, NEW DEGHI, Delhi	India	15	59.09090909090908	80.45977011494253	INDIA|pfx6:rahulb;INDIA|tok:rahul	Top-K Truncation / Bucket Slice (Shared keys: ['INDIA|pfx6:rahulb', 'INDIA|tok:rahul'], but bucket sliced b[:8] or cap 15 reached)	Top-K Truncation / Bucket Slicing
S1-743936349	Shanda F. Jones, MD	15 Hager Lane, Richland, NY	US	S2-121399524,S2-394682076,S2-576715951,S2-961937751,S3-124991785,S3-17193436,S3-541208023	S2-121399524,S2-136741591,S2-22774952,S2-296201644,S2-33336236,S2-394682076,S2-505939337,S2-576715951,S2-579886534,S2-797818127	S3-541208023	Drexorbi a/k/a Shanda F. Jones, MD	15 Hager Lane, Richland, NY	US	16	71.69811320754718	100.0	US|tok:shanda;US|tok:jones;US|anum:15_hager	Top-K Truncation / Bucket Slice (Shared keys: ['US|tok:shanda', 'US|tok:jones'], but bucket sliced b[:8] or cap 15 reached)	Top-K Truncation / Bucket Slicing
S1-94297591	Quva LLC	9200 Beach Road, Town Of Port Wing, WI	US	S2-104406063,S2-442481350,S3-122350928,S3-439143687,S3-470174573,S3-792334727,S3-815780246	S2-104406063,S2-168065371,S2-179717218,S2-25899819,S2-390589328,S2-404291101,S2-456769340,S2-565816169,S2-691047668,S2-836595067	S2-442481350	Quva	9200 BEACH RD, TOWN OF PORT WING, WI	US	16	66.66666666666667	97.2972972972973	US|tok:quva;US|anum:9200_beach	Top-K Truncation / Bucket Slice (Shared keys: ['US|tok:quva', 'US|anum:9200_beach'], but bucket sliced b[:8] or cap 15 reached)	Top-K Truncation / Bucket Slicing
S1-94297591	Quva LLC	9200 Beach Road, Town Of Port Wing, WI	US	S2-104406063,S2-442481350,S3-122350928,S3-439143687,S3-470174573,S3-792334727,S3-815780246	S2-104406063,S2-168065371,S2-179717218,S2-25899819,S2-390589328,S2-404291101,S2-456769340,S2-565816169,S2-691047668,S2-836595067	S3-792334727	Quva-LLC	9200 Beach Rd, Port Wing, Wisconsin	US	16	87.5	76.71232876712328	US|alpha:quvallc;US|tok:quva;US|pfx6:quvall;US|anum:9200_beach	Top-K Truncation / Bucket Slice (Shared keys: ['US|alpha:quvallc', 'US|tok:quva'], but bucket sliced b[:8] or cap 15 reached)	Top-K Truncation / Bucket Slicing
S1-94297591	Quva LLC	9200 Beach Road, Town Of Port Wing, WI	US	S2-104406063,S2-442481350,S3-122350928,S3-439143687,S3-470174573,S3-792334727,S3-815780246	S2-104406063,S2-168065371,S2-179717218,S2-25899819,S2-390589328,S2-404291101,S2-456769340,S2-565816169,S2-691047668,S2-836595067	S3-122350928	Quva-LLC	Town Of Port Wing, 9200 Beach Rd, Wisconsin	US	16	87.5	51.85185185185186	US|tok:quva;US|pfx6:quvall;US|alpha:quvallc	Top-K Truncation / Bucket Slice (Shared keys: ['US|tok:quva', 'US|pfx6:quvall'], but bucket sliced b[:8] or cap 15 reached)	Top-K Truncation / Bucket Slicing
S1-501296085	Valley & Co	Flat No 33 B, Udaygiri 1St, Sector 34, Uttar Pradesh, Gautam Buddha Nagar, Noida	India	S2-604608859,S3-328999650,S3-406930359	S2-155669610,S2-286251119,S2-404537083,S2-45591856,S2-498965583,S2-582935421,S2-606387669,S2-695255886,S2-698622214,S2-791854053	S3-328999650	CO & VALLEY	Flta No D/33 B, Noida, Gautam Buddha Nagar, UP	India	17	54.54545454545454	60.31746031746032	INDIA|tok:valley	Top-K Truncation / Bucket Slice (Shared keys: ['INDIA|tok:valley'], but bucket sliced b[:8] or cap 15 reached)	Top-K Truncation / Bucket Slicing
S1-501296085	Valley & Co	Flat No 33 B, Udaygiri 1St, Sector 34, Uttar Pradesh, Gautam Buddha Nagar, Noida	India	S2-604608859,S3-328999650,S3-406930359	S2-155669610,S2-286251119,S2-404537083,S2-45591856,S2-498965583,S2-582935421,S2-606387669,S2-695255886,S2-698622214,S2-791854053	S2-604608859	Mr Valley + Co.	FLAT NO 33 B, UDAYGIRI 1ST, SECTOR 34, NOIDA, उत्तर प्रदेश	India	17	76.92307692307692	63.76811594202898	INDIA|tok:valley;INDIA|anum:33_flat	Top-K Truncation / Bucket Slice (Shared keys: ['INDIA|tok:valley', 'INDIA|anum:33_flat'], but bucket sliced b[:8] or cap 15 reached)	Top-K Truncation / Bucket Slicing
S1-501296085	Valley & Co	Flat No 33 B, Udaygiri 1St, Sector 34, Uttar Pradesh, Gautam Buddha Nagar, Noida	India	S2-604608859,S3-328999650,S3-406930359	S2-155669610,S2-286251119,S2-404537083,S2-45591856,S2-498965583,S2-582935421,S2-606387669,S2-695255886,S2-698622214,S2-791854053	S3-406930359	Valley & &	Flat No D/33 B, Udaygiri 1St, Sector 34, Noida, Gautam Buddha Nagar, UP	India	17	85.71428571428572	83.44370860927152	INDIA|tok:valley;INDIA|pfx6:valley;INDIA|anum:33_flat	Top-K Truncation / Bucket Slice (Shared keys: ['INDIA|tok:valley', 'INDIA|pfx6:valley'], but bucket sliced b[:8] or cap 15 reached)	Top-K Truncation / Bucket Slicing
S1-967153211	Sharl's Hair Studio LLC	9335 Horseshoe Bend Drive, Charlotte, NC	US	S2-920482764,S2-956355848,S3-517851393	S2-214470814,S2-220030723,S2-247910853,S2-272004579,S2-276713094,S2-310013013,S2-42331319,S2-565102096,S2-585527092,S2-637849965	S2-920482764	LLC Sharl's Háir Studio	9335 HORSESHOE BEND DR, CHARLOTTE TOWNSHIP, NC	US	17	78.26086956521739	86.04651162790698	US|anum:9335_horseshoe;US|tok:sharl;US|tok:studio;US|2tok:sharl_s	Top-K Truncation / Bucket Slice (Shared keys: ['US|anum:9335_horseshoe', 'US|tok:sharl'], but bucket sliced b[:8] or cap 15 reached)	Top-K Truncation / Bucket Slicing
S1-300031623	City It Limited	I-110Mayapuri Indl Area Phase-Ii, New Delhi, West Delhi, Delhi	India	S2-52719775,S2-676401304,S3-394350891	S2-264451477,S2-355318584,S2-406437442,S2-426582899,S2-455703324,S2-526592560,S2-638589631,S2-670992606,S2-809428610,S2-9812664	S2-676401304	सिटी आईटी लिमिटेड	NEW DELHI, WEST DELHI, H.NO 738 I-110MAYAPURI INDL AREA PHASE-II, दिल्ली	India	16	12.5	50.74626865671642		No Shared Blocking Key Generated (Name Sim: 12.5%, Addr Sim: 50.74626865671642%)	No Blocking Rule Hit
S1-300031623	City It Limited	I-110Mayapuri Indl Area Phase-Ii, New Delhi, West Delhi, Delhi	India	S2-52719775,S2-676401304,S3-394350891	S2-264451477,S2-355318584,S2-406437442,S2-426582899,S2-455703324,S2-526592560,S2-638589631,S2-670992606,S2-809428610,S2-9812664	S2-52719775	सिटी आईटी लिमिटेड	Delhi, NEW DELHI, H.NO 738 I-110MAYAPURI INDL AREA PHASE-II, WEST DELHI	India	16	12.5	66.16541353383458		Address Correlated but Name Dissimilar (Addr Sim: 66.16541353383458%, missed address blocking key)	Address Correlated but Name Unmatched
S1-300031623	City It Limited	I-110Mayapuri Indl Area Phase-Ii, New Delhi, West Delhi, Delhi	India	S2-52719775,S2-676401304,S3-394350891	S2-264451477,S2-355318584,S2-406437442,S2-426582899,S2-455703324,S2-526592560,S2-638589631,S2-670992606,S2-809428610,S2-9812664	S3-394350891	cityit.com	I-110mayapuri Indl Area Phase-ii, New Delhi, West Delhi, DL	India	16	56.00000000000001	97.52066115702479	INDIA|pfx6:cityit	Top-K Truncation / Bucket Slice (Shared keys: ['INDIA|pfx6:cityit'], but bucket sliced b[:8] or cap 15 reached)	Top-K Truncation / Bucket Slicing
S1-98579303	Indian Technologies	Flat 19/1/16, Nabin Chandra Das Road, Kolkata, Kolkata, Howrah, West Bengal	India	S2-485676726,S2-699210329,S3-690119410,S3-719484948	S2-166678001,S2-172911227,S2-259273780,S2-332827491,S2-420617607,S2-429993354,S2-485676726,S2-568072752,S2-727247663,S2-774671404	S2-699210329	ইন্ডিয়ান টেকনোলজিস	FLAT 19/1/16, NABIN CHANDRA DAS ROAD, KOLKATA, KOLKATA, HOWRAH, West Bengal	India	16	5.263157894736848	100.0	INDIA|anum:19_flat	Top-K Truncation / Bucket Slice (Shared keys: ['INDIA|anum:19_flat'], but bucket sliced b[:8] or cap 15 reached)	Top-K Truncation / Bucket Slicing
S1-98579303	Indian Technologies	Flat 19/1/16, Nabin Chandra Das Road, Kolkata, Kolkata, Howrah, West Bengal	India	S2-485676726,S2-699210329,S3-690119410,S3-719484948	S2-166678001,S2-172911227,S2-259273780,S2-332827491,S2-420617607,S2-429993354,S2-485676726,S2-568072752,S2-727247663,S2-774671404	S3-690119410	ইন্ডিয়ান টেকনোলজিস	Flat 19/1/16, Howrah, Kolkata, WB	India	16	5.263157894736848	55.55555555555556	INDIA|anum:19_flat	Top-K Truncation / Bucket Slice (Shared keys: ['INDIA|anum:19_flat'], but bucket sliced b[:8] or cap 15 reached)	Top-K Truncation / Bucket Slicing
S1-98579303	Indian Technologies	Flat 19/1/16, Nabin Chandra Das Road, Kolkata, Kolkata, Howrah, West Bengal	India	S2-485676726,S2-699210329,S3-690119410,S3-719484948	S2-166678001,S2-172911227,S2-259273780,S2-332827491,S2-420617607,S2-429993354,S2-485676726,S2-568072752,S2-727247663,S2-774671404	S3-719484948	Indian Services	Flat 19/1/16, Kolkata, Howrah, পশ্চিমবঙ্গ	India	16	64.70588235294117	53.448275862068975	INDIA|anum:19_flat;INDIA|tok:indian;INDIA|pfx6:indian	Top-K Truncation / Bucket Slice (Shared keys: ['INDIA|anum:19_flat', 'INDIA|tok:indian'], but bucket sliced b[:8] or cap 15 reached)	Top-K Truncation / Bucket Slicing
S1-576857452	Urban Investment Private Limited	709, 7Th Flr, Kosha Kommercial Komplex, Malad East, Mumbai, Maharashtra	India	S2-282093815,S2-51849291,S2-589475646,S2-589736060,S3-534158896,S3-972657805	S2-118800618,S2-185576777,S2-265599481,S2-31986445,S2-396772494,S2-544536013,S2-589736060,S2-676472984,S2-705569631,S2-750231698	S2-282093815	अर्बन इन्वेस्टमेंट प्राइवेट लिमिटेड	709, 7TH FLR, KOSHA KOMMERCIAL KOMPLEX, MUMBAI II, MUMBAI, Maharashtra	India	15	8.955223880597018	90.78014184397163	INDIA|anum:709_7th	Top-K Truncation / Bucket Slice (Shared keys: ['INDIA|anum:709_7th'], but bucket sliced b[:8] or cap 15 reached)	Top-K Truncation / Bucket Slicing
S1-576857452	Urban Investment Private Limited	709, 7Th Flr, Kosha Kommercial Komplex, Malad East, Mumbai, Maharashtra	India	S2-282093815,S2-51849291,S2-589475646,S2-589736060,S3-534158896,S3-972657805	S2-118800618,S2-185576777,S2-265599481,S2-31986445,S2-396772494,S2-544536013,S2-589736060,S2-676472984,S2-705569631,S2-750231698	S3-534158896	Private Urban Inesmmeit Limited	62 709, 7Th Flr, Kosha Kommercial Komplex, Malad East, Mumbai, MH	India	15	69.84126984126983	91.17647058823529	INDIA|tok:urban	Top-K Truncation / Bucket Slice (Shared keys: ['INDIA|tok:urban'], but bucket sliced b[:8] or cap 15 reached)	Top-K Truncation / Bucket Slicing
S1-576857452	Urban Investment Private Limited	709, 7Th Flr, Kosha Kommercial Komplex, Malad East, Mumbai, Maharashtra	India	S2-282093815,S2-51849291,S2-589475646,S2-589736060,S3-534158896,S3-972657805	S2-118800618,S2-185576777,S2-265599481,S2-31986445,S2-396772494,S2-544536013,S2-589736060,S2-676472984,S2-705569631,S2-750231698	S2-51849291	Urban Private Limited Center	709-, 7TH FLR, KOSHA KOMMERCIAL KOMPLEX, MALAD EAST, महाराष्ट्र	India	15	70.0	77.61194029850746	INDIA|tok:urban;INDIA|anum:709_7th	Top-K Truncation / Bucket Slice (Shared keys: ['INDIA|tok:urban', 'INDIA|anum:709_7th'], but bucket sliced b[:8] or cap 15 reached)	Top-K Truncation / Bucket Slicing
S1-576857452	Urban Investment Private Limited	709, 7Th Flr, Kosha Kommercial Komplex, Malad East, Mumbai, Maharashtra	India	S2-282093815,S2-51849291,S2-589475646,S2-589736060,S3-534158896,S3-972657805	S2-118800618,S2-185576777,S2-265599481,S2-31986445,S2-396772494,S2-544536013,S2-589736060,S2-676472984,S2-705569631,S2-750231698	S3-972657805	Smt Urban  Investment Private Limited	No. 62 709, 7Th Flr, Kosha Kommercial Komplex, Mumbai, MH	India	15	92.7536231884058	78.125	INDIA|tok:urban;INDIA|tok:investment	Top-K Truncation / Bucket Slice (Shared keys: ['INDIA|tok:urban', 'INDIA|tok:investment'], but bucket sliced b[:8] or cap 15 reached)	Top-K Truncation / Bucket Slicing
S1-576857452	Urban Investment Private Limited	709, 7Th Flr, Kosha Kommercial Komplex, Malad East, Mumbai, Maharashtra	India	S2-282093815,S2-51849291,S2-589475646,S2-589736060,S3-534158896,S3-972657805	S2-118800618,S2-185576777,S2-265599481,S2-31986445,S2-396772494,S2-544536013,S2-589736060,S2-676472984,S2-705569631,S2-750231698	S2-589475646	URBAN INVESTMENT  PRIVAFTE LIMITED	709-, 7TH FLR, KOSHA KOMMERCIAL KOMPLEX, MALAD EAST, Maharashtra	India	15	96.96969696969697	93.33333333333333	INDIA|pfx8:urbaninv;INDIA|pfx6:urbani;INDIA|tok:investment;INDIA|tok:urban;INDIA|2tok:urban_investment;INDIA|anum:709_7th	Top-K Truncation / Bucket Slice (Shared keys: ['INDIA|pfx8:urbaninv', 'INDIA|pfx6:urbani'], but bucket sliced b[:8] or cap 15 reached)	Top-K Truncation / Bucket Slicing
S1-79772943	Nobles School of Medicine	Hereford, AZ, 6252 Saddlehorn Circle	US	S2-520554845,S3-214703316,S3-706508309	S2-152146586,S2-39731075,S2-520554845,S2-572421685,S2-599596078,S2-608892559,S2-691231733,S2-772459009,S2-773310034,S2-980417670	S3-706508309	School Nobles of Services	6252-6254 Saddlehorn Circle, Hereford, Arizona	US	15	56.00000000000001	53.65853658536586	US|tok:nobles;US|tok:school	Top-K Truncation / Bucket Slice (Shared keys: ['US|tok:nobles', 'US|tok:school'], but bucket sliced b[:8] or cap 15 reached)	Top-K Truncation / Bucket Slicing
S1-694085192	Internal Medicine Associates	5227 Main Street, Unit 32, Downers Grove, IL	US	S2-382062434,S2-820989203,S3-433741264,S3-450544623,S3-593835520	S2-138749299,S2-254387698,S2-264115380,S2-399419154,S2-768580150,S2-843234707,S2-925191280,S2-939668034,S2-950235777,S3-374937202	S2-820989203	Internal Medicine Asofiaes	005227 MAIN STREET, DOWNERS GROVE, IL	US	13	92.5925925925926	86.41975308641976	US|pfx8:internal;US|tok:internal;US|pfx6:intern;US|2tok:internal_medicine;US|tok:medicine	Top-K Truncation / Bucket Slice (Shared keys: ['US|pfx8:internal', 'US|tok:internal'], but bucket sliced b[:8] or cap 15 reached)	Top-K Truncation / Bucket Slicing
S1-694085192	Internal Medicine Associates	5227 Main Street, Unit 32, Downers Grove, IL	US	S2-382062434,S2-820989203,S3-433741264,S3-450544623,S3-593835520	S2-138749299,S2-254387698,S2-264115380,S2-399419154,S2-768580150,S2-843234707,S2-925191280,S2-939668034,S2-950235777,S3-374937202	S3-433741264	Internal Medicine	Main St, # 32, Downers Grove, Illinois	US	13	75.55555555555556	75.60975609756098	US|pfx8:internal;US|tok:internal;US|pfx6:intern;US|2tok:internal_medicine;US|tok:medicine	Top-K Truncation / Bucket Slice (Shared keys: ['US|pfx8:internal', 'US|tok:internal'], but bucket sliced b[:8] or cap 15 reached)	Top-K Truncation / Bucket Slicing
S1-694085192	Internal Medicine Associates	5227 Main Street, Unit 32, Downers Grove, IL	US	S2-382062434,S2-820989203,S3-433741264,S3-450544623,S3-593835520	S2-138749299,S2-254387698,S2-264115380,S2-399419154,S2-768580150,S2-843234707,S2-925191280,S2-939668034,S2-950235777,S3-374937202	S2-382062434	Internal Medicine  Center	005227 MAIN STREET, DOWNERS GROVE, IL	US	13	79.24528301886792	86.41975308641976	US|pfx8:internal;US|tok:internal;US|pfx6:intern;US|2tok:internal_medicine;US|tok:medicine	Top-K Truncation / Bucket Slice (Shared keys: ['US|pfx8:internal', 'US|tok:internal'], but bucket sliced b[:8] or cap 15 reached)	Top-K Truncation / Bucket Slicing
S1-525055772	Summit Network	8313 Sweet Cherry Lane, Laurel, MD	US	S3-758283141,S3-889633408	S2-151724940,S2-180757993,S2-210618071,S2-263857096,S2-338207246,S2-342480969,S2-377242212,S2-525209751,S2-607123680,S2-622138566	S3-889633408	Summit Summit Nemtwko	8313 Sweet Cherry Ln, Laurel, Maryland	US	16	68.57142857142857	88.88888888888889	US|tok:summit;US|anum:8313_sweet;US|pfx6:summit	Top-K Truncation / Bucket Slice (Shared keys: ['US|tok:summit', 'US|anum:8313_sweet'], but bucket sliced b[:8] or cap 15 reached)	Top-K Truncation / Bucket Slicing
S1-525055772	Summit Network	8313 Sweet Cherry Lane, Laurel, MD	US	S3-758283141,S3-889633408	S2-151724940,S2-180757993,S2-210618071,S2-263857096,S2-338207246,S2-342480969,S2-377242212,S2-525209751,S2-607123680,S2-622138566	S3-758283141	Summit  Network	8313 Sweet Cherry Lane, Laurel, Maryland	US	16	96.55172413793103	91.89189189189189	US|tok:summit;US|pfx6:summit;US|pfx8:summitne;US|alpha:summitnetwork;US|anum:8313_sweet;US|tok:network;US|2tok:summit_network	Top-K Truncation / Bucket Slice (Shared keys: ['US|tok:summit', 'US|pfx6:summit'], but bucket sliced b[:8] or cap 15 reached)	Top-K Truncation / Bucket Slicing
S1-219548536	Dahlen Direct Muniyield	215 Victoria Road, Hartford, CT	US	S2-136041592,S2-9271989,S3-206417184,S3-791592839,S3-808807781	S2-136041592,S2-143935207,S2-200858016,S2-256980609,S2-280339209,S2-395596925,S2-426632230,S2-445419674,S2-518427410,S2-521811207	S3-791592839	Dahlen Direct Services		US	17	71.11111111111111	0.0	US|pfx8:dahlendi;US|2tok:dahlen_direct;US|pfx6:dahlen;US|tok:dahlen	Top-K Truncation / Bucket Slice (Shared keys: ['US|pfx8:dahlendi', 'US|2tok:dahlen_direct'], but bucket sliced b[:8] or cap 15 reached)	Top-K Truncation / Bucket Slicing
S1-219548536	Dahlen Direct Muniyield	215 Victoria Road, Hartford, CT	US	S2-136041592,S2-9271989,S3-206417184,S3-791592839,S3-808807781	S2-136041592,S2-143935207,S2-200858016,S2-256980609,S2-280339209,S2-395596925,S2-426632230,S2-445419674,S2-518427410,S2-521811207	S3-808807781	Mdunieyld Direct Dahlen	21 Victoria Road, Hartford, Connecticut	US	17	47.82608695652174	85.71428571428572	US|tok:dahlen	Top-K Truncation / Bucket Slice (Shared keys: ['US|tok:dahlen'], but bucket sliced b[:8] or cap 15 reached)	Top-K Truncation / Bucket Slicing
S1-219548536	Dahlen Direct Muniyield	215 Victoria Road, Hartford, CT	US	S2-136041592,S2-9271989,S3-206417184,S3-791592839,S3-808807781	S2-136041592,S2-143935207,S2-200858016,S2-256980609,S2-280339209,S2-395596925,S2-426632230,S2-445419674,S2-518427410,S2-521811207	S3-206417184	DIRECT DAHLEN MUNIYIELD	Victoria Road, Hartford, Connecticut	US	17	69.56521739130434	80.59701492537313	US|tok:dahlen;US|tok:muniyield	Top-K Truncation / Bucket Slice (Shared keys: ['US|tok:dahlen', 'US|tok:muniyield'], but bucket sliced b[:8] or cap 15 reached)	Top-K Truncation / Bucket Slicing
S1-862338675	Sloan Mountain Grid Corp	3315 80th Street, City Of Kenosha, WI	US	S2-177685541,S3-460733328,S3-489874367	S2-131183280,S2-446708039,S2-533181017,S2-706057520,S2-784661130,S2-849385460,S2-872469675,S2-936396691,S3-129261544,S3-155574203	S2-177685541	Sloan Grid Corp Partners	3315 80st Street, CITY OF KENOSHA, WI	US	14	62.5	97.2972972972973	US|tok:sloan;US|tok:grid	Top-K Truncation / Bucket Slice (Shared keys: ['US|tok:sloan', 'US|tok:grid'], but bucket sliced b[:8] or cap 15 reached)	Top-K Truncation / Bucket Slicing
S1-448345019	Urban Construction Private Limited	Flat No. B1/604, Minar Regency Talao Pali Mumbra, Thane, Maharashtra	India	S2-670549181,S3-245412518,S3-452820751,S3-462678740	S2-107453457,S2-127759342,S2-14268106,S2-24322829,S2-395439180,S2-559468536,S2-670549181,S2-711629421,S2-768000328,S2-853161136	S3-462678740	Urban Private  Limited Center	Door No 899 Flat No. B1/604, Thane, महाराष्ट्र	India	15	66.66666666666667	42.10526315789473	INDIA|tok:urban	Top-K Truncation / Bucket Slice (Shared keys: ['INDIA|tok:urban'], but bucket sliced b[:8] or cap 15 reached)	Top-K Truncation / Bucket Slicing
S1-448345019	Urban Construction Private Limited	Flat No. B1/604, Minar Regency Talao Pali Mumbra, Thane, Maharashtra	India	S2-670549181,S3-245412518,S3-452820751,S3-462678740	S2-107453457,S2-127759342,S2-14268106,S2-24322829,S2-395439180,S2-559468536,S2-670549181,S2-711629421,S2-768000328,S2-853161136	S3-452820751	urbanconstruction.com	#899 Flat No. B1/604, Thane, महाराष्ट्र	India	15	65.45454545454545	44.859813084112155	INDIA|pfx6:urbanc;INDIA|pfx8:urbancon	Top-K Truncation / Bucket Slice (Shared keys: ['INDIA|pfx6:urbanc', 'INDIA|pfx8:urbancon'], but bucket sliced b[:8] or cap 15 reached)	Top-K Truncation / Bucket Slicing
S1-448345019	Urban Construction Private Limited	Flat No. B1/604, Minar Regency Talao Pali Mumbra, Thane, Maharashtra	India	S2-670549181,S3-245412518,S3-452820751,S3-462678740	S2-107453457,S2-127759342,S2-14268106,S2-24322829,S2-395439180,S2-559468536,S2-670549181,S2-711629421,S2-768000328,S2-853161136	S3-245412518	Korquokelo aka Urban Construction Private Limited	Flat No. B1/604, Minar Regency Talao Pali Mumbra, Thane, Maharashtra	India	15	81.92771084337349	100.0	INDIA|tok:urban;INDIA|tok:construction;INDIA|anum:604_flat	Top-K Truncation / Bucket Slice (Shared keys: ['INDIA|tok:urban', 'INDIA|tok:construction'], but bucket sliced b[:8] or cap 15 reached)	Top-K Truncation / Bucket Slicing
S1-883829621	Orange Metals Private Limited	Flat No 209, B-2 Vaishnav Building, Surendra Place, Bhopal, Madhya Pradesh	India	S2-50778208,S2-934657695,S3-516177694,S3-691381884,S3-708888654	S2-398858701,S2-43259690,S2-50778208,S2-55249641,S2-591816285,S2-619550994,S2-646750445,S2-679351897,S2-784723894,S2-832335268	S3-708888654	Shri orange metals private limited		India	16	92.06349206349206	0.0	INDIA|tok:orange;INDIA|tok:metals	Top-K Truncation / Bucket Slice (Shared keys: ['INDIA|tok:orange', 'INDIA|tok:metals'], but bucket sliced b[:8] or cap 15 reached)	Top-K Truncation / Bucket Slicing
S1-153055996	Summit Associates	1391 Country Lane, Bellingham, WA	US	S2-612435488,S3-181553295,S3-686485173,S3-877194530	S2-179499574,S2-351419909,S2-402152742,S2-47954728,S2-491098962,S2-533745519,S2-610193296,S2-740063504,S3-181553295,S3-255935900	S2-612435488	Summit Associates Inc	001391 COUNTRY LN, BELLINGHAM, WA	US	16	89.47368421052632	93.93939393939394	US|pfx8:summitas;US|tok:summit;US|pfx6:summit	Top-K Truncation / Bucket Slice (Shared keys: ['US|pfx8:summitas', 'US|tok:summit'], but bucket sliced b[:8] or cap 15 reached)	Top-K Truncation / Bucket Slicing
S1-252433119	Secure Telecom Collective	2909 Pasture View Court, Powell, OH	US	S2-398533842,S3-531855168,S3-673614942,S3-713360144	S2-104106018,S2-198571343,S2-215230912,S2-235563127,S2-252523356,S2-312992613,S2-322878483,S2-484531142,S2-617303390,S2-678527396	S3-713360144	Secure Cóllective Telecom	2909 Pasture View Ct, Powell, Ohio	US	16	64.0	92.7536231884058	US|pfx6:secure;US|anum:2909_pasture;US|tok:secure;US|tok:telecom	Top-K Truncation / Bucket Slice (Shared keys: ['US|pfx6:secure', 'US|anum:2909_pasture'], but bucket sliced b[:8] or cap 15 reached)	Top-K Truncation / Bucket Slicing
S1-252433119	Secure Telecom Collective	2909 Pasture View Court, Powell, OH	US	S2-398533842,S3-531855168,S3-673614942,S3-713360144	S2-104106018,S2-198571343,S2-215230912,S2-235563127,S2-252523356,S2-312992613,S2-322878483,S2-484531142,S2-617303390,S2-678527396	S2-398533842	Secure-Teelnocm Cóllective	2909 PASTURE VIEW CT, POWELL, N/A, OH	US	16	82.35294117647058	88.88888888888889	US|pfx8:securete;US|pfx6:secure;US|tok:secure;US|anum:2909_pasture	Top-K Truncation / Bucket Slice (Shared keys: ['US|pfx8:securete', 'US|pfx6:secure'], but bucket sliced b[:8] or cap 15 reached)	Top-K Truncation / Bucket Slicing
S1-324674388	Classic Park LLC	5445 Desert Hills Drive, Glendale, AZ	US	S2-902329766,S3-131280921,S3-556031955,S3-577061638	S2-714084155,S3-131280921,S3-556031955,S3-577061638	S2-902329766	Classic LLC Center	5447 DESERT HILLS DR, GLENDALE, AZ	US	4	64.70588235294117	92.95774647887323	US|pfx6:classi;US|tok:classic	Top-K Truncation / Bucket Slice (Shared keys: ['US|pfx6:classi', 'US|tok:classic'], but bucket sliced b[:8] or cap 15 reached)	Top-K Truncation / Bucket Slicing
S1-827102573	Oncology Optimal Medicine PC	7295 Sunset Strip Avenue, Canton, OH	US	S2-538642629,S2-69779611,S3-348052580	S2-109154997,S2-148470160,S2-260708381,S2-41028061,S2-46304151,S2-46477735,S2-530643311,S2-69779611,S2-932529511,S3-348052580	S2-538642629	Oncology Optimal Medicine Inc	295 SUNSET STRIP AVE, N. CANTON, OH	US	10	94.73684210526316	90.14084507042254	US|tok:oncology;US|2tok:oncology_optimal;US|tok:medicine;US|pfx6:oncolo;US|tok:optimal;US|pfx8:oncology	Top-K Truncation / Bucket Slice (Shared keys: ['US|tok:oncology', 'US|2tok:oncology_optimal'], but bucket sliced b[:8] or cap 15 reached)	Top-K Truncation / Bucket Slicing
S1-989439466	Value Digital Concepts	20464 Cooks Drive, Marshall, IL	US	S2-179687447,S2-320065734,S3-312396063,S3-904934213	S2-150172156,S2-227884179,S2-304392443,S2-332103621,S2-387100046,S2-538642345,S2-674429815,S2-757161802,S2-982317286,S3-312396063	S2-320065734	Value Digital Cnnesrs	020464 COOKS DR, DEENNISON CDP, IL	US	11	83.72093023255813	64.61538461538461	US|tok:value;US|pfx8:valuedig;US|2tok:value_digital;US|pfx6:valued;US|tok:digital	Top-K Truncation / Bucket Slice (Shared keys: ['US|tok:value', 'US|pfx8:valuedig'], but bucket sliced b[:8] or cap 15 reached)	Top-K Truncation / Bucket Slicing
S1-989439466	Value Digital Concepts	20464 Cooks Drive, Marshall, IL	US	S2-179687447,S2-320065734,S3-312396063,S3-904934213	S2-150172156,S2-227884179,S2-304392443,S2-332103621,S2-387100046,S2-538642345,S2-674429815,S2-757161802,S2-982317286,S3-312396063	S2-179687447	Concepts-Co Digital Value	020464 COOKS DR, DEENNISON CDP, IL	US	11	46.808510638297875	64.61538461538461	US|tok:value;US|tok:concepts;US|tok:digital	Top-K Truncation / Bucket Slice (Shared keys: ['US|tok:value', 'US|tok:concepts'], but bucket sliced b[:8] or cap 15 reached)	Top-K Truncation / Bucket Slicing
S1-31205819	Tirupati Media Pvt Ltd	Zeelproperties Panchkutir, Pawarwadi A S Marg Powai, Mumbai, Maharashtra	India	S2-673077177,S2-70151377,S3-704524429	S2-137008350,S2-188038006,S2-287053358,S2-539990820,S2-546590121,S2-566303998,S2-792152569,S2-861243995,S2-96055929,S3-579140349	S2-673077177	तिरुपति मीडिया प्रा. लि.	ZEELPROPERTIES PANCHKUTIR, MUMBAI, महाराष्ट्र	India	10	13.043478260869568	59.82905982905983		No Shared Blocking Key Generated (Name Sim: 13.043478260869568%, Addr Sim: 59.82905982905983%)	No Blocking Rule Hit
S1-31205819	Tirupati Media Pvt Ltd	Zeelproperties Panchkutir, Pawarwadi A S Marg Powai, Mumbai, Maharashtra	India	S2-673077177,S2-70151377,S3-704524429	S2-137008350,S2-188038006,S2-287053358,S2-539990820,S2-546590121,S2-566303998,S2-792152569,S2-861243995,S2-96055929,S3-579140349	S3-704524429	तिरुपति मीडिया प्रा. लि.	Zeelproperties Panchkutir, Pawarwadi A S Marg Powai, Mumbai, महाराष्ट्र	India	10	13.043478260869568	85.3146853146853		Address Correlated but Name Dissimilar (Addr Sim: 85.3146853146853%, missed address blocking key)	Address Correlated but Name Unmatched
S1-31205819	Tirupati Media Pvt Ltd	Zeelproperties Panchkutir, Pawarwadi A S Marg Powai, Mumbai, Maharashtra	India	S2-673077177,S2-70151377,S3-704524429	S2-137008350,S2-188038006,S2-287053358,S2-539990820,S2-546590121,S2-566303998,S2-792152569,S2-861243995,S2-96055929,S3-579140349	S2-70151377	Mr Tirupati Media Pvt	ZEELPROPERTIES PANCHKUTIR, PAWARWADI A S MARG POWAI, MUMBAI, Maharashtra	India	10	83.72093023255813	100.0	INDIA|tok:media;INDIA|tok:tirupati	Top-K Truncation / Bucket Slice (Shared keys: ['INDIA|tok:media', 'INDIA|tok:tirupati'], but bucket sliced b[:8] or cap 15 reached)	Top-K Truncation / Bucket Slicing
S1-772189406	Cordelia Lalanne Teucrium LLC	Millcreek, UT, 986 Olympus Ridge Cove	US	S2-702365338,S3-357418127,S3-622416701,S3-946359174	S2-168425670,S2-342457590,S2-412651806,S2-526742269,S2-565939815,S2-586183955,S2-607440514,S2-702365338,S2-848609433,S2-891727301	S3-946359174	teucriumcordelialalanne.com	Olympus Ridge Cv, Millcreek, Utah	US	14	60.71428571428572	48.57142857142858		No Shared Blocking Key Generated (Name Sim: 60.71428571428572%, Addr Sim: 48.57142857142858%)	No Blocking Rule Hit
S1-872627167	Anand Brothers Limited	Flat No 703 Gut No 70/1 Pearl Shell Near Nath S, Aurangabad, Maharashtra, Aurangabad	India	S2-160277671,S2-492149082,S2-517957119,S3-320445774,S3-748462601	S2-310563636,S2-327510123,S2-369547177,S2-492149082,S2-517957119,S2-619421750,S2-705131293,S2-868214821,S2-992082951,S3-71834999	S3-320445774	Smt Anand Brothers	No B3/703 Gut No 70/1 Pearl Shell Near Nath S, Aurangabad, MH	India	11	70.0	80.0	INDIA|tok:anand;INDIA|tok:brothers	Top-K Truncation / Bucket Slice (Shared keys: ['INDIA|tok:anand', 'INDIA|tok:brothers'], but bucket sliced b[:8] or cap 15 reached)	Top-K Truncation / Bucket Slicing
S1-872627167	Anand Brothers Limited	Flat No 703 Gut No 70/1 Pearl Shell Near Nath S, Aurangabad, Maharashtra, Aurangabad	India	S2-160277671,S2-492149082,S2-517957119,S3-320445774,S3-748462601	S2-310563636,S2-327510123,S2-369547177,S2-492149082,S2-517957119,S2-619421750,S2-705131293,S2-868214821,S2-992082951,S3-71834999	S2-160277671	Anand 8rothers ([Limited])	FLAT NO 703 GUT NO 70/1 PEARL SHELL NEAR NATH S, AURANGABAD, Maharashtra	India	11	87.5	92.3076923076923	INDIA|tok:anand;INDIA|anum:703_flat	Top-K Truncation / Bucket Slice (Shared keys: ['INDIA|tok:anand', 'INDIA|anum:703_flat'], but bucket sliced b[:8] or cap 15 reached)	Top-K Truncation / Bucket Slicing
S1-872627167	Anand Brothers Limited	Flat No 703 Gut No 70/1 Pearl Shell Near Nath S, Aurangabad, Maharashtra, Aurangabad	India	S2-160277671,S2-492149082,S2-517957119,S3-320445774,S3-748462601	S2-310563636,S2-327510123,S2-369547177,S2-492149082,S2-517957119,S2-619421750,S2-705131293,S2-868214821,S2-992082951,S3-71834999	S3-748462601	#anandbrothers	Flat No B3/703 Gut No 70/1 Pearl Shell Near Nath S, Aurangabad, MH	India	11	72.22222222222221	84.0	INDIA|pfx6:anandb;INDIA|pfx8:anandbro;INDIA|anum:703_flat	Top-K Truncation / Bucket Slice (Shared keys: ['INDIA|pfx6:anandb', 'INDIA|pfx8:anandbro'], but bucket sliced b[:8] or cap 15 reached)	Top-K Truncation / Bucket Slicing
S1-566012078	Aarvin India Private Limited	West Bengal, Murshidabad, 16/A Radhika Mohan Sen Road, Berhampore, Baharampur West Bengal	India	S2-311576151,S2-682737687,S3-473121222	S2-140166212,S2-157922622,S2-162881178,S2-255318164,S2-311576151,S2-393437452,S2-559547707,S2-562370771,S2-596863173,S2-634886473	S2-682737687	Aarvin Private India Limited	###16/A RADHIKA MOHAN SEN ROAD, BAHARAMPUR WEST BENGAL, BERHAMPORE, পশ্চিমবঙ্গ	India	16	78.57142857142857	61.07784431137724	INDIA|tok:india;INDIA|pfx6:aarvin;INDIA|2tok:aarvin_india;INDIA|tok:aarvin	Top-K Truncation / Bucket Slice (Shared keys: ['INDIA|tok:india', 'INDIA|pfx6:aarvin'], but bucket sliced b[:8] or cap 15 reached)	Top-K Truncation / Bucket Slicing
S1-610266870	High Estate Limited	Pl. No. 11, W.No.54, Radhika Nagar No.1, Near Hanuman Temple, Amravati, Maharashtra	India	S2-541052850,S2-793445903,S2-912327667,S3-98319410	S2-140527147,S2-248409704,S2-306041372,S2-533569887,S2-541052850,S2-56174844,S2-596113150,S2-616433698,S2-638590439,S2-705642044	S2-793445903	हाई एस्टेट लिमिटेड	NAGPUR REGION, महाराष्ट्र, AMRAVATI, PL. NO. ##11	India	20	10.81081081081081	30.303030303030297		Severe Dissimilarity / Brand Alteration (Name Sim: 10.81081081081081%, Addr Sim: 30.303030303030297%)	Severe Dissimilarity / Alternate Brand
S1-610266870	High Estate Limited	Pl. No. 11, W.No.54, Radhika Nagar No.1, Near Hanuman Temple, Amravati, Maharashtra	India	S2-541052850,S2-793445903,S2-912327667,S3-98319410	S2-140527147,S2-248409704,S2-306041372,S2-533569887,S2-541052850,S2-56174844,S2-596113150,S2-616433698,S2-638590439,S2-705642044	S3-98319410	हाई एस्टेट लिमिटेड	MH, W.no.54, Radhika Nagar No.1, Near Hanuman Temple, Amravati, Pl. No. 11	India	20	10.81081081081081	78.98089171974523		Address Correlated but Name Dissimilar (Addr Sim: 78.98089171974523%, missed address blocking key)	Address Correlated but Name Unmatched
S1-162806244	Claudine Thompson Mitsubishi Corp	41251 Hearne Road, New London, NC	US	S2-497044313,S3-187753130,S3-229585817,S3-383313443,S3-737408373	S2-162300259,S2-162703660,S2-192437645,S2-198156187,S2-272034728,S2-354877211,S2-399787809,S2-478169926,S2-481659958,S2-489732303	S3-383313443	Claudine Thompson  Mitsubishi Corporation	41251 Hearne Road, New London, North Carolina	US	17	89.1891891891892	84.61538461538461	US|tok:mitsubishi;US|pfx6:claudi;US|anum:41251_hearne;US|tok:thompson;US|2tok:claudine_thompson;US|pfx8:claudine;US|tok:claudine	Top-K Truncation / Bucket Slice (Shared keys: ['US|tok:mitsubishi', 'US|pfx6:claudi'], but bucket sliced b[:8] or cap 15 reached)	Top-K Truncation / Bucket Slicing
S1-162806244	Claudine Thompson Mitsubishi Corp	41251 Hearne Road, New London, NC	US	S2-497044313,S3-187753130,S3-229585817,S3-383313443,S3-737408373	S2-162300259,S2-162703660,S2-192437645,S2-198156187,S2-272034728,S2-354877211,S2-399787809,S2-478169926,S2-481659958,S2-489732303	S3-229585817	Claudine Thómpsón Mitsubishi Corp	New London, 41251 Hearne Rd, North Carolina	US	17	93.93939393939394	55.263157894736835	US|tok:mitsubishi;US|pfx6:claudi;US|pfx8:claudine;US|tok:claudine	Top-K Truncation / Bucket Slice (Shared keys: ['US|tok:mitsubishi', 'US|pfx6:claudi'], but bucket sliced b[:8] or cap 15 reached)	Top-K Truncation / Bucket Slicing
S1-162806244	Claudine Thompson Mitsubishi Corp	41251 Hearne Road, New London, NC	US	S2-497044313,S3-187753130,S3-229585817,S3-383313443,S3-737408373	S2-162300259,S2-162703660,S2-192437645,S2-198156187,S2-272034728,S2-354877211,S2-399787809,S2-478169926,S2-481659958,S2-489732303	S3-187753130	Halonyla Sys Formerly Claudine Thompson Mitsubishi Corp	41251 Hearne Road, NC, New London	US	17	75.0	87.87878787878788	US|tok:mitsubishi;US|tok:thompson;US|anum:41251_hearne;US|tok:claudine	Top-K Truncation / Bucket Slice (Shared keys: ['US|tok:mitsubishi', 'US|tok:thompson'], but bucket sliced b[:8] or cap 15 reached)	Top-K Truncation / Bucket Slicing
S1-162806244	Claudine Thompson Mitsubishi Corp	41251 Hearne Road, New London, NC	US	S2-497044313,S3-187753130,S3-229585817,S3-383313443,S3-737408373	S2-162300259,S2-162703660,S2-192437645,S2-198156187,S2-272034728,S2-354877211,S2-399787809,S2-478169926,S2-481659958,S2-489732303	S2-497044313	THE CLAUDINE THOMPSON MITSUBISHI (CORP)	41251 HEANRE ROAD, NEW LONDON, NC	US	17	91.66666666666666	96.96969696969697	US|tok:mitsubishi;US|tok:thompson;US|tok:claudine	Top-K Truncation / Bucket Slice (Shared keys: ['US|tok:mitsubishi', 'US|tok:thompson'], but bucket sliced b[:8] or cap 15 reached)	Top-K Truncation / Bucket Slicing
S1-652331096	Arihant Infra Private Limited	Ig -Ii, 738 A, Vikas Puri, New Delhi, Delhi	India	S2-152006595,S2-57232621,S2-844451178,S3-280025695,S3-470716283	S2-114613976,S2-252546059,S2-273601027,S2-286562697,S2-399580400,S2-570042158,S2-584229420,S2-606700620,S2-722733935,S2-736204246	S3-280025695	Arihant Infra Prívate Limited	Ig -Ii, 738 A, Vikas Puri, New Delhi, DL	India	16	96.55172413793103	96.3855421686747	INDIA|tok:infra;INDIA|2tok:arihant_infra;INDIA|pfx6:arihan;INDIA|anum:738_vikas;INDIA|pfx8:arihanti;INDIA|tok:arihant	Top-K Truncation / Bucket Slice (Shared keys: ['INDIA|tok:infra', 'INDIA|2tok:arihant_infra'], but bucket sliced b[:8] or cap 15 reached)	Top-K Truncation / Bucket Slicing
S1-652331096	Arihant Infra Private Limited	Ig -Ii, 738 A, Vikas Puri, New Delhi, Delhi	India	S2-152006595,S2-57232621,S2-844451178,S3-280025695,S3-470716283	S2-114613976,S2-252546059,S2-273601027,S2-286562697,S2-399580400,S2-570042158,S2-584229420,S2-606700620,S2-722733935,S2-736204246	S2-152006595	M/s ARIHANT INFRA PRIVATE	IG -II, 738 A, VIKAS PURI, दिल्ली	India	16	77.77777777777779	71.05263157894737	INDIA|tok:infra;INDIA|tok:arihant;INDIA|anum:738_vikas	Top-K Truncation / Bucket Slice (Shared keys: ['INDIA|tok:infra', 'INDIA|tok:arihant'], but bucket sliced b[:8] or cap 15 reached)	Top-K Truncation / Bucket Slicing
S1-652331096	Arihant Infra Private Limited	Ig -Ii, 738 A, Vikas Puri, New Delhi, Delhi	India	S2-152006595,S2-57232621,S2-844451178,S3-280025695,S3-470716283	S2-114613976,S2-252546059,S2-273601027,S2-286562697,S2-399580400,S2-570042158,S2-584229420,S2-606700620,S2-722733935,S2-736204246	S2-57232621	अरिहंत इंफ्रा प्राइवेट लिमिटेड	IG -II, 738 A, VIKAS PURI, NEW DELHI, दिल्ली	India	16	10.169491525423723	87.35632183908046	INDIA|anum:738_vikas	Top-K Truncation / Bucket Slice (Shared keys: ['INDIA|anum:738_vikas'], but bucket sliced b[:8] or cap 15 reached)	Top-K Truncation / Bucket Slicing
S1-652331096	Arihant Infra Private Limited	Ig -Ii, 738 A, Vikas Puri, New Delhi, Delhi	India	S2-152006595,S2-57232621,S2-844451178,S3-280025695,S3-470716283	S2-114613976,S2-252546059,S2-273601027,S2-286562697,S2-399580400,S2-570042158,S2-584229420,S2-606700620,S2-722733935,S2-736204246	S2-844451178	ARIHANT  INFRA PRIVATE LTD | www.arihanti.com	IG -II, 738 A, VIKAS PURI, दिल्ली	India	16	67.56756756756756	71.05263157894737	INDIA|tok:infra;INDIA|2tok:arihant_infra;INDIA|pfx6:arihan;INDIA|anum:738_vikas;INDIA|pfx8:arihanti;INDIA|tok:arihant	Top-K Truncation / Bucket Slice (Shared keys: ['INDIA|tok:infra', 'INDIA|2tok:arihant_infra'], but bucket sliced b[:8] or cap 15 reached)	Top-K Truncation / Bucket Slicing
S1-436985273	Corner Pilates	KY, 116 Redwood Drive, Frankfort	US	S2-488930867,S3-150259143	S2-279413047,S2-314997707,S2-488930867,S2-718863857,S2-747466359,S2-779374153,S2-780481569,S2-782997330,S2-802679154,S2-820765680	S3-150259143	cornerpilates.com	0116 Redwood Drive, Frankfort, Kentucky	US	11	83.87096774193549	78.87323943661973	US|pfx8:cornerpi;US|pfx6:corner	Top-K Truncation / Bucket Slice (Shared keys: ['US|pfx8:cornerpi', 'US|pfx6:corner'], but bucket sliced b[:8] or cap 15 reached)	Top-K Truncation / Bucket Slicing
S1-336308856	Rajendranagar Agro Private Limited	Rajendranagar, Hyderabad, Bandlaguda Jagir, Telangana, Pno13&14Fno 203 Mounika N	India	S2-179240415,S2-50405738,S3-316518837,S3-467978363,S3-701158657	S2-12200731,S2-161879512,S2-179240415,S2-247536599,S2-358574783,S2-409054296,S2-480141956,S2-50405738,S2-517673876,S2-565649533	S3-467978363	Rajendranagar Arcog Private Limited | www.rajendrana.com	Pno13&14fno 203 Mounika N, Rajendranagar, Hyderabad, TG	India	16	73.33333333333334	41.48148148148149	INDIA|tok:rajendranagar;INDIA|pfx8:rajendra;INDIA|pfx6:rajend	Top-K Truncation / Bucket Slice (Shared keys: ['INDIA|tok:rajendranagar', 'INDIA|pfx8:rajendra'], but bucket sliced b[:8] or cap 15 reached)	Top-K Truncation / Bucket Slicing
S1-336308856	Rajendranagar Agro Private Limited	Rajendranagar, Hyderabad, Bandlaguda Jagir, Telangana, Pno13&14Fno 203 Mounika N	India	S2-179240415,S2-50405738,S3-316518837,S3-467978363,S3-701158657	S2-12200731,S2-161879512,S2-179240415,S2-247536599,S2-358574783,S2-409054296,S2-480141956,S2-50405738,S2-517673876,S2-565649533	S3-701158657	Agro	Pno13&14Fno 203 Mounika N, Bandlaguda Jagir, Rajendranagar, Hyderabad, Telangana	India	16	21.052631578947366	43.75	INDIA|tok:agro	Top-K Truncation / Bucket Slice (Shared keys: ['INDIA|tok:agro'], but bucket sliced b[:8] or cap 15 reached)	Top-K Truncation / Bucket Slicing
S1-459696014	Arihant Builders Private Limited	11A, Lic Office Ke Piche Indra Nagar, Dibiyapur, Auraiya, Etawa, Uttar Pradesh	India	S2-148869978,S2-629751128,S2-724357562,S3-811227952	S2-14663995,S2-214623880,S2-267997206,S2-322301586,S2-395509174,S2-402592657,S2-427059301,S2-543780826,S2-548674064,S2-673440836	S3-811227952	अरिहंत बिल्डर्स प्राइवेट लिमिटेड	11A, Lic Office Ke Piche Indra Nagar, Dibiyapur, Auraiya, Etawa, उत्तर प्रदेश	India	14	9.375	85.16129032258064		Address Correlated but Name Dissimilar (Addr Sim: 85.16129032258064%, missed address blocking key)	Address Correlated but Name Unmatched
S1-459696014	Arihant Builders Private Limited	11A, Lic Office Ke Piche Indra Nagar, Dibiyapur, Auraiya, Etawa, Uttar Pradesh	India	S2-148869978,S2-629751128,S2-724357562,S3-811227952	S2-14663995,S2-214623880,S2-267997206,S2-322301586,S2-395509174,S2-402592657,S2-427059301,S2-543780826,S2-548674064,S2-673440836	S2-148869978	Arihant Builders  Private Ltd	Uttar Pradesh, 11A, LIC OFFICE KE PICHE INDRA NAGAR, DIBIYAPUR, AURAIYA	India	14	91.80327868852459	75.16778523489933	INDIA|2tok:arihant_builders;INDIA|pfx8:arihantb;INDIA|pfx6:arihan;INDIA|tok:arihant;INDIA|tok:builders	Top-K Truncation / Bucket Slice (Shared keys: ['INDIA|2tok:arihant_builders', 'INDIA|pfx8:arihantb'], but bucket sliced b[:8] or cap 15 reached)	Top-K Truncation / Bucket Slicing
S1-459696014	Arihant Builders Private Limited	11A, Lic Office Ke Piche Indra Nagar, Dibiyapur, Auraiya, Etawa, Uttar Pradesh	India	S2-148869978,S2-629751128,S2-724357562,S3-811227952	S2-14663995,S2-214623880,S2-267997206,S2-322301586,S2-395509174,S2-402592657,S2-427059301,S2-543780826,S2-548674064,S2-673440836	S2-629751128	Arihant Bulcders Private Limited	11A, LIC OFFICE KE PICHE INDRA NAGAR, DIBIYAPUR, AURAIYA, Uttar Pradesh	India	14	96.875	95.30201342281879	INDIA|pfx8:arihantb;INDIA|pfx6:arihan;INDIA|tok:arihant	Top-K Truncation / Bucket Slice (Shared keys: ['INDIA|pfx8:arihantb', 'INDIA|pfx6:arihan'], but bucket sliced b[:8] or cap 15 reached)	Top-K Truncation / Bucket Slicing
S1-459696014	Arihant Builders Private Limited	11A, Lic Office Ke Piche Indra Nagar, Dibiyapur, Auraiya, Etawa, Uttar Pradesh	India	S2-148869978,S2-629751128,S2-724357562,S3-811227952	S2-14663995,S2-214623880,S2-267997206,S2-322301586,S2-395509174,S2-402592657,S2-427059301,S2-543780826,S2-548674064,S2-673440836	S2-724357562	अरिहंत बिल्डर्स प्राइवेट लिमिटेड	11A, AURAIYA, ETAWA, Uttar Pradesh	India	14	9.375	60.71428571428572		Address Correlated but Name Dissimilar (Addr Sim: 60.71428571428572%, missed address blocking key)	Address Correlated but Name Unmatched
S1-169008536	Urban Projects	C/O Alauddin Molla Noorpur Ramnagar 24 Parganas, Diamond Harbour - I, South 24 Parganas, West Bengal	India	S2-121375598,S2-458855873,S2-875082763,S3-451617552	S2-182920180,S2-262413931,S2-449378868,S2-49289052,S2-606628661,S2-60667977,S2-750203090,S2-779728347,S2-784410139,S2-787575001	S2-458855873	আরবান প্রজেক্টস	H.NO 366 C/O ALAUDDIN MOLLA NOORPUR RAMNAGAR 24 PARGANAS, DIAMOND HARBOUR - I, SOUTH 24 PARGANAS, West Bengal	India	16	6.896551724137934	95.69377990430623		Address Correlated but Name Dissimilar (Addr Sim: 95.69377990430623%, missed address blocking key)	Address Correlated but Name Unmatched
S1-169008536	Urban Projects	C/O Alauddin Molla Noorpur Ramnagar 24 Parganas, Diamond Harbour - I, South 24 Parganas, West Bengal	India	S2-121375598,S2-458855873,S2-875082763,S3-451617552	S2-182920180,S2-262413931,S2-449378868,S2-49289052,S2-606628661,S2-60667977,S2-750203090,S2-779728347,S2-784410139,S2-787575001	S3-451617552	Smt Ariaarc	Block C-522 C/o Alauddin Molla Noorpur Ramnagar 24 Parganas, Diamond Harbour - I, South 24 Parganas, পশ্চিমবঙ্গ	India	16	31.999999999999996	84.36018957345972		Address Correlated but Name Dissimilar (Addr Sim: 84.36018957345972%, missed address blocking key)	Address Correlated but Name Unmatched
S1-169008536	Urban Projects	C/O Alauddin Molla Noorpur Ramnagar 24 Parganas, Diamond Harbour - I, South 24 Parganas, West Bengal	India	S2-121375598,S2-458855873,S2-875082763,S3-451617552	S2-182920180,S2-262413931,S2-449378868,S2-49289052,S2-606628661,S2-60667977,S2-750203090,S2-779728347,S2-784410139,S2-787575001	S2-121375598	আরবান প্রজেক্টস	#366 C/O ALAUDDIN MOLLA NOORPUR RAMNAGAR 24 PARGANAS, DIAMOND HARBOUR - I, SOUTH 24 PARGANAS, West Bengal	India	16	6.896551724137934	97.5609756097561		Address Correlated but Name Dissimilar (Addr Sim: 97.5609756097561%, missed address blocking key)	Address Correlated but Name Unmatched
S1-169008536	Urban Projects	C/O Alauddin Molla Noorpur Ramnagar 24 Parganas, Diamond Harbour - I, South 24 Parganas, West Bengal	India	S2-121375598,S2-458855873,S2-875082763,S3-451617552	S2-182920180,S2-262413931,S2-449378868,S2-49289052,S2-606628661,S2-60667977,S2-750203090,S2-779728347,S2-784410139,S2-787575001	S2-875082763	URBAN PROJECTS CO	#366 C/O ALAUDDIN MOLLA NOORPUR RAMNAGAR 24 PARGANAS, DIAMOND HARBOUR - I, West Bengal	India	16	90.32258064516128	87.09677419354838	INDIA|2tok:urban_projects;INDIA|pfx8:urbanpro;INDIA|tok:projects;INDIA|tok:urban;INDIA|pfx6:urbanp	Top-K Truncation / Bucket Slice (Shared keys: ['INDIA|2tok:urban_projects', 'INDIA|pfx8:urbanpro'], but bucket sliced b[:8] or cap 15 reached)	Top-K Truncation / Bucket Slicing
S1-128347375	Anand Green Logistics Private Limited	107 First Floor Plot No-6T.C, Jaina Tower -2 District Centre Janak New Delhi, Delhi, Jaina Tower -2 District Centre Janak New Delhi, Delhi, New Delhi, West Delhi, Delhi	India	S2-243566223,S3-507291376,S3-848225821	S2-121702226,S2-124559493,S2-205528245,S2-248066851,S2-38271635,S2-537771890,S2-57473027,S2-618463009,S2-620250338,S2-630669720	S3-507291376	आनंद ग्रीन लॉजिस्टिक्स प्राइवेट लिमिटेड	107 First Floor Plot No-6t.c, West Delhi, DL	India	16	10.526315789473683	41.509433962264154	INDIA|anum:107_first	Top-K Truncation / Bucket Slice (Shared keys: ['INDIA|anum:107_first'], but bucket sliced b[:8] or cap 15 reached)	Top-K Truncation / Bucket Slicing
S1-128347375	Anand Green Logistics Private Limited	107 First Floor Plot No-6T.C, Jaina Tower -2 District Centre Janak New Delhi, Delhi, Jaina Tower -2 District Centre Janak New Delhi, Delhi, New Delhi, West Delhi, Delhi	India	S2-243566223,S3-507291376,S3-848225821	S2-121702226,S2-124559493,S2-205528245,S2-248066851,S2-38271635,S2-537771890,S2-57473027,S2-618463009,S2-620250338,S2-630669720	S3-848225821	आनंद ग्रीन लॉजिस्टिक्स प्राइवेट लिमिटेड	107 First Floor Plot No-6t.c, New Delhi, दिल्ली	India	16	10.526315789473683	38.13953488372093	INDIA|anum:107_first	Top-K Truncation / Bucket Slice (Shared keys: ['INDIA|anum:107_first'], but bucket sliced b[:8] or cap 15 reached)	Top-K Truncation / Bucket Slicing
S1-128347375	Anand Green Logistics Private Limited	107 First Floor Plot No-6T.C, Jaina Tower -2 District Centre Janak New Delhi, Delhi, Jaina Tower -2 District Centre Janak New Delhi, Delhi, New Delhi, West Delhi, Delhi	India	S2-243566223,S3-507291376,S3-848225821	S2-121702226,S2-124559493,S2-205528245,S2-248066851,S2-38271635,S2-537771890,S2-57473027,S2-618463009,S2-620250338,S2-630669720	S2-243566223	आनंद ग्रीन लॉजिस्टिक्स प्राइवेट लिमिटेड	FIRST FLOOR PLOT NO-6T.C, JAINA TOWER -2 DISTRICT CENTRE JANAK NEW DELHI, DELHI, JAINA TOWER -2 DISTRICT CENTRE JANAK NEW DELHI, DELHI, NEW DELHI, Delhi	India	16	10.526315789473683	95.0		Address Correlated but Name Dissimilar (Addr Sim: 95.0%, missed address blocking key)	Address Correlated but Name Unmatched
S1-457935815	Liberty Family Office PLLC	1028 Horah Street, Salisbury, NC	US	S2-410331822,S2-921287816,S3-478670612	S2-270019685,S2-292237429,S2-395260418,S2-721596986,S2-772147964,S2-834101875,S2-921287816,S2-960392925,S3-478670612	S2-410331822	LIBERTY FAMILY OFFICE	HORAH STREET, SALISURY, NC	US	9	89.36170212765957	89.65517241379311	US|pfx6:libert;US|pfx8:libertyf;US|tok:liberty;US|tok:office;US|2tok:liberty_family;US|tok:family	Top-K Truncation / Bucket Slice (Shared keys: ['US|pfx6:libert', 'US|pfx8:libertyf'], but bucket sliced b[:8] or cap 15 reached)	Top-K Truncation / Bucket Slicing
S1-924009686	Elegance Events (India) Private Limited	Bangalore, Swati Enclave, Trb Layout 1St Main, 1St Cross, Bangalore, Karnataka, No. 401	India	S2-266747048,S3-227737439,S3-366237594,S3-871457701	S2-10821657,S2-169165706,S2-260642268,S2-266747048,S2-274574668,S2-289273484,S2-569282748,S2-628142518,S2-720722570,S2-74384521	S3-227737439	M/s Elegance Events (India) Piddfvbote Limited	No. 401, Swati Enclave, Trb Layout 1St Main, 1St Cross, Bangalore, KA	India	18	87.05882352941177	82.05128205128204	INDIA|tok:india;INDIA|tok:elegance;INDIA|tok:events	Top-K Truncation / Bucket Slice (Shared keys: ['INDIA|tok:india', 'INDIA|tok:elegance'], but bucket sliced b[:8] or cap 15 reached)	Top-K Truncation / Bucket Slicing
S1-116247627	Smart Agricultural Works Associates	1255 Maple Avenue, Southport, NY	US	S2-430362798,S2-474566266,S3-183591040,S3-212907655,S3-399225632,S3-88917139	S2-239590732,S2-474566266,S2-478413816,S2-512321710,S2-590004435,S2-643793542,S2-790981797,S2-91354766,S2-98258124,S3-183591040	S2-430362798	Smart Agricultural Works Associates LLC	MAPLE AVE, ELMIRA, NY	US	12	94.5945945945946	60.37735849056604	US|pfx6:smarta;US|tok:agricultural;US|2tok:smart_agricultural;US|tok:smart;US|pfx8:smartagr;US|tok:works	Top-K Truncation / Bucket Slice (Shared keys: ['US|pfx6:smarta', 'US|tok:agricultural'], but bucket sliced b[:8] or cap 15 reached)	Top-K Truncation / Bucket Slicing
S1-116247627	Smart Agricultural Works Associates	1255 Maple Avenue, Southport, NY	US	S2-430362798,S2-474566266,S3-183591040,S3-212907655,S3-399225632,S3-88917139	S2-239590732,S2-474566266,S2-478413816,S2-512321710,S2-590004435,S2-643793542,S2-790981797,S2-91354766,S2-98258124,S3-183591040	S3-399225632	>> Smart Agricultural Works	Maple Avenue, Elmira, New York	US	12	77.41935483870968	61.29032258064516	US|pfx6:smarta;US|tok:agricultural;US|2tok:smart_agricultural;US|tok:smart;US|pfx8:smartagr;US|tok:works	Top-K Truncation / Bucket Slice (Shared keys: ['US|pfx6:smarta', 'US|tok:agricultural'], but bucket sliced b[:8] or cap 15 reached)	Top-K Truncation / Bucket Slicing
S1-409451774	All Cargo Company	4725 Chowen Avenue, Minneapolis, MN	US	S2-439674692,S2-807412942,S3-266353951	S2-204360330,S2-237195306,S2-312667314,S2-313032024,S2-442046848,S2-446796218,S2-46824758,S2-563384453,S2-686011918,S2-694378406	S3-266353951	All Cargo	4725- Chowen Ave, Minneapolis, Minnesota	US	15	69.23076923076923	85.33333333333333	US|pfx8:allcargo;US|2tok:all_cargo;US|pfx6:allcar;US|tok:cargo;US|anum:4725_chowen	Top-K Truncation / Bucket Slice (Shared keys: ['US|pfx8:allcargo', 'US|2tok:all_cargo'], but bucket sliced b[:8] or cap 15 reached)	Top-K Truncation / Bucket Slicing
S1-409451774	All Cargo Company	4725 Chowen Avenue, Minneapolis, MN	US	S2-439674692,S2-807412942,S3-266353951	S2-204360330,S2-237195306,S2-312667314,S2-313032024,S2-442046848,S2-446796218,S2-46824758,S2-563384453,S2-686011918,S2-694378406	S2-439674692	All Cárgo Co	4725 CHOWEN AVENUE, MINNEAPOLIS, MN	US	15	75.86206896551724	100.0	US|anum:4725_chowen	Top-K Truncation / Bucket Slice (Shared keys: ['US|anum:4725_chowen'], but bucket sliced b[:8] or cap 15 reached)	Top-K Truncation / Bucket Slicing
S1-270844042	Chellam Management Limited	C/O Omparkash S/O Umrao V.P.O. Makdola (42), Farukh Nagar, Gurgaon, Haryana	India	S2-259695698,S3-669333916,S3-843758973,S3-864828455,S3-908786246	S2-108503833,S2-243644056,S2-252835790,S2-363889188,S2-499260011,S2-5203988,S2-629475386,S2-740268932,S2-757963510,S2-828843633	S3-843758973	Chellam  Limited Services	C/o Omparkash S/o Umrao V.p.o. Makdola (42), Gurgaon, HR	India	15	62.745098039215684	85.49618320610686	INDIA|tok:chellam;INDIA|anum:42_omparkash;INDIA|pfx6:chella	Top-K Truncation / Bucket Slice (Shared keys: ['INDIA|tok:chellam', 'INDIA|anum:42_omparkash'], but bucket sliced b[:8] or cap 15 reached)	Top-K Truncation / Bucket Slicing
S1-270844042	Chellam Management Limited	C/O Omparkash S/O Umrao V.P.O. Makdola (42), Farukh Nagar, Gurgaon, Haryana	India	S2-259695698,S3-669333916,S3-843758973,S3-864828455,S3-908786246	S2-108503833,S2-243644056,S2-252835790,S2-363889188,S2-499260011,S2-5203988,S2-629475386,S2-740268932,S2-757963510,S2-828843633	S3-908786246	Chellam Limited Center	C/o Omparkash S/o Umrao V.p.o. Makdola (42), Gurugram, हरियाणा	India	15	62.5	75.91240875912408	INDIA|tok:chellam;INDIA|anum:42_omparkash;INDIA|pfx6:chella	Top-K Truncation / Bucket Slice (Shared keys: ['INDIA|tok:chellam', 'INDIA|anum:42_omparkash'], but bucket sliced b[:8] or cap 15 reached)	Top-K Truncation / Bucket Slicing
S1-270844042	Chellam Management Limited	C/O Omparkash S/O Umrao V.P.O. Makdola (42), Farukh Nagar, Gurgaon, Haryana	India	S2-259695698,S3-669333916,S3-843758973,S3-864828455,S3-908786246	S2-108503833,S2-243644056,S2-252835790,S2-363889188,S2-499260011,S2-5203988,S2-629475386,S2-740268932,S2-757963510,S2-828843633	S3-669333916	Ltd Chellam Management	C/o Omparkash S/o Umrao V.p.o. Makdola (42), Gurugram, हरियाणा	India	15	75.0	75.91240875912408	INDIA|tok:chellam;INDIA|2tok:chellam_management;INDIA|anum:42_omparkash	Top-K Truncation / Bucket Slice (Shared keys: ['INDIA|tok:chellam', 'INDIA|2tok:chellam_management'], but bucket sliced b[:8] or cap 15 reached)	Top-K Truncation / Bucket Slicing
S1-270844042	Chellam Management Limited	C/O Omparkash S/O Umrao V.P.O. Makdola (42), Farukh Nagar, Gurgaon, Haryana	India	S2-259695698,S3-669333916,S3-843758973,S3-864828455,S3-908786246	S2-108503833,S2-243644056,S2-252835790,S2-363889188,S2-499260011,S2-5203988,S2-629475386,S2-740268932,S2-757963510,S2-828843633	S2-259695698	Smt CHELLAM MAIAMGENT LIMITED	C/O OMPARKASH S/O UMRAO V.P.O. MAKDOLA (42), FARUKH NAGAR, GURGAON, Haryana	India	15	83.63636363636364	100.0	INDIA|tok:chellam;INDIA|anum:42_omparkash	Top-K Truncation / Bucket Slice (Shared keys: ['INDIA|tok:chellam', 'INDIA|anum:42_omparkash'], but bucket sliced b[:8] or cap 15 reached)	Top-K Truncation / Bucket Slicing
S1-165891282	Industries Grand Brick Group	Shop No.-S-8, Second Floor, Plot No.-5 Pankaj Central Plaza, Pocket-5, Sector-12, Dwarka, New Delhi, Delhi	India	S3-598155472	S2-160013107,S2-171607468,S2-174131240,S2-174803677,S2-275048029,S2-369584277,S2-399460449,S2-518721601,S2-538178493,S2-613723051	S3-598155472	INDUSTRIES BRICK GRAND GROUP	Dwarka, Second Floor, Plot No.-5 Pankaj Central Plaza, Pocket-5, Sector-12, Shop No.-s-8, DL, New Delhi	India	19	78.57142857142857	78.4688995215311	INDIA|pfx8:industri;INDIA|tok:brick;INDIA|pfx6:indust;INDIA|tok:grand	Top-K Truncation / Bucket Slice (Shared keys: ['INDIA|pfx8:industri', 'INDIA|tok:brick'], but bucket sliced b[:8] or cap 15 reached)	Top-K Truncation / Bucket Slicing
S1-284710338	Inter India	A-2106, Ace Platinum, Block Zeta-1, Plot No Gh 12/1, Greater Noida, Dadri, Gautam Buddha Nagar, Uttar Pradesh	India	S2-183695488,S2-950692401,S3-215858960,S3-865225995	S2-183695488,S2-316113306,S2-321543680,S2-386105623,S2-456267203,S2-458966149,S2-501822424,S2-508759676,S2-528732066,S2-543597824	S3-215858960	Inter Idod	A-106, Gautam Buddha Nagar, Dadri, UP	India	18	76.19047619047619	43.83561643835616	INDIA|pfx6:interi;INDIA|tok:inter	Top-K Truncation / Bucket Slice (Shared keys: ['INDIA|pfx6:interi', 'INDIA|tok:inter'], but bucket sliced b[:8] or cap 15 reached)	Top-K Truncation / Bucket Slicing
S1-284710338	Inter India	A-2106, Ace Platinum, Block Zeta-1, Plot No Gh 12/1, Greater Noida, Dadri, Gautam Buddha Nagar, Uttar Pradesh	India	S2-183695488,S2-950692401,S3-215858960,S3-865225995	S2-183695488,S2-316113306,S2-321543680,S2-386105623,S2-456267203,S2-458966149,S2-501822424,S2-508759676,S2-528732066,S2-543597824	S3-865225995	Deltaonyx Labs	A-2106, Ace Platinum, Block Zeta-1, Plot No Gh 12/1, Greater Noida, Dadri, Gautam Buddha Nagar, Uttar Pradesh	India	18	24.0	100.0	INDIA|anum:2106_ace	Top-K Truncation / Bucket Slice (Shared keys: ['INDIA|anum:2106_ace'], but bucket sliced b[:8] or cap 15 reached)	Top-K Truncation / Bucket Slicing
S1-284710338	Inter India	A-2106, Ace Platinum, Block Zeta-1, Plot No Gh 12/1, Greater Noida, Dadri, Gautam Buddha Nagar, Uttar Pradesh	India	S2-183695488,S2-950692401,S3-215858960,S3-865225995	S2-183695488,S2-316113306,S2-321543680,S2-386105623,S2-456267203,S2-458966149,S2-501822424,S2-508759676,S2-528732066,S2-543597824	S2-950692401	Smt Inter India	A-2106, ACE PLATINUM, BLOCK ZETA-1, PLOT NO GH 12/1, GREATER NOIDA, DADRI, Uttar Pradesh	India	18	84.61538461538461	89.34010152284264	INDIA|tok:india;INDIA|anum:2106_ace;INDIA|tok:inter	Top-K Truncation / Bucket Slice (Shared keys: ['INDIA|tok:india', 'INDIA|anum:2106_ace'], but bucket sliced b[:8] or cap 15 reached)	Top-K Truncation / Bucket Slicing
S1-677741106	Paul Holdings	C/O- Akhilesh Kr Chauhan Patwatoli, Near Naksha Ghar, Hajipur, Vaishali, Bihar	India	S2-148794360,S2-460418351,S2-474342658,S2-658878695,S2-745716915,S3-20445132,S3-604405347,S3-841231723	S2-187583780,S2-347747610,S2-376713319,S2-38638260,S2-449213331,S2-474342658,S2-484937401,S2-59036433,S2-764229647,S2-838787873	S3-841231723	Dr paul holdings	C/o- Akhilesh Kr Chauhan Patwatoli, Near Naksha Ghar, Hajipur, Vaishali, BR	India	16	89.65517241379311	98.0392156862745	INDIA|tok:paul	Top-K Truncation / Bucket Slice (Shared keys: ['INDIA|tok:paul'], but bucket sliced b[:8] or cap 15 reached)	Top-K Truncation / Bucket Slicing
S1-677741106	Paul Holdings	C/O- Akhilesh Kr Chauhan Patwatoli, Near Naksha Ghar, Hajipur, Vaishali, Bihar	India	S2-148794360,S2-460418351,S2-474342658,S2-658878695,S2-745716915,S3-20445132,S3-604405347,S3-841231723	S2-187583780,S2-347747610,S2-376713319,S2-38638260,S2-449213331,S2-474342658,S2-484937401,S2-59036433,S2-764229647,S2-838787873	S3-20445132	M/s Paulholdings.Com	C/o- Akhilesh Kr Chauhan Patwatoli, Hajipur, Vaishali, बिहार	India	16	72.72727272727273	79.71014492753623		No Shared Blocking Key Generated (Name Sim: 72.72727272727273%, Addr Sim: 79.71014492753623%)	No Blocking Rule Hit
S1-677741106	Paul Holdings	C/O- Akhilesh Kr Chauhan Patwatoli, Near Naksha Ghar, Hajipur, Vaishali, Bihar	India	S2-148794360,S2-460418351,S2-474342658,S2-658878695,S2-745716915,S3-20445132,S3-604405347,S3-841231723	S2-187583780,S2-347747610,S2-376713319,S2-38638260,S2-449213331,S2-474342658,S2-484937401,S2-59036433,S2-764229647,S2-838787873	S2-460418351	PAUL-LIMITED	BLOCK D-77 C/O- AKHILESH KR CHAUHAN PATWATOLI, NEAR NAKSHA GHAR, HAJIPUR, Bihar	India	16	48.0	86.62420382165605	INDIA|tok:paul	Top-K Truncation / Bucket Slice (Shared keys: ['INDIA|tok:paul'], but bucket sliced b[:8] or cap 15 reached)	Top-K Truncation / Bucket Slicing
S1-677741106	Paul Holdings	C/O- Akhilesh Kr Chauhan Patwatoli, Near Naksha Ghar, Hajipur, Vaishali, Bihar	India	S2-148794360,S2-460418351,S2-474342658,S2-658878695,S2-745716915,S3-20445132,S3-604405347,S3-841231723	S2-187583780,S2-347747610,S2-376713319,S2-38638260,S2-449213331,S2-474342658,S2-484937401,S2-59036433,S2-764229647,S2-838787873	S2-148794360	Paul		India	16	47.05882352941176	0.0	INDIA|tok:paul	Top-K Truncation / Bucket Slice (Shared keys: ['INDIA|tok:paul'], but bucket sliced b[:8] or cap 15 reached)	Top-K Truncation / Bucket Slicing
S1-677741106	Paul Holdings	C/O- Akhilesh Kr Chauhan Patwatoli, Near Naksha Ghar, Hajipur, Vaishali, Bihar	India	S2-148794360,S2-460418351,S2-474342658,S2-658878695,S2-745716915,S3-20445132,S3-604405347,S3-841231723	S2-187583780,S2-347747610,S2-376713319,S2-38638260,S2-449213331,S2-474342658,S2-484937401,S2-59036433,S2-764229647,S2-838787873	S2-658878695	PFDAUL  HOLDING5	BLOCK D-77 C/O- AKHILESH KR CHAUHAN PATWATOLI, NEAR NAKSHA GHAR, HARULI, HAJIPUR, बिहार	India	16	82.75862068965517	77.57575757575758		No Shared Blocking Key Generated (Name Sim: 82.75862068965517%, Addr Sim: 77.57575757575758%)	No Blocking Rule Hit
S1-677741106	Paul Holdings	C/O- Akhilesh Kr Chauhan Patwatoli, Near Naksha Ghar, Hajipur, Vaishali, Bihar	India	S2-148794360,S2-460418351,S2-474342658,S2-658878695,S2-745716915,S3-20445132,S3-604405347,S3-841231723	S2-187583780,S2-347747610,S2-376713319,S2-38638260,S2-449213331,S2-474342658,S2-484937401,S2-59036433,S2-764229647,S2-838787873	S2-745716915	PAUL HÓLDINGS	BLOCK D-77 C/O- AKHILESH KR CHAUHAN PATWATOLI, NEAR NAKSHA GHAR, HAJIPUR, Bihar	India	16	92.3076923076923	86.62420382165605	INDIA|tok:paul	Top-K Truncation / Bucket Slice (Shared keys: ['INDIA|tok:paul'], but bucket sliced b[:8] or cap 15 reached)	Top-K Truncation / Bucket Slicing
S1-263481527	Pinnacle Enterprises	401 Raghavbhawan Khjua Chowki, Rajendranagar, Lucknow, Uttar Pradesh	India	S2-809807183,S3-392646529,S3-422873523,S3-969277017,S3-992197225	S3-392646529,S3-992197225	S2-809807183	Pinnacle Entmrrises		India	2	92.3076923076923	0.0	INDIA|pfx8:pinnacle;INDIA|tok:pinnacle;INDIA|pfx6:pinnac	Top-K Truncation / Bucket Slice (Shared keys: ['INDIA|pfx8:pinnacle', 'INDIA|tok:pinnacle'], but bucket sliced b[:8] or cap 15 reached)	Top-K Truncation / Bucket Slicing
S1-263481527	Pinnacle Enterprises	401 Raghavbhawan Khjua Chowki, Rajendranagar, Lucknow, Uttar Pradesh	India	S2-809807183,S3-392646529,S3-422873523,S3-969277017,S3-992197225	S3-392646529,S3-992197225	S3-969277017	Pinnacle Enterprises LLP	Door No ##401 Raghavbhawan Khjua Chowki, Rae Bareli, Lucknow, UP	India	2	90.9090909090909	74.24242424242425	INDIA|pfx8:pinnacle;INDIA|tok:pinnacle;INDIA|pfx6:pinnac	Top-K Truncation / Bucket Slice (Shared keys: ['INDIA|pfx8:pinnacle', 'INDIA|tok:pinnacle'], but bucket sliced b[:8] or cap 15 reached)	Top-K Truncation / Bucket Slicing
S1-263481527	Pinnacle Enterprises	401 Raghavbhawan Khjua Chowki, Rajendranagar, Lucknow, Uttar Pradesh	India	S2-809807183,S3-392646529,S3-422873523,S3-969277017,S3-992197225	S3-392646529,S3-992197225	S3-422873523	Pinnacle Etnpehorrises	Rajendranagar, उत्तर प्रदेश, Rae Bareli, Lucknow, No ##401 Raghavbhawan Khjua Chowki	India	2	85.71428571428572	38.1578947368421	INDIA|pfx8:pinnacle;INDIA|tok:pinnacle;INDIA|pfx6:pinnac	Top-K Truncation / Bucket Slice (Shared keys: ['INDIA|pfx8:pinnacle', 'INDIA|tok:pinnacle'], but bucket sliced b[:8] or cap 15 reached)	Top-K Truncation / Bucket Slicing
S1-447103941	Bell Flexipack Private Limited	Ground Floor, Pitru Chhaya Bldg, 6 Sleater Road, First Cross Lane, Grant Road, Mumbai, Mumbai City, Maharashtra	India	S2-135517972,S2-533462314,S3-285137525,S3-352754009,S3-555505573,S3-556786353	S2-135517972,S2-244428896,S2-277522918,S2-288700163,S2-316308794,S2-395023477,S2-452043051,S2-533462314,S2-646891485,S2-725034324	S3-556786353	Shri Be1l-Flexipack	Mumbai City, Mumbai, Ground Floor, महाराष्ट्र	India	19	48.97959183673469	26.923076923076927	INDIA|tok:flexipack	Top-K Truncation / Bucket Slice (Shared keys: ['INDIA|tok:flexipack'], but bucket sliced b[:8] or cap 15 reached)	Top-K Truncation / Bucket Slicing
S1-447103941	Bell Flexipack Private Limited	Ground Floor, Pitru Chhaya Bldg, 6 Sleater Road, First Cross Lane, Grant Road, Mumbai, Mumbai City, Maharashtra	India	S2-135517972,S2-533462314,S3-285137525,S3-352754009,S3-555505573,S3-556786353	S2-135517972,S2-244428896,S2-277522918,S2-288700163,S2-316308794,S2-395023477,S2-452043051,S2-533462314,S2-646891485,S2-725034324	S3-555505573	Bell Fléxipack Private Ltd	Ground Floor, Pitru Chhaya Bldg, 6 Sleater Road, First Cross Lane, Grant Road, Mumbai, MH	India	19	89.28571428571429	89.0	INDIA|tok:bell;INDIA|anum:6_ground;INDIA|pfx6:bellfl	Top-K Truncation / Bucket Slice (Shared keys: ['INDIA|tok:bell', 'INDIA|anum:6_ground'], but bucket sliced b[:8] or cap 15 reached)	Top-K Truncation / Bucket Slicing
S1-706514314	Dental Quality Associates, LLC	2831 Sutton Avenue, Kettering, OH	US	S2-182563931,S2-810456203,S3-542401521,S3-801963382	S2-102605312,S2-106242060,S2-145868969,S2-165038944,S2-182563931,S2-472151404,S2-534450951,S2-549934801,S2-728051865,S2-810456203	S3-801963382	Dental Quality  Associates, LLC Trust	2825b Sutton Ave, PO Box 9330, Kettering, Ohio	US	13	89.55223880597015	70.88607594936708	US|tok:quality;US|tok:dental;US|2tok:dental_quality;US|pfx6:dental;US|pfx8:dentalqu	Top-K Truncation / Bucket Slice (Shared keys: ['US|tok:quality', 'US|tok:dental'], but bucket sliced b[:8] or cap 15 reached)	Top-K Truncation / Bucket Slicing
S1-543144015	Freight Foods	B.K. Dutt Colony Lodhi Road, Delhi, K-5, New Delhi	India	S2-284196531,S2-935810015,S2-946732153	S2-182203684,S2-320337599,S2-387949211,S2-486523760,S2-522243932,S2-682492346,S2-767395052,S2-785421538,S2-825734662,S2-890565536	S2-935810015	M/s Freight Foods Ltd	Delhi, HN 950 K-5, B.K. DUTT COLONY LODHI ROAD	India	16	76.47058823529412	56.25	INDIA|tok:foods;INDIA|tok:freight	Top-K Truncation / Bucket Slice (Shared keys: ['INDIA|tok:foods', 'INDIA|tok:freight'], but bucket sliced b[:8] or cap 15 reached)	Top-K Truncation / Bucket Slicing
S1-543144015	Freight Foods	B.K. Dutt Colony Lodhi Road, Delhi, K-5, New Delhi	India	S2-284196531,S2-935810015,S2-946732153	S2-182203684,S2-320337599,S2-387949211,S2-486523760,S2-522243932,S2-682492346,S2-767395052,S2-785421538,S2-825734662,S2-890565536	S2-284196531	Freight Partners	HN 950 K-5, B.K. DUTT COLONY LODHI ROAD, दिल्ली	India	16	62.06896551724138	59.79381443298969	INDIA|tok:freight;INDIA|pfx6:freigh	Top-K Truncation / Bucket Slice (Shared keys: ['INDIA|tok:freight', 'INDIA|pfx6:freigh'], but bucket sliced b[:8] or cap 15 reached)	Top-K Truncation / Bucket Slicing
S1-192327811	NP Global Company	61 T/F, Third Floor, Vijay Block, East Delhi, Delhi	India	S2-154698750,S2-622284434,S3-282250085	S2-137342331,S2-170346850,S2-227754535,S2-401368834,S2-428483152,S2-44241334,S2-483799845,S2-533887736,S2-60358577,S2-619943560	S3-282250085	#npglobal	Door No 61 T/f, Third Floor, Vijay Block, East Delhi, DL	India	17	61.53846153846154	89.7196261682243	INDIA|pfx6:npglob;INDIA|pfx8:npglobal	Top-K Truncation / Bucket Slice (Shared keys: ['INDIA|pfx6:npglob', 'INDIA|pfx8:npglobal'], but bucket sliced b[:8] or cap 15 reached)	Top-K Truncation / Bucket Slicing
S1-192327811	NP Global Company	61 T/F, Third Floor, Vijay Block, East Delhi, Delhi	India	S2-154698750,S2-622284434,S3-282250085	S2-137342331,S2-170346850,S2-227754535,S2-401368834,S2-428483152,S2-44241334,S2-483799845,S2-533887736,S2-60358577,S2-619943560	S2-154698750	NP Company Center	61 T/F, THIRD FLOOR, VIJAY BLOCK, EAST DELHI, दिल्ली	India	17	58.82352941176471	89.32038834951457	INDIA|anum:61_third	Top-K Truncation / Bucket Slice (Shared keys: ['INDIA|anum:61_third'], but bucket sliced b[:8] or cap 15 reached)	Top-K Truncation / Bucket Slicing
S1-192327811	NP Global Company	61 T/F, Third Floor, Vijay Block, East Delhi, Delhi	India	S2-154698750,S2-622284434,S3-282250085	S2-137342331,S2-170346850,S2-227754535,S2-401368834,S2-428483152,S2-44241334,S2-483799845,S2-533887736,S2-60358577,S2-619943560	S2-622284434	*** NP Gbohla Company	NO 61 T/F, EAST DELHI, Delhi	India	17	73.6842105263158	63.29113924050633		No Shared Blocking Key Generated (Name Sim: 73.6842105263158%, Addr Sim: 63.29113924050633%)	No Blocking Rule Hit
S1-993357110	Chiropractic Center	416 5th Avenue, East Grand Forks, MN	US	S2-174666741,S3-527865973	S2-1543418,S2-185405451,S2-418524315,S2-421812415,S2-466005666,S2-911290369,S2-911773924,S2-915741762,S2-935712733,S2-939801152	S3-527865973	Chiropractic Center  Inc	0416 Fifth Avenue, East Grand Forks, Minnesota	US	13	88.37209302325581	85.36585365853658	US|tok:chiropractic;US|pfx6:chirop;US|pfx8:chiropra	Top-K Truncation / Bucket Slice (Shared keys: ['US|tok:chiropractic', 'US|pfx6:chirop'], but bucket sliced b[:8] or cap 15 reached)	Top-K Truncation / Bucket Slicing
S1-993357110	Chiropractic Center	416 5th Avenue, East Grand Forks, MN	US	S2-174666741,S3-527865973	S2-1543418,S2-185405451,S2-418524315,S2-421812415,S2-466005666,S2-911290369,S2-911773924,S2-915741762,S2-935712733,S2-939801152	S2-174666741	Chiropractic Center	416. FIFTH AVE, EAST GRAND FORKS, MN	US	13	100.0	88.88888888888889	US|alpha:chiropracticcenter;US|pfx6:chirop;US|pfx8:chiropra;US|tok:chiropractic	Top-K Truncation / Bucket Slice (Shared keys: ['US|alpha:chiropracticcenter', 'US|pfx6:chirop'], but bucket sliced b[:8] or cap 15 reached)	Top-K Truncation / Bucket Slicing
S1-440023753	Brown Complete Coca LLC	3580 Jackson Avenue, Ogden City, UT	US	S2-708615457,S2-990330432,S3-226050299,S3-53438457,S3-970385735	S2-169374339,S2-173292408,S2-194038228,S2-241468330,S2-382238958,S2-396014002,S2-465788516,S2-487843839,S2-500941803,S2-716633829	S2-708615457	Brown Complete Coca	##3580 JACKSON AVENUE, OGDEN CITY, UT	US	17	90.47619047619048	97.22222222222221	US|2tok:brown_complete;US|pfx8:browncom;US|tok:brown;US|pfx6:brownc;US|tok:coca;US|anum:3580_jackson;US|tok:complete	Top-K Truncation / Bucket Slice (Shared keys: ['US|2tok:brown_complete', 'US|pfx8:browncom'], but bucket sliced b[:8] or cap 15 reached)	Top-K Truncation / Bucket Slicing
S1-440023753	Brown Complete Coca LLC	3580 Jackson Avenue, Ogden City, UT	US	S2-708615457,S2-990330432,S3-226050299,S3-53438457,S3-970385735	S2-169374339,S2-173292408,S2-194038228,S2-241468330,S2-382238958,S2-396014002,S2-465788516,S2-487843839,S2-500941803,S2-716633829	S3-53438457	Brown Cgomplete Coca LLC	3580 Jackson Ave, Ogden, Utah	US	17	97.87234042553192	84.375	US|tok:coca;US|tok:brown;US|anum:3580_jackson;US|pfx6:brownc	Top-K Truncation / Bucket Slice (Shared keys: ['US|tok:coca', 'US|tok:brown'], but bucket sliced b[:8] or cap 15 reached)	Top-K Truncation / Bucket Slicing
S1-440023753	Brown Complete Coca LLC	3580 Jackson Avenue, Ogden City, UT	US	S2-708615457,S2-990330432,S3-226050299,S3-53438457,S3-970385735	S2-169374339,S2-173292408,S2-194038228,S2-241468330,S2-382238958,S2-396014002,S2-465788516,S2-487843839,S2-500941803,S2-716633829	S2-990330432	Brown Complete LLC Coca		US	17	82.6086956521739	0.0	US|2tok:brown_complete;US|pfx8:browncom;US|tok:brown;US|pfx6:brownc;US|tok:coca;US|tok:complete	Top-K Truncation / Bucket Slice (Shared keys: ['US|2tok:brown_complete', 'US|pfx8:browncom'], but bucket sliced b[:8] or cap 15 reached)	Top-K Truncation / Bucket Slicing
S1-440023753	Brown Complete Coca LLC	3580 Jackson Avenue, Ogden City, UT	US	S2-708615457,S2-990330432,S3-226050299,S3-53438457,S3-970385735	S2-169374339,S2-173292408,S2-194038228,S2-241468330,S2-382238958,S2-396014002,S2-465788516,S2-487843839,S2-500941803,S2-716633829	S3-970385735	br0wncompletecoca.com	3580 Jackson Ave, Ogden, Utah	US	17	77.27272727272727	84.375	US|anum:3580_jackson	Top-K Truncation / Bucket Slice (Shared keys: ['US|anum:3580_jackson'], but bucket sliced b[:8] or cap 15 reached)	Top-K Truncation / Bucket Slicing
S1-86094936	Jain Developers	88/A M C Garden Road Dumdum, Kolkata, Calcutta, West Bengal	India	S2-28682309,S2-750389241,S3-505894931	S2-115452188,S2-136125397,S2-13685817,S2-156838453,S2-247406438,S2-407259097,S2-455427205,S2-490946837,S2-611867334,S2-619050425	S2-28682309	জৈন ডেভেলপারস	DOOR NO A-88/A M C GARDEN ROAD DUMDUM, CALCUTTA, West Bengal	India	15	7.14285714285714	84.03361344537815		Address Correlated but Name Dissimilar (Addr Sim: 84.03361344537815%, missed address blocking key)	Address Correlated but Name Unmatched
S1-86094936	Jain Developers	88/A M C Garden Road Dumdum, Kolkata, Calcutta, West Bengal	India	S2-28682309,S2-750389241,S3-505894931	S2-115452188,S2-136125397,S2-13685817,S2-156838453,S2-247406438,S2-407259097,S2-455427205,S2-490946837,S2-611867334,S2-619050425	S2-750389241	Jain ডেভেলপারস	#A-88/A M C GARDEN ROAD DUMDUM, KOLKATA, পশ্চিমবঙ্গ	India	15	34.48275862068966	69.0909090909091	INDIA|tok:jain;INDIA|anum:88_garden	Top-K Truncation / Bucket Slice (Shared keys: ['INDIA|tok:jain', 'INDIA|anum:88_garden'], but bucket sliced b[:8] or cap 15 reached)	Top-K Truncation / Bucket Slicing
S1-86094936	Jain Developers	88/A M C Garden Road Dumdum, Kolkata, Calcutta, West Bengal	India	S2-28682309,S2-750389241,S3-505894931	S2-115452188,S2-136125397,S2-13685817,S2-156838453,S2-247406438,S2-407259097,S2-455427205,S2-490946837,S2-611867334,S2-619050425	S3-505894931	জৈন ডেভেলপারস	No 28/A M C Garden Road Dumdm, Kolkata Region, Kolkata, WB	India	15	7.14285714285714	73.50427350427351		Address Correlated but Name Dissimilar (Addr Sim: 73.50427350427351%, missed address blocking key)	Address Correlated but Name Unmatched
S1-488506845	Olanora Centers	VA, 156 School Lane, James City County	US	S2-891565967,S3-147695770,S3-912712047	S2-156867210,S2-229913744,S2-243128643,S2-265990559,S2-343667919,S2-380181574,S2-423099440,S2-45334551,S2-581295199,S2-618162401	S2-891565967	0lanora  Centers	15 SCHOOL LN, JAMES CITY COUNTY, VA	US	17	90.32258064516128	84.93150684931507	US|tok:centers	Top-K Truncation / Bucket Slice (Shared keys: ['US|tok:centers'], but bucket sliced b[:8] or cap 15 reached)	Top-K Truncation / Bucket Slicing
S1-654697159	Sector & Co of Noida	D-72, Sector-55 Noida Gautam Budh Nagar, Noida, Gautam Buddha Nagar, Uttar Pradesh	India	S2-693894963,S2-741247894,S2-750808389,S3-734974546	S2-151332689,S2-179388928,S2-257562314,S2-273209524,S2-351906023,S2-42909902,S2-611664946,S2-689285842,S2-693894963,S2-741247894	S3-734974546	Gilddova	D-72, Sector-55 Noida Gautam Budh Nagar, Noida, Gautam Buddha Nagar, Uttar Pradesh	India	16	21.42857142857143	100.0	INDIA|anum:72_sector	Top-K Truncation / Bucket Slice (Shared keys: ['INDIA|anum:72_sector'], but bucket sliced b[:8] or cap 15 reached)	Top-K Truncation / Bucket Slicing
S1-559551054	Prine Heartland Globa	115 State Street, Falmouth, KY	US	S2-755202703,S2-77895989,S3-506079036,S3-875423510	S2-130344002,S2-239349936,S2-249854121,S2-30201599,S2-310717334,S2-317936846,S2-461925825,S2-564558581,S2-749626432,S2-755202703	S2-77895989	Prine Globa Center	15 STATE ST, FALMOUTH, KY	US	16	56.41025641025641	90.9090909090909	US|tok:globa;US|tok:prine	Top-K Truncation / Bucket Slice (Shared keys: ['US|tok:globa', 'US|tok:prine'], but bucket sliced b[:8] or cap 15 reached)	Top-K Truncation / Bucket Slicing
S1-765456522	Fastgrow Software Limited	Type-02Q.No. -47, Congress Nagar Pathakheda, Shahpura, Betul, Madhya Pradesh	India	S2-839415804,S3-114086453,S3-256743745	S2-171145399,S2-181037747,S2-302866028,S2-340774575,S2-387111617,S2-62565434,S2-66557618,S2-825456144,S2-827427628,S2-839415804	S3-114086453	Fastgrow Sottaae Limited	Type-02q.no. -47, Congress Nagar Pathakheda, Betul, Shahpura, MP	India	16	89.79591836734694	81.42857142857143	INDIA|tok:fastgrow;INDIA|pfx6:fastgr;INDIA|anum:47_type;INDIA|pfx8:fastgrow	Top-K Truncation / Bucket Slice (Shared keys: ['INDIA|tok:fastgrow', 'INDIA|pfx6:fastgr'], but bucket sliced b[:8] or cap 15 reached)	Top-K Truncation / Bucket Slicing
S1-765456522	Fastgrow Software Limited	Type-02Q.No. -47, Congress Nagar Pathakheda, Shahpura, Betul, Madhya Pradesh	India	S2-839415804,S3-114086453,S3-256743745	S2-171145399,S2-181037747,S2-302866028,S2-340774575,S2-387111617,S2-62565434,S2-66557618,S2-825456144,S2-827427628,S2-839415804	S3-256743745	Fastgrow Limited Service	Type-6-02q.no. -47, Betul, MP	India	16	65.3061224489796	51.42857142857142	INDIA|tok:fastgrow;INDIA|pfx6:fastgr;INDIA|pfx8:fastgrow	Top-K Truncation / Bucket Slice (Shared keys: ['INDIA|tok:fastgrow', 'INDIA|pfx6:fastgr'], but bucket sliced b[:8] or cap 15 reached)	Top-K Truncation / Bucket Slicing
S1-651095976	Sterling Innovative Electric LLC	1747 Jackson Avenue, Fl 0, Wichita, KS	US	S2-962975572,S3-289302549,S3-376912282	S2-173334954,S2-304433619,S2-562815912,S2-715653962,S2-74754696,S2-874601636,S2-962975572,S2-982072634	S3-289302549	ster1inginnovativeelectric.com	001747 Jackson Avenue, Wichita, Kansas	US	8	83.87096774193549	84.21052631578947		No Shared Blocking Key Generated (Name Sim: 83.87096774193549%, Addr Sim: 84.21052631578947%)	No Blocking Rule Hit
S1-651095976	Sterling Innovative Electric LLC	1747 Jackson Avenue, Fl 0, Wichita, KS	US	S2-962975572,S3-289302549,S3-376912282	S2-173334954,S2-304433619,S2-562815912,S2-715653962,S2-74754696,S2-874601636,S2-962975572,S2-982072634	S3-376912282	Sterling Innovative Eecrtic LLC	001747 Jackson Avenue, Wichita, Kansas	US	8	95.23809523809523	84.21052631578947	US|2tok:sterling_innovative;US|tok:sterling;US|pfx8:sterling;US|tok:innovative;US|pfx6:sterli	Top-K Truncation / Bucket Slice (Shared keys: ['US|2tok:sterling_innovative', 'US|tok:sterling'], but bucket sliced b[:8] or cap 15 reached)	Top-K Truncation / Bucket Slicing
S1-757082720	Urology Regional Clinic	50085 288, Young, AZ	US	S2-343259555,S3-523780726,S3-625204142	S2-179376784,S2-190341556,S2-222618083,S2-401288646,S2-488863283,S2-573061085,S2-641136800,S2-828956317,S2-845711730,S2-878307019	S2-343259555	Urology Regional Clinic Corp	AZ, YOUNG, 0085 288	US	15	90.19607843137256	46.15384615384615	US|pfx8:urologyr;US|pfx6:urolog;US|2tok:urology_regional;US|tok:urology;US|tok:regional	Top-K Truncation / Bucket Slice (Shared keys: ['US|pfx8:urologyr', 'US|pfx6:urolog'], but bucket sliced b[:8] or cap 15 reached)	Top-K Truncation / Bucket Slicing
S1-590134263	Global Financial Global	Unit Suite 235, 10500 Bergtold Road, NY, Clarence	US	S2-592174269,S2-829268163,S3-114835331,S3-855516191	S2-16850263,S2-220290887,S2-301265572,S2-353931805,S2-355271576,S2-385270156,S2-52354050,S2-65597894,S2-685518107,S2-774639762	S3-114835331	The Global Financial Global	New York, Clarence, 10502 Bergtold Road, # Suite 235	US	21	92.0	53.46534653465347	US|tok:financial	Top-K Truncation / Bucket Slice (Shared keys: ['US|tok:financial'], but bucket sliced b[:8] or cap 15 reached)	Top-K Truncation / Bucket Slicing
S1-590134263	Global Financial Global	Unit Suite 235, 10500 Bergtold Road, NY, Clarence	US	S2-592174269,S2-829268163,S3-114835331,S3-855516191	S2-16850263,S2-220290887,S2-301265572,S2-353931805,S2-355271576,S2-385270156,S2-52354050,S2-65597894,S2-685518107,S2-774639762	S2-592174269	GLOBAL FINANCIAL GLOBAL  INC	10500 BERTGOLD ROAD, CLARENCE, NY	US	21	90.19607843137256	68.29268292682926	US|tok:financial;US|2tok:global_financial;US|pfx8:globalfi;US|pfx6:global	Top-K Truncation / Bucket Slice (Shared keys: ['US|tok:financial', 'US|2tok:global_financial'], but bucket sliced b[:8] or cap 15 reached)	Top-K Truncation / Bucket Slicing
S1-590134263	Global Financial Global	Unit Suite 235, 10500 Bergtold Road, NY, Clarence	US	S2-592174269,S2-829268163,S3-114835331,S3-855516191	S2-16850263,S2-220290887,S2-301265572,S2-353931805,S2-355271576,S2-385270156,S2-52354050,S2-65597894,S2-685518107,S2-774639762	S3-855516191	Korlumcalo formerly Global Financial Global	10500 Bergtold Road, Unit Suite 235, Clarence, NY	US	21	69.6969696969697	65.3061224489796	US|tok:financial	Top-K Truncation / Bucket Slice (Shared keys: ['US|tok:financial'], but bucket sliced b[:8] or cap 15 reached)	Top-K Truncation / Bucket Slicing
S1-720468760	B & G Exchange	354 Claremont Road, Kingsport, TN	US	S2-495098095,S2-703072292,S3-464975135	S2-130804751,S2-253683115,S2-267621350,S2-405420442,S2-495098095,S2-525412079,S2-766131208,S2-897539970,S2-996674590,S3-464975135	S2-703072292	B &	365 CLAREMONT ROAD, KINGSPORT, TN	US	10	35.29411764705882	96.96969696969697		Address Correlated but Name Dissimilar (Addr Sim: 96.96969696969697%, missed address blocking key)	Address Correlated but Name Unmatched
S1-93806322	New Media Private Limited	Arabikula Street, Chinnakadai Veethi, No. 4, Tamil Nadu, Tiruchirappalli, Trichy	India	S2-688963050,S2-818946606,S2-875972736,S2-883521854,S3-473682994	S2-176102913,S2-24597083,S2-289620962,S2-413804941,S2-477244854,S2-525014439,S2-660218248,S2-71956548,S2-951318520,S3-283288944	S2-883521854	Mr New Media Private Limited	DOOR NO 4  , ARABIKULA STREET, CHINNAKADAI VEETHI, TRICHY, Tamil Nadu	India	16	94.33962264150944	67.11409395973153	INDIA|tok:media	Top-K Truncation / Bucket Slice (Shared keys: ['INDIA|tok:media'], but bucket sliced b[:8] or cap 15 reached)	Top-K Truncation / Bucket Slicing
S1-93806322	New Media Private Limited	Arabikula Street, Chinnakadai Veethi, No. 4, Tamil Nadu, Tiruchirappalli, Trichy	India	S2-688963050,S2-818946606,S2-875972736,S2-883521854,S3-473682994	S2-176102913,S2-24597083,S2-289620962,S2-413804941,S2-477244854,S2-525014439,S2-660218248,S2-71956548,S2-951318520,S3-283288944	S2-818946606	New Media Private	#4  , ARABIKULA STREET, CHINNAKADAI VEETHI, TRICHY, Tamil Nadu	India	16	80.95238095238095	70.4225352112676	INDIA|2tok:new_media;INDIA|pfx6:newmed;INDIA|tok:media;INDIA|anum:4_arabikula;INDIA|pfx8:newmedia	Top-K Truncation / Bucket Slice (Shared keys: ['INDIA|2tok:new_media', 'INDIA|pfx6:newmed'], but bucket sliced b[:8] or cap 15 reached)	Top-K Truncation / Bucket Slicing
S1-93806322	New Media Private Limited	Arabikula Street, Chinnakadai Veethi, No. 4, Tamil Nadu, Tiruchirappalli, Trichy	India	S2-688963050,S2-818946606,S2-875972736,S2-883521854,S3-473682994	S2-176102913,S2-24597083,S2-289620962,S2-413804941,S2-477244854,S2-525014439,S2-660218248,S2-71956548,S2-951318520,S3-283288944	S2-688963050	நியூ மீடியா பிரைவேட் லிமிடெட்	NO 4, ARABIKULA STREET, CHINNAKADAI VEETHI, TIRUCHIRAPPALLI, TRICHY, Tamil Nadu	India	16	11.111111111111116	76.72955974842768	INDIA|anum:4_arabikula	Top-K Truncation / Bucket Slice (Shared keys: ['INDIA|anum:4_arabikula'], but bucket sliced b[:8] or cap 15 reached)	Top-K Truncation / Bucket Slicing
S1-93806322	New Media Private Limited	Arabikula Street, Chinnakadai Veethi, No. 4, Tamil Nadu, Tiruchirappalli, Trichy	India	S2-688963050,S2-818946606,S2-875972736,S2-883521854,S3-473682994	S2-176102913,S2-24597083,S2-289620962,S2-413804941,S2-477244854,S2-525014439,S2-660218248,S2-71956548,S2-951318520,S3-283288944	S3-473682994	நியூ மீடியா பிரைவேட் லிமிடெட்	No. 4, Arabikula Street, Chinnakadai Veethi, Trichy, TN	India	16	11.111111111111116	66.66666666666667	INDIA|anum:4_arabikula	Top-K Truncation / Bucket Slice (Shared keys: ['INDIA|anum:4_arabikula'], but bucket sliced b[:8] or cap 15 reached)	Top-K Truncation / Bucket Slicing
S1-93806322	New Media Private Limited	Arabikula Street, Chinnakadai Veethi, No. 4, Tamil Nadu, Tiruchirappalli, Trichy	India	S2-688963050,S2-818946606,S2-875972736,S2-883521854,S3-473682994	S2-176102913,S2-24597083,S2-289620962,S2-413804941,S2-477244854,S2-525014439,S2-660218248,S2-71956548,S2-951318520,S3-283288944	S2-875972736	நியூ மீடியா பிரைவேட் லிமிடெட்	H.NO 4, ARABIKULA STREET, CHINNAKADAI VEETHI, TRICHY, TIRUCHIRAPPALLI, தமிழ்நாடு	India	16	11.111111111111116	73.75	INDIA|anum:4_arabikula	Top-K Truncation / Bucket Slice (Shared keys: ['INDIA|anum:4_arabikula'], but bucket sliced b[:8] or cap 15 reached)	Top-K Truncation / Bucket Slicing
S1-16642923	Jain Hitech It Pvt Ltd	Celler, Shop No 1, Sarvamangal B/H Zalak Complex, Nr Pankaj Society, Bhattha, Paldi, Ahmedabad, Gujarat	India	S2-336781345,S2-386551598,S2-393075989,S3-204724726,S3-498730021	S2-146078409,S2-338952905,S2-386551598,S2-393075989,S2-41934507,S2-422749278,S2-449463452,S2-512538088,S2-603877418,S2-691308098	S3-498730021	જૈન હાઇટેક આઈટી પ્રા. લિ.	Ahmedabad, Celler, GJ, Shop No 1, Sarvamangal B/h Zalak Complex, Nr Pankaj Society, Bhattha, Paldi	India	20	17.021276595744684	82.58706467661692		Address Correlated but Name Dissimilar (Addr Sim: 82.58706467661692%, missed address blocking key)	Address Correlated but Name Unmatched
S1-16642923	Jain Hitech It Pvt Ltd	Celler, Shop No 1, Sarvamangal B/H Zalak Complex, Nr Pankaj Society, Bhattha, Paldi, Ahmedabad, Gujarat	India	S2-336781345,S2-386551598,S2-393075989,S3-204724726,S3-498730021	S2-146078409,S2-338952905,S2-386551598,S2-393075989,S2-41934507,S2-422749278,S2-449463452,S2-512538088,S2-603877418,S2-691308098	S3-204724726	Jain  Hitech Pvt Ltd Center	Celler, Shop No 1, Sarvamangal B/h Zalak Complex, Nr Pankaj Society, Bhattha, Paldi, Ahmedabad, GJ	India	20	77.55102040816327	97.51243781094527	INDIA|pfx6:jainhi;INDIA|pfx8:jainhite;INDIA|2tok:jain_hitech;INDIA|tok:jain;INDIA|tok:hitech;INDIA|anum:1_celler	Top-K Truncation / Bucket Slice (Shared keys: ['INDIA|pfx6:jainhi', 'INDIA|pfx8:jainhite'], but bucket sliced b[:8] or cap 15 reached)	Top-K Truncation / Bucket Slicing
S1-16642923	Jain Hitech It Pvt Ltd	Celler, Shop No 1, Sarvamangal B/H Zalak Complex, Nr Pankaj Society, Bhattha, Paldi, Ahmedabad, Gujarat	India	S2-336781345,S2-386551598,S2-393075989,S3-204724726,S3-498730021	S2-146078409,S2-338952905,S2-386551598,S2-393075989,S2-41934507,S2-422749278,S2-449463452,S2-512538088,S2-603877418,S2-691308098	S2-336781345	જૈન હાઇટેક આઈટી પ્રા. લિ.	AHMEDABAD, CELLER, Gujarat, SHOP NO 1, SARVAMANGAL B/H ZALAK COMPLEX, NR PANKAJ SOCIETY, BHATTHA, PALDI	India	20	17.021276595744684	80.58252427184466		Address Correlated but Name Dissimilar (Addr Sim: 80.58252427184466%, missed address blocking key)	Address Correlated but Name Unmatched
S1-951871591	Poddar College	C/O Lajje, Nr -Main Rasta, Village - Shahpur, Sector-128, Noida, Gautam Buddha Nagar, Uttar Pradesh	India	S2-259547680,S2-838616809,S3-764399082	S2-234409395,S2-259547680,S2-276371105,S2-38258135,S2-42461123,S2-536504486,S2-570097161,S2-598504921,S2-670991631,S2-838616809	S3-764399082	Poddar Coilmlege	Door No 745 C/o Lajje, Nr -Main Rasta, Village - Shahpur, Sector-128, UP, Gautam Buddha Nagar	India	16	93.33333333333333	82.29166666666666	INDIA|pfx8:poddarco;INDIA|pfx6:poddar;INDIA|tok:poddar	Top-K Truncation / Bucket Slice (Shared keys: ['INDIA|pfx8:poddarco', 'INDIA|pfx6:poddar'], but bucket sliced b[:8] or cap 15 reached)	Top-K Truncation / Bucket Slicing
S1-953470089	Tirupati Systems Limited	C/O Mangesh Waman Nirantar, Shop No. G-1, F-Building, Kasliwal Suvarnayog, Garkhed, A, Aurangabad, Maharashtra	India	S3-300254136,S3-430129367,S3-613209073	S2-244283524,S2-304026198,S2-393563842,S2-427719916,S2-491126348,S2-729028529,S2-73759502,S2-830231096,S2-880320435,S2-894576924	S3-613209073	Tirupati Ssyetms Limited	Aurangabad, महाराष्ट्र, C/o Mangesh Waman Nirantar, Aurangabad	India	16	91.66666666666666	44.18604651162791	INDIA|tok:tirupati;INDIA|pfx8:tirupati;INDIA|pfx6:tirupa	Top-K Truncation / Bucket Slice (Shared keys: ['INDIA|tok:tirupati', 'INDIA|pfx8:tirupati'], but bucket sliced b[:8] or cap 15 reached)	Top-K Truncation / Bucket Slicing
S1-716442915	Creative Plum	7371 Denny Drive, North Ridgeville, OH	US	S2-254363941,S2-998330328,S3-355978425	S2-254363941,S2-905240408,S3-391071000,S3-42505199,S3-564564920,S3-942319666,S3-989299568	S2-998330328	Creative Center	371 DENNY DRIVE, NORTH RIDGEVILLE, OH	US	7	64.28571428571428	98.66666666666667	US|pfx6:creati;US|pfx8:creative;US|tok:creative	Top-K Truncation / Bucket Slice (Shared keys: ['US|pfx6:creati', 'US|pfx8:creative'], but bucket sliced b[:8] or cap 15 reached)	Top-K Truncation / Bucket Slicing
S1-716442915	Creative Plum	7371 Denny Drive, North Ridgeville, OH	US	S2-254363941,S2-998330328,S3-355978425	S2-254363941,S2-905240408,S3-391071000,S3-42505199,S3-564564920,S3-942319666,S3-989299568	S3-355978425	Creative Center		US	7	64.28571428571428	0.0	US|pfx6:creati;US|pfx8:creative;US|tok:creative	Top-K Truncation / Bucket Slice (Shared keys: ['US|pfx6:creati', 'US|pfx8:creative'], but bucket sliced b[:8] or cap 15 reached)	Top-K Truncation / Bucket Slicing
S1-657025372	Ertha M. Swanson, DPM, P.C.	810 Park Avenue, Dunn, NC	US	S2-376438059,S2-442114921,S2-744647893,S3-175982003,S3-489362331,S3-851016597,S3-964679244	S2-166700093,S2-237694248,S2-376438059,S2-414901911,S2-442114921,S2-574293786,S2-658666073,S2-713628273,S2-744647893,S2-797285425	S3-175982003	Onyxflux fka Ertha M. Swanson, DPM, P.C.	810 Park Avenue, Dunn, NC	US	18	80.59701492537313	100.0	US|tok:swanson;US|tok:ertha;US|anum:810_park	Top-K Truncation / Bucket Slice (Shared keys: ['US|tok:swanson', 'US|tok:ertha'], but bucket sliced b[:8] or cap 15 reached)	Top-K Truncation / Bucket Slicing
S1-657025372	Ertha M. Swanson, DPM, P.C.	810 Park Avenue, Dunn, NC	US	S2-376438059,S2-442114921,S2-744647893,S3-175982003,S3-489362331,S3-851016597,S3-964679244	S2-166700093,S2-237694248,S2-376438059,S2-414901911,S2-442114921,S2-574293786,S2-658666073,S2-713628273,S2-744647893,S2-797285425	S3-964679244	ERTHA P.C. 5WANSON, DPM, M.	810 Park Ave, PMB 790, Dunn, North Carolina	US	18	81.4814814814815	64.70588235294117	US|tok:ertha;US|anum:810_park	Top-K Truncation / Bucket Slice (Shared keys: ['US|tok:ertha', 'US|anum:810_park'], but bucket sliced b[:8] or cap 15 reached)	Top-K Truncation / Bucket Slicing
S1-958577120	NTW Land Private Limited	Flat -101, Bhagwat Villa Apartment, Bhubaneswar, Khordha, Orissa	India	S2-614945214,S2-658672541,S3-431823872,S3-502652881	S3-502652881	S3-431823872	NTW Lada Private-Limited	Flat -101, Bhagwat Villa Apartment, Bhubaneswar, Khordha, Orissa	India	1	91.66666666666666	100.0	INDIA|anum:101_flat	Top-K Truncation / Bucket Slice (Shared keys: ['INDIA|anum:101_flat'], but bucket sliced b[:8] or cap 15 reached)	Top-K Truncation / Bucket Slicing
S1-958577120	NTW Land Private Limited	Flat -101, Bhagwat Villa Apartment, Bhubaneswar, Khordha, Orissa	India	S2-614945214,S2-658672541,S3-431823872,S3-502652881	S3-502652881	S2-614945214	Priotse NTW Land Limited	FLAT -C-101, BHAGWAT VILLA APARTMENT, BHUBANESWAR, Orissa	India	1	66.66666666666667	90.9090909090909	INDIA|anum:101_flat;INDIA|tok:land	Top-K Truncation / Bucket Slice (Shared keys: ['INDIA|anum:101_flat', 'INDIA|tok:land'], but bucket sliced b[:8] or cap 15 reached)	Top-K Truncation / Bucket Slicing
S1-958577120	NTW Land Private Limited	Flat -101, Bhagwat Villa Apartment, Bhubaneswar, Khordha, Orissa	India	S2-614945214,S2-658672541,S3-431823872,S3-502652881	S3-502652881	S2-658672541	Prvtoae NTW Land (Limited)	FLAT -C-101, BHAGWAT VILLA APARTMENT, BHUBANESWAR, Orissa	India	1	64.0	90.9090909090909	INDIA|anum:101_flat;INDIA|tok:land	Top-K Truncation / Bucket Slice (Shared keys: ['INDIA|anum:101_flat', 'INDIA|tok:land'], but bucket sliced b[:8] or cap 15 reached)	Top-K Truncation / Bucket Slicing
S1-606480359	Creative Services Private Limited	H.No.8-3-214/1/A-1, Plot No.B2Madhura Nagar, Hyderabad., Andhra Pradesh, Telangana	India	S2-11895238,S2-527210577,S2-541115908,S2-553306217,S3-23000002	S2-492872776,S2-76231321,S2-891377520,S2-991147730,S3-162955105,S3-331505282,S3-423059957,S3-767914503	S2-11895238	క్రియేటివ్ సర్వీసెస్ ప్రైవేట్ లిమిటెడ్	HYDERABAD., ANDHRA PRADESH, Telangana, #8-3-214/1/A-1	India	8	8.450704225352112	54.81481481481482		No Shared Blocking Key Generated (Name Sim: 8.450704225352112%, Addr Sim: 54.81481481481482%)	No Blocking Rule Hit
S1-606480359	Creative Services Private Limited	H.No.8-3-214/1/A-1, Plot No.B2Madhura Nagar, Hyderabad., Andhra Pradesh, Telangana	India	S2-11895238,S2-527210577,S2-541115908,S2-553306217,S3-23000002	S2-492872776,S2-76231321,S2-891377520,S2-991147730,S3-162955105,S3-331505282,S3-423059957,S3-767914503	S2-527210577	క్రియేటివ్ సర్వీసెస్ ప్రైవేట్ లిమిటెడ్	H.NO.8-3-214/1/A-1, ANDHRA PRADESH, HYDERABAD., Telangana	India	8	8.450704225352112	71.94244604316546		Address Correlated but Name Dissimilar (Addr Sim: 71.94244604316546%, missed address blocking key)	Address Correlated but Name Unmatched
S1-606480359	Creative Services Private Limited	H.No.8-3-214/1/A-1, Plot No.B2Madhura Nagar, Hyderabad., Andhra Pradesh, Telangana	India	S2-11895238,S2-527210577,S2-541115908,S2-553306217,S3-23000002	S2-492872776,S2-76231321,S2-891377520,S2-991147730,S3-162955105,S3-331505282,S3-423059957,S3-767914503	S2-553306217	Creative Services Prinvatge Limited	H.NO.8-3-214/1/A-1, PLOT NO.B2MADHURA NAGAR, HYDERABAD., తెలంగాణ	India	8	97.05882352941177	78.08219178082192	INDIA|tok:creative;INDIA|pfx8:creative;INDIA|anum:8_plot;INDIA|pfx6:creati	Top-K Truncation / Bucket Slice (Shared keys: ['INDIA|tok:creative', 'INDIA|pfx8:creative'], but bucket sliced b[:8] or cap 15 reached)	Top-K Truncation / Bucket Slicing
S1-606480359	Creative Services Private Limited	H.No.8-3-214/1/A-1, Plot No.B2Madhura Nagar, Hyderabad., Andhra Pradesh, Telangana	India	S2-11895238,S2-527210577,S2-541115908,S2-553306217,S3-23000002	S2-492872776,S2-76231321,S2-891377520,S2-991147730,S3-162955105,S3-331505282,S3-423059957,S3-767914503	S2-541115908	Creative Services Private	H.NO.8-3-214/1/A-1, PLOT NO.B2MADHURA NAGAR, HYDERABAD., తెలంగాణ	India	8	86.20689655172413	78.08219178082192	INDIA|tok:creative;INDIA|pfx8:creative;INDIA|anum:8_plot;INDIA|pfx6:creati	Top-K Truncation / Bucket Slice (Shared keys: ['INDIA|tok:creative', 'INDIA|pfx8:creative'], but bucket sliced b[:8] or cap 15 reached)	Top-K Truncation / Bucket Slicing
S1-606480359	Creative Services Private Limited	H.No.8-3-214/1/A-1, Plot No.B2Madhura Nagar, Hyderabad., Andhra Pradesh, Telangana	India	S2-11895238,S2-527210577,S2-541115908,S2-553306217,S3-23000002	S2-492872776,S2-76231321,S2-891377520,S2-991147730,S3-162955105,S3-331505282,S3-423059957,S3-767914503	S3-23000002	Creative Services Limited Service	No 4-8-3-214/1/A-1, Plot No.b2madhura Nagar, Andhra Pradesh	India	8	75.75757575757575	79.43262411347519	INDIA|tok:creative;INDIA|pfx8:creative;INDIA|pfx6:creati	Top-K Truncation / Bucket Slice (Shared keys: ['INDIA|tok:creative', 'INDIA|pfx8:creative'], but bucket sliced b[:8] or cap 15 reached)	Top-K Truncation / Bucket Slicing
S1-378652653	Gulf Network Inc	22022 Shale Barren Court, Cypress, TX	US	S2-213067343,S3-200235828,S3-34002474,S3-96582083	S2-180391885,S2-408282494,S2-54600094,S2-573379816,S2-649766154,S2-649954957,S2-765196746,S2-781218899,S2-786075467,S2-827702565	S2-213067343	GULF NETORK INC	22022 SHALE BARREN CT, TX, CYPRESS	US	16	96.7741935483871	84.50704225352112	US|anum:22022_shale;US|pfx6:gulfne;US|tok:gulf	Top-K Truncation / Bucket Slice (Shared keys: ['US|anum:22022_shale', 'US|pfx6:gulfne'], but bucket sliced b[:8] or cap 15 reached)	Top-K Truncation / Bucket Slicing
S1-378652653	Gulf Network Inc	22022 Shale Barren Court, Cypress, TX	US	S2-213067343,S3-200235828,S3-34002474,S3-96582083	S2-180391885,S2-408282494,S2-54600094,S2-573379816,S2-649766154,S2-649954957,S2-765196746,S2-781218899,S2-786075467,S2-827702565	S3-200235828	Gulf Inc Network	Cypress, 22022 Shale Barren Court, Texas	US	16	75.0	72.72727272727273	US|tok:network;US|2tok:gulf_network;US|tok:gulf	Top-K Truncation / Bucket Slice (Shared keys: ['US|tok:network', 'US|2tok:gulf_network'], but bucket sliced b[:8] or cap 15 reached)	Top-K Truncation / Bucket Slicing
S1-378652653	Gulf Network Inc	22022 Shale Barren Court, Cypress, TX	US	S2-213067343,S3-200235828,S3-34002474,S3-96582083	S2-180391885,S2-408282494,S2-54600094,S2-573379816,S2-649766154,S2-649954957,S2-765196746,S2-781218899,S2-786075467,S2-827702565	S3-34002474	Gulf Neitwork Inc	22022 Shale Barren Court, Cypress, Texas	US	16	96.96969696969697	96.1038961038961	US|anum:22022_shale;US|pfx6:gulfne;US|tok:gulf	Top-K Truncation / Bucket Slice (Shared keys: ['US|anum:22022_shale', 'US|pfx6:gulfne'], but bucket sliced b[:8] or cap 15 reached)	Top-K Truncation / Bucket Slicing
S1-539197690	Foundation Purple Logistics Limited	Thameens Residence Allumoodu Jn, Neyyattinkara P O, Thiruvananthapuram, Trivandrum, Kerala	India	S2-184526378,S2-212272105,S2-443462047,S2-458208456,S2-871400892,S3-36991592,S3-506112215	S2-184526378,S2-25114119,S2-871400892	S2-458208456	#foundationpurple	THAMEENS RESIDENCE ALLUMOODU JN, NEYYATTINKARA P O, THIRUVANANTHAPURAM, Kerala	India	3	61.53846153846154	92.85714285714286	INDIA|pfx6:founda;INDIA|pfx8:foundati	Top-K Truncation / Bucket Slice (Shared keys: ['INDIA|pfx6:founda', 'INDIA|pfx8:foundati'], but bucket sliced b[:8] or cap 15 reached)	Top-K Truncation / Bucket Slicing
S1-539197690	Foundation Purple Logistics Limited	Thameens Residence Allumoodu Jn, Neyyattinkara P O, Thiruvananthapuram, Trivandrum, Kerala	India	S2-184526378,S2-212272105,S2-443462047,S2-458208456,S2-871400892,S3-36991592,S3-506112215	S2-184526378,S2-25114119,S2-871400892	S2-443462047	Arcsyn	TAHMEENS RESIDENCE ALLUMOODU JN, NEYYATTINKARA P O, THIRUVANANTHAPURAM, TRIVANDRUM, Kerala	India	3	19.512195121951216	98.88888888888889		Address Correlated but Name Dissimilar (Addr Sim: 98.88888888888889%, missed address blocking key)	Address Correlated but Name Unmatched
S1-539197690	Foundation Purple Logistics Limited	Thameens Residence Allumoodu Jn, Neyyattinkara P O, Thiruvananthapuram, Trivandrum, Kerala	India	S2-184526378,S2-212272105,S2-443462047,S2-458208456,S2-871400892,S3-36991592,S3-506112215	S2-184526378,S2-25114119,S2-871400892	S2-212272105	@foundationpurple	THAMEENS RESIDENCE ALLUMOODU JN, NEYYATTINKARA P O, THIRUVANANTHAPURAM, Kerala	India	3	61.53846153846154	92.85714285714286	INDIA|pfx6:founda;INDIA|pfx8:foundati	Top-K Truncation / Bucket Slice (Shared keys: ['INDIA|pfx6:founda', 'INDIA|pfx8:foundati'], but bucket sliced b[:8] or cap 15 reached)	Top-K Truncation / Bucket Slicing
S1-539197690	Foundation Purple Logistics Limited	Thameens Residence Allumoodu Jn, Neyyattinkara P O, Thiruvananthapuram, Trivandrum, Kerala	India	S2-184526378,S2-212272105,S2-443462047,S2-458208456,S2-871400892,S3-36991592,S3-506112215	S2-184526378,S2-25114119,S2-871400892	S3-506112215	Limited Foundation Prpfe Logistics	Thameens Residence Allumoodu Jn, Neyyattinkara P O, Trivandrum, KL	India	3	72.46376811594203	84.61538461538461	INDIA|tok:foundation;INDIA|tok:logistics	Top-K Truncation / Bucket Slice (Shared keys: ['INDIA|tok:foundation', 'INDIA|tok:logistics'], but bucket sliced b[:8] or cap 15 reached)	Top-K Truncation / Bucket Slicing
S1-539197690	Foundation Purple Logistics Limited	Thameens Residence Allumoodu Jn, Neyyattinkara P O, Thiruvananthapuram, Trivandrum, Kerala	India	S2-184526378,S2-212272105,S2-443462047,S2-458208456,S2-871400892,S3-36991592,S3-506112215	S2-184526378,S2-25114119,S2-871400892	S3-36991592	Foundation Puraggple Logistics Limited	Thameens Residence Allumoodu Jn, Neyyattinkara P O, Thiruvananthapuram, KL	India	3	95.89041095890411	90.2439024390244	INDIA|pfx6:founda;INDIA|tok:foundation;INDIA|tok:logistics;INDIA|pfx8:foundati	Top-K Truncation / Bucket Slice (Shared keys: ['INDIA|pfx6:founda', 'INDIA|tok:foundation'], but bucket sliced b[:8] or cap 15 reached)	Top-K Truncation / Bucket Slicing
S1-338840619	Quartz, LLC	602 723, Bldg Residence, Crittenden County, KY	US	S2-122455982,S2-624410308,S2-711927056,S2-844460747,S3-596935989	S2-351412494,S2-36061379,S2-367431455,S2-49268162,S2-541576004,S2-617975221,S2-634773433,S2-735043347,S2-787542010,S2-93252860	S2-844460747	[LLC] Quartz,	##602 723, <NULL>, CRITTENDEN COUNTY, KY	US	11	58.33333333333333	76.74418604651163	US|tok:quartz	Top-K Truncation / Bucket Slice (Shared keys: ['US|tok:quartz'], but bucket sliced b[:8] or cap 15 reached)	Top-K Truncation / Bucket Slicing
S1-338840619	Quartz, LLC	602 723, Bldg Residence, Crittenden County, KY	US	S2-122455982,S2-624410308,S2-711927056,S2-844460747,S3-596935989	S2-351412494,S2-36061379,S2-367431455,S2-49268162,S2-541576004,S2-617975221,S2-634773433,S2-735043347,S2-787542010,S2-93252860	S2-711927056	Quartz, LLC Enterprises		US	11	64.70588235294117	0.0	US|pfx6:quartz;US|pfx8:quartzll;US|tok:quartz	Top-K Truncation / Bucket Slice (Shared keys: ['US|pfx6:quartz', 'US|pfx8:quartzll'], but bucket sliced b[:8] or cap 15 reached)	Top-K Truncation / Bucket Slicing
S1-338840619	Quartz, LLC	602 723, Bldg Residence, Crittenden County, KY	US	S2-122455982,S2-624410308,S2-711927056,S2-844460747,S3-596935989	S2-351412494,S2-36061379,S2-367431455,S2-49268162,S2-541576004,S2-617975221,S2-634773433,S2-735043347,S2-787542010,S2-93252860	S3-596935989	Quartz, Llc Llc	594-598 723, Bldg Residence, Crittenden County, Kentucky	US	11	84.61538461538461	84.31372549019608	US|pfx6:quartz;US|pfx8:quartzll;US|tok:quartz	Top-K Truncation / Bucket Slice (Shared keys: ['US|pfx6:quartz', 'US|pfx8:quartzll'], but bucket sliced b[:8] or cap 15 reached)	Top-K Truncation / Bucket Slicing
S1-338840619	Quartz, LLC	602 723, Bldg Residence, Crittenden County, KY	US	S2-122455982,S2-624410308,S2-711927056,S2-844460747,S3-596935989	S2-351412494,S2-36061379,S2-367431455,S2-49268162,S2-541576004,S2-617975221,S2-634773433,S2-735043347,S2-787542010,S2-93252860	S2-624410308	LLC QUIATRZ,	594 723, CRITTENDEN COUNTY, KY	US	11	52.17391304347826	71.05263157894737		No Shared Blocking Key Generated (Name Sim: 52.17391304347826%, Addr Sim: 71.05263157894737%)	No Blocking Rule Hit
S1-338840619	Quartz, LLC	602 723, Bldg Residence, Crittenden County, KY	US	S2-122455982,S2-624410308,S2-711927056,S2-844460747,S3-596935989	S2-351412494,S2-36061379,S2-367431455,S2-49268162,S2-541576004,S2-617975221,S2-634773433,S2-735043347,S2-787542010,S2-93252860	S2-122455982	The Quartz, LLC	594 723, KY, CRITTENDEN COUNTY	US	11	84.61538461538461	65.78947368421053	US|tok:quartz	Top-K Truncation / Bucket Slice (Shared keys: ['US|tok:quartz'], but bucket sliced b[:8] or cap 15 reached)	Top-K Truncation / Bucket Slicing
S1-170960991	Maanya & Co Center	Mr. Vishun Dayal, Flat No. 91 Pkt B2 Lok Nayak Puram, Mundka Near Ashram, Delhi, West Delhi, Delhi	India	S2-254893866,S2-674061727,S3-121661753,S3-508229742,S3-607336054	S2-182582878,S2-254893866,S2-416786828,S2-453826875,S2-60914636,S2-639777835,S2-644014520,S2-674061727,S2-756172535,S2-848332890	S3-121661753	Maanya & Có Center	Hn 824 Mr. Vihsun Dayal, West Delhi, DL	India	11	94.44444444444444	45.25547445255474	INDIA|tok:maanya;INDIA|pfx6:maanya	Top-K Truncation / Bucket Slice (Shared keys: ['INDIA|tok:maanya', 'INDIA|pfx6:maanya'], but bucket sliced b[:8] or cap 15 reached)	Top-K Truncation / Bucket Slicing
S1-170960991	Maanya & Co Center	Mr. Vishun Dayal, Flat No. 91 Pkt B2 Lok Nayak Puram, Mundka Near Ashram, Delhi, West Delhi, Delhi	India	S2-254893866,S2-674061727,S3-121661753,S3-508229742,S3-607336054	S2-182582878,S2-254893866,S2-416786828,S2-453826875,S2-60914636,S2-639777835,S2-644014520,S2-674061727,S2-756172535,S2-848332890	S3-607336054	Maanya &	Hn 824 Mr. Vishun Dayal, Delhi, DL	India	11	61.53846153846154	40.90909090909091	INDIA|tok:maanya;INDIA|pfx6:maanya	Top-K Truncation / Bucket Slice (Shared keys: ['INDIA|tok:maanya', 'INDIA|pfx6:maanya'], but bucket sliced b[:8] or cap 15 reached)	Top-K Truncation / Bucket Slicing
S1-152967828	Grand Staffing Solutions	27 Woodlawn Avenue, Poughkeepsie, NY	US	S2-907012850,S3-281425091,S3-449400755	S2-196895681,S2-420890739,S2-435241260,S2-474848095,S2-483787934,S2-600067129,S2-611925245,S2-679428486,S2-68749214,S2-79167468	S3-449400755	Grand Staffing Sólutions	New York, 27 Woodlawn Ave, Poughkeepsie, PO Box 1995	US	16	95.83333333333334	70.45454545454545	US|pfx8:grandsta;US|tok:grand;US|tok:staffing;US|pfx6:grands;US|2tok:grand_staffing	Top-K Truncation / Bucket Slice (Shared keys: ['US|pfx8:grandsta', 'US|tok:grand'], but bucket sliced b[:8] or cap 15 reached)	Top-K Truncation / Bucket Slicing
S1-711682948	Catherine Nesbit Industries LLC	2 Stonegate Court, Fairfield, OH	US	S2-264493768,S2-988333437,S3-226996687,S3-637373544,S3-834342742	S2-155660475,S2-236145951,S2-264493768,S2-345529802,S2-348859832,S2-44963045,S2-53619999,S2-714050476,S2-72483848,S2-732949293	S3-834342742	Halowexveo	2 Stonegate Ct, Fairfield, Ohio	US	15	14.634146341463417	92.06349206349206	US|anum:2_stonegate	Top-K Truncation / Bucket Slice (Shared keys: ['US|anum:2_stonegate'], but bucket sliced b[:8] or cap 15 reached)	Top-K Truncation / Bucket Slicing
S1-711682948	Catherine Nesbit Industries LLC	2 Stonegate Court, Fairfield, OH	US	S2-264493768,S2-988333437,S3-226996687,S3-637373544,S3-834342742	S2-155660475,S2-236145951,S2-264493768,S2-345529802,S2-348859832,S2-44963045,S2-53619999,S2-714050476,S2-72483848,S2-732949293	S3-637373544	CATHERINE NESBIT INDUSTRIES LLC LLC	2 Stonegate Court, Fairfield, Ohio	US	15	93.93939393939394	96.96969696969697	US|tok:catherine;US|anum:2_stonegate;US|2tok:catherine_nesbit;US|tok:nesbit;US|pfx6:cather;US|pfx8:catherin	Top-K Truncation / Bucket Slice (Shared keys: ['US|tok:catherine', 'US|anum:2_stonegate'], but bucket sliced b[:8] or cap 15 reached)	Top-K Truncation / Bucket Slicing
S1-711682948	Catherine Nesbit Industries LLC	2 Stonegate Court, Fairfield, OH	US	S2-264493768,S2-988333437,S3-226996687,S3-637373544,S3-834342742	S2-155660475,S2-236145951,S2-264493768,S2-345529802,S2-348859832,S2-44963045,S2-53619999,S2-714050476,S2-72483848,S2-732949293	S2-988333437	Catherine Nesbit [Industries]	OH, 2 STONEGATE COURT, FAIRFIELD	US	15	90.0	87.5	US|tok:catherine;US|anum:2_stonegate;US|2tok:catherine_nesbit;US|tok:nesbit;US|pfx6:cather;US|pfx8:catherin	Top-K Truncation / Bucket Slice (Shared keys: ['US|tok:catherine', 'US|anum:2_stonegate'], but bucket sliced b[:8] or cap 15 reached)	Top-K Truncation / Bucket Slicing
S1-711682948	Catherine Nesbit Industries LLC	2 Stonegate Court, Fairfield, OH	US	S2-264493768,S2-988333437,S3-226996687,S3-637373544,S3-834342742	S2-155660475,S2-236145951,S2-264493768,S2-345529802,S2-348859832,S2-44963045,S2-53619999,S2-714050476,S2-72483848,S2-732949293	S3-226996687	Catherine Nhsilbit Industries LLC	Ohio, Fairfield, 2 Stonegate Ct	US	15	93.75	50.79365079365079	US|tok:catherine;US|pfx6:cather;US|pfx8:catherin	Top-K Truncation / Bucket Slice (Shared keys: ['US|tok:catherine', 'US|pfx6:cather'], but bucket sliced b[:8] or cap 15 reached)	Top-K Truncation / Bucket Slicing
S1-537478269	National Association Inc.	2907 W, Snyder, TX	US	S2-671424679,S3-777428093	S2-198713624,S2-267916941,S2-508100776,S2-56859394,S2-583062563,S2-594033522,S2-735389456,S2-7773854,S2-907775538,S2-920561054	S2-671424679	National Association	2907 W, NULL, SNYDER, TX	US	15	88.88888888888889	85.71428571428572	US|tok:association;US|2tok:national_association;US|pfx6:nation;US|pfx8:national	Top-K Truncation / Bucket Slice (Shared keys: ['US|tok:association', 'US|2tok:national_association'], but bucket sliced b[:8] or cap 15 reached)	Top-K Truncation / Bucket Slicing
S1-208550511	Muriel Quality Nextera LLC	NC, Sylva, 1580 Blanton Branch Road	US	S3-358047555,S3-569323110	S2-224951055,S2-260942248,S2-320953480,S2-605854398,S2-753654567,S2-77305001,S2-82772155,S2-962669406,S3-569323110	S3-358047555	Fluxzeph Labs DBA: Muriel Quality Nextera LLC	1580 Blanton Branch Road, Sylva, NC	US	9	73.23943661971832	68.57142857142857	US|tok:quality;US|tok:nextera;US|tok:muriel	Top-K Truncation / Bucket Slice (Shared keys: ['US|tok:quality', 'US|tok:nextera'], but bucket sliced b[:8] or cap 15 reached)	Top-K Truncation / Bucket Slicing
S1-133868991	Hyderabad-7. Travels Public Limited	Telangana, Andhra Pradesh, H.No.2-98/3, 10-B, Block B, Kakateeyaagar Habsiguda, Hyderabad-7.	India	S2-209534171,S2-291402594,S2-484840897,S3-305893490,S3-535247730,S3-994863284	S2-291402594,S2-484840897,S3-405983172,S3-535247730,S3-994863284	S3-305893490	Deltalyraorbi Co DBA: Hyderabad-7. Travels Public Limited	H.No.2-98/3, 10-B, Block B, Kakateeyaagar Habsiguda, Hyderabad-7., Andhra Pradesh, Telangana	India	5	76.08695652173914	70.65217391304348	INDIA|tok:travels;INDIA|tok:public;INDIA|tok:hyderabad	Top-K Truncation / Bucket Slice (Shared keys: ['INDIA|tok:travels', 'INDIA|tok:public'], but bucket sliced b[:8] or cap 15 reached)	Top-K Truncation / Bucket Slicing
S1-133868991	Hyderabad-7. Travels Public Limited	Telangana, Andhra Pradesh, H.No.2-98/3, 10-B, Block B, Kakateeyaagar Habsiguda, Hyderabad-7.	India	S2-209534171,S2-291402594,S2-484840897,S3-305893490,S3-535247730,S3-994863284	S2-291402594,S2-484840897,S3-405983172,S3-535247730,S3-994863284	S2-209534171	Pub1ic Hyderabad-7. Thhas Limited	NO 2-98/3, 10-B, BLOCK B, KAKATEEYAAGAR HABSIGUDA, HYDERABAD-7., ANDHRA PRADESH, తెలంగాణ	India	5	70.58823529411764	68.88888888888889	INDIA|tok:hyderabad	Top-K Truncation / Bucket Slice (Shared keys: ['INDIA|tok:hyderabad'], but bucket sliced b[:8] or cap 15 reached)	Top-K Truncation / Bucket Slicing
S1-684878299	Kannur Builders Ltd	Room No. 6/443, Kayaralam Motta, Kayaralam Post, Kannur, Kerala	India	S2-574542032,S2-601570083,S2-886563135,S3-854841789	S2-124137315,S2-268132944,S2-282006512,S2-358567451,S2-393437440,S2-440986348,S2-537038665,S2-572026673,S2-574542032,S2-601570083	S3-854841789	Zetazetaio DBA Kannur Builders Ltd	Kannur, Kerala, Kannur, Kayaralam Motta, Kayaralam Post, Room No. 6/443	India	16	71.69811320754718	59.70149253731343	INDIA|tok:builders;INDIA|tok:kannur	Top-K Truncation / Bucket Slice (Shared keys: ['INDIA|tok:builders', 'INDIA|tok:kannur'], but bucket sliced b[:8] or cap 15 reached)	Top-K Truncation / Bucket Slicing
S1-684878299	Kannur Builders Ltd	Room No. 6/443, Kayaralam Motta, Kayaralam Post, Kannur, Kerala	India	S2-574542032,S2-601570083,S2-886563135,S3-854841789	S2-124137315,S2-268132944,S2-282006512,S2-358567451,S2-393437440,S2-440986348,S2-537038665,S2-572026673,S2-574542032,S2-601570083	S2-886563135	Center Kannur Ltd	ROOM NO. 6/443, KAYARALAM MOTTA, KAYARALAM POST, CALICUT REGION, Kerala	India	16	55.55555555555556	89.55223880597015	INDIA|anum:6_kayaralam;INDIA|tok:kannur	Top-K Truncation / Bucket Slice (Shared keys: ['INDIA|anum:6_kayaralam', 'INDIA|tok:kannur'], but bucket sliced b[:8] or cap 15 reached)	Top-K Truncation / Bucket Slicing
S1-281356776	Allied Educational Society	Gurugram, Gurgaon, Haryana, H-115 South City 2 Gurugram	India	S2-178183232,S2-437044709,S3-328402545,S3-79293527	S2-178183232,S2-576368250,S2-981357596,S3-291904929,S3-302474130,S3-537102300,S3-6206576,S3-79293527	S2-437044709	M/s Allied (Educational)	H-115 SOUTH CITY 2 GURUGRAM, GURUGRAM, Haryana	India	8	72.0	53.46534653465347	INDIA|tok:educational;INDIA|tok:allied	Top-K Truncation / Bucket Slice (Shared keys: ['INDIA|tok:educational', 'INDIA|tok:allied'], but bucket sliced b[:8] or cap 15 reached)	Top-K Truncation / Bucket Slicing
S1-281356776	Allied Educational Society	Gurugram, Gurgaon, Haryana, H-115 South City 2 Gurugram	India	S2-178183232,S2-437044709,S3-328402545,S3-79293527	S2-178183232,S2-576368250,S2-981357596,S3-291904929,S3-302474130,S3-537102300,S3-6206576,S3-79293527	S3-328402545	Smt Allied Educational Services		India	8	77.19298245614034	0.0	INDIA|tok:educational;INDIA|tok:allied	Top-K Truncation / Bucket Slice (Shared keys: ['INDIA|tok:educational', 'INDIA|tok:allied'], but bucket sliced b[:8] or cap 15 reached)	Top-K Truncation / Bucket Slicing
S1-89093509	Saini Drinks Limited	D 35 Pocket C Mayur Vihar Phase Ii, East Delhi, Delhi	India	S2-778006451,S3-3598545	S2-119222445,S2-134766593,S2-148008122,S2-157264523,S2-166339012,S2-170942973,S2-263976481,S2-265190542,S2-319477012,S2-516648926	S3-3598545	Sri sainidrinks.com	D G-35 Pocket C Mayur Vihar Phase Ii, Preet Vihar, DL	India	19	61.53846153846154	83.01886792452831	INDIA|anum:35_pocket	Top-K Truncation / Bucket Slice (Shared keys: ['INDIA|anum:35_pocket'], but bucket sliced b[:8] or cap 15 reached)	Top-K Truncation / Bucket Slicing
S1-954595905	Operating Engineers Union Local No 269	1311 Wildwood Drive, Arlington, TX	US	S2-533572108,S3-130221188,S3-449406986,S3-642516522	S3-130221188,S3-449406986,S3-642516522	S2-533572108	Operating Engineers Union Local No	001311 WILDWOOD DR, ARLINGTON, TX	US	3	94.44444444444444	92.53731343283582	US|tok:local;US|pfx8:operatin;US|tok:operating;US|2tok:operating_engineers;US|tok:union;US|tok:engineers;US|pfx6:operat	Top-K Truncation / Bucket Slice (Shared keys: ['US|tok:local', 'US|pfx8:operatin'], but bucket sliced b[:8] or cap 15 reached)	Top-K Truncation / Bucket Slicing
S1-279661956	Historical League	2875 Jackdaw Drive, Bend, OR	US	S2-316914568,S2-541717344,S2-632427042,S3-254639992,S3-6301534	S2-112458391,S2-132887574,S2-173014650,S2-242746243,S2-316914568,S2-367907043,S2-398112163,S2-439432962,S2-471388738,S2-504354783	S3-6301534	Historical-League	Jackdaw Dr, Bend, Oregon	US	17	94.11764705882352	76.92307692307692	US|tok:league;US|tok:historical;US|pfx8:historic;US|alpha:historicalleague;US|pfx6:histor;US|2tok:historical_league	Top-K Truncation / Bucket Slice (Shared keys: ['US|tok:league', 'US|tok:historical'], but bucket sliced b[:8] or cap 15 reached)	Top-K Truncation / Bucket Slicing
S1-353948236	Golden Keystone LLC	600 Grove Parkway, Unit 1091, Tempe, AZ	US	S2-729275616,S3-843946011	S2-102375398,S2-166344564,S2-23170244,S2-286888005,S2-307167476,S2-309692066,S2-321231271,S2-402367821,S2-410945669,S2-43456387	S3-843946011	Golden Kdooysnne LLC	600 Grove Pkwy, # 1091, Tempe, Arizona	US	19	82.05128205128204	83.11688311688312	US|tok:golden;US|anum:600_grove;US|pfx6:golden	Top-K Truncation / Bucket Slice (Shared keys: ['US|tok:golden', 'US|anum:600_grove'], but bucket sliced b[:8] or cap 15 reached)	Top-K Truncation / Bucket Slicing
S1-126927804	Future Healthcare Pvt Ltd	Unit No. 14, Krishna Commercial Centre, 6, Udyog Nagar, Near Kamat Club, Goregaon, (West), Mumbai, Maharashtra	India	S2-434788498,S3-136895392,S3-360907122,S3-773054197,S3-891519289,S3-955130682	S2-125021392,S2-174560806,S2-207686403,S2-25863026,S2-312590664,S2-391476435,S2-393107365,S2-476318040,S2-582803127,S2-609552289	S3-136895392	Future Healhciare Pvt Ltd	(West), महाराष्ट्र, Krishna Commercial Centre, 6, Udyog Nagar, Near Kamat Club, Goregaon, Mumbai, Unit No. 14	India	22	96.0	75.79908675799088	INDIA|pfx6:future;INDIA|pfx8:futurehe;INDIA|tok:future	Top-K Truncation / Bucket Slice (Shared keys: ['INDIA|pfx6:future', 'INDIA|pfx8:futurehe'], but bucket sliced b[:8] or cap 15 reached)	Top-K Truncation / Bucket Slicing
S1-126927804	Future Healthcare Pvt Ltd	Unit No. 14, Krishna Commercial Centre, 6, Udyog Nagar, Near Kamat Club, Goregaon, (West), Mumbai, Maharashtra	India	S2-434788498,S3-136895392,S3-360907122,S3-773054197,S3-891519289,S3-955130682	S2-125021392,S2-174560806,S2-207686403,S2-25863026,S2-312590664,S2-391476435,S2-393107365,S2-476318040,S2-582803127,S2-609552289	S3-773054197	फ्यूचर हेल्थकेयर प्रा. लि.	Unit No. 14, (West), Mumbai, महाराष्ट्र	India	22	11.764705882352944	38.92617449664429	INDIA|anum:14_unit	Top-K Truncation / Bucket Slice (Shared keys: ['INDIA|anum:14_unit'], but bucket sliced b[:8] or cap 15 reached)	Top-K Truncation / Bucket Slicing
S1-126927804	Future Healthcare Pvt Ltd	Unit No. 14, Krishna Commercial Centre, 6, Udyog Nagar, Near Kamat Club, Goregaon, (West), Mumbai, Maharashtra	India	S2-434788498,S3-136895392,S3-360907122,S3-773054197,S3-891519289,S3-955130682	S2-125021392,S2-174560806,S2-207686403,S2-25863026,S2-312590664,S2-391476435,S2-393107365,S2-476318040,S2-582803127,S2-609552289	S3-955130682	फ्यूचर हेल्थकेयर प्रा. लि.	Krishna Commercial Centre, 6, Udyog Nagar, Near Kamat Club, Goregaon, Mumbai, MH, (West), Unit No. 14	India	22	11.764705882352944	77.72511848341233		Address Correlated but Name Dissimilar (Addr Sim: 77.72511848341233%, missed address blocking key)	Address Correlated but Name Unmatched
S1-126927804	Future Healthcare Pvt Ltd	Unit No. 14, Krishna Commercial Centre, 6, Udyog Nagar, Near Kamat Club, Goregaon, (West), Mumbai, Maharashtra	India	S2-434788498,S3-136895392,S3-360907122,S3-773054197,S3-891519289,S3-955130682	S2-125021392,S2-174560806,S2-207686403,S2-25863026,S2-312590664,S2-391476435,S2-393107365,S2-476318040,S2-582803127,S2-609552289	S2-434788498	फ्यूचर हेल्थकेयर प्रा. लि.	UNIT NO. 14, N/A, (WEST), MUMBAI, Maharashtra	India	22	11.764705882352944	56.774193548387096	INDIA|anum:14_unit	Top-K Truncation / Bucket Slice (Shared keys: ['INDIA|anum:14_unit'], but bucket sliced b[:8] or cap 15 reached)	Top-K Truncation / Bucket Slicing
S1-627443733	Freight India Private Limited	175, Sec 16-17, Hissar, Haryana	India	S2-8382105,S2-876182064,S2-886223886,S3-709518255	S2-149217526,S2-182203684,S2-320337599,S2-375710278,S2-393223030,S2-444815162,S2-486523760,S2-522243932,S2-682492346,S2-825734662	S2-876182064	Freight lndia Limited Private	175, SEC 16-17, HISSAR, Haryana	India	18	68.96551724137932	100.0	INDIA|tok:freight;INDIA|pfx6:freigh;INDIA|anum:175_sec	Top-K Truncation / Bucket Slice (Shared keys: ['INDIA|tok:freight', 'INDIA|pfx6:freigh'], but bucket sliced b[:8] or cap 15 reached)	Top-K Truncation / Bucket Slicing
S1-627443733	Freight India Private Limited	175, Sec 16-17, Hissar, Haryana	India	S2-8382105,S2-876182064,S2-886223886,S3-709518255	S2-149217526,S2-182203684,S2-320337599,S2-375710278,S2-393223030,S2-444815162,S2-486523760,S2-522243932,S2-682492346,S2-825734662	S2-886223886	FREIGHT PRIVATE LIMITED SERVICE	175, SEC 16-17, HISSAR, Haryana	India	18	76.66666666666666	100.0	INDIA|tok:freight;INDIA|pfx6:freigh;INDIA|anum:175_sec	Top-K Truncation / Bucket Slice (Shared keys: ['INDIA|tok:freight', 'INDIA|pfx6:freigh'], but bucket sliced b[:8] or cap 15 reached)	Top-K Truncation / Bucket Slicing
S1-452308590	Midwest Coalition	126 6645, Tennessee Colony, TX	US	S2-915075425,S3-36882355,S3-410689366,S3-840115393	S2-101606765,S2-112862108,S2-164324103,S2-169642407,S2-286014752,S2-348901604,S2-546494940,S2-556471383,S2-563718091,S2-658736190	S2-915075425	Midwest Coalition	126 6645, TENNESSEE COLONY, TX	US	15	100.0	100.0	US|alpha:midwestcoalition;US|pfx8:midwestc;US|pfx6:midwes;US|tok:coalition;US|tok:midwest;US|anum:126_tennessee;US|2tok:midwest_coalition	Top-K Truncation / Bucket Slice (Shared keys: ['US|alpha:midwestcoalition', 'US|pfx8:midwestc'], but bucket sliced b[:8] or cap 15 reached)	Top-K Truncation / Bucket Slicing
S1-452308590	Midwest Coalition	126 6645, Tennessee Colony, TX	US	S2-915075425,S3-36882355,S3-410689366,S3-840115393	S2-101606765,S2-112862108,S2-164324103,S2-169642407,S2-286014752,S2-348901604,S2-546494940,S2-556471383,S2-563718091,S2-658736190	S3-36882355	Midwest Service	126-130 6645, Tennessee Colony, Texas	US	15	56.25	89.55223880597015	US|anum:126_tennessee;US|pfx6:midwes;US|tok:midwest	Top-K Truncation / Bucket Slice (Shared keys: ['US|anum:126_tennessee', 'US|pfx6:midwes'], but bucket sliced b[:8] or cap 15 reached)	Top-K Truncation / Bucket Slicing
S1-452308590	Midwest Coalition	126 6645, Tennessee Colony, TX	US	S2-915075425,S3-36882355,S3-410689366,S3-840115393	S2-101606765,S2-112862108,S2-164324103,S2-169642407,S2-286014752,S2-348901604,S2-546494940,S2-556471383,S2-563718091,S2-658736190	S3-410689366	Midwest Cóalition	126-130 6645, Texas, Tennessee Colony	US	15	94.11764705882352	77.61194029850746	US|pfx6:midwes;US|tok:midwest;US|pfx8:midwestc	Top-K Truncation / Bucket Slice (Shared keys: ['US|pfx6:midwes', 'US|tok:midwest'], but bucket sliced b[:8] or cap 15 reached)	Top-K Truncation / Bucket Slicing
S1-452308590	Midwest Coalition	126 6645, Tennessee Colony, TX	US	S2-915075425,S3-36882355,S3-410689366,S3-840115393	S2-101606765,S2-112862108,S2-164324103,S2-169642407,S2-286014752,S2-348901604,S2-546494940,S2-556471383,S2-563718091,S2-658736190	S3-840115393	Midwest Coalition	126-130 6645, Tennessee Colony, Texas	US	15	100.0	89.55223880597015	US|alpha:midwestcoalition;US|pfx8:midwestc;US|pfx6:midwes;US|tok:coalition;US|tok:midwest;US|anum:126_tennessee;US|2tok:midwest_coalition	Top-K Truncation / Bucket Slice (Shared keys: ['US|alpha:midwestcoalition', 'US|pfx8:midwestc'], but bucket sliced b[:8] or cap 15 reached)	Top-K Truncation / Bucket Slicing
S1-330281696	New International Private Limited	B-148, Vikas Vihar Vikas Nagar, Uttam Nagar, New Delhi, West Delhi, Delhi	India	S2-448188089,S2-675464330,S2-715976968,S3-790582857,S3-939469736	S2-171193711,S2-171633414,S2-195718295,S2-195823359,S2-269826790,S2-368099871,S2-385920115,S2-441845620,S2-514042591,S2-675464330	S3-790582857	न्यू इंटरनेशनल प्राइवेट लिमिटेड	B-148, New Delhi, Uttam Nagar, दिल्ली	India	15	9.375	45.45454545454546		No Shared Blocking Key Generated (Name Sim: 9.375%, Addr Sim: 45.45454545454546%)	No Blocking Rule Hit
S1-330281696	New International Private Limited	B-148, Vikas Vihar Vikas Nagar, Uttam Nagar, New Delhi, West Delhi, Delhi	India	S2-448188089,S2-675464330,S2-715976968,S3-790582857,S3-939469736	S2-171193711,S2-171633414,S2-195718295,S2-195823359,S2-269826790,S2-368099871,S2-385920115,S2-441845620,S2-514042591,S2-675464330	S2-448188089	न्यू इंटरनेशनल प्राइवेट लिमिटेड	Delhi, SOUTH WEST DELHI, WEST DELHI, B-148	India	15	9.375	48.69565217391304		No Shared Blocking Key Generated (Name Sim: 9.375%, Addr Sim: 48.69565217391304%)	No Blocking Rule Hit
S1-330281696	New International Private Limited	B-148, Vikas Vihar Vikas Nagar, Uttam Nagar, New Delhi, West Delhi, Delhi	India	S2-448188089,S2-675464330,S2-715976968,S3-790582857,S3-939469736	S2-171193711,S2-171633414,S2-195718295,S2-195823359,S2-269826790,S2-368099871,S2-385920115,S2-441845620,S2-514042591,S2-675464330	S3-939469736	New Ínternational Private Limited	B-148, Vikas Vihar Vikas Nagar, Uttam Nagar, New Delhi, Uttam Nagar, DL	India	15	96.96969696969697	86.11111111111111	INDIA|anum:148_vikas	Top-K Truncation / Bucket Slice (Shared keys: ['INDIA|anum:148_vikas'], but bucket sliced b[:8] or cap 15 reached)	Top-K Truncation / Bucket Slicing
S1-75862106	Department of Environmental Protection	1122 Wankan Road, Nacogdoches, TX	US	S3-597288176,S3-867976920,S3-970865082	S2-261517576,S2-269859381,S2-364428812,S2-407171125,S2-572265380,S2-712920894,S2-726873316,S2-763811894	S3-867976920	departmentprotectionenvironmental.com	122 Wankan Road, Nacogdoches, Texas	US	8	69.33333333333334	94.11764705882352	US|pfx8:departme;US|pfx6:depart	Top-K Truncation / Bucket Slice (Shared keys: ['US|pfx8:departme', 'US|pfx6:depart'], but bucket sliced b[:8] or cap 15 reached)	Top-K Truncation / Bucket Slicing
S1-75862106	Department of Environmental Protection	1122 Wankan Road, Nacogdoches, TX	US	S3-597288176,S3-867976920,S3-970865082	S2-261517576,S2-269859381,S2-364428812,S2-407171125,S2-572265380,S2-712920894,S2-726873316,S2-763811894	S3-597288176	Department of Environmental Protection Corporation	Texas, Nacogdoches, Wankan Road	US	8	86.36363636363636	50.0	US|2tok:department_of;US|tok:environmental;US|tok:department;US|pfx8:departme;US|pfx6:depart;US|tok:protection	Top-K Truncation / Bucket Slice (Shared keys: ['US|2tok:department_of', 'US|tok:environmental'], but bucket sliced b[:8] or cap 15 reached)	Top-K Truncation / Bucket Slicing
S1-75862106	Department of Environmental Protection	1122 Wankan Road, Nacogdoches, TX	US	S3-597288176,S3-867976920,S3-970865082	S2-261517576,S2-269859381,S2-364428812,S2-407171125,S2-572265380,S2-712920894,S2-726873316,S2-763811894	S3-970865082	Department of	122 Wankan Rd, Nacogdoches, Texas	US	8	50.98039215686274	90.9090909090909	US|tok:department;US|pfx8:departme;US|2tok:department_of;US|pfx6:depart	Top-K Truncation / Bucket Slice (Shared keys: ['US|tok:department', 'US|pfx8:departme'], but bucket sliced b[:8] or cap 15 reached)	Top-K Truncation / Bucket Slicing
S1-763496609	Shakti Consulting Limited	Flat No. 8, C Wing, Sai Tower Chs Ltd, Ambadi Road, Vasai West, Thane, Maharashtra	India	S2-346684703,S2-868047179,S3-319770057,S3-510672652,S3-97879507	S2-252339506,S2-271130620,S2-350402949,S2-406172679,S2-421779913,S2-760046155,S2-958783302,S2-962880300,S3-251724212,S3-97879507	S3-319770057	शक्ति कंसल्टिंग लिमिटेड	Flta No. 8, C Wing, Sai Tower Chs Ltd, Ambadi Road, Vasai West, Thane, MH	India	10	8.333333333333337	92.90322580645162		Address Correlated but Name Dissimilar (Addr Sim: 92.90322580645162%, missed address blocking key)	Address Correlated but Name Unmatched
S1-763496609	Shakti Consulting Limited	Flat No. 8, C Wing, Sai Tower Chs Ltd, Ambadi Road, Vasai West, Thane, Maharashtra	India	S2-346684703,S2-868047179,S3-319770057,S3-510672652,S3-97879507	S2-252339506,S2-271130620,S2-350402949,S2-406172679,S2-421779913,S2-760046155,S2-958783302,S2-962880300,S3-251724212,S3-97879507	S2-346684703	Dr Shakti Consulting	NO 8 , C WING, SAI TOWER CHS LTD, AMBADI ROAD, VASAI WEST, THANE, Maharashtra	India	10	75.55555555555556	95.59748427672956	INDIA|tok:shakti	Top-K Truncation / Bucket Slice (Shared keys: ['INDIA|tok:shakti'], but bucket sliced b[:8] or cap 15 reached)	Top-K Truncation / Bucket Slicing
S1-763496609	Shakti Consulting Limited	Flat No. 8, C Wing, Sai Tower Chs Ltd, Ambadi Road, Vasai West, Thane, Maharashtra	India	S2-346684703,S2-868047179,S3-319770057,S3-510672652,S3-97879507	S2-252339506,S2-271130620,S2-350402949,S2-406172679,S2-421779913,S2-760046155,S2-958783302,S2-962880300,S3-251724212,S3-97879507	S3-510672652	shakticonsulting.com	Door No 8, Thane, MH	India	10	75.55555555555556	33.333333333333336	INDIA|pfx8:shaktico;INDIA|pfx6:shakti	Top-K Truncation / Bucket Slice (Shared keys: ['INDIA|pfx8:shaktico', 'INDIA|pfx6:shakti'], but bucket sliced b[:8] or cap 15 reached)	Top-K Truncation / Bucket Slicing
S1-763496609	Shakti Consulting Limited	Flat No. 8, C Wing, Sai Tower Chs Ltd, Ambadi Road, Vasai West, Thane, Maharashtra	India	S2-346684703,S2-868047179,S3-319770057,S3-510672652,S3-97879507	S2-252339506,S2-271130620,S2-350402949,S2-406172679,S2-421779913,S2-760046155,S2-958783302,S2-962880300,S3-251724212,S3-97879507	S2-868047179	शक्ति कंसल्टिंग लिमिटेड	NO 8, THANE, Maharashtra	India	10	8.333333333333337	45.28301886792453		No Shared Blocking Key Generated (Name Sim: 8.333333333333337%, Addr Sim: 45.28301886792453%)	No Blocking Rule Hit
S1-987994833	Muskan India Limited	S F Shop 2, Vaidehi Shine, Near Suraj 48, Gandhinagar, Gandhi Nagar, Gujarat	India	S2-758284577,S3-878747011	S2-193426206,S2-234969952,S2-349525227,S2-375818113,S2-395061088,S2-55206105,S2-59544689,S2-621583799,S2-638785681,S2-650836511	S3-878747011	Muskan Limited Services	S F Shop ##2, Gandhinagar, Gandhi Nagar, GJ, Vaidehi Shine, Near Suraj 48	India	16	65.11627906976744	63.08724832214765	INDIA|pfx6:muskan;INDIA|tok:muskan	Top-K Truncation / Bucket Slice (Shared keys: ['INDIA|pfx6:muskan', 'INDIA|tok:muskan'], but bucket sliced b[:8] or cap 15 reached)	Top-K Truncation / Bucket Slicing
S1-198026451	Shivam Producer Private Limited	Karnal, Shop No. 34 Sbs Market, Haryana, Karnal	India	S2-190691939,S2-817939067,S2-882023369,S3-439449015,S3-474324703	S2-147305924,S2-346964969,S2-38245412,S2-396546773,S2-405028431,S2-500145585,S2-502706683,S2-678467252,S2-749067750,S2-899925726	S3-439449015	Shivam Producer Private	Shop No. #34 Sbs Markte, Karnal, हरियाणा	India	15	85.18518518518519	66.66666666666667	INDIA|pfx6:shivam;INDIA|pfx8:shivampr;INDIA|2tok:shivam_producer;INDIA|tok:shivam;INDIA|tok:producer	Top-K Truncation / Bucket Slice (Shared keys: ['INDIA|pfx6:shivam', 'INDIA|pfx8:shivampr'], but bucket sliced b[:8] or cap 15 reached)	Top-K Truncation / Bucket Slicing
S1-198026451	Shivam Producer Private Limited	Karnal, Shop No. 34 Sbs Market, Haryana, Karnal	India	S2-190691939,S2-817939067,S2-882023369,S3-439449015,S3-474324703	S2-147305924,S2-346964969,S2-38245412,S2-396546773,S2-405028431,S2-500145585,S2-502706683,S2-678467252,S2-749067750,S2-899925726	S3-474324703	शिवम प्रोड्यूसर प्राइवेट लिमिटेड	Shop No. #34 Sbs Market, Karnal, HR	India	15	9.523809523809524	75.60975609756098		Address Correlated but Name Dissimilar (Addr Sim: 75.60975609756098%, missed address blocking key)	Address Correlated but Name Unmatched
S1-198026451	Shivam Producer Private Limited	Karnal, Shop No. 34 Sbs Market, Haryana, Karnal	India	S2-190691939,S2-817939067,S2-882023369,S3-439449015,S3-474324703	S2-147305924,S2-346964969,S2-38245412,S2-396546773,S2-405028431,S2-500145585,S2-502706683,S2-678467252,S2-749067750,S2-899925726	S2-190691939	शिवम Producer प्राइवेट लिमिटेड	SHOP NO. 34  SBS MARKET, KARNAL, Haryana	India	15	36.065573770491795	78.16091954022988	INDIA|tok:producer	Top-K Truncation / Bucket Slice (Shared keys: ['INDIA|tok:producer'], but bucket sliced b[:8] or cap 15 reached)	Top-K Truncation / Bucket Slicing
S1-198026451	Shivam Producer Private Limited	Karnal, Shop No. 34 Sbs Market, Haryana, Karnal	India	S2-190691939,S2-817939067,S2-882023369,S3-439449015,S3-474324703	S2-147305924,S2-346964969,S2-38245412,S2-396546773,S2-405028431,S2-500145585,S2-502706683,S2-678467252,S2-749067750,S2-899925726	S2-882023369	शिवम प्रोड्यूसर प्राइवेट लिमिटेड	KARNAL, Haryana, H.NO 34  SBS MARKET	India	15	9.523809523809524	62.65060240963856	INDIA|anum:34_karnal	Top-K Truncation / Bucket Slice (Shared keys: ['INDIA|anum:34_karnal'], but bucket sliced b[:8] or cap 15 reached)	Top-K Truncation / Bucket Slicing
S1-198026451	Shivam Producer Private Limited	Karnal, Shop No. 34 Sbs Market, Haryana, Karnal	India	S2-190691939,S2-817939067,S2-882023369,S3-439449015,S3-474324703	S2-147305924,S2-346964969,S2-38245412,S2-396546773,S2-405028431,S2-500145585,S2-502706683,S2-678467252,S2-749067750,S2-899925726	S2-817939067	शिवम प्रोड्यूसर प्राइवेट लिमिटेड	NO 34  SBS MARKET, Haryana, KARNAL	India	15	9.523809523809524	81.4814814814815		Address Correlated but Name Dissimilar (Addr Sim: 81.4814814814815%, missed address blocking key)	Address Correlated but Name Unmatched
S1-74901450	Silver Star Products	Shed No. E-26 Road No. 12 Aie(Apiic), Pedagantyada, Visakhapatnam, Vishakhapatnam, Andhra Pradesh	India	S2-291355621,S2-294278231,S2-684580276,S2-871137109,S3-454466503	S2-212182785,S2-253567491,S2-294278231,S2-369924396,S2-391926862,S2-536831253,S2-623996043,S2-684580276,S2-757593513,S2-827108629	S2-291355621	సిల్వర్ స్టార్ ప్రొడక్ట్స్	VISAKHAPATNAM, PEDAGANTYADA, VISHAKHAPATNAM, SHED NO. E-26 ROAD NO. 12 AIE(APIIC), Andhra Pradesh	India	21	8.695652173913048	58.76288659793815		No Shared Blocking Key Generated (Name Sim: 8.695652173913048%, Addr Sim: 58.76288659793815%)	No Blocking Rule Hit
S1-19868030	Leech, Hammer & Baratta Environmental Services	730 Bierly Street, Walkerton, IN	US	S2-317511124,S2-60528586,S2-73495217,S3-842118790	S2-166010642,S2-255251977,S2-284084084,S2-308810034,S2-317511124,S2-410449003,S2-414893766,S2-575220951,S2-60528586,S2-680241541	S3-842118790	Leech, Heoemer & Baratta Environmental Services	Bierly St, Walkerton, Indiana	US	17	94.6236559139785	78.68852459016394	US|tok:leech;US|pfx6:leechh;US|tok:baratta;US|tok:environmental	Top-K Truncation / Bucket Slice (Shared keys: ['US|tok:leech', 'US|pfx6:leechh'], but bucket sliced b[:8] or cap 15 reached)	Top-K Truncation / Bucket Slicing
S1-460136045	Lakshmi It Private Limited	Puri, Orissa, Puri, Station Road	India	S2-718987615,S2-983138087,S3-24612219,S3-420941419,S3-979319828	S2-133259534,S2-160132130,S2-31733798,S2-346619227,S2-354614203,S2-366533362,S2-498618335,S2-713031052,S2-902875612,S2-976018064	S2-983138087	ଲକ୍ଷ୍ମୀ ଆଇଟି ପ୍ରାଇଭେଟ୍ ଲିମିଟେଡ୍	STATION ROAD, PURI, ଓଡ଼ିଶା	India	16	10.526315789473683	41.379310344827594		No Shared Blocking Key Generated (Name Sim: 10.526315789473683%, Addr Sim: 41.379310344827594%)	No Blocking Rule Hit
S1-460136045	Lakshmi It Private Limited	Puri, Orissa, Puri, Station Road	India	S2-718987615,S2-983138087,S3-24612219,S3-420941419,S3-979319828	S2-133259534,S2-160132130,S2-31733798,S2-346619227,S2-354614203,S2-366533362,S2-498618335,S2-713031052,S2-902875612,S2-976018064	S2-718987615	Lakshmi It Private	STATION ROAD, PURI, Odisha	India	16	81.81818181818181	48.275862068965516	INDIA|2tok:lakshmi_it;INDIA|pfx6:lakshm;INDIA|tok:lakshmi;INDIA|pfx8:lakshmii	Top-K Truncation / Bucket Slice (Shared keys: ['INDIA|2tok:lakshmi_it', 'INDIA|pfx6:lakshm'], but bucket sliced b[:8] or cap 15 reached)	Top-K Truncation / Bucket Slicing
S1-460136045	Lakshmi It Private Limited	Puri, Orissa, Puri, Station Road	India	S2-718987615,S2-983138087,S3-24612219,S3-420941419,S3-979319828	S2-133259534,S2-160132130,S2-31733798,S2-346619227,S2-354614203,S2-366533362,S2-498618335,S2-713031052,S2-902875612,S2-976018064	S3-979319828	Lakshmi It Prvie Limited	Station Road, Puri, OD	India	16	92.0	51.85185185185186	INDIA|2tok:lakshmi_it;INDIA|pfx6:lakshm;INDIA|tok:lakshmi;INDIA|pfx8:lakshmii	Top-K Truncation / Bucket Slice (Shared keys: ['INDIA|2tok:lakshmi_it', 'INDIA|pfx6:lakshm'], but bucket sliced b[:8] or cap 15 reached)	Top-K Truncation / Bucket Slicing
S1-460136045	Lakshmi It Private Limited	Puri, Orissa, Puri, Station Road	India	S2-718987615,S2-983138087,S3-24612219,S3-420941419,S3-979319828	S2-133259534,S2-160132130,S2-31733798,S2-346619227,S2-354614203,S2-366533362,S2-498618335,S2-713031052,S2-902875612,S2-976018064	S3-24612219	ଲକ୍ଷ୍ମୀ ଆଇଟି ପ୍ରାଇଭେଟ୍ ଲିମିଟେଡ୍	Station Road, Puri, OD	India	16	10.526315789473683	51.85185185185186		No Shared Blocking Key Generated (Name Sim: 10.526315789473683%, Addr Sim: 51.85185185185186%)	No Blocking Rule Hit
S1-332388880	Bedford County Community Church Group	Unit STE A-07, Bedford County, VA, 18013 Forest Road	US	S2-317439682,S2-792133931,S3-431585138,S3-525459700,S3-743841292	S2-216540670,S2-223111694,S2-243265713,S2-304281213,S2-317439682,S2-362055622,S2-475413958,S2-545671624,S2-754520741,S2-811221349	S3-743841292	Bedford County Cohmuty Church Group	18013 Forest Road, Unit STE A-07, Forest, Virginia	US	15	94.44444444444444	47.05882352941176	US|tok:county;US|pfx6:bedfor;US|tok:bedford;US|pfx8:bedfordc;US|2tok:bedford_county;US|tok:church	Top-K Truncation / Bucket Slice (Shared keys: ['US|tok:county', 'US|pfx6:bedfor'], but bucket sliced b[:8] or cap 15 reached)	Top-K Truncation / Bucket Slicing
S1-332388880	Bedford County Community Church Group	Unit STE A-07, Bedford County, VA, 18013 Forest Road	US	S2-317439682,S2-792133931,S3-431585138,S3-525459700,S3-743841292	S2-216540670,S2-223111694,S2-243265713,S2-304281213,S2-317439682,S2-362055622,S2-475413958,S2-545671624,S2-754520741,S2-811221349	S3-525459700	Bedford County Community	18013 Forest Road, Unit STE A-07, Bedford County, Virginia	US	15	78.68852459016394	61.81818181818181	US|tok:county;US|pfx6:bedfor;US|tok:bedford;US|tok:community;US|pfx8:bedfordc;US|2tok:bedford_county	Top-K Truncation / Bucket Slice (Shared keys: ['US|tok:county', 'US|pfx6:bedfor'], but bucket sliced b[:8] or cap 15 reached)	Top-K Truncation / Bucket Slicing
S1-332388880	Bedford County Community Church Group	Unit STE A-07, Bedford County, VA, 18013 Forest Road	US	S2-317439682,S2-792133931,S3-431585138,S3-525459700,S3-743841292	S2-216540670,S2-223111694,S2-243265713,S2-304281213,S2-317439682,S2-362055622,S2-475413958,S2-545671624,S2-754520741,S2-811221349	S3-431585138	Quoflux DBA: Bedford County Community Church Group	18013 Forest Road, Unit STE A-07, Bedford County, VA	US	15	85.0574712643678	63.46153846153846	US|tok:community;US|tok:bedford;US|tok:county;US|tok:church	Top-K Truncation / Bucket Slice (Shared keys: ['US|tok:community', 'US|tok:bedford'], but bucket sliced b[:8] or cap 15 reached)	Top-K Truncation / Bucket Slicing
S1-332388880	Bedford County Community Church Group	Unit STE A-07, Bedford County, VA, 18013 Forest Road	US	S2-317439682,S2-792133931,S3-431585138,S3-525459700,S3-743841292	S2-216540670,S2-223111694,S2-243265713,S2-304281213,S2-317439682,S2-362055622,S2-475413958,S2-545671624,S2-754520741,S2-811221349	S2-792133931	Bedf0rd County Community Church LLC		US	15	86.11111111111111	0.0	US|tok:community;US|tok:county;US|tok:church	Top-K Truncation / Bucket Slice (Shared keys: ['US|tok:community', 'US|tok:county'], but bucket sliced b[:8] or cap 15 reached)	Top-K Truncation / Bucket Slicing
S1-457615425	Shanks's Interstate Physical Therapy	6515 Belcrest Road, Unit 1416, Hyattsville, MD	US	S2-487358904,S2-681856261,S2-711939546,S2-926575050,S3-116980960,S3-285082353,S3-400652925,S3-559056940	S2-322911572,S2-34221645,S2-398414870,S2-405495297,S2-486467622,S2-582867552,S2-630655854,S2-681856261,S2-711939546,S2-808574207	S3-400652925	Shanks's Therapy Physical Interstate	Unit 1416, 6515 Belcrest Road, Hyattsville, Maryland	US	15	75.0	71.42857142857143	US|tok:shanks;US|tok:interstate;US|pfx6:shanks;US|tok:physical;US|tok:therapy;US|2tok:shanks_s	Top-K Truncation / Bucket Slice (Shared keys: ['US|tok:shanks', 'US|tok:interstate'], but bucket sliced b[:8] or cap 15 reached)	Top-K Truncation / Bucket Slicing
S1-457615425	Shanks's Interstate Physical Therapy	6515 Belcrest Road, Unit 1416, Hyattsville, MD	US	S2-487358904,S2-681856261,S2-711939546,S2-926575050,S3-116980960,S3-285082353,S3-400652925,S3-559056940	S2-322911572,S2-34221645,S2-398414870,S2-405495297,S2-486467622,S2-582867552,S2-630655854,S2-681856261,S2-711939546,S2-808574207	S3-285082353	Shanks's Ínterstate Physical Therapy	6515 Belcrest Road, # 1416, Hyattsville, Maryland	US	15	97.22222222222221	88.42105263157895	US|tok:shanks;US|pfx6:shanks;US|tok:physical;US|tok:therapy;US|anum:6515_belcrest;US|2tok:shanks_s	Top-K Truncation / Bucket Slice (Shared keys: ['US|tok:shanks', 'US|pfx6:shanks'], but bucket sliced b[:8] or cap 15 reached)	Top-K Truncation / Bucket Slicing
S1-457615425	Shanks's Interstate Physical Therapy	6515 Belcrest Road, Unit 1416, Hyattsville, MD	US	S2-487358904,S2-681856261,S2-711939546,S2-926575050,S3-116980960,S3-285082353,S3-400652925,S3-559056940	S2-322911572,S2-34221645,S2-398414870,S2-405495297,S2-486467622,S2-582867552,S2-630655854,S2-681856261,S2-711939546,S2-808574207	S3-559056940	Shanks's Therapy Physical Interstate	6515 Belcrest Rd, # 1416, Hyattsville, Maryland	US	15	75.0	86.02150537634408	US|tok:shanks;US|tok:interstate;US|pfx6:shanks;US|tok:physical;US|tok:therapy;US|anum:6515_belcrest;US|2tok:shanks_s	Top-K Truncation / Bucket Slice (Shared keys: ['US|tok:shanks', 'US|tok:interstate'], but bucket sliced b[:8] or cap 15 reached)	Top-K Truncation / Bucket Slicing
S1-457615425	Shanks's Interstate Physical Therapy	6515 Belcrest Road, Unit 1416, Hyattsville, MD	US	S2-487358904,S2-681856261,S2-711939546,S2-926575050,S3-116980960,S3-285082353,S3-400652925,S3-559056940	S2-322911572,S2-34221645,S2-398414870,S2-405495297,S2-486467622,S2-582867552,S2-630655854,S2-681856261,S2-711939546,S2-808574207	S2-487358904	SHANKS'S PHYSICAL THERAPY CENTER		US	15	73.52941176470588	0.0	US|tok:shanks;US|pfx6:shanks;US|tok:physical;US|tok:therapy;US|2tok:shanks_s	Top-K Truncation / Bucket Slice (Shared keys: ['US|tok:shanks', 'US|pfx6:shanks'], but bucket sliced b[:8] or cap 15 reached)	Top-K Truncation / Bucket Slicing
S1-944430830	Real Trading	Plot 120, Sy No 41 Kavuri Hills Phase-1, Jubilee Hills, Hyderabad, Telangana	India	S2-857219094,S2-982990716,S3-122364418	S2-226976894,S2-39873745,S2-453012074,S2-520815065,S2-524971038,S2-535121731,S2-596991732,S2-704775466,S2-816923258,S2-92311361	S3-122364418	realtrading.com	Hyderabad, Plot 120, Hyderabad, TG	India	15	81.4814814814815	41.81818181818182	INDIA|pfx6:realtr;INDIA|pfx8:realtrad	Top-K Truncation / Bucket Slice (Shared keys: ['INDIA|pfx6:realtr', 'INDIA|pfx8:realtrad'], but bucket sliced b[:8] or cap 15 reached)	Top-K Truncation / Bucket Slicing
S1-944430830	Real Trading	Plot 120, Sy No 41 Kavuri Hills Phase-1, Jubilee Hills, Hyderabad, Telangana	India	S2-857219094,S2-982990716,S3-122364418	S2-226976894,S2-39873745,S2-453012074,S2-520815065,S2-524971038,S2-535121731,S2-596991732,S2-704775466,S2-816923258,S2-92311361	S2-982990716	రియల్ ట్రేడింగ్	HYDERABAD, PLOT 20, HYDERABAD, తెలంగాణ, SY NO 41 KAVURI HILLS PHASE-1, JUBILEE HILLS	India	15	7.4074074074074066	66.25		Address Correlated but Name Dissimilar (Addr Sim: 66.25%, missed address blocking key)	Address Correlated but Name Unmatched
S1-944430830	Real Trading	Plot 120, Sy No 41 Kavuri Hills Phase-1, Jubilee Hills, Hyderabad, Telangana	India	S2-857219094,S2-982990716,S3-122364418	S2-226976894,S2-39873745,S2-453012074,S2-520815065,S2-524971038,S2-535121731,S2-596991732,S2-704775466,S2-816923258,S2-92311361	S2-857219094	రియల్ ట్రేడింగ్	PLOT 20, SY NO 41 KAVURI HILLS PHASE-1, JUBILEE HILLS, HYDERABAD, Telangana	India	15	7.4074074074074066	99.33774834437085		Address Correlated but Name Dissimilar (Addr Sim: 99.33774834437085%, missed address blocking key)	Address Correlated but Name Unmatched
S1-90032658	Fortune Energy Private Limited	F No.201, Keshavkala Appt, Sauth Ambazari Rd, Rahate, Nagpur, Maharashtra	India	S2-106634547,S2-816832057,S2-886047280,S2-943944964,S3-749559488	S2-106634547,S2-121818654,S2-23718326,S2-254776194,S2-287325392,S2-56751238,S2-596900380,S2-816832057,S2-886047280,S2-902140414	S3-749559488	Mr FORTUNE ENERGY PRIVATE LIMITED	F No.00201, Nagpur, MH	India	14	95.23809523809523	42.10526315789473	INDIA|tok:energy;INDIA|tok:fortune	Top-K Truncation / Bucket Slice (Shared keys: ['INDIA|tok:energy', 'INDIA|tok:fortune'], but bucket sliced b[:8] or cap 15 reached)	Top-K Truncation / Bucket Slicing
S1-483140947	Highland Continental Photonics Inc.	1023 Gravel Lick Road, Sand Gap, KY	US	S2-305690929,S2-414820151,S3-160719213,S3-216980958,S3-579481799,S3-835590110	S2-12913216,S2-162040889,S2-180391518,S2-262678731,S2-378735804,S2-414820151,S2-54650231,S2-557215958,S2-651646588,S2-713732775	S3-835590110	Highland Continental Photonics	Gravel Lick Road, Sand Gap, Kentucky	US	14	92.3076923076923	84.50704225352112	US|tok:highland;US|pfx8:highland;US|tok:photonics;US|2tok:highland_continental;US|pfx6:highla;US|tok:continental	Top-K Truncation / Bucket Slice (Shared keys: ['US|tok:highland', 'US|pfx8:highland'], but bucket sliced b[:8] or cap 15 reached)	Top-K Truncation / Bucket Slicing
S1-483140947	Highland Continental Photonics Inc.	1023 Gravel Lick Road, Sand Gap, KY	US	S2-305690929,S2-414820151,S3-160719213,S3-216980958,S3-579481799,S3-835590110	S2-12913216,S2-162040889,S2-180391518,S2-262678731,S2-378735804,S2-414820151,S2-54650231,S2-557215958,S2-651646588,S2-713732775	S3-216980958	Continentalphotonics.Com	Kentucky, Sand Gap, 1023 Gravel Lick Road	US	14	71.1864406779661	55.263157894736835		No Shared Blocking Key Generated (Name Sim: 71.1864406779661%, Addr Sim: 55.263157894736835%)	No Blocking Rule Hit
S1-483140947	Highland Continental Photonics Inc.	1023 Gravel Lick Road, Sand Gap, KY	US	S2-305690929,S2-414820151,S3-160719213,S3-216980958,S3-579481799,S3-835590110	S2-12913216,S2-162040889,S2-180391518,S2-262678731,S2-378735804,S2-414820151,S2-54650231,S2-557215958,S2-651646588,S2-713732775	S2-305690929	HIGHLAND CONTINENTAL  PHOTONICS		US	14	90.9090909090909	0.0	US|tok:highland;US|pfx8:highland;US|tok:photonics;US|2tok:highland_continental;US|pfx6:highla;US|tok:continental	Top-K Truncation / Bucket Slice (Shared keys: ['US|tok:highland', 'US|pfx8:highland'], but bucket sliced b[:8] or cap 15 reached)	Top-K Truncation / Bucket Slicing
S1-566183725	Coco Sangh	H.No. 9-586/I, Shaikroza Road, Opp. Genius School, Aland Colony, Gulbarga, Karnataka	India	S2-558367710,S2-939439687,S3-273723612,S3-401413843	S2-165730140,S2-325414419,S2-33120097,S2-408349230,S2-458816588,S2-558367710,S2-558376376,S2-875866291,S2-939439687,S2-939854547	S3-401413843	Coco Sángh	H.no. 9-586/I, North Karnataka Region, Gulbarga, KA	India	13	90.0	57.77777777777777	INDIA|tok:coco	Top-K Truncation / Bucket Slice (Shared keys: ['INDIA|tok:coco'], but bucket sliced b[:8] or cap 15 reached)	Top-K Truncation / Bucket Slicing
S1-756304715	Choice Rate	2333 Sierra Madre Court, Rancho Cordova, CA	US	S2-527679139,S2-786628048,S3-123207010,S3-162728080,S3-436972106,S3-452336654,S3-919158992	S2-139337202,S2-155162317,S2-619309338,S2-678406795,S2-680850640,S2-786628048,S2-799980063,S2-838200737,S3-123207010,S3-162728080	S3-436972106	Choice Ráte Ráte	233 Sierra Madre Ct, PMB 1086, Rancho Cordova CITY, California	US	11	74.07407407407408	74.28571428571429	US|pfx6:choice;US|tok:choice	Top-K Truncation / Bucket Slice (Shared keys: ['US|pfx6:choice', 'US|tok:choice'], but bucket sliced b[:8] or cap 15 reached)	Top-K Truncation / Bucket Slicing
S1-756304715	Choice Rate	2333 Sierra Madre Court, Rancho Cordova, CA	US	S2-527679139,S2-786628048,S3-123207010,S3-162728080,S3-436972106,S3-452336654,S3-919158992	S2-139337202,S2-155162317,S2-619309338,S2-678406795,S2-680850640,S2-786628048,S2-799980063,S2-838200737,S3-123207010,S3-162728080	S3-919158992	Wexdova	233 Sierra Madre Ct, PMB 1086, Rancho Cordova CITY, California	US	11	22.22222222222222	74.28571428571429		Address Correlated but Name Dissimilar (Addr Sim: 74.28571428571429%, missed address blocking key)	Address Correlated but Name Unmatched
S1-756304715	Choice Rate	2333 Sierra Madre Court, Rancho Cordova, CA	US	S2-527679139,S2-786628048,S3-123207010,S3-162728080,S3-436972106,S3-452336654,S3-919158992	S2-139337202,S2-155162317,S2-619309338,S2-678406795,S2-680850640,S2-786628048,S2-799980063,S2-838200737,S3-123207010,S3-162728080	S3-452336654	Choice Rnie	233 Sierra Madre Court, PMB 1086, Rancho Cordova CITY, California	US	11	81.81818181818181	77.77777777777779	US|pfx6:choice;US|tok:choice	Top-K Truncation / Bucket Slice (Shared keys: ['US|pfx6:choice', 'US|tok:choice'], but bucket sliced b[:8] or cap 15 reached)	Top-K Truncation / Bucket Slicing
S1-756304715	Choice Rate	2333 Sierra Madre Court, Rancho Cordova, CA	US	S2-527679139,S2-786628048,S3-123207010,S3-162728080,S3-436972106,S3-452336654,S3-919158992	S2-139337202,S2-155162317,S2-619309338,S2-678406795,S2-680850640,S2-786628048,S2-799980063,S2-838200737,S3-123207010,S3-162728080	S2-527679139	Choice Services	02333 SIERRA MADRE CT, RANCHO CORDOVA, CA	US	11	69.23076923076923	95.23809523809523	US|pfx6:choice;US|tok:choice	Top-K Truncation / Bucket Slice (Shared keys: ['US|pfx6:choice', 'US|tok:choice'], but bucket sliced b[:8] or cap 15 reached)	Top-K Truncation / Bucket Slicing
S1-306095185	Leo International School	Mumbai, Maharashtra, Mumbai City, Al-Safa Chs, Millat Nagar, Andheri (West), 104/A-1	India	S2-989597724,S3-261575641,S3-405262257	S2-126355581,S2-191630015,S2-243721905,S2-265975736,S2-285427884,S2-323842067,S2-481243083,S2-565118911,S3-261575641,S3-79272059	S2-989597724	Mr Leo International	629  104/A-1, AL-SAFA CHS, MILLAT NAGAR, ANDHERI (WEST), MUMBAI, महाराष्ट्र	India	10	77.27272727272727	61.63522012578616		No Shared Blocking Key Generated (Name Sim: 77.27272727272727%, Addr Sim: 61.63522012578616%)	No Blocking Rule Hit
S1-306095185	Leo International School	Mumbai, Maharashtra, Mumbai City, Al-Safa Chs, Millat Nagar, Andheri (West), 104/A-1	India	S2-989597724,S3-261575641,S3-405262257	S2-126355581,S2-191630015,S2-243721905,S2-265975736,S2-285427884,S2-323842067,S2-481243083,S2-565118911,S3-261575641,S3-79272059	S3-405262257	Tavosyn	104/A-1, Al-Safa Chs, Millat Nagar, Andheri (West), Mumbai, Mumbai City, Maharashtra	India	10	25.806451612903224	55.952380952380956		No Shared Blocking Key Generated (Name Sim: 25.806451612903224%, Addr Sim: 55.952380952380956%)	No Blocking Rule Hit
S1-387418200	Dixon Learning Center Inc.	228 Blue Ridge Drive, Old Hickory, TN	US	S2-836870603,S2-85757128,S3-281322816,S3-373656844,S3-386573427,S3-76032683	S2-16817037,S2-300091060,S2-302213952,S2-321002105,S2-412425113,S2-426822341,S2-44605224,S2-599743046,S2-747888260,S2-836870603	S3-373656844	Inc. Dixon Center Learning	228 Biue Ridge Dr, Old Hickory, Tennessee	US	16	57.692307692307686	84.61538461538461	US|2tok:dixon_learning;US|tok:dixon;US|tok:learning	Top-K Truncation / Bucket Slice (Shared keys: ['US|2tok:dixon_learning', 'US|tok:dixon'], but bucket sliced b[:8] or cap 15 reached)	Top-K Truncation / Bucket Slicing
S1-387418200	Dixon Learning Center Inc.	228 Blue Ridge Drive, Old Hickory, TN	US	S2-836870603,S2-85757128,S3-281322816,S3-373656844,S3-386573427,S3-76032683	S2-16817037,S2-300091060,S2-302213952,S2-321002105,S2-412425113,S2-426822341,S2-44605224,S2-599743046,S2-747888260,S2-836870603	S3-281322816	Dixon Learning Cnleetr [Inc.]	216 Blue Ridge Dr, Old Hickory, Tennessee	US	16	87.27272727272728	82.05128205128204	US|2tok:dixon_learning;US|pfx6:dixonl;US|tok:dixon;US|tok:learning;US|pfx8:dixonlea	Top-K Truncation / Bucket Slice (Shared keys: ['US|2tok:dixon_learning', 'US|pfx6:dixonl'], but bucket sliced b[:8] or cap 15 reached)	Top-K Truncation / Bucket Slicing
S1-387418200	Dixon Learning Center Inc.	228 Blue Ridge Drive, Old Hickory, TN	US	S2-836870603,S2-85757128,S3-281322816,S3-373656844,S3-386573427,S3-76032683	S2-16817037,S2-300091060,S2-302213952,S2-321002105,S2-412425113,S2-426822341,S2-44605224,S2-599743046,S2-747888260,S2-836870603	S3-76032683	Dixon Learning Center	216 Blue Ridge Dr, Old Hickory, Tennessee	US	16	89.36170212765957	82.05128205128204	US|2tok:dixon_learning;US|pfx6:dixonl;US|tok:dixon;US|tok:learning;US|pfx8:dixonlea	Top-K Truncation / Bucket Slice (Shared keys: ['US|2tok:dixon_learning', 'US|pfx6:dixonl'], but bucket sliced b[:8] or cap 15 reached)	Top-K Truncation / Bucket Slicing
S1-387418200	Dixon Learning Center Inc.	228 Blue Ridge Drive, Old Hickory, TN	US	S2-836870603,S2-85757128,S3-281322816,S3-373656844,S3-386573427,S3-76032683	S2-16817037,S2-300091060,S2-302213952,S2-321002105,S2-412425113,S2-426822341,S2-44605224,S2-599743046,S2-747888260,S2-836870603	S3-386573427	Inc Dixon Learning Center	Tennessee, 228 Blue Rigde Dr, Old Hickory	US	16	82.35294117647058	74.35897435897436	US|2tok:dixon_learning;US|tok:dixon;US|tok:learning	Top-K Truncation / Bucket Slice (Shared keys: ['US|2tok:dixon_learning', 'US|tok:dixon'], but bucket sliced b[:8] or cap 15 reached)	Top-K Truncation / Bucket Slicing
S1-932539298	Escobedo Smart of Williamson	NY, Williamson, 6475 Salmon Creek Road	US	S2-122443790,S2-373243961,S2-780145988,S2-857467191,S3-738678935	S2-11645668,S2-183081071,S2-275139798,S2-378801759,S2-443037724,S2-456227882,S2-567478073,S2-622040062,S2-780145988,S2-82579644	S2-373243961	WILLIAMSON SMART OF ESCOBEDO	6475-6479 SALMON CREEK RD, null, WILLIAMSON CITY, NY	US	14	50.0	44.44444444444444	US|tok:escobedo;US|tok:smart;US|tok:williamson	Top-K Truncation / Bucket Slice (Shared keys: ['US|tok:escobedo', 'US|tok:smart'], but bucket sliced b[:8] or cap 15 reached)	Top-K Truncation / Bucket Slicing
S1-932539298	Escobedo Smart of Williamson	NY, Williamson, 6475 Salmon Creek Road	US	S2-122443790,S2-373243961,S2-780145988,S2-857467191,S3-738678935	S2-11645668,S2-183081071,S2-275139798,S2-378801759,S2-443037724,S2-456227882,S2-567478073,S2-622040062,S2-780145988,S2-82579644	S2-122443790	Escobedo 5mart  of Williamson Ltd	6475-6479 SALMON CREEK ROAD, null, WILLIAMSON CITY, NY	US	14	88.52459016393442	47.82608695652174	US|tok:escobedo;US|pfx8:escobedo;US|tok:williamson;US|pfx6:escobe	Top-K Truncation / Bucket Slice (Shared keys: ['US|tok:escobedo', 'US|pfx8:escobedo'], but bucket sliced b[:8] or cap 15 reached)	Top-K Truncation / Bucket Slicing
S1-98168281	Ortiz's Advanced Freight	61022 Holly Court, OR, Bend	US	S2-702845828,S3-434039953,S3-509096169	S2-109865084,S2-177077905,S2-240158608,S2-313480185,S2-323877119,S2-38549158,S2-389564876,S2-390466294,S2-464976098,S2-533475902	S2-702845828	ORTIZ'S AHDANGCED FREIGHT	61022A HOLLY COURT, BEND, OR	US	17	93.87755102040816	83.63636363636364	US|2tok:ortiz_s;US|tok:freight;US|pfx6:ortizs;US|tok:ortiz	Top-K Truncation / Bucket Slice (Shared keys: ['US|2tok:ortiz_s', 'US|tok:freight'], but bucket sliced b[:8] or cap 15 reached)	Top-K Truncation / Bucket Slicing
S1-98168281	Ortiz's Advanced Freight	61022 Holly Court, OR, Bend	US	S2-702845828,S3-434039953,S3-509096169	S2-109865084,S2-177077905,S2-240158608,S2-313480185,S2-323877119,S2-38549158,S2-389564876,S2-390466294,S2-464976098,S2-533475902	S3-509096169	Kelovionex f/k/a Ortiz's Advanced Freight	61022 Holly Court, Bend, OR	US	17	73.84615384615385	85.18518518518519	US|tok:freight;US|tok:advanced;US|anum:61022_holly;US|tok:ortiz	Top-K Truncation / Bucket Slice (Shared keys: ['US|tok:freight', 'US|tok:advanced'], but bucket sliced b[:8] or cap 15 reached)	Top-K Truncation / Bucket Slicing
S1-839067903	Dustin Premier Spdr	2602 Hemlock Avenue, Baltimore, MD	US	S2-392112864,S3-514313335,S3-514997262,S3-809237962,S3-873143853,S3-926186789	S2-182524692,S2-336272864,S2-375883052,S2-392112864,S2-44459706,S2-445545274,S2-498691795,S2-535421116,S2-607264423,S2-670006211	S3-514313335	Fayevio	MD, Baltimore, 2602 Hemlock Avenue	US	15	15.384615384615385	55.88235294117647		No Shared Blocking Key Generated (Name Sim: 15.384615384615385%, Addr Sim: 55.88235294117647%)	No Blocking Rule Hit
S1-572490154	Krishan Services Ltd	G-31, Preet Vihar, Delhi	India	S2-232572988,S2-239765393,S2-915804541,S2-989847647,S3-494335891,S3-798426451	S2-11891938,S2-232572988,S2-289688655,S2-362914934,S2-403430048,S2-456638492,S2-518479661,S2-728021237,S2-756074187,S2-785104460	S3-798426451	Sri Krishan Services Ltd.	G-#31, Preet Vihar, Delhi, DL	India	16	88.88888888888889	90.56603773584906	INDIA|anum:31_preet;INDIA|tok:krishan	Top-K Truncation / Bucket Slice (Shared keys: ['INDIA|anum:31_preet', 'INDIA|tok:krishan'], but bucket sliced b[:8] or cap 15 reached)	Top-K Truncation / Bucket Slicing
S1-572490154	Krishan Services Ltd	G-31, Preet Vihar, Delhi	India	S2-232572988,S2-239765393,S2-915804541,S2-989847647,S3-494335891,S3-798426451	S2-11891938,S2-232572988,S2-289688655,S2-362914934,S2-403430048,S2-456638492,S2-518479661,S2-728021237,S2-756074187,S2-785104460	S2-239765393	Sri -- Krishan  Services Ltd	BLOCK C-A-189 G-31, DELHI, PREET VIHAR, Delhi	India	16	83.33333333333334	69.56521739130434	INDIA|tok:krishan	Top-K Truncation / Bucket Slice (Shared keys: ['INDIA|tok:krishan'], but bucket sliced b[:8] or cap 15 reached)	Top-K Truncation / Bucket Slicing
S1-572490154	Krishan Services Ltd	G-31, Preet Vihar, Delhi	India	S2-232572988,S2-239765393,S2-915804541,S2-989847647,S3-494335891,S3-798426451	S2-11891938,S2-232572988,S2-289688655,S2-362914934,S2-403430048,S2-456638492,S2-518479661,S2-728021237,S2-756074187,S2-785104460	S3-494335891	Ltd. Krishan Services	G-#31, Delhi, Preet Vihar, DL	India	16	78.04878048780488	79.24528301886792	INDIA|tok:krishan	Top-K Truncation / Bucket Slice (Shared keys: ['INDIA|tok:krishan'], but bucket sliced b[:8] or cap 15 reached)	Top-K Truncation / Bucket Slicing
S1-572490154	Krishan Services Ltd	G-31, Preet Vihar, Delhi	India	S2-232572988,S2-239765393,S2-915804541,S2-989847647,S3-494335891,S3-798426451	S2-11891938,S2-232572988,S2-289688655,S2-362914934,S2-403430048,S2-456638492,S2-518479661,S2-728021237,S2-756074187,S2-785104460	S2-989847647	Mr krishanservices.com	BLOCK C-A-189 G-31, PREET VIHAR, Delhi	India	16	71.42857142857143	77.41935483870968		No Shared Blocking Key Generated (Name Sim: 71.42857142857143%, Addr Sim: 77.41935483870968%)	No Blocking Rule Hit
S1-232999426	Maa Works Private Limited	At House No.35, Wadad, Tq-Aundha, Dist-Hingoli, Hingoli, Maharashtra	India	S2-469391978,S2-532588837,S3-307259379,S3-819575840	S2-126735619,S2-136247472,S2-209897414,S2-217255469,S2-236695031,S2-32370799,S2-333115269,S2-871700728,S2-967914184	S2-532588837	Maa Private Limited Services	AT HOUSE NO.35/2, WADAD, TQ-AUNDHA, DIST-HINGOLI, HINGOLI, Maharashtra	India	9	71.69811320754718	98.55072463768117	INDIA|anum:35_house	Top-K Truncation / Bucket Slice (Shared keys: ['INDIA|anum:35_house'], but bucket sliced b[:8] or cap 15 reached)	Top-K Truncation / Bucket Slicing
S1-232999426	Maa Works Private Limited	At House No.35, Wadad, Tq-Aundha, Dist-Hingoli, Hingoli, Maharashtra	India	S2-469391978,S2-532588837,S3-307259379,S3-819575840	S2-126735619,S2-136247472,S2-209897414,S2-217255469,S2-236695031,S2-32370799,S2-333115269,S2-871700728,S2-967914184	S3-819575840	Lyravioveo Co	At House No.35, Wadad, Tq-Aundha, Dist-Hingoli, Hingoli, Maharashtra	India	9	26.315789473684216	100.0	INDIA|anum:35_house	Top-K Truncation / Bucket Slice (Shared keys: ['INDIA|anum:35_house'], but bucket sliced b[:8] or cap 15 reached)	Top-K Truncation / Bucket Slicing
S1-232999426	Maa Works Private Limited	At House No.35, Wadad, Tq-Aundha, Dist-Hingoli, Hingoli, Maharashtra	India	S2-469391978,S2-532588837,S3-307259379,S3-819575840	S2-126735619,S2-136247472,S2-209897414,S2-217255469,S2-236695031,S2-32370799,S2-333115269,S2-871700728,S2-967914184	S3-307259379	Miranovidelta	At House No.d/35, Wadad, Tq-aundha, Dist-hingoli, Hingoli, MH	India	9	36.8421052631579	91.47286821705426	INDIA|anum:35_house	Top-K Truncation / Bucket Slice (Shared keys: ['INDIA|anum:35_house'], but bucket sliced b[:8] or cap 15 reached)	Top-K Truncation / Bucket Slicing
S1-232999426	Maa Works Private Limited	At House No.35, Wadad, Tq-Aundha, Dist-Hingoli, Hingoli, Maharashtra	India	S2-469391978,S2-532588837,S3-307259379,S3-819575840	S2-126735619,S2-136247472,S2-209897414,S2-217255469,S2-236695031,S2-32370799,S2-333115269,S2-871700728,S2-967914184	S2-469391978	Maa Wnfks Private Limited	AT HOSUE NO.35/2, WADAD, TQ-AUNDHA, DIST-HINGOLI, HINGOLI, Maharashtra	India	9	92.0	97.10144927536231		No Shared Blocking Key Generated (Name Sim: 92.0%, Addr Sim: 97.10144927536231%)	No Blocking Rule Hit
S1-323747485	Cacioppo, Webster & Sheets Biopharmaceuticals LLC	36724 Carter Street, Yucaipa, CA	US	S2-397480366,S2-750935570,S3-13820604,S3-479731933,S3-610369855,S3-813632557	S2-118552337,S2-131052909,S2-133851411,S2-25895688,S2-374139217,S2-393324770,S2-397480366,S2-42046879,S2-444161905,S2-464907942	S3-13820604	cacioppowebster.com	36724 Carter Street, PMB 1455, Yucaipa, California	US	19	50.0	78.04878048780488	US|anum:36724_carter;US|pfx8:cacioppo;US|pfx6:caciop	Top-K Truncation / Bucket Slice (Shared keys: ['US|anum:36724_carter', 'US|pfx8:cacioppo'], but bucket sliced b[:8] or cap 15 reached)	Top-K Truncation / Bucket Slicing
S1-323747485	Cacioppo, Webster & Sheets Biopharmaceuticals LLC	36724 Carter Street, Yucaipa, CA	US	S2-397480366,S2-750935570,S3-13820604,S3-479731933,S3-610369855,S3-813632557	S2-118552337,S2-131052909,S2-133851411,S2-25895688,S2-374139217,S2-393324770,S2-397480366,S2-42046879,S2-444161905,S2-464907942	S3-813632557	Cacioppo, Webster & Sheets Bíopharmaceuticals LLC	36724 Carter St, Yucaipa, California	US	19	97.95918367346938	82.35294117647058	US|anum:36724_carter;US|tok:webster;US|pfx8:cacioppo;US|tok:cacioppo;US|pfx6:caciop;US|tok:sheets;US|2tok:cacioppo_webster	Top-K Truncation / Bucket Slice (Shared keys: ['US|anum:36724_carter', 'US|tok:webster'], but bucket sliced b[:8] or cap 15 reached)	Top-K Truncation / Bucket Slicing
S1-780502827	Congregation Community Church	WI, Unit Site 69, Town Of Alma, N11702 Elker Road	US	S2-868038729,S3-408625130,S3-844849007	S2-119710778,S2-222159970,S2-255389673,S2-299389290,S2-407901320,S2-485177923,S2-489480180,S2-509580242,S2-594955394,S2-723261550	S2-868038729	Congregation  Community Church Corp	TOWN OF ALMA, N11702. ELKER RD, WI	US	15	90.625	69.87951807228916	US|tok:congregation;US|pfx6:congre;US|tok:community;US|2tok:congregation_community;US|pfx8:congrega;US|tok:church	Top-K Truncation / Bucket Slice (Shared keys: ['US|tok:congregation', 'US|pfx6:congre'], but bucket sliced b[:8] or cap 15 reached)	Top-K Truncation / Bucket Slicing
S1-780502827	Congregation Community Church	WI, Unit Site 69, Town Of Alma, N11702 Elker Road	US	S2-868038729,S3-408625130,S3-844849007	S2-119710778,S2-222159970,S2-255389673,S2-299389290,S2-407901320,S2-485177923,S2-489480180,S2-509580242,S2-594955394,S2-723261550	S3-408625130	Congregation (Church) Community	N11702 Elker Road, Wisconsin, # Site 69, Merrillan	US	15	73.33333333333334	38.38383838383839	US|tok:congregation;US|pfx6:congre;US|tok:community;US|pfx8:congrega;US|tok:church	Top-K Truncation / Bucket Slice (Shared keys: ['US|tok:congregation', 'US|pfx6:congre'], but bucket sliced b[:8] or cap 15 reached)	Top-K Truncation / Bucket Slicing
S1-780502827	Congregation Community Church	WI, Unit Site 69, Town Of Alma, N11702 Elker Road	US	S2-868038729,S3-408625130,S3-844849007	S2-119710778,S2-222159970,S2-255389673,S2-299389290,S2-407901320,S2-485177923,S2-489480180,S2-509580242,S2-594955394,S2-723261550	S3-844849007	Congregation Community  Church	N11702 Elker Road, Merrillan, Wisconsin	US	15	98.30508474576271	38.63636363636363	US|tok:congregation;US|pfx6:congre;US|tok:community;US|2tok:congregation_community;US|pfx8:congrega;US|alpha:congregationcommunitychurch;US|tok:church	Top-K Truncation / Bucket Slice (Shared keys: ['US|tok:congregation', 'US|pfx6:congre'], but bucket sliced b[:8] or cap 15 reached)	Top-K Truncation / Bucket Slicing
S1-120433302	Authentic Electro Ltd	House No. S-219, Basement, Greater Kailash-Ii, New Delhi, South Delhi, Delhi	India	S2-44772905,S3-360838758,S3-768535966,S3-784116632	S2-119648764,S2-129942177,S2-272006167,S2-298679864,S2-307653624,S2-315366225,S2-35449714,S2-391094773,S2-434131131,S2-448539059	S2-44772905	BRIXVEO	HOUSE NO. S-219, NEW DELHI, SOUTH DELHI, Delhi	India	17	21.42857142857143	75.40983606557377	INDIA|anum:219_house	Top-K Truncation / Bucket Slice (Shared keys: ['INDIA|anum:219_house'], but bucket sliced b[:8] or cap 15 reached)	Top-K Truncation / Bucket Slicing
S1-120433302	Authentic Electro Ltd	House No. S-219, Basement, Greater Kailash-Ii, New Delhi, South Delhi, Delhi	India	S2-44772905,S3-360838758,S3-768535966,S3-784116632	S2-119648764,S2-129942177,S2-272006167,S2-298679864,S2-307653624,S2-315366225,S2-35449714,S2-391094773,S2-434131131,S2-448539059	S3-360838758	Authentic Elbtro Ltd	House No. S-2-19, South Delhi, New Delhi, DL	India	17	92.6829268292683	65.0	INDIA|pfx6:authen;INDIA|pfx8:authenti;INDIA|tok:authentic	Top-K Truncation / Bucket Slice (Shared keys: ['INDIA|pfx6:authen', 'INDIA|pfx8:authenti'], but bucket sliced b[:8] or cap 15 reached)	Top-K Truncation / Bucket Slicing
S1-120433302	Authentic Electro Ltd	House No. S-219, Basement, Greater Kailash-Ii, New Delhi, South Delhi, Delhi	India	S2-44772905,S3-360838758,S3-768535966,S3-784116632	S2-119648764,S2-129942177,S2-272006167,S2-298679864,S2-307653624,S2-315366225,S2-35449714,S2-391094773,S2-434131131,S2-448539059	S3-784116632	Authenticelectro.Com	House No. S-2-19, Basement, Greater Kailash-ii, New Delhi, South Delhi, दिल्ली	India	17	78.04878048780488	92.20779220779221	INDIA|pfx8:authenti;INDIA|pfx6:authen	Top-K Truncation / Bucket Slice (Shared keys: ['INDIA|pfx8:authenti', 'INDIA|pfx6:authen'], but bucket sliced b[:8] or cap 15 reached)	Top-K Truncation / Bucket Slicing
S1-436307824	Franni's Chemical Group	6800 Clover Avenue, Mason, OH	US	S2-343854221,S2-903016316,S3-871943803	S2-139365656,S2-175024394,S2-21054218,S2-253920854,S2-275925986,S2-401251815,S2-409610394,S2-437159138,S2-439026771,S2-651863979	S3-871943803	Nylacirairi née Franni's Chemical Group	6800 Clover Avenue, Mason, OH	US	16	74.19354838709677	100.0	US|anum:6800_clover;US|tok:chemical;US|tok:franni	Top-K Truncation / Bucket Slice (Shared keys: ['US|anum:6800_clover', 'US|tok:chemical'], but bucket sliced b[:8] or cap 15 reached)	Top-K Truncation / Bucket Slicing
S1-436307824	Franni's Chemical Group	6800 Clover Avenue, Mason, OH	US	S2-343854221,S2-903016316,S3-871943803	S2-139365656,S2-175024394,S2-21054218,S2-253920854,S2-275925986,S2-401251815,S2-409610394,S2-437159138,S2-439026771,S2-651863979	S2-343854221	Franni's Group Service	##6800 CLOVER AVENUE, DEERFIELD TWP, OH	US	16	62.22222222222222	70.58823529411764	US|pfx6:franni;US|2tok:franni_s;US|anum:6800_clover;US|tok:franni	Top-K Truncation / Bucket Slice (Shared keys: ['US|pfx6:franni', 'US|2tok:franni_s'], but bucket sliced b[:8] or cap 15 reached)	Top-K Truncation / Bucket Slicing
S1-314962839	Dalmia Speciality Pvt. Ltd.	Fk-50, Block-Fk Shastri Nagar, Delhi	India	S2-544825069,S3-10314010,S3-63045797	S2-212145887,S2-216279565,S2-25594842,S2-294555418,S2-332848074,S2-418397714,S2-501809454,S2-513023470,S2-526950639,S2-544825069	S3-10314010	Dalmia Pvt. Ltd. Services	Block-fk Shastri Nagar, Fk-50, Delhi, DL	India	19	61.53846153846154	76.31578947368422	INDIA|pfx6:dalmia;INDIA|anum:50_block;INDIA|tok:dalmia	Top-K Truncation / Bucket Slice (Shared keys: ['INDIA|pfx6:dalmia', 'INDIA|anum:50_block'], but bucket sliced b[:8] or cap 15 reached)	Top-K Truncation / Bucket Slicing
S1-314962839	Dalmia Speciality Pvt. Ltd.	Fk-50, Block-Fk Shastri Nagar, Delhi	India	S2-544825069,S3-10314010,S3-63045797	S2-212145887,S2-216279565,S2-25594842,S2-294555418,S2-332848074,S2-418397714,S2-501809454,S2-513023470,S2-526950639,S2-544825069	S3-63045797	Smt Dalmia Speciality Pvt.	Fk-50, Block-fk Shastri Nagar, Delhi, DL	India	19	83.01886792452831	94.73684210526316	INDIA|tok:dalmia;INDIA|anum:50_block;INDIA|tok:speciality	Top-K Truncation / Bucket Slice (Shared keys: ['INDIA|tok:dalmia', 'INDIA|anum:50_block'], but bucket sliced b[:8] or cap 15 reached)	Top-K Truncation / Bucket Slicing
S1-804663373	Universal Management Private Limited	100 Ft Bye Pass Road, Chennai, Chennai City Corporation, 127, Tamil Nadu	India	S2-167155593,S2-271689113,S2-498698607	S2-110260553,S2-180600314,S2-239519110,S2-33786126,S2-357758542,S2-434932338,S2-487851280,S2-535878834,S2-568618951,S2-631305864	S2-498698607	PRIVATEMANAGEMENTUNIVERSAL.COM - 8735205655	127, 100 FT BYE PASS ROAD, CHENNAI, CHENNAI CITY CORPORATION, Tamil Nadu	India	15	45.56962025316456	93.05555555555556		Address Correlated but Name Dissimilar (Addr Sim: 93.05555555555556%, missed address blocking key)	Address Correlated but Name Unmatched
S1-804663373	Universal Management Private Limited	100 Ft Bye Pass Road, Chennai, Chennai City Corporation, 127, Tamil Nadu	India	S2-167155593,S2-271689113,S2-498698607	S2-110260553,S2-180600314,S2-239519110,S2-33786126,S2-357758542,S2-434932338,S2-487851280,S2-535878834,S2-568618951,S2-631305864	S2-167155593	யுனிவர்சல் மேனேஜ்மெண்ட் பிரைவேட் லிமிடெட்	127, 100 FT BYE PASS ROAD, CHENNAI CITY CORPORATION, CHENNAI, Tamil Nadu	India	15	7.792207792207795	83.33333333333334		Address Correlated but Name Dissimilar (Addr Sim: 83.33333333333334%, missed address blocking key)	Address Correlated but Name Unmatched
S1-804663373	Universal Management Private Limited	100 Ft Bye Pass Road, Chennai, Chennai City Corporation, 127, Tamil Nadu	India	S2-167155593,S2-271689113,S2-498698607	S2-110260553,S2-180600314,S2-239519110,S2-33786126,S2-357758542,S2-434932338,S2-487851280,S2-535878834,S2-568618951,S2-631305864	S2-271689113	யுனிவர்சல் மேனேஜ்மெண்ட் பிரைவேட் லிமிடெட்	127, CHENNAI, CHENNAI CITY CORPORATION, Tamil Nadu	India	15	7.792207792207795	78.68852459016394		Address Correlated but Name Dissimilar (Addr Sim: 78.68852459016394%, missed address blocking key)	Address Correlated but Name Unmatched
S1-820935401	Research (India) Bengal Private Limited	G-244, Vikas Nagar Colony, Near Ketan Hospital Barga, Gorakhpur Sadar, Gorakhpur, Uttar Pradesh	India	S2-200378294,S2-362611633,S2-458884710,S2-890315797,S3-723520276	S2-12259867,S2-124694762,S2-125949243,S2-19334581,S2-223688374,S2-245517559,S2-260347533,S2-286911979,S2-362611633,S2-381846900	S2-200378294	Research (Índia) Bengal Private Limited	G-B3/244, VIKAS NAGAR COLONY, NEAR KETAN HOSPITAL BARGA, GORAKHPUR SADAR, Uttar Pradesh	India	15	97.43589743589743	92.3076923076923	INDIA|pfx8:research;INDIA|tok:research;INDIA|pfx6:resear;INDIA|tok:bengal;INDIA|anum:244_vikas	Top-K Truncation / Bucket Slice (Shared keys: ['INDIA|pfx8:research', 'INDIA|tok:research'], but bucket sliced b[:8] or cap 15 reached)	Top-K Truncation / Bucket Slicing
S1-820935401	Research (India) Bengal Private Limited	G-244, Vikas Nagar Colony, Near Ketan Hospital Barga, Gorakhpur Sadar, Gorakhpur, Uttar Pradesh	India	S2-200378294,S2-362611633,S2-458884710,S2-890315797,S3-723520276	S2-12259867,S2-124694762,S2-125949243,S2-19334581,S2-223688374,S2-245517559,S2-260347533,S2-286911979,S2-362611633,S2-381846900	S2-458884710	Research Limited Bengal Private (India)	G-B3/244, VIKAS NAGAR COLONY, NEAR KETAN HOSPITAL BARGA, GORAKHPUR SADAR, Uttar Pradesh	India	15	74.35897435897436	92.3076923076923	INDIA|tok:india;INDIA|pfx8:research;INDIA|tok:research;INDIA|pfx6:resear;INDIA|tok:bengal;INDIA|anum:244_vikas	Top-K Truncation / Bucket Slice (Shared keys: ['INDIA|tok:india', 'INDIA|pfx8:research'], but bucket sliced b[:8] or cap 15 reached)	Top-K Truncation / Bucket Slicing
S1-820935401	Research (India) Bengal Private Limited	G-244, Vikas Nagar Colony, Near Ketan Hospital Barga, Gorakhpur Sadar, Gorakhpur, Uttar Pradesh	India	S2-200378294,S2-362611633,S2-458884710,S2-890315797,S3-723520276	S2-12259867,S2-124694762,S2-125949243,S2-19334581,S2-223688374,S2-245517559,S2-260347533,S2-286911979,S2-362611633,S2-381846900	S3-723520276	Research (India) Bengal Private Ltd	G-244, Gorakhpur, N/A, UP	India	15	94.5945945945946	38.33333333333333	INDIA|tok:india;INDIA|pfx8:research;INDIA|2tok:research_india;INDIA|tok:research;INDIA|pfx6:resear;INDIA|tok:bengal	Top-K Truncation / Bucket Slice (Shared keys: ['INDIA|tok:india', 'INDIA|pfx8:research'], but bucket sliced b[:8] or cap 15 reached)	Top-K Truncation / Bucket Slicing
S1-820935401	Research (India) Bengal Private Limited	G-244, Vikas Nagar Colony, Near Ketan Hospital Barga, Gorakhpur Sadar, Gorakhpur, Uttar Pradesh	India	S2-200378294,S2-362611633,S2-458884710,S2-890315797,S3-723520276	S2-12259867,S2-124694762,S2-125949243,S2-19334581,S2-223688374,S2-245517559,S2-260347533,S2-286911979,S2-362611633,S2-381846900	S2-890315797	researchindiabengal.com	Uttar Pradesh, G-B3/244, VIKAS NAGAR COLONY, NEAR KETAN HOSPITAL BARGA, GORAKHPUR SADRA	India	15	64.51612903225806	75.82417582417582	INDIA|pfx6:resear;INDIA|pfx8:research	Top-K Truncation / Bucket Slice (Shared keys: ['INDIA|pfx6:resear', 'INDIA|pfx8:research'], but bucket sliced b[:8] or cap 15 reached)	Top-K Truncation / Bucket Slicing
S1-562989120	Acp Plus Private Limited	Hyderabad, Telangana, Pt-55 & 56, Sy No.102, 103(P) & 1 Ph-Ii H No 4-50/P-Ii/55/1F To 5F, Gachibowli, Hyderabad	India	S2-358084731,S2-619841405,S3-825790614	S2-221798121,S2-268408668,S2-41541977,S2-425701603,S2-44038448,S2-564750766,S2-619841405,S2-82504595,S2-929889178,S3-825790614	S2-358084731	Smt Acp Plus Private	HN C-618 PT-55 & 56, SY NO.102, 103(P) & 1 PH-II H NO 4-50/P-II/55/1F TO 5F, GACHIBOWLI, HYDERABAD, Telangana	India	10	72.72727272727273	83.63636363636364	INDIA|tok:plus	Top-K Truncation / Bucket Slice (Shared keys: ['INDIA|tok:plus'], but bucket sliced b[:8] or cap 15 reached)	Top-K Truncation / Bucket Slicing
S1-125331877	New Delhi Global Corp	New Delhi, Delhi, C-1/67-Old No-4B, West Delhi, Kh No-120/2 Madhu Vihar	India	S2-20329354,S2-309315351,S2-357054405,S3-193883951,S3-898976397	S2-309315351	S3-898976397	Corp New Dfelai Global	C-1/67-old No-4b, New Delhi, DL	India	1	69.76744186046511	54.90196078431373		No Shared Blocking Key Generated (Name Sim: 69.76744186046511%, Addr Sim: 54.90196078431373%)	No Blocking Rule Hit
S1-125331877	New Delhi Global Corp	New Delhi, Delhi, C-1/67-Old No-4B, West Delhi, Kh No-120/2 Madhu Vihar	India	S2-20329354,S2-309315351,S2-357054405,S3-193883951,S3-898976397	S2-309315351	S2-357054405	NEW DELHI GLOBAL  CORPORATION	C-1/67-OLD NO-4B, KH NO-120/2 MADHU VIHAR, NEW DELHI, दिल्ली	India	1	84.0	62.59541984732824	INDIA|tok:delhi;INDIA|2tok:new_delhi;INDIA|pfx6:newdel;INDIA|pfx8:newdelhi	Top-K Truncation / Bucket Slice (Shared keys: ['INDIA|tok:delhi', 'INDIA|2tok:new_delhi'], but bucket sliced b[:8] or cap 15 reached)	Top-K Truncation / Bucket Slicing
S1-125331877	New Delhi Global Corp	New Delhi, Delhi, C-1/67-Old No-4B, West Delhi, Kh No-120/2 Madhu Vihar	India	S2-20329354,S2-309315351,S2-357054405,S3-193883951,S3-898976397	S2-309315351	S3-193883951	New Delhi Gtobal Corp	C-1/67-old No-4b, New Delhi, DL	India	1	95.23809523809523	54.90196078431373	INDIA|tok:delhi;INDIA|2tok:new_delhi;INDIA|pfx6:newdel;INDIA|pfx8:newdelhi	Top-K Truncation / Bucket Slice (Shared keys: ['INDIA|tok:delhi', 'INDIA|2tok:new_delhi'], but bucket sliced b[:8] or cap 15 reached)	Top-K Truncation / Bucket Slicing
S1-125331877	New Delhi Global Corp	New Delhi, Delhi, C-1/67-Old No-4B, West Delhi, Kh No-120/2 Madhu Vihar	India	S2-20329354,S2-309315351,S2-357054405,S3-193883951,S3-898976397	S2-309315351	S2-20329354	New Dehi Global Corp	C-1/67-OLD NO-4B, KH NO-120/2 MADHU VIHAR, NEW DELHI, Delhi	India	1	97.5609756097561	63.07692307692307		No Shared Blocking Key Generated (Name Sim: 97.5609756097561%, Addr Sim: 63.07692307692307%)	No Blocking Rule Hit
S1-71714945	Legacy Engineering Enterprises Corp	1208 Farrington Drive, Knoxville, TN	US	S2-105654906,S2-803482289,S3-893472770,S3-938264113	S2-150926721,S2-245407159,S2-351309332,S2-613712071,S2-617671479,S2-740777428,S2-803482289,S2-81584555,S2-842184206,S2-84973559	S2-105654906	Legacy-Engineering Énterprises	1208 FARRINGTON DRIVE, KNOXVILLE, TN	US	15	86.15384615384616	100.0	US|pfx6:legacy;US|pfx8:legacyen;US|anum:1208_farrington;US|2tok:legacy_engineering;US|tok:legacy;US|tok:engineering	Top-K Truncation / Bucket Slice (Shared keys: ['US|pfx6:legacy', 'US|pfx8:legacyen'], but bucket sliced b[:8] or cap 15 reached)	Top-K Truncation / Bucket Slicing
S1-71714945	Legacy Engineering Enterprises Corp	1208 Farrington Drive, Knoxville, TN	US	S2-105654906,S2-803482289,S3-893472770,S3-938264113	S2-150926721,S2-245407159,S2-351309332,S2-613712071,S2-617671479,S2-740777428,S2-803482289,S2-81584555,S2-842184206,S2-84973559	S3-893472770	Legacy Enterprises Corp Center	#1208 Farrington Dr, Knoxville, Tennessee	US	15	70.76923076923076	85.71428571428572	US|pfx8:legacyen;US|pfx6:legacy;US|tok:legacy;US|anum:1208_farrington	Top-K Truncation / Bucket Slice (Shared keys: ['US|pfx8:legacyen', 'US|pfx6:legacy'], but bucket sliced b[:8] or cap 15 reached)	Top-K Truncation / Bucket Slicing
S1-636549603	Family Physicians Inc	1024 31st Avenue, Bellwood, IL	US	S2-111347047,S2-658862971,S2-710665123,S3-689111779	S2-111347047,S2-155576048,S2-503789376,S2-57170971,S2-591794073,S2-710665123,S2-720646544,S2-877853224,S2-882332314,S2-911165836	S2-658862971	Family Physicians  Inc	BELLWOOD, 31ST AVENUE, IL	US	10	97.67441860465115	58.18181818181818	US|2tok:family_physicians;US|pfx6:family;US|alpha:familyphysiciansinc;US|pfx8:familyph;US|tok:family;US|tok:physicians	Top-K Truncation / Bucket Slice (Shared keys: ['US|2tok:family_physicians', 'US|pfx6:family'], but bucket sliced b[:8] or cap 15 reached)	Top-K Truncation / Bucket Slicing
S1-636549603	Family Physicians Inc	1024 31st Avenue, Bellwood, IL	US	S2-111347047,S2-658862971,S2-710665123,S3-689111779	S2-111347047,S2-155576048,S2-503789376,S2-57170971,S2-591794073,S2-710665123,S2-720646544,S2-877853224,S2-882332314,S2-911165836	S3-689111779	Family Physicians	1024-A 31rd Ave, Bellwood, Illinois	US	10	89.47368421052632	76.92307692307692	US|2tok:family_physicians;US|pfx6:family;US|pfx8:familyph;US|tok:family;US|tok:physicians	Top-K Truncation / Bucket Slice (Shared keys: ['US|2tok:family_physicians', 'US|pfx6:family'], but bucket sliced b[:8] or cap 15 reached)	Top-K Truncation / Bucket Slicing
S1-147465602	Apex Foods Private Limited	25A, Model Town, Phagwara, Kapurthala, Punjab	India	S2-942578603,S3-227088249	S2-121631689,S2-147606076,S2-182374067,S2-235126629,S2-385501037,S2-402026862,S2-407821345,S2-496502745,S2-642334297,S2-704097923	S2-942578603	ਏਪੈਕਸ ਫੂਡਜ਼ ਪ੍ਰਾਈਵੇਟ ਲਿਮਟਿਡ	25A, PHAGWARA, KAPURTHALA, Punjab	India	16	11.32075471698113	84.61538461538461		Address Correlated but Name Dissimilar (Addr Sim: 84.61538461538461%, missed address blocking key)	Address Correlated but Name Unmatched
S1-147465602	Apex Foods Private Limited	25A, Model Town, Phagwara, Kapurthala, Punjab	India	S2-942578603,S3-227088249	S2-121631689,S2-147606076,S2-182374067,S2-235126629,S2-385501037,S2-402026862,S2-407821345,S2-496502745,S2-642334297,S2-704097923	S3-227088249	Apex Foods Limited [Services]	25A, Model Town, Phagwara, Kapurthala, PB	India	16	65.45454545454545	95.34883720930233	INDIA|pfx8:apexfood;INDIA|tok:foods;INDIA|2tok:apex_foods;INDIA|pfx6:apexfo;INDIA|tok:apex	Top-K Truncation / Bucket Slice (Shared keys: ['INDIA|pfx8:apexfood', 'INDIA|tok:foods'], but bucket sliced b[:8] or cap 15 reached)	Top-K Truncation / Bucket Slicing
S1-724291976	Gonzalezlopez's Wholesale	CA, 1235 Chestnut Street, Upland	US	S2-757383795,S3-392763259,S3-618181395,S3-784538650	S2-188258395,S2-359286119,S2-481328663,S2-585801398,S2-652262795,S2-665550772,S2-757383795,S2-882012584,S3-296274695,S3-30982169	S3-392763259	Gonzalezlopez's Woresale	California, Upland, 1235 Chestnut Street	US	13	93.87755102040816	66.66666666666667	US|pfx6:gonzal;US|tok:gonzalezlopez;US|pfx8:gonzalez;US|2tok:gonzalezlopez_s	Top-K Truncation / Bucket Slice (Shared keys: ['US|pfx6:gonzal', 'US|tok:gonzalezlopez'], but bucket sliced b[:8] or cap 15 reached)	Top-K Truncation / Bucket Slicing
S1-724291976	Gonzalezlopez's Wholesale	CA, 1235 Chestnut Street, Upland	US	S2-757383795,S3-392763259,S3-618181395,S3-784538650	S2-188258395,S2-359286119,S2-481328663,S2-585801398,S2-652262795,S2-665550772,S2-757383795,S2-882012584,S3-296274695,S3-30982169	S3-784538650	Gonzalezlopez's Wmoleile		US	13	89.79591836734694	0.0	US|pfx6:gonzal;US|tok:gonzalezlopez;US|pfx8:gonzalez;US|2tok:gonzalezlopez_s	Top-K Truncation / Bucket Slice (Shared keys: ['US|pfx6:gonzal', 'US|tok:gonzalezlopez'], but bucket sliced b[:8] or cap 15 reached)	Top-K Truncation / Bucket Slicing
S1-97581850	Green Exports Private Limited	B-3, B-71C, Janakpuri, New Delhi, West Delhi, Delhi	India	S2-287401931,S3-256916098,S3-3248296,S3-447060680,S3-60652506	S2-100820000,S2-15591049,S2-386912588,S2-391293670,S2-398384624,S2-526542471,S2-562975542,S2-59698739,S2-717512542,S2-868808368	S3-447060680	ग्रीन एक्सपोर्ट्स प्राइवेट लिमिटेड	B-##3, B-71c, Janakpuri, West Delhi, New Delhi, दिल्ली	India	15	9.523809523809524	78.0952380952381	INDIA|anum:3_71c	Top-K Truncation / Bucket Slice (Shared keys: ['INDIA|anum:3_71c'], but bucket sliced b[:8] or cap 15 reached)	Top-K Truncation / Bucket Slicing
S1-97581850	Green Exports Private Limited	B-3, B-71C, Janakpuri, New Delhi, West Delhi, Delhi	India	S2-287401931,S3-256916098,S3-3248296,S3-447060680,S3-60652506	S2-100820000,S2-15591049,S2-386912588,S2-391293670,S2-398384624,S2-526542471,S2-562975542,S2-59698739,S2-717512542,S2-868808368	S3-256916098	Green Exports Private Ltd		India	15	92.5925925925926	0.0	INDIA|pfx8:greenexp;INDIA|tok:green;INDIA|2tok:green_exports;INDIA|pfx6:greene;INDIA|tok:exports	Top-K Truncation / Bucket Slice (Shared keys: ['INDIA|pfx8:greenexp', 'INDIA|tok:green'], but bucket sliced b[:8] or cap 15 reached)	Top-K Truncation / Bucket Slicing
S1-97581850	Green Exports Private Limited	B-3, B-71C, Janakpuri, New Delhi, West Delhi, Delhi	India	S2-287401931,S3-256916098,S3-3248296,S3-447060680,S3-60652506	S2-100820000,S2-15591049,S2-386912588,S2-391293670,S2-398384624,S2-526542471,S2-562975542,S2-59698739,S2-717512542,S2-868808368	S3-3248296	Green Exports  Private Limited	B-##3, New Delhi, West Delhi, दिल्ली	India	15	98.30508474576271	64.36781609195403	INDIA|pfx8:greenexp;INDIA|tok:green;INDIA|2tok:green_exports;INDIA|pfx6:greene;INDIA|tok:exports;INDIA|alpha:greenexportsprivatelimited	Top-K Truncation / Bucket Slice (Shared keys: ['INDIA|pfx8:greenexp', 'INDIA|tok:green'], but bucket sliced b[:8] or cap 15 reached)	Top-K Truncation / Bucket Slicing
S1-97581850	Green Exports Private Limited	B-3, B-71C, Janakpuri, New Delhi, West Delhi, Delhi	India	S2-287401931,S3-256916098,S3-3248296,S3-447060680,S3-60652506	S2-100820000,S2-15591049,S2-386912588,S2-391293670,S2-398384624,S2-526542471,S2-562975542,S2-59698739,S2-717512542,S2-868808368	S2-287401931	ग्रीन एक्सपोर्ट्स प्राइवेट लिमिटेड	B-3, B-71C, JANAKPURI, NEW DELHI, WEST DELHI, दिल्ली	India	15	9.523809523809524	89.32038834951457	INDIA|anum:3_71c	Top-K Truncation / Bucket Slice (Shared keys: ['INDIA|anum:3_71c'], but bucket sliced b[:8] or cap 15 reached)	Top-K Truncation / Bucket Slicing
S1-97581850	Green Exports Private Limited	B-3, B-71C, Janakpuri, New Delhi, West Delhi, Delhi	India	S2-287401931,S3-256916098,S3-3248296,S3-447060680,S3-60652506	S2-100820000,S2-15591049,S2-386912588,S2-391293670,S2-398384624,S2-526542471,S2-562975542,S2-59698739,S2-717512542,S2-868808368	S3-60652506	ग्रीन एक्सपोर्ट्स प्राइवेट लिमिटेड	B-##3, New Delhi, West Delhi, DL	India	15	9.523809523809524	72.28915662650603		Address Correlated but Name Dissimilar (Addr Sim: 72.28915662650603%, missed address blocking key)	Address Correlated but Name Unmatched
S1-15005997	Raphaela F. Newell, O.D.	34 Bank Street, New Bedford, MA	US	S2-502501897,S2-730790380,S3-153463654,S3-171582123,S3-232851522,S3-747454686	S2-130727464,S2-131353519,S2-156850000,S2-1993917,S2-247946122,S2-386932612,S2-411397097,S2-502501897,S2-612685445,S2-730790380	S3-747454686	Ó.D. F. Newell, Raphaela	New Bedford, 34 Bank St, Massachusetts	US	20	50.0	43.47826086956522	US|tok:raphaela;US|tok:newell	Top-K Truncation / Bucket Slice (Shared keys: ['US|tok:raphaela', 'US|tok:newell'], but bucket sliced b[:8] or cap 15 reached)	Top-K Truncation / Bucket Slicing
S1-15005997	Raphaela F. Newell, O.D.	34 Bank Street, New Bedford, MA	US	S2-502501897,S2-730790380,S3-153463654,S3-171582123,S3-232851522,S3-747454686	S2-130727464,S2-131353519,S2-156850000,S2-1993917,S2-247946122,S2-386932612,S2-411397097,S2-502501897,S2-612685445,S2-730790380	S3-153463654	Raphaela F. Newell,	Bank Street, New Bedford, Massachusetts	US	20	88.37209302325581	80.0	US|pfx8:raphaela;US|2tok:raphaela_f;US|pfx6:raphae;US|tok:raphaela;US|tok:newell	Top-K Truncation / Bucket Slice (Shared keys: ['US|pfx8:raphaela', 'US|2tok:raphaela_f'], but bucket sliced b[:8] or cap 15 reached)	Top-K Truncation / Bucket Slicing
S1-447452795	Blue Network Corporation	177 1st Avenue, Nashville, TN	US	S2-995233298,S3-366674728	S2-169473359,S2-310288487,S2-466048957,S2-560559153,S2-569313089,S2-605462590,S2-723076704,S2-836394307,S2-839034863,S2-867498681	S3-366674728	Blue Network Córporation	17 First Ave, PO Box 3405, Nashville, Tennessee	US	16	95.83333333333334	63.1578947368421	US|2tok:blue_network;US|pfx8:bluenetw;US|pfx6:bluene;US|tok:network;US|tok:blue	Top-K Truncation / Bucket Slice (Shared keys: ['US|2tok:blue_network', 'US|pfx8:bluenetw'], but bucket sliced b[:8] or cap 15 reached)	Top-K Truncation / Bucket Slicing
S1-447452795	Blue Network Corporation	177 1st Avenue, Nashville, TN	US	S2-995233298,S3-366674728	S2-169473359,S2-310288487,S2-466048957,S2-560559153,S2-569313089,S2-605462590,S2-723076704,S2-836394307,S2-839034863,S2-867498681	S2-995233298	The Blue Netw0rk Corporation	177 1TH AVENUE, NASHVILLE, TN	US	16	88.46153846153845	96.55172413793103	US|tok:blue	Top-K Truncation / Bucket Slice (Shared keys: ['US|tok:blue'], but bucket sliced b[:8] or cap 15 reached)	Top-K Truncation / Bucket Slicing
S1-701741704	Bay Granite LLC	AR, Blytheville, 4437 Unnamed	US	S2-372427590,S2-629353884,S2-755382991,S2-75964879,S3-224441801	S2-16601618,S2-267549806,S2-292956926,S2-372427590,S2-479259109,S2-640232699,S2-64494548,S2-75964879,S2-783422419,S2-861100047	S2-755382991	Novidelta	4437 Unnamed, BLYTHEVILLE, AR	US	11	33.333333333333336	58.62068965517242		No Shared Blocking Key Generated (Name Sim: 33.333333333333336%, Addr Sim: 58.62068965517242%)	No Blocking Rule Hit
S1-701741704	Bay Granite LLC	AR, Blytheville, 4437 Unnamed	US	S2-372427590,S2-629353884,S2-755382991,S2-75964879,S3-224441801	S2-16601618,S2-267549806,S2-292956926,S2-372427590,S2-479259109,S2-640232699,S2-64494548,S2-75964879,S2-783422419,S2-861100047	S3-224441801	Center Bay LLC	4437-4441 Unnamed, Blytheville, Arkansas	US	11	48.275862068965516	52.17391304347826		No Shared Blocking Key Generated (Name Sim: 48.275862068965516%, Addr Sim: 52.17391304347826%)	No Blocking Rule Hit
S1-701741704	Bay Granite LLC	AR, Blytheville, 4437 Unnamed	US	S2-372427590,S2-629353884,S2-755382991,S2-75964879,S3-224441801	S2-16601618,S2-267549806,S2-292956926,S2-372427590,S2-479259109,S2-640232699,S2-64494548,S2-75964879,S2-783422419,S2-861100047	S2-629353884	Bay Gmrainte LLC	4437 UNNAMED, BLYTHEVILLE, AR	US	11	90.32258064516128	58.62068965517242		No Shared Blocking Key Generated (Name Sim: 90.32258064516128%, Addr Sim: 58.62068965517242%)	No Blocking Rule Hit
S1-314045617	Williams Premier Xrp	845 Mildred Avenue, Dundalk, MD	US	S3-359536205,S3-491605587	S2-178007144,S2-371485688,S2-380589275,S2-38744118,S2-421759357,S2-477798412,S2-574290192,S2-668584791,S3-359536205	S3-491605587	Premier Williams Xrp	845 Milred Ave, <NULL>, Dundalk, Maryland	US	9	60.0	80.55555555555556	US|tok:premier;US|tok:williams	Top-K Truncation / Bucket Slice (Shared keys: ['US|tok:premier', 'US|tok:williams'], but bucket sliced b[:8] or cap 15 reached)	Top-K Truncation / Bucket Slicing
S1-889584874	Bebe Singletary Empire Blackstone LLC	146 Forest Oaks Lane, Lake Jackson, TX	US	S2-738839367,S2-994448288,S3-405213450,S3-704811052	S2-169769549,S2-212711223,S2-350598772,S2-352419749,S2-472955659,S2-586430255,S2-593700693,S2-640948147,S2-641345452,S2-748888254	S2-738839367	Bebe  Singletary Empire Blackstone	146 FOREST OAKS LANE, LAKE JACKSON CITY, TX	US	18	92.95774647887323	93.82716049382715	US|tok:bebe;US|2tok:bebe_singletary;US|tok:blackstone;US|anum:146_forest;US|tok:singletary;US|pfx8:bebesing;US|pfx6:bebesi;US|tok:empire	Top-K Truncation / Bucket Slice (Shared keys: ['US|tok:bebe', 'US|2tok:bebe_singletary'], but bucket sliced b[:8] or cap 15 reached)	Top-K Truncation / Bucket Slicing
S1-889584874	Bebe Singletary Empire Blackstone LLC	146 Forest Oaks Lane, Lake Jackson, TX	US	S2-738839367,S2-994448288,S3-405213450,S3-704811052	S2-169769549,S2-212711223,S2-350598772,S2-352419749,S2-472955659,S2-586430255,S2-593700693,S2-640948147,S2-641345452,S2-748888254	S3-405213450	Bebe Sengletary Empire Blackstone LLC	146 Frest Oaks Lane, Lake Jackson, Texas	US	18	97.2972972972973	94.87179487179486	US|tok:blackstone;US|tok:bebe;US|tok:empire	Top-K Truncation / Bucket Slice (Shared keys: ['US|tok:blackstone', 'US|tok:bebe'], but bucket sliced b[:8] or cap 15 reached)	Top-K Truncation / Bucket Slicing
S1-889584874	Bebe Singletary Empire Blackstone LLC	146 Forest Oaks Lane, Lake Jackson, TX	US	S2-738839367,S2-994448288,S3-405213450,S3-704811052	S2-169769549,S2-212711223,S2-350598772,S2-352419749,S2-472955659,S2-586430255,S2-593700693,S2-640948147,S2-641345452,S2-748888254	S3-704811052	Bebe Snglaery Empire Blackstone LLC	146 Forest Oaks Lane, Lake Jackson, Texas	US	18	94.44444444444444	96.20253164556962	US|tok:blackstone;US|tok:bebe;US|anum:146_forest;US|tok:empire	Top-K Truncation / Bucket Slice (Shared keys: ['US|tok:blackstone', 'US|tok:bebe'], but bucket sliced b[:8] or cap 15 reached)	Top-K Truncation / Bucket Slicing
S1-926018314	X T Weinstein Painting	8049 Bay Bend Drive, Willis, TX	US	S2-269390198,S2-744714545,S3-61713436,S3-840580350,S3-93258009	S2-12076968,S2-259105151,S2-269390198,S2-286604131,S2-346363434,S2-462486145,S2-521359099,S2-616246737,S2-626190035,S2-664321652	S3-93258009	Fluxzeta doing business as X T Weinstein Painting	8049 Bay Bend Drive, Willis, TX	US	21	61.9718309859155	100.0	US|tok:painting;US|tok:weinstein;US|anum:8049_bay	Top-K Truncation / Bucket Slice (Shared keys: ['US|tok:painting', 'US|tok:weinstein'], but bucket sliced b[:8] or cap 15 reached)	Top-K Truncation / Bucket Slicing
S1-90128015	Valley Charter School	VA, Prince William County, 1541 Colonial Drive, Unit UNIT 303	US	S2-232725993,S2-590587160,S2-682521929,S3-291341707,S3-989736227	S2-319922786,S2-370823918,S2-417056729,S2-440085328,S2-46713318,S2-58403697,S2-590587160,S2-634828192,S2-655432234,S2-73205782	S2-682521929	Valley Charter Schóol	1541 COLONIAL DRIVE, PRINCE WILLIAM COUNTY, VA	US	14	95.23809523809523	52.33644859813084	US|tok:valley;US|pfx8:valleych;US|pfx6:valley;US|2tok:valley_charter;US|tok:charter	Top-K Truncation / Bucket Slice (Shared keys: ['US|tok:valley', 'US|pfx8:valleych'], but bucket sliced b[:8] or cap 15 reached)	Top-K Truncation / Bucket Slicing
S1-90128015	Valley Charter School	VA, Prince William County, 1541 Colonial Drive, Unit UNIT 303	US	S2-232725993,S2-590587160,S2-682521929,S3-291341707,S3-989736227	S2-319922786,S2-370823918,S2-417056729,S2-440085328,S2-46713318,S2-58403697,S2-590587160,S2-634828192,S2-655432234,S2-73205782	S3-989736227	Valley Chárter School	1541-1545 Colonial Dr, # UNIT 303, Woodbridge, Virginia	US	14	95.23809523809523	46.55172413793104	US|pfx6:valley;US|tok:valley;US|pfx8:valleych;US|tok:school	Top-K Truncation / Bucket Slice (Shared keys: ['US|pfx6:valley', 'US|tok:valley'], but bucket sliced b[:8] or cap 15 reached)	Top-K Truncation / Bucket Slicing
S1-90128015	Valley Charter School	VA, Prince William County, 1541 Colonial Drive, Unit UNIT 303	US	S2-232725993,S2-590587160,S2-682521929,S3-291341707,S3-989736227	S2-319922786,S2-370823918,S2-417056729,S2-440085328,S2-46713318,S2-58403697,S2-590587160,S2-634828192,S2-655432234,S2-73205782	S2-232725993	@valleycharter	1541 COLONIAL DRIVE, WOODBRIDGE, VA	US	14	74.28571428571429	47.916666666666664	US|pfx6:valley;US|pfx8:valleych	Top-K Truncation / Bucket Slice (Shared keys: ['US|pfx6:valley', 'US|pfx8:valleych'], but bucket sliced b[:8] or cap 15 reached)	Top-K Truncation / Bucket Slicing
S1-90128015	Valley Charter School	VA, Prince William County, 1541 Colonial Drive, Unit UNIT 303	US	S2-232725993,S2-590587160,S2-682521929,S3-291341707,S3-989736227	S2-319922786,S2-370823918,S2-417056729,S2-440085328,S2-46713318,S2-58403697,S2-590587160,S2-634828192,S2-655432234,S2-73205782	S3-291341707	Valley Chadttr School #87623	1541-1545 Colonial Drive, Unit UNIT 303, Woodbridge, Virginia	US	14	77.55102040816327	55.73770491803278	US|pfx6:valley;US|tok:valley;US|pfx8:valleych;US|tok:school	Top-K Truncation / Bucket Slice (Shared keys: ['US|pfx6:valley', 'US|tok:valley'], but bucket sliced b[:8] or cap 15 reached)	Top-K Truncation / Bucket Slicing
S1-748243940	Blaine Box	3008 Davis Road, Spokane Valley, WA	US	S2-302608076,S3-749582950,S3-817734159	S2-115182811,S2-264519859,S2-270514728,S2-302608076,S2-471633279,S2-497869852,S2-547461763,S2-574948200,S2-665357777,S2-706315483	S3-817734159	Blaine Bóx	3008 Dvis Road, Spokane Valley, Washington	US	12	90.0	88.31168831168831	US|tok:blaine;US|pfx6:blaine	Top-K Truncation / Bucket Slice (Shared keys: ['US|tok:blaine', 'US|pfx6:blaine'], but bucket sliced b[:8] or cap 15 reached)	Top-K Truncation / Bucket Slicing
S1-748243940	Blaine Box	3008 Davis Road, Spokane Valley, WA	US	S2-302608076,S3-749582950,S3-817734159	S2-115182811,S2-264519859,S2-270514728,S2-302608076,S2-471633279,S2-497869852,S2-547461763,S2-574948200,S2-665357777,S2-706315483	S3-749582950	Miraxylo formerly known as Blaine Box	WA, Spokane Valley, 3008 Davis Road	US	12	42.553191489361694	57.14285714285714	US|tok:blaine	Top-K Truncation / Bucket Slice (Shared keys: ['US|tok:blaine'], but bucket sliced b[:8] or cap 15 reached)	Top-K Truncation / Bucket Slicing
S1-543291404	Southern Technologies Private Limited	Excelsior Building Thengana, Perumpanachy P.O., Changanacherry, Kottayam, Kerala	India	S2-369294405,S2-728000855,S3-13029611,S3-908384870	S2-220842409,S2-419786018,S2-4286536,S2-543865206,S2-546080630,S2-55394803,S2-573421950,S2-6399931,S2-695668769,S2-722389224	S3-13029611	സതേൺ ടെക്നോളജീസ് പ്രൈവറ്റ് ലിമിറ്റഡ്	#2-452 Excelsior Building Thengana, Perumpanachy P.o., Kottayam, Changanacherry, കേരളം	India	15	8.21917808219178	77.10843373493977		Address Correlated but Name Dissimilar (Addr Sim: 77.10843373493977%, missed address blocking key)	Address Correlated but Name Unmatched
S1-543291404	Southern Technologies Private Limited	Excelsior Building Thengana, Perumpanachy P.O., Changanacherry, Kottayam, Kerala	India	S2-369294405,S2-728000855,S3-13029611,S3-908384870	S2-220842409,S2-419786018,S2-4286536,S2-543865206,S2-546080630,S2-55394803,S2-573421950,S2-6399931,S2-695668769,S2-722389224	S2-728000855	Southern ടെക്നോളജീസ് പ്രൈവറ്റ് ലിമിറ്റഡ്		India	15	28.57142857142857	0.0	INDIA|pfx6:southe;INDIA|tok:southern;INDIA|pfx8:southern	Top-K Truncation / Bucket Slice (Shared keys: ['INDIA|pfx6:southe', 'INDIA|tok:southern'], but bucket sliced b[:8] or cap 15 reached)	Top-K Truncation / Bucket Slicing
S1-543291404	Southern Technologies Private Limited	Excelsior Building Thengana, Perumpanachy P.O., Changanacherry, Kottayam, Kerala	India	S2-369294405,S2-728000855,S3-13029611,S3-908384870	S2-220842409,S2-419786018,S2-4286536,S2-543865206,S2-546080630,S2-55394803,S2-573421950,S2-6399931,S2-695668769,S2-722389224	S3-908384870	സതേൺ ടെക്നോളജീസ് പ്രൈവറ്റ് ലിമിറ്റഡ്	KL, Perumpanachy P.o., Changanacherry, Kottayam, Door No 2-452 Excelsior Building Thengana	India	15	8.21917808219178	61.1764705882353		Address Correlated but Name Dissimilar (Addr Sim: 61.1764705882353%, missed address blocking key)	Address Correlated but Name Unmatched
S1-543291404	Southern Technologies Private Limited	Excelsior Building Thengana, Perumpanachy P.O., Changanacherry, Kottayam, Kerala	India	S2-369294405,S2-728000855,S3-13029611,S3-908384870	S2-220842409,S2-419786018,S2-4286536,S2-543865206,S2-546080630,S2-55394803,S2-573421950,S2-6399931,S2-695668769,S2-722389224	S2-369294405	സതേൺ ടെക്നോളജീസ് പ്രൈവറ്റ് ലിമിറ്റഡ്	EXCELSIOR BUILDING THENGANA, PERUMPANACHY P.O., KOTTAYAM, CHANGANACHERRY, Kerala	India	15	8.21917808219178	87.5		Address Correlated but Name Dissimilar (Addr Sim: 87.5%, missed address blocking key)	Address Correlated but Name Unmatched
S1-878904744	Downtown Ice Cream	138 23rd Avenue, Melrose Park, IL	US	S2-813691423,S3-198857086	S2-340603304,S2-405277031,S2-419323029,S2-479334485,S2-48673653,S2-515727735,S2-5702867,S2-625560594,S2-637389937,S2-72201257	S2-813691423	Downtown Ice Cream	MELRSOE PARK, IL, 138 23RD AVENUE	US	16	100.0	45.45454545454546	US|pfx6:downto;US|alpha:downtownicecream;US|tok:downtown;US|2tok:downtown_ice;US|pfx8:downtown;US|tok:cream	Top-K Truncation / Bucket Slice (Shared keys: ['US|pfx6:downto', 'US|alpha:downtownicecream'], but bucket sliced b[:8] or cap 15 reached)	Top-K Truncation / Bucket Slicing
S1-878904744	Downtown Ice Cream	138 23rd Avenue, Melrose Park, IL	US	S2-813691423,S3-198857086	S2-340603304,S2-405277031,S2-419323029,S2-479334485,S2-48673653,S2-515727735,S2-5702867,S2-625560594,S2-637389937,S2-72201257	S3-198857086	Downtown Ice Cream Co	138 23st Avenue, Melrose Park, Illinois	US	16	92.3076923076923	86.11111111111111	US|pfx6:downto;US|tok:downtown;US|2tok:downtown_ice;US|pfx8:downtown;US|tok:cream	Top-K Truncation / Bucket Slice (Shared keys: ['US|pfx6:downto', 'US|tok:downtown'], but bucket sliced b[:8] or cap 15 reached)	Top-K Truncation / Bucket Slicing
S1-778456014	Tot Network Company	Mahuva, Bhavnagar, Behind Kings Cold Storage, Mahuva-Bhavnagar Highway, Mahuva, Revenue Survey No. 190P1/P1 & 190P1/P2, Gujarat	India	S2-337228324,S2-441962131,S2-740380664,S3-315273814	S2-182088872,S2-184111348,S2-253517647,S2-255866043,S2-388192360,S2-400968897,S2-724870924,S2-740380664,S2-818270157	S2-441962131	Shri Tot-Network Company	REVENUE SURVEY NO. 190P1/P1  & 190P1/P2, BEHIND KINGS COLD STORAGE, MAHUVA-BHAVNAGAR HIGHWAY, MAHUVA, MAHUVA, Gujarat	India	9	83.72093023255813	63.934426229508205	INDIA|tok:network	Top-K Truncation / Bucket Slice (Shared keys: ['INDIA|tok:network'], but bucket sliced b[:8] or cap 15 reached)	Top-K Truncation / Bucket Slicing
S1-778456014	Tot Network Company	Mahuva, Bhavnagar, Behind Kings Cold Storage, Mahuva-Bhavnagar Highway, Mahuva, Revenue Survey No. 190P1/P1 & 190P1/P2, Gujarat	India	S2-337228324,S2-441962131,S2-740380664,S3-315273814	S2-182088872,S2-184111348,S2-253517647,S2-255866043,S2-388192360,S2-400968897,S2-724870924,S2-740380664,S2-818270157	S2-337228324	TOT  NETWORK	Gujarat, REVENUE SURVEY NO. 190P1/P1  & 190P1/P2, BEHIND KINGS COLD STORAGE, MAHUVA-BHAVNAGAR HIGHWAY, MAHUVA, MAHUVA	India	9	70.96774193548387	59.83606557377049	INDIA|pfx8:totnetwo;INDIA|pfx6:totnet;INDIA|2tok:tot_network;INDIA|tok:network	Top-K Truncation / Bucket Slice (Shared keys: ['INDIA|pfx8:totnetwo', 'INDIA|pfx6:totnet'], but bucket sliced b[:8] or cap 15 reached)	Top-K Truncation / Bucket Slicing
S1-778456014	Tot Network Company	Mahuva, Bhavnagar, Behind Kings Cold Storage, Mahuva-Bhavnagar Highway, Mahuva, Revenue Survey No. 190P1/P1 & 190P1/P2, Gujarat	India	S2-337228324,S2-441962131,S2-740380664,S3-315273814	S2-182088872,S2-184111348,S2-253517647,S2-255866043,S2-388192360,S2-400968897,S2-724870924,S2-740380664,S2-818270157	S3-315273814	Tot Nthwerk Company	Revenue Survey No. ##190P1/P1 & 190P1/P2, Behind Kings Cold Storage, Mahuva-bhavnagar Highway, Mahuva, Mahuva, Bhavnagar, GJ	India	9	89.47368421052632	59.76095617529881		No Shared Blocking Key Generated (Name Sim: 89.47368421052632%, Addr Sim: 59.76095617529881%)	No Blocking Rule Hit
S1-887285254	Frontier Resilience LLC	6022 Railroad, Wallis, TX	US	S2-357039906,S2-598675316,S2-744775147,S3-153601743,S3-36409185,S3-827334365	S2-357039906,S2-47380515,S2-598675316,S2-744775147,S3-36409185,S3-620927211,S3-827334365,S3-948146093	S3-153601743	Frontierresilience.Com	Wallis, Texas, 6022 Railroad	US	8	84.44444444444444	49.056603773584904	US|pfx6:fronti;US|pfx8:frontier	Top-K Truncation / Bucket Slice (Shared keys: ['US|pfx6:fronti', 'US|pfx8:frontier'], but bucket sliced b[:8] or cap 15 reached)	Top-K Truncation / Bucket Slicing
S1-387008828	Shyam All Finance Private Limited	248/1731 Fakirmohan Nagar, Balasore, Orissa	India	S2-434709895,S3-150134266,S3-885808742	S2-222878693,S2-235106020,S2-434709895,S2-870354533,S2-876944245,S3-138926685,S3-263283368,S3-276388257,S3-763045955	S3-885808742	ଶ୍ୟାମ ଅଲ୍ ଫାଇନାନ୍ସ୍ ପ୍ରାଇଭେଟ୍ ଲିମିଟେଡ୍	247/1731 Fakirmohan Nagar, Balasore, OD	India	9	11.267605633802813	90.2439024390244		Address Correlated but Name Dissimilar (Addr Sim: 90.2439024390244%, missed address blocking key)	Address Correlated but Name Unmatched
S1-387008828	Shyam All Finance Private Limited	248/1731 Fakirmohan Nagar, Balasore, Orissa	India	S2-434709895,S3-150134266,S3-885808742	S2-222878693,S2-235106020,S2-434709895,S2-870354533,S2-876944245,S3-138926685,S3-263283368,S3-276388257,S3-763045955	S3-150134266	ଶ୍ୟାମ ଅଲ୍ ଫାଇନାନ୍ସ୍ ପ୍ରାଇଭେଟ୍ ଲିମିଟେଡ୍	247/1731 Fakirmohan Nagar, Balasore, ଓଡ଼ିଶା	India	9	11.267605633802813	83.72093023255813		Address Correlated but Name Dissimilar (Addr Sim: 83.72093023255813%, missed address blocking key)	Address Correlated but Name Unmatched
S1-590082446	First Food Private Limited	20, Baranashi Ghosh Street, Kolkata, Kolkata, Howrah, West Bengal	India	S2-410696375,S2-623734576,S3-949636981	S2-156268656,S2-173381721,S2-297071093,S2-40762618,S2-428019135,S2-462629143,S2-466164268,S2-480606492,S2-608803602,S2-623734576	S3-949636981	Mr First Fooo Private Limited	20, Kolkata, Howrah, WB	India	18	90.9090909090909	52.27272727272727	INDIA|tok:first	Top-K Truncation / Bucket Slice (Shared keys: ['INDIA|tok:first'], but bucket sliced b[:8] or cap 15 reached)	Top-K Truncation / Bucket Slicing
S1-590082446	First Food Private Limited	20, Baranashi Ghosh Street, Kolkata, Kolkata, Howrah, West Bengal	India	S2-410696375,S2-623734576,S3-949636981	S2-156268656,S2-173381721,S2-297071093,S2-40762618,S2-428019135,S2-462629143,S2-466164268,S2-480606492,S2-608803602,S2-623734576	S2-410696375	ফার্স্ট ফুড প্রাইভেট লিমিটেড	##20, BARANASHI GHOSH STREET, KOLKATA, West Bengal, CALCUTTA, HOWRAH	India	18	11.111111111111116	73.6842105263158	INDIA|anum:20_baranashi	Top-K Truncation / Bucket Slice (Shared keys: ['INDIA|anum:20_baranashi'], but bucket sliced b[:8] or cap 15 reached)	Top-K Truncation / Bucket Slicing
S1-883468618	Tmr (india) Private Limited	Plot No. A 390 391, Riico Growth Centre, Swaroopganj, Hamirgarh, Bhilwara, Rajasthan	India	S2-587576840,S2-922415720,S3-149911356,S3-322548379	S2-260980917,S2-304379273,S2-32919024,S2-40764821,S2-471053904,S2-471668876,S2-491851473,S2-580989959,S2-59554415,S2-607299163	S3-322548379	Shri Tmr  (india) Private	Plot No. A 0390 391, Riico Growth Centre, Swaroopganj, Hamirgarh, Bhilwara, राजस्थान	India	18	73.07692307692308	89.28571428571429	INDIA|tok:india	Top-K Truncation / Bucket Slice (Shared keys: ['INDIA|tok:india'], but bucket sliced b[:8] or cap 15 reached)	Top-K Truncation / Bucket Slicing
S1-883468618	Tmr (india) Private Limited	Plot No. A 390 391, Riico Growth Centre, Swaroopganj, Hamirgarh, Bhilwara, Rajasthan	India	S2-587576840,S2-922415720,S3-149911356,S3-322548379	S2-260980917,S2-304379273,S2-32919024,S2-40764821,S2-471053904,S2-471668876,S2-491851473,S2-580989959,S2-59554415,S2-607299163	S3-149911356	tmrindia.com	Plot No. A 0390 391, Bhilwara, RJ	India	18	46.15384615384615	54.700854700854705	INDIA|pfx6:tmrind;INDIA|pfx8:tmrindia	Top-K Truncation / Bucket Slice (Shared keys: ['INDIA|pfx6:tmrind', 'INDIA|pfx8:tmrindia'], but bucket sliced b[:8] or cap 15 reached)	Top-K Truncation / Bucket Slicing
S1-883468618	Tmr (india) Private Limited	Plot No. A 390 391, Riico Growth Centre, Swaroopganj, Hamirgarh, Bhilwara, Rajasthan	India	S2-587576840,S2-922415720,S3-149911356,S3-322548379	S2-260980917,S2-304379273,S2-32919024,S2-40764821,S2-471053904,S2-471668876,S2-491851473,S2-580989959,S2-59554415,S2-607299163	S2-922415720	Sri Tmr (india) Private Ltd	NO 728 PLOT NO. A 390 391, RIICO GROWTH CENTRE, SWAROOPGANJ, HAMIRGARH, BHILWARA, Rajasthan	India	18	85.18518518518519	96.0	INDIA|tok:india	Top-K Truncation / Bucket Slice (Shared keys: ['INDIA|tok:india'], but bucket sliced b[:8] or cap 15 reached)	Top-K Truncation / Bucket Slicing
S1-883468618	Tmr (india) Private Limited	Plot No. A 390 391, Riico Growth Centre, Swaroopganj, Hamirgarh, Bhilwara, Rajasthan	India	S2-587576840,S2-922415720,S3-149911356,S3-322548379	S2-260980917,S2-304379273,S2-32919024,S2-40764821,S2-471053904,S2-471668876,S2-491851473,S2-580989959,S2-59554415,S2-607299163	S2-587576840	TMR (IBAAI) PRIVATE LIMITED	#728 PLOT NO. A 390 391, RIICO GROWTH CENTRE, SWAROOPGANJ, HAMIRGARH, BHILWARA, Rajasthan	India	18	88.88888888888889	97.10982658959537		No Shared Blocking Key Generated (Name Sim: 88.88888888888889%, Addr Sim: 97.10982658959537%)	No Blocking Rule Hit
S1-904228116	Office of Aging	2637 Greenbrier Drive, Hinton, WV	US	S2-844183646,S3-295583017,S3-52281916,S3-820751238	S2-213644987,S2-21940920,S2-262490601,S2-484777261,S2-540495741,S2-56840877,S2-586890860,S2-661154904,S2-844183646	S3-820751238	officeaging.com	637 Greenbrier Drive, Hinton, West Virginia	US	9	73.33333333333334	84.21052631578947	US|pfx6:office	Top-K Truncation / Bucket Slice (Shared keys: ['US|pfx6:office'], but bucket sliced b[:8] or cap 15 reached)	Top-K Truncation / Bucket Slicing
S1-904228116	Office of Aging	2637 Greenbrier Drive, Hinton, WV	US	S2-844183646,S3-295583017,S3-52281916,S3-820751238	S2-213644987,S2-21940920,S2-262490601,S2-484777261,S2-540495741,S2-56840877,S2-586890860,S2-661154904,S2-844183646	S3-295583017	Officeagingcom	West Virginia, Hinton, 637 Greenbrier Dr	US	9	75.86206896551724	46.57534246575342	US|pfx6:office	Top-K Truncation / Bucket Slice (Shared keys: ['US|pfx6:office'], but bucket sliced b[:8] or cap 15 reached)	Top-K Truncation / Bucket Slicing
S1-904228116	Office of Aging	2637 Greenbrier Drive, Hinton, WV	US	S2-844183646,S3-295583017,S3-52281916,S3-820751238	S2-213644987,S2-21940920,S2-262490601,S2-484777261,S2-540495741,S2-56840877,S2-586890860,S2-661154904,S2-844183646	S3-52281916	Office Of Ag	637 Greenbrier Dr, Hinton, West Virginia	US	9	88.88888888888889	79.45205479452055	US|tok:office;US|pfx8:officeof;US|2tok:office_of;US|pfx6:office	Top-K Truncation / Bucket Slice (Shared keys: ['US|tok:office', 'US|pfx8:officeof'], but bucket sliced b[:8] or cap 15 reached)	Top-K Truncation / Bucket Slicing
S1-805104360	Mcleod Cardiology	1000 Taywood Road, Unit 112, Englewood, OH	US	S2-162763662,S2-75259798,S2-896654790,S3-549510792,S3-980581622	S2-116763260,S2-162763662,S2-182489331,S2-249322852,S2-554005167,S2-639779809,S2-650646877,S2-662183256,S2-701667110,S2-75259798	S3-980581622	Mdeod Cárdiology	1000 1/2 Taywood Rd, Ohio, Englewood	US	16	84.84848484848484	74.35897435897436	US|anum:1000_taywood	Top-K Truncation / Bucket Slice (Shared keys: ['US|anum:1000_taywood'], but bucket sliced b[:8] or cap 15 reached)	Top-K Truncation / Bucket Slicing
S1-805104360	Mcleod Cardiology	1000 Taywood Road, Unit 112, Englewood, OH	US	S2-162763662,S2-75259798,S2-896654790,S3-549510792,S3-980581622	S2-116763260,S2-162763662,S2-182489331,S2-249322852,S2-554005167,S2-639779809,S2-650646877,S2-662183256,S2-701667110,S2-75259798	S3-549510792	Mcleod Cardioleogy #79304	1000 1/2 Taywood Road, Unit 112, Englewood, Ohio	US	16	80.95238095238095	93.33333333333333	US|pfx8:mcleodca;US|pfx6:mcleod;US|tok:mcleod;US|anum:1000_taywood	Top-K Truncation / Bucket Slice (Shared keys: ['US|pfx8:mcleodca', 'US|pfx6:mcleod'], but bucket sliced b[:8] or cap 15 reached)	Top-K Truncation / Bucket Slicing
S1-224534945	Gitanjali Realestate Private Limited	Khasra No 950, 950 Me And 951, Village Kilhora Jalalabad Hapur, Hapur, Ghaziabad, Uttar Pradesh	India	S2-518930624,S3-141204833,S3-957821128	S2-206804643,S2-209817539,S2-350228863,S2-50677206,S2-508194855,S2-676281183,S2-763986729,S2-778644199,S2-902501064,S3-141204833	S2-518930624	PRIVATEREALESTATE.COM #85158	950., GHAZIABAD, NEW DELHI, Uttar Pradesh	India	15	40.625	47.05882352941176		No Shared Blocking Key Generated (Name Sim: 40.625%, Addr Sim: 47.05882352941176%)	No Blocking Rule Hit
S1-631840437	Romero and Almendares Enbridge LLC	4695 Shagbark Court, City Of Brookfield, WI	US	S2-457837268,S2-475034762,S2-816744528,S3-664554414	S2-191243514,S2-369299465,S2-444450592,S2-454898848,S2-475034762,S2-530677282,S2-564327154,S2-575558975,S2-715384790,S2-740323803	S2-457837268	Romero and Almtdrecs Enbridge LLC	04695 SHAGBARK COURT, CITY OF BROOKFIELD, WI	US	17	92.53731343283582	98.85057471264368	US|pfx6:romero;US|tok:romero;US|pfx8:romeroan;US|2tok:romero_and;US|tok:enbridge	Top-K Truncation / Bucket Slice (Shared keys: ['US|pfx6:romero', 'US|tok:romero'], but bucket sliced b[:8] or cap 15 reached)	Top-K Truncation / Bucket Slicing
S1-631840437	Romero and Almendares Enbridge LLC	4695 Shagbark Court, City Of Brookfield, WI	US	S2-457837268,S2-475034762,S2-816744528,S3-664554414	S2-191243514,S2-369299465,S2-444450592,S2-454898848,S2-475034762,S2-530677282,S2-564327154,S2-575558975,S2-715384790,S2-740323803	S3-664554414	Romero and Aonebadfes Enbridge LLC	4695 Shagbark Court, Brookfield, Wisconsin	US	17	85.29411764705883	82.35294117647058	US|tok:romero;US|pfx6:romero;US|pfx8:romeroan;US|2tok:romero_and;US|anum:4695_shagbark;US|tok:enbridge	Top-K Truncation / Bucket Slice (Shared keys: ['US|tok:romero', 'US|pfx6:romero'], but bucket sliced b[:8] or cap 15 reached)	Top-K Truncation / Bucket Slicing
S1-381957415	Digital Care Limited	Flat No. 1 Sumangal Resi. Ulka Nagari, Aurngabad, Aurangabad, Maharashtra	India	S2-380947443,S2-422911858,S3-538767270,S3-888417008	S2-173186952,S2-339140373,S2-570309286,S2-730149362,S2-73845219,S2-815326898,S2-899069697,S2-935800890	S3-538767270	Digital Care Límited	Flat No. 1 Sumangal Resi. Ulka Nagari, Aurngabad, Ch.sambhaji Nagar, महाराष्ट्र	India	8	95.0	75.0	INDIA|pfx8:digitalc;INDIA|tok:digital;INDIA|anum:1_flat;INDIA|pfx6:digita;INDIA|2tok:digital_care	Top-K Truncation / Bucket Slice (Shared keys: ['INDIA|pfx8:digitalc', 'INDIA|tok:digital'], but bucket sliced b[:8] or cap 15 reached)	Top-K Truncation / Bucket Slicing
S1-381957415	Digital Care Limited	Flat No. 1 Sumangal Resi. Ulka Nagari, Aurngabad, Aurangabad, Maharashtra	India	S2-380947443,S2-422911858,S3-538767270,S3-888417008	S2-173186952,S2-339140373,S2-570309286,S2-730149362,S2-73845219,S2-815326898,S2-899069697,S2-935800890	S2-422911858	DIGITAL CARE	FLAT NO. 1 SUMANGAL RESI. ULKA NAGARI, AURNGABAD, महाराष्ट्र	India	8	75.0	75.18796992481202	INDIA|pfx8:digitalc;INDIA|tok:digital;INDIA|anum:1_flat;INDIA|pfx6:digita;INDIA|2tok:digital_care	Top-K Truncation / Bucket Slice (Shared keys: ['INDIA|pfx8:digitalc', 'INDIA|tok:digital'], but bucket sliced b[:8] or cap 15 reached)	Top-K Truncation / Bucket Slicing
S1-381957415	Digital Care Limited	Flat No. 1 Sumangal Resi. Ulka Nagari, Aurngabad, Aurangabad, Maharashtra	India	S2-380947443,S2-422911858,S3-538767270,S3-888417008	S2-173186952,S2-339140373,S2-570309286,S2-730149362,S2-73845219,S2-815326898,S2-899069697,S2-935800890	S3-888417008	डिजिटल केयर लिमिटेड	MH, Aurngabad, Flat No. 1 Sumangal Resi. Ulka Nagari, Ch.sambhaji Nagar	India	8	10.256410256410254	65.27777777777779		Address Correlated but Name Dissimilar (Addr Sim: 65.27777777777779%, missed address blocking key)	Address Correlated but Name Unmatched
S1-381957415	Digital Care Limited	Flat No. 1 Sumangal Resi. Ulka Nagari, Aurngabad, Aurangabad, Maharashtra	India	S2-380947443,S2-422911858,S3-538767270,S3-888417008	S2-173186952,S2-339140373,S2-570309286,S2-730149362,S2-73845219,S2-815326898,S2-899069697,S2-935800890	S2-380947443	डिजिटल केयर लिमिटेड	#1 SUMANGAL RESI. ULKA NAGARI, AURNGABAD, AURANGABAD, महाराष्ट्र	India	8	10.256410256410254	77.37226277372262		Address Correlated but Name Dissimilar (Addr Sim: 77.37226277372262%, missed address blocking key)	Address Correlated but Name Unmatched
S1-164240371	Family Association	OH, Fl 3, Columbus, 5059 Enclave Boulevard	US	S2-60257526,S2-652495630,S3-158225838,S3-460868914,S3-565742141	S2-101113326,S2-316069728,S2-365383242,S2-380667741,S2-394919300,S2-524748289,S2-538629540,S2-653639537,S2-773170031,S2-865414160	S3-158225838	FAMILY ASSOCIATION	5059 Enclave Boulevard, Fl. 3, Westerville Citty, Ohio	US	16	100.0	45.833333333333336	US|tok:association;US|alpha:familyassociation;US|pfx6:family;US|2tok:family_association;US|tok:family;US|pfx8:familyas	Top-K Truncation / Bucket Slice (Shared keys: ['US|tok:association', 'US|alpha:familyassociation'], but bucket sliced b[:8] or cap 15 reached)	Top-K Truncation / Bucket Slicing
S1-164240371	Family Association	OH, Fl 3, Columbus, 5059 Enclave Boulevard	US	S2-60257526,S2-652495630,S3-158225838,S3-460868914,S3-565742141	S2-101113326,S2-316069728,S2-365383242,S2-380667741,S2-394919300,S2-524748289,S2-538629540,S2-653639537,S2-773170031,S2-865414160	S2-60257526	Family Assoniation	OH, COLUMBUS, 5059 ENCLAVE BLVD	US	16	94.44444444444444	84.93150684931507	US|pfx8:familyas;US|pfx6:family;US|tok:family	Top-K Truncation / Bucket Slice (Shared keys: ['US|pfx8:familyas', 'US|pfx6:family'], but bucket sliced b[:8] or cap 15 reached)	Top-K Truncation / Bucket Slicing
S1-164240371	Family Association	OH, Fl 3, Columbus, 5059 Enclave Boulevard	US	S2-60257526,S2-652495630,S3-158225838,S3-460868914,S3-565742141	S2-101113326,S2-316069728,S2-365383242,S2-380667741,S2-394919300,S2-524748289,S2-538629540,S2-653639537,S2-773170031,S2-865414160	S2-652495630	Family Association	5059 ENCLAVE BLVD, OH, COLUMBUS	US	16	100.0	46.57534246575342	US|tok:association;US|alpha:familyassociation;US|pfx6:family;US|2tok:family_association;US|tok:family;US|pfx8:familyas	Top-K Truncation / Bucket Slice (Shared keys: ['US|tok:association', 'US|alpha:familyassociation'], but bucket sliced b[:8] or cap 15 reached)	Top-K Truncation / Bucket Slicing
S1-164240371	Family Association	OH, Fl 3, Columbus, 5059 Enclave Boulevard	US	S2-60257526,S2-652495630,S3-158225838,S3-460868914,S3-565742141	S2-101113326,S2-316069728,S2-365383242,S2-380667741,S2-394919300,S2-524748289,S2-538629540,S2-653639537,S2-773170031,S2-865414160	S3-460868914	Family Association	Westerville Citty, 5059 Enclave Boulevard, Floor 3, Ohio	US	16	100.0	55.10204081632652	US|tok:association;US|alpha:familyassociation;US|pfx6:family;US|2tok:family_association;US|tok:family;US|pfx8:familyas	Top-K Truncation / Bucket Slice (Shared keys: ['US|tok:association', 'US|alpha:familyassociation'], but bucket sliced b[:8] or cap 15 reached)	Top-K Truncation / Bucket Slicing
S1-164240371	Family Association	OH, Fl 3, Columbus, 5059 Enclave Boulevard	US	S2-60257526,S2-652495630,S3-158225838,S3-460868914,S3-565742141	S2-101113326,S2-316069728,S2-365383242,S2-380667741,S2-394919300,S2-524748289,S2-538629540,S2-653639537,S2-773170031,S2-865414160	S3-565742141	Family [Services]	Ohio, Floor 3, Westerville Citty, 5059 Enclave Blvd	US	16	51.42857142857142	64.51612903225806	US|pfx6:family;US|tok:family	Top-K Truncation / Bucket Slice (Shared keys: ['US|pfx6:family', 'US|tok:family'], but bucket sliced b[:8] or cap 15 reached)	Top-K Truncation / Bucket Slicing
S1-346603579	Reliable Quality Motors LLC	Utica, 21 Rose Place, NY	US	S2-514395311	S2-167237459,S2-462338833,S2-563096659,S2-624186839,S2-655365988,S2-827095650,S2-852171721,S2-904821921,S3-186266098	S2-514395311	The Reliable Quality Motors  LLC	NY, #21 ROSE PL, UTICA	US	9	91.52542372881356	60.86956521739131	US|tok:quality;US|tok:motors;US|tok:reliable	Top-K Truncation / Bucket Slice (Shared keys: ['US|tok:quality', 'US|tok:motors'], but bucket sliced b[:8] or cap 15 reached)	Top-K Truncation / Bucket Slicing
S1-328371553	Rajdhani Holdings	Noida, Uttar Pradesh, Habibpur, Greater Noida, C/O Daya Chandra R/O Shop No.5 D Sharma Market, Gautam Buddha Nagar	India	S2-331291582,S2-416709807,S2-498981187,S2-737909912,S2-972054383,S3-161420635,S3-484859365,S3-891485904	S2-15175973,S2-213555444,S2-2306568,S2-288527163,S2-331291582,S2-392640067,S2-424593024,S2-432912515,S2-456602838,S2-498981187	S3-161420635	Rajdhani Hóldings	C/o Daya Chandra R/o Shop No.5 D Sharma Market, Noida, Gautam Buddha Nagar, UP	India	22	94.11764705882352	69.79166666666667	INDIA|tok:rajdhani;INDIA|pfx8:rajdhani;INDIA|pfx6:rajdha	Top-K Truncation / Bucket Slice (Shared keys: ['INDIA|tok:rajdhani', 'INDIA|pfx8:rajdhani'], but bucket sliced b[:8] or cap 15 reached)	Top-K Truncation / Bucket Slicing
S1-328371553	Rajdhani Holdings	Noida, Uttar Pradesh, Habibpur, Greater Noida, C/O Daya Chandra R/O Shop No.5 D Sharma Market, Gautam Buddha Nagar	India	S2-331291582,S2-416709807,S2-498981187,S2-737909912,S2-972054383,S3-161420635,S3-484859365,S3-891485904	S2-15175973,S2-213555444,S2-2306568,S2-288527163,S2-331291582,S2-392640067,S2-424593024,S2-432912515,S2-456602838,S2-498981187	S3-891485904	Rajdhani	C/o Daya Chandra R/o Shop No.5 D Sharma Market, Gautam Buddha Nagar, Noida, उत्तर प्रदेश	India	22	64.0	66.33663366336633	INDIA|tok:rajdhani;INDIA|pfx8:rajdhani;INDIA|pfx6:rajdha	Top-K Truncation / Bucket Slice (Shared keys: ['INDIA|tok:rajdhani', 'INDIA|pfx8:rajdhani'], but bucket sliced b[:8] or cap 15 reached)	Top-K Truncation / Bucket Slicing
S1-328371553	Rajdhani Holdings	Noida, Uttar Pradesh, Habibpur, Greater Noida, C/O Daya Chandra R/O Shop No.5 D Sharma Market, Gautam Buddha Nagar	India	S2-331291582,S2-416709807,S2-498981187,S2-737909912,S2-972054383,S3-161420635,S3-484859365,S3-891485904	S2-15175973,S2-213555444,S2-2306568,S2-288527163,S2-331291582,S2-392640067,S2-424593024,S2-432912515,S2-456602838,S2-498981187	S3-484859365	Rajdhani Hóldings	C/o Daya Chandra R/o Shop No.5 D Sharma Market, Gautam Buddha Nagar, Noida, UP	India	22	94.11764705882352	69.79166666666667	INDIA|tok:rajdhani;INDIA|pfx8:rajdhani;INDIA|pfx6:rajdha	Top-K Truncation / Bucket Slice (Shared keys: ['INDIA|tok:rajdhani', 'INDIA|pfx8:rajdhani'], but bucket sliced b[:8] or cap 15 reached)	Top-K Truncation / Bucket Slicing
S1-328371553	Rajdhani Holdings	Noida, Uttar Pradesh, Habibpur, Greater Noida, C/O Daya Chandra R/O Shop No.5 D Sharma Market, Gautam Buddha Nagar	India	S2-331291582,S2-416709807,S2-498981187,S2-737909912,S2-972054383,S3-161420635,S3-484859365,S3-891485904	S2-15175973,S2-213555444,S2-2306568,S2-288527163,S2-331291582,S2-392640067,S2-424593024,S2-432912515,S2-456602838,S2-498981187	S2-416709807	RAJDHANI	Uttar Pradesh, H.NO 844 C/O DAYA CHANDRA R/O SHOP NO.5 D SHARMA MARKET, HABIBPUR, GREATER NOIDA, NOIDA	India	22	64.0	70.37037037037037	INDIA|tok:rajdhani;INDIA|pfx8:rajdhani;INDIA|pfx6:rajdha	Top-K Truncation / Bucket Slice (Shared keys: ['INDIA|tok:rajdhani', 'INDIA|pfx8:rajdhani'], but bucket sliced b[:8] or cap 15 reached)	Top-K Truncation / Bucket Slicing
S1-328371553	Rajdhani Holdings	Noida, Uttar Pradesh, Habibpur, Greater Noida, C/O Daya Chandra R/O Shop No.5 D Sharma Market, Gautam Buddha Nagar	India	S2-331291582,S2-416709807,S2-498981187,S2-737909912,S2-972054383,S3-161420635,S3-484859365,S3-891485904	S2-15175973,S2-213555444,S2-2306568,S2-288527163,S2-331291582,S2-392640067,S2-424593024,S2-432912515,S2-456602838,S2-498981187	S2-737909912	Rajdhani Corp	DOOR NO 844 C/O DAYA CHANDRA R/O SHOP NO.5 D SHARMA MARKET, HABIBPUR, GREATER NOIDA, NOIDA, उत्तर प्रदेश	India	22	66.66666666666667	57.798165137614674	INDIA|tok:rajdhani;INDIA|pfx8:rajdhani;INDIA|pfx6:rajdha	Top-K Truncation / Bucket Slice (Shared keys: ['INDIA|tok:rajdhani', 'INDIA|pfx8:rajdhani'], but bucket sliced b[:8] or cap 15 reached)	Top-K Truncation / Bucket Slicing
S1-542424915	Taravi Andfinance	Office No. A-508, 5Th Floor, Shiv Chamber Plot No. 21, Sector-11, Cbd Belapur, Navi Mumbai, Mumbai City, Maharashtra	India	S2-595379635,S3-850821964	S2-144920755,S2-146106687,S2-164425374,S2-182787785,S2-206536101,S2-247901852,S2-260705992,S2-338175103,S2-344782372,S2-582606272	S3-850821964	Taravi Taravi Andfinance Limited	#247 Office No. A-508, 5Th Floor, Shiv Chamber Plot No. 21, Sector-11, Cbd Belapur, New Mumbai, Mumbai City, MH	India	17	69.38775510204081	91.62995594713657	INDIA|tok:andfinance;INDIA|pfx6:taravi;INDIA|tok:taravi	Top-K Truncation / Bucket Slice (Shared keys: ['INDIA|tok:andfinance', 'INDIA|pfx6:taravi'], but bucket sliced b[:8] or cap 15 reached)	Top-K Truncation / Bucket Slicing
S1-956108284	Gunina Travels Private Limited	Panchsheel Greens, Gautam Buddha Nagar, Uttar Pradesh, Gautam Buddha Nagar, 1403 Type C I 14Th Floor	India	S2-14912699,S2-447294620,S3-342618178	S2-176810673,S2-185698501,S2-273980339,S2-447294620,S2-513722798,S2-575205199,S2-665684559,S2-780224329,S2-826883345,S3-121493640	S2-14912699	Mr Gunina  Travels Limited Private	1403 TYPE C I 14TH FLOOR, PANCHSHEEL GREENS, GAUTAM BUDDHA NAGAR, Uttar Pradesh	India	11	68.75	59.21787709497206	INDIA|tok:travels;INDIA|tok:gunina	Top-K Truncation / Bucket Slice (Shared keys: ['INDIA|tok:travels', 'INDIA|tok:gunina'], but bucket sliced b[:8] or cap 15 reached)	Top-K Truncation / Bucket Slicing
S1-599703679	Moylan Argentina L.L.C.	OK, Spiro, 24062 Tucker Road	US	S2-456984188,S2-493073458,S2-615230476,S3-454365443	S2-108310694,S2-313667461,S2-405293639,S2-456984188,S2-493073458,S2-536019298,S2-611457857,S2-617220003,S2-678826171,S2-787111524	S2-615230476	L.L.C. MOYLAN ARGENTINA	024062 TUCKER RD, SPIRO, OK	US	12	69.56521739130434	54.54545454545454	US|tok:argentina;US|tok:moylan	Top-K Truncation / Bucket Slice (Shared keys: ['US|tok:argentina', 'US|tok:moylan'], but bucket sliced b[:8] or cap 15 reached)	Top-K Truncation / Bucket Slicing
S1-159067707	Parth Technologies (India) Private Limited	C/O Karan Singh Parmar Shop No. 08, Ramayan South Katara Hills, Bhopal, Madhya Pradesh	India	S2-350100406,S2-528635367,S2-800147797,S3-342293148	S2-264995942,S2-335851007,S2-350100406,S2-408668807,S2-433172982,S2-519649060,S2-528635367,S2-577597114,S2-682118930,S2-800147797	S3-342293148	Parth (India) Private Limited Service		India	15	73.41772151898735	0.0	INDIA|tok:india;INDIA|tok:parth	Top-K Truncation / Bucket Slice (Shared keys: ['INDIA|tok:india', 'INDIA|tok:parth'], but bucket sliced b[:8] or cap 15 reached)	Top-K Truncation / Bucket Slicing
S1-378978603	QH Vendome, L.L.C.	Katy, TX, 21342 Bending Green Way	US	S2-319300693,S3-921016187,S3-948532405	S2-319300693,S3-948532405	S3-921016187	QH L.L.C. Center	21342 Bending Green Way, Katy, Texas	US	2	52.94117647058824	66.66666666666667		No Shared Blocking Key Generated (Name Sim: 52.94117647058824%, Addr Sim: 66.66666666666667%)	No Blocking Rule Hit
S1-730858380	Silver Consultants Private Limited	# 4, New Vinoba Basti, Sri Ganganagar, Sriganga Nagar, Rajasthan	India	S2-458053768,S3-939820862	S2-125449675,S2-377518608,S2-391022115,S2-65394735,S2-905949571,S2-926017733,S3-950104054,S3-953394835	S2-458053768	सिल्वर कंसल्टेंट्स प्राइवेट लिमिटेड	4, NEW VINOBA BASTI, SRI GANGANAGAR, SRIGANGA NAGAR, राजस्थान	India	8	8.695652173913048	84.8	INDIA|anum:4_new	Top-K Truncation / Bucket Slice (Shared keys: ['INDIA|anum:4_new'], but bucket sliced b[:8] or cap 15 reached)	Top-K Truncation / Bucket Slicing
S1-730858380	Silver Consultants Private Limited	# 4, New Vinoba Basti, Sri Ganganagar, Sriganga Nagar, Rajasthan	India	S2-458053768,S3-939820862	S2-125449675,S2-377518608,S2-391022115,S2-65394735,S2-905949571,S2-926017733,S3-950104054,S3-953394835	S3-939820862	Silver Consultants Limited Private	#4, New Vinoba Basti, Ganganagar, Sri Ganganagar, RJ	India	8	76.47058823529412	87.93103448275862	INDIA|pfx6:silver;INDIA|tok:silver;INDIA|pfx8:silverco;INDIA|anum:4_new	Top-K Truncation / Bucket Slice (Shared keys: ['INDIA|pfx6:silver', 'INDIA|tok:silver'], but bucket sliced b[:8] or cap 15 reached)	Top-K Truncation / Bucket Slicing
S1-101076392	Straight Edge Pub	515 Monroe Avenue, Mcalester, OK	US	S2-293182344,S2-492780513,S2-638267433,S2-778615858,S3-897406794	S2-184318257,S2-284176819,S2-293182344,S2-409609262,S2-477692141,S2-491345903,S2-492780513,S2-509162489,S2-568970390,S2-597680859	S3-897406794	STRAIGHT EDGE PUB	Oklahoma, Mcaester, 117 Monroe Ave	US	16	100.0	48.484848484848484	US|alpha:straightedgepub;US|pfx6:straig;US|pfx8:straight;US|2tok:straight_edge;US|tok:edge;US|tok:straight	Top-K Truncation / Bucket Slice (Shared keys: ['US|alpha:straightedgepub', 'US|pfx6:straig'], but bucket sliced b[:8] or cap 15 reached)	Top-K Truncation / Bucket Slicing
S1-635491453	Bay Investment LLC	820 Chicago Avenue, Downers Grove, IL	US	S2-253643954,S2-721953959,S2-80171195,S2-896610416,S3-519535235,S3-881939056	S2-236497096,S2-253643954,S2-339569363,S2-40290732,S2-566371368,S2-88175014,S3-103512519,S3-552598818,S3-881939056	S2-80171195	BAY INESDMETN [LLC]	DOWNERS GROVE, ##820 CHICAGO AVE, IL	US	9	81.08108108108108	52.05479452054795		No Shared Blocking Key Generated (Name Sim: 81.08108108108108%, Addr Sim: 52.05479452054795%)	No Blocking Rule Hit
S1-635491453	Bay Investment LLC	820 Chicago Avenue, Downers Grove, IL	US	S2-253643954,S2-721953959,S2-80171195,S2-896610416,S3-519535235,S3-881939056	S2-236497096,S2-253643954,S2-339569363,S2-40290732,S2-566371368,S2-88175014,S3-103512519,S3-552598818,S3-881939056	S3-519535235	Veoveo doing business as Bay Investment LLC	IL, Downers Grove, 820 Chicago Avenue	US	9	59.01639344262295	51.35135135135135	US|tok:investment	Top-K Truncation / Bucket Slice (Shared keys: ['US|tok:investment'], but bucket sliced b[:8] or cap 15 reached)	Top-K Truncation / Bucket Slicing
S1-635491453	Bay Investment LLC	820 Chicago Avenue, Downers Grove, IL	US	S2-253643954,S2-721953959,S2-80171195,S2-896610416,S3-519535235,S3-881939056	S2-236497096,S2-253643954,S2-339569363,S2-40290732,S2-566371368,S2-88175014,S3-103512519,S3-552598818,S3-881939056	S2-896610416	Bay Ínvestment LLC	DOWNERS GROVE, IL, ##820 CHICAGO AVE	US	9	94.44444444444444	46.57534246575342		No Shared Blocking Key Generated (Name Sim: 94.44444444444444%, Addr Sim: 46.57534246575342%)	No Blocking Rule Hit
S1-635491453	Bay Investment LLC	820 Chicago Avenue, Downers Grove, IL	US	S2-253643954,S2-721953959,S2-80171195,S2-896610416,S3-519535235,S3-881939056	S2-236497096,S2-253643954,S2-339569363,S2-40290732,S2-566371368,S2-88175014,S3-103512519,S3-552598818,S3-881939056	S2-721953959	Bay Inmtnt LLC	DOWNERS GROVE, IL, ##820 CHICAGO AVE	US	9	81.25	46.57534246575342		No Shared Blocking Key Generated (Name Sim: 81.25%, Addr Sim: 46.57534246575342%)	No Blocking Rule Hit
S1-29696416	Silver Exports Private Limited	Noida, Gautam Buddha Nagar, Jasas C-58/8, Sector-62, Uttar Pradesh, A-101	India	S2-831935136,S3-931271880	S2-240191300,S2-247731967,S2-364217446,S2-49854662,S2-569592400,S2-57934485,S2-626110866,S2-701194261,S2-819752796,S2-883486234	S2-831935136	सिल्वर एक्सपोर्ट्स प्राइवेट लिमिटेड	A-101, JASAS C-58/8, SECTOR-62, NOIDA, GAUTAM BUDDHA NAGAR, Uttar Pradesh	India	21	9.230769230769232	56.16438356164384		No Shared Blocking Key Generated (Name Sim: 9.230769230769232%, Addr Sim: 56.16438356164384%)	No Blocking Rule Hit
S1-29696416	Silver Exports Private Limited	Noida, Gautam Buddha Nagar, Jasas C-58/8, Sector-62, Uttar Pradesh, A-101	India	S2-831935136,S3-931271880	S2-240191300,S2-247731967,S2-364217446,S2-49854662,S2-569592400,S2-57934485,S2-626110866,S2-701194261,S2-819752796,S2-883486234	S3-931271880	Silver Exports Private [(Ltd)]		India	21	86.66666666666667	0.0	INDIA|pfx6:silver;INDIA|tok:exports;INDIA|2tok:silver_exports;INDIA|pfx8:silverex;INDIA|tok:silver	Top-K Truncation / Bucket Slice (Shared keys: ['INDIA|pfx6:silver', 'INDIA|tok:exports'], but bucket sliced b[:8] or cap 15 reached)	Top-K Truncation / Bucket Slicing
S1-71172417	Tirupati Estate Private Limited	Flat No: 302, Foor No 3, Krishna Kunj, Gokuldham, Film City Road, Goregon, Mumbai, Mumbai City, Maharashtra	India	S2-607514252,S2-808148942,S3-806740086	S2-151738035,S2-170377863,S2-190033350,S2-241933080,S2-321781301,S2-482614060,S2-605893969,S2-710708402,S2-810420431,S2-862142294	S2-808148942	Private Tirupati Estate [Limited]	NO. 204 FLAT NO: 302, FOOR NO 3, KRISHNA KUNJ, GOKULDHAM, FILM CITY ROAD, GOREGON, MUMBAI, MUMBAI (SUBURBAN), Maharashtra	India	14	71.875	90.35087719298247	INDIA|2tok:tirupati_estate;INDIA|tok:estate;INDIA|tok:tirupati	Top-K Truncation / Bucket Slice (Shared keys: ['INDIA|2tok:tirupati_estate', 'INDIA|tok:estate'], but bucket sliced b[:8] or cap 15 reached)	Top-K Truncation / Bucket Slicing
S1-71172417	Tirupati Estate Private Limited	Flat No: 302, Foor No 3, Krishna Kunj, Gokuldham, Film City Road, Goregon, Mumbai, Mumbai City, Maharashtra	India	S2-607514252,S2-808148942,S3-806740086	S2-151738035,S2-170377863,S2-190033350,S2-241933080,S2-321781301,S2-482614060,S2-605893969,S2-710708402,S2-810420431,S2-862142294	S2-607514252	तिरुपति एस्टेट प्राइवेट लिमिटेड	NO. 204 FLAT NO: 302, FOOR NO 3, KRISHNA KUNJ, GOKULDHAM, FILM CITY ROAD, GOREGON, MUMBAI, MUMBAI (SUBURBAN), Maharashtra	India	14	9.677419354838712	90.35087719298247		Address Correlated but Name Dissimilar (Addr Sim: 90.35087719298247%, missed address blocking key)	Address Correlated but Name Unmatched
S1-71172417	Tirupati Estate Private Limited	Flat No: 302, Foor No 3, Krishna Kunj, Gokuldham, Film City Road, Goregon, Mumbai, Mumbai City, Maharashtra	India	S2-607514252,S2-808148942,S3-806740086	S2-151738035,S2-170377863,S2-190033350,S2-241933080,S2-321781301,S2-482614060,S2-605893969,S2-710708402,S2-810420431,S2-862142294	S3-806740086	Tirupati एस्टेट प्राइवेट लिमिटेड	Flat No: 30, Mumbai, Mumbai City, MH	India	14	34.92063492063492	50.349650349650354	INDIA|pfx6:tirupa;INDIA|tok:tirupati;INDIA|pfx8:tirupati	Top-K Truncation / Bucket Slice (Shared keys: ['INDIA|pfx6:tirupa', 'INDIA|tok:tirupati'], but bucket sliced b[:8] or cap 15 reached)	Top-K Truncation / Bucket Slicing
S1-8813651	High Industries Private Limited	42/333 Sant Tukaram Nagar, Pimpri, Pune, Maharashtra	India	S2-794077082,S3-491490554,S3-499691865,S3-585334001,S3-965237238	S2-122695620,S2-157408823,S2-20443029,S2-222042836,S2-236691762,S2-255519520,S2-472648141,S2-543845520,S2-571533930,S2-586138686	S3-491490554	High Industries Private	#42/333 Sant Tukaram Nagar, Pune, Pimpri, MH	India	16	85.18518518518519	77.08333333333334	INDIA|anum:42_sant;INDIA|pfx8:highindu;INDIA|2tok:high_industries;INDIA|pfx6:highin;INDIA|tok:high	Top-K Truncation / Bucket Slice (Shared keys: ['INDIA|anum:42_sant', 'INDIA|pfx8:highindu'], but bucket sliced b[:8] or cap 15 reached)	Top-K Truncation / Bucket Slicing
S1-8813651	High Industries Private Limited	42/333 Sant Tukaram Nagar, Pimpri, Pune, Maharashtra	India	S2-794077082,S3-491490554,S3-499691865,S3-585334001,S3-965237238	S2-122695620,S2-157408823,S2-20443029,S2-222042836,S2-236691762,S2-255519520,S2-472648141,S2-543845520,S2-571533930,S2-586138686	S3-585334001	High Idnudshtdrise Private Límited	42/333 Sant Tukaram Nagar, Pimpri, MH, Pune	India	16	86.15384615384616	82.10526315789474	INDIA|anum:42_sant;INDIA|tok:high	Top-K Truncation / Bucket Slice (Shared keys: ['INDIA|anum:42_sant', 'INDIA|tok:high'], but bucket sliced b[:8] or cap 15 reached)	Top-K Truncation / Bucket Slicing
S1-8813651	High Industries Private Limited	42/333 Sant Tukaram Nagar, Pimpri, Pune, Maharashtra	India	S2-794077082,S3-491490554,S3-499691865,S3-585334001,S3-965237238	S2-122695620,S2-157408823,S2-20443029,S2-222042836,S2-236691762,S2-255519520,S2-472648141,S2-543845520,S2-571533930,S2-586138686	S2-794077082	हाई इंडस्ट्रीज प्राइवेट लिमिटेड	#4-2/333 SANT TUKARAM NAGAR, PIMPRI, PUNE, महाराष्ट्र	India	16	9.677419354838712	78.0952380952381		Address Correlated but Name Dissimilar (Addr Sim: 78.0952380952381%, missed address blocking key)	Address Correlated but Name Unmatched
S1-8813651	High Industries Private Limited	42/333 Sant Tukaram Nagar, Pimpri, Pune, Maharashtra	India	S2-794077082,S3-491490554,S3-499691865,S3-585334001,S3-965237238	S2-122695620,S2-157408823,S2-20443029,S2-222042836,S2-236691762,S2-255519520,S2-472648141,S2-543845520,S2-571533930,S2-586138686	S3-499691865	हाई इंडस्ट्रीज प्राइवेट लिमिटेड	Door No 42/333 Sant Tukaram Nagar, Pimpri, Pune, MH	India	16	9.677419354838712	83.49514563106796		Address Correlated but Name Dissimilar (Addr Sim: 83.49514563106796%, missed address blocking key)	Address Correlated but Name Unmatched
S1-8813651	High Industries Private Limited	42/333 Sant Tukaram Nagar, Pimpri, Pune, Maharashtra	India	S2-794077082,S3-491490554,S3-499691865,S3-585334001,S3-965237238	S2-122695620,S2-157408823,S2-20443029,S2-222042836,S2-236691762,S2-255519520,S2-472648141,S2-543845520,S2-571533930,S2-586138686	S3-965237238	High Industries Private Ltd	42/333 Sant Tukaram Nagar, Pimpri, Pune, MH	India	16	93.10344827586206	90.52631578947368	INDIA|anum:42_sant;INDIA|pfx8:highindu;INDIA|2tok:high_industries;INDIA|pfx6:highin;INDIA|tok:high	Top-K Truncation / Bucket Slice (Shared keys: ['INDIA|anum:42_sant', 'INDIA|pfx8:highindu'], but bucket sliced b[:8] or cap 15 reached)	Top-K Truncation / Bucket Slicing
S1-999555430	Diamond Marine Products LLC	3768 Oleander Avenue, Corvallis, OR	US	S2-611061328,S3-1804865,S3-423974088,S3-856934462	S2-164645767,S2-175666551,S2-256505194,S2-301672160,S2-352947898,S2-416890985,S2-48158125,S2-521094702,S2-576020988,S2-651889021	S3-1804865	Diamond Marine Products	3768 Oleander Avenue, Corvallis, Oregon	US	16	92.0	94.5945945945946	US|tok:diamond;US|pfx8:diamondm;US|2tok:diamond_marine;US|anum:3768_oleander;US|tok:marine;US|pfx6:diamon	Top-K Truncation / Bucket Slice (Shared keys: ['US|tok:diamond', 'US|pfx8:diamondm'], but bucket sliced b[:8] or cap 15 reached)	Top-K Truncation / Bucket Slicing
S1-999555430	Diamond Marine Products LLC	3768 Oleander Avenue, Corvallis, OR	US	S2-611061328,S3-1804865,S3-423974088,S3-856934462	S2-164645767,S2-175666551,S2-256505194,S2-301672160,S2-352947898,S2-416890985,S2-48158125,S2-521094702,S2-576020988,S2-651889021	S3-423974088	Veravera aka Diamond Marine Products LLC	3768 Oleander Avenue, Corvallis, OR	US	16	80.59701492537313	100.0	US|tok:diamond;US|anum:3768_oleander;US|tok:marine	Top-K Truncation / Bucket Slice (Shared keys: ['US|tok:diamond', 'US|anum:3768_oleander'], but bucket sliced b[:8] or cap 15 reached)	Top-K Truncation / Bucket Slicing
S1-999555430	Diamond Marine Products LLC	3768 Oleander Avenue, Corvallis, OR	US	S2-611061328,S3-1804865,S3-423974088,S3-856934462	S2-164645767,S2-175666551,S2-256505194,S2-301672160,S2-352947898,S2-416890985,S2-48158125,S2-521094702,S2-576020988,S2-651889021	S3-856934462	Diamond Marine Prioudcnts LLC	3768 Oleaner Ave, Corvallis, Oregon	US	16	92.85714285714286	88.57142857142857	US|tok:diamond;US|pfx8:diamondm;US|2tok:diamond_marine;US|tok:marine;US|pfx6:diamon	Top-K Truncation / Bucket Slice (Shared keys: ['US|tok:diamond', 'US|pfx8:diamondm'], but bucket sliced b[:8] or cap 15 reached)	Top-K Truncation / Bucket Slicing
S1-999555430	Diamond Marine Products LLC	3768 Oleander Avenue, Corvallis, OR	US	S2-611061328,S3-1804865,S3-423974088,S3-856934462	S2-164645767,S2-175666551,S2-256505194,S2-301672160,S2-352947898,S2-416890985,S2-48158125,S2-521094702,S2-576020988,S2-651889021	S2-611061328	DIAMOND MARINE LLC CENTER	OR, OLEANDER AVENUE, CORVALLIS	US	16	69.23076923076923	83.07692307692307	US|tok:diamond;US|pfx8:diamondm;US|2tok:diamond_marine;US|tok:marine;US|pfx6:diamon	Top-K Truncation / Bucket Slice (Shared keys: ['US|tok:diamond', 'US|pfx8:diamondm'], but bucket sliced b[:8] or cap 15 reached)	Top-K Truncation / Bucket Slicing
S1-558031216	50/53 Mobility	MO, Saint Louis, 588 Garden Avenue	US	S2-711496725,S3-472244709	S2-165399791,S2-481951781,S2-539737320,S2-617389983,S2-711496725,S2-783403673,S3-309440911,S3-416565244,S3-429823638,S3-476703095	S3-472244709	50/53 Mobility Inc	588 Garden Ave, St Louis, Missouri	US	14	87.5	44.11764705882353	US|pfx8:5053mobi;US|pfx6:5053mo;US|2tok:50_53;US|tok:mobility	Top-K Truncation / Bucket Slice (Shared keys: ['US|pfx8:5053mobi', 'US|pfx6:5053mo'], but bucket sliced b[:8] or cap 15 reached)	Top-K Truncation / Bucket Slicing
S1-690538628	Hydro Krupa	4-139, Maruthi Nagar, Guduru Mandal, Guduru, Krishna, Andhra Pradesh	India	S2-419717885,S2-937863474,S3-43480099,S3-64108781	S2-124399240,S2-148688059,S2-200277656,S2-305133751,S2-404196667,S2-419717885,S2-422085298,S2-452045351,S2-453838695,S2-70980139	S3-64108781	Smt Hydro Krupa	4-139, Maruthi Nagar, Guduru Mandal, Guduru, Krishna, ఆంధ్రప్రదేశ్	India	18	84.61538461538461	80.59701492537313	INDIA|tok:krupa;INDIA|tok:hydro;INDIA|anum:4_maruthi	Top-K Truncation / Bucket Slice (Shared keys: ['INDIA|tok:krupa', 'INDIA|tok:hydro'], but bucket sliced b[:8] or cap 15 reached)	Top-K Truncation / Bucket Slicing
S1-86804153	Regional Cornerstone Citizens LLC	1300 Winding Creek Road, NC, Granite Quarry	US	S2-403191215,S2-544802052,S2-844614219,S2-941915019,S3-90236076	S2-101126500,S2-164942429,S2-20388713,S2-313644079,S2-403191215,S2-544802052,S2-608324746,S2-718578128,S2-81494350,S2-844614219	S3-90236076	Regional Conrechestone Citizens LLC LLC	Winding Creek Rd, Granite Quarry, North Carolina	US	11	86.11111111111111	70.32967032967032	US|pfx6:region;US|pfx8:regional;US|tok:citizens;US|tok:regional	Top-K Truncation / Bucket Slice (Shared keys: ['US|pfx6:region', 'US|pfx8:regional'], but bucket sliced b[:8] or cap 15 reached)	Top-K Truncation / Bucket Slicing
S1-979509841	Golden Medical Alliance	307 Riggs Road, Unit 419, Washington, DC	US	S2-525768036,S3-189267540,S3-563445250	S2-145854575,S2-147920495,S2-15234704,S2-16002498,S2-213337904,S2-226487368,S2-3483462,S2-352333038,S2-382780819,S2-390358820	S3-189267540	Medical Golden Alliance	Washington, District of Columbia, 307-309 Riggs Rd, # 419	US	20	69.56521739130434	37.11340206185567	US|tok:golden;US|tok:alliance	Top-K Truncation / Bucket Slice (Shared keys: ['US|tok:golden', 'US|tok:alliance'], but bucket sliced b[:8] or cap 15 reached)	Top-K Truncation / Bucket Slicing
S1-942087593	Wells Management P.C.	1343 Highway 88, Pencil Bluff, AR	US	S2-147277691,S3-180438246,S3-522753465	S2-147277691,S2-280992743,S2-31566671,S2-366785932,S2-453212366,S2-573700913,S2-575013209,S2-641934412,S2-643234836,S2-704889913	S3-180438246	Wells (Management)	Highway 88, Pencil Bluff, Arkansas	US	16	82.05128205128204	83.5820895522388	US|2tok:wells_management;US|pfx8:wellsman;US|tok:wells;US|pfx6:wellsm	Top-K Truncation / Bucket Slice (Shared keys: ['US|2tok:wells_management', 'US|pfx8:wellsman'], but bucket sliced b[:8] or cap 15 reached)	Top-K Truncation / Bucket Slicing
S1-566485202	New Life Synagogue	2035 Litchfield Dr, Hiawatha, IA	US	S2-888495874,S3-116898417,S3-154724954,S3-232748232	S2-123577948,S2-154220920,S2-322377466,S2-420362701,S2-570333739,S2-582740880,S2-651035220,S2-764705706,S2-79552158,S2-885957290	S3-116898417	New Life Siynaore	Litchfield Dr, Hiawatha, Iowa	US	16	85.71428571428572	88.52459016393442	US|tok:life;US|2tok:new_life;US|pfx6:newlif;US|pfx8:newlifes	Top-K Truncation / Bucket Slice (Shared keys: ['US|tok:life', 'US|2tok:new_life'], but bucket sliced b[:8] or cap 15 reached)	Top-K Truncation / Bucket Slicing
S1-360188878	Good Constructions	C/O Jaharoom Bee Qureshi Near Jobat Tent House, Rajiv Colony, Deodara, Mandla, Madhya Pradesh	India	S2-162663361,S2-336964689,S3-474772790,S3-629686619,S3-875542917	S2-162663361,S2-173457584,S2-178750176,S2-227618839,S2-396986718,S2-428407805,S2-490093311,S2-617296502,S2-64319321,S2-712973321	S3-875542917	गुड कंस्ट्रक्शंस	H.no 78 C/o Jaharoom Bee Qureshi Near Jobat Tent House, Mandla, मध्य प्रदेश	India	16	5.882352941176472	67.85714285714286		Address Correlated but Name Dissimilar (Addr Sim: 67.85714285714286%, missed address blocking key)	Address Correlated but Name Unmatched
S1-360188878	Good Constructions	C/O Jaharoom Bee Qureshi Near Jobat Tent House, Rajiv Colony, Deodara, Mandla, Madhya Pradesh	India	S2-162663361,S2-336964689,S3-474772790,S3-629686619,S3-875542917	S2-162663361,S2-173457584,S2-178750176,S2-227618839,S2-396986718,S2-428407805,S2-490093311,S2-617296502,S2-64319321,S2-712973321	S3-474772790	Good Consteuctmods	#78 C/o Jaharoom Bee Qureshi Near Jobat Tent House, Deodara, MP	India	16	83.33333333333334	75.64102564102564	INDIA|pfx8:goodcons;INDIA|pfx6:goodco;INDIA|tok:good	Top-K Truncation / Bucket Slice (Shared keys: ['INDIA|pfx8:goodcons', 'INDIA|pfx6:goodco'], but bucket sliced b[:8] or cap 15 reached)	Top-K Truncation / Bucket Slicing
S1-360188878	Good Constructions	C/O Jaharoom Bee Qureshi Near Jobat Tent House, Rajiv Colony, Deodara, Mandla, Madhya Pradesh	India	S2-162663361,S2-336964689,S3-474772790,S3-629686619,S3-875542917	S2-162663361,S2-173457584,S2-178750176,S2-227618839,S2-396986718,S2-428407805,S2-490093311,S2-617296502,S2-64319321,S2-712973321	S2-336964689	गुड कंस्ट्रक्शंस	C/O JAHAROOM BEE QURESHI NEAR JOBAT TENT HOUSE, RAJIV COLONY, DEODARA, MANDLA, Madhya Pradesh	India	16	5.882352941176472	100.0		Address Correlated but Name Dissimilar (Addr Sim: 100.0%, missed address blocking key)	Address Correlated but Name Unmatched
S1-360188878	Good Constructions	C/O Jaharoom Bee Qureshi Near Jobat Tent House, Rajiv Colony, Deodara, Mandla, Madhya Pradesh	India	S2-162663361,S2-336964689,S3-474772790,S3-629686619,S3-875542917	S2-162663361,S2-173457584,S2-178750176,S2-227618839,S2-396986718,S2-428407805,S2-490093311,S2-617296502,S2-64319321,S2-712973321	S3-629686619	Good Services	मध्य प्रदेश, Deodara, #78 C/o Jaharoom Bee Qureshi Near Jobat Tent House	India	16	58.06451612903225	55.757575757575765	INDIA|tok:good	Top-K Truncation / Bucket Slice (Shared keys: ['INDIA|tok:good'], but bucket sliced b[:8] or cap 15 reached)	Top-K Truncation / Bucket Slicing
S1-607646145	Gleda Engle Heritage Fuels Inc	847 Horseman Drive, Rock Hill, SC	US	S2-314981779,S2-538148158,S2-861230026,S3-209190763,S3-974855692	S2-19700593,S2-200103894,S2-214114815,S2-279193108,S2-290764818,S2-30010827,S2-314981779,S2-31519486,S2-364293215,S2-440694623	S2-861230026	6LEDAENGLEHERITAGE.COM	ROCK HILL, 847 HORSEMAN DRIVE, SC	US	20	69.23076923076923	66.66666666666667		No Shared Blocking Key Generated (Name Sim: 69.23076923076923%, Addr Sim: 66.66666666666667%)	No Blocking Rule Hit
S1-422926253	Sky Enterprises Pvt Ltd	A- 42, Ground Front Side, Dayal Bagh Faridabad, Faridabad, Haryana	India	S2-906882157,S2-908239181,S3-182229658,S3-763088443	S2-105141228,S2-154859821,S2-173829032,S2-211247021,S2-343998033,S2-351739852,S2-473890393,S2-500965982,S2-547704989,S2-552212465	S3-182229658	स्काई एंटरप्राइजेज प्रा. लि.	Faridabad, A- 42, हरियाणा	India	21	11.764705882352944	30.76923076923077		Severe Dissimilarity / Brand Alteration (Name Sim: 11.764705882352944%, Addr Sim: 30.76923076923077%)	Severe Dissimilarity / Alternate Brand
S1-422926253	Sky Enterprises Pvt Ltd	A- 42, Ground Front Side, Dayal Bagh Faridabad, Faridabad, Haryana	India	S2-906882157,S2-908239181,S3-182229658,S3-763088443	S2-105141228,S2-154859821,S2-173829032,S2-211247021,S2-343998033,S2-351739852,S2-473890393,S2-500965982,S2-547704989,S2-552212465	S2-908239181	स्काई एंटरप्राइजेज प्रा. लि.	#750- A- 42, GROUND FRONT SIDE, DAYAL BAGH FARIDABAD, FARIDABAD, Haryana	India	21	11.764705882352944	95.65217391304348		Address Correlated but Name Dissimilar (Addr Sim: 95.65217391304348%, missed address blocking key)	Address Correlated but Name Unmatched
S1-422926253	Sky Enterprises Pvt Ltd	A- 42, Ground Front Side, Dayal Bagh Faridabad, Faridabad, Haryana	India	S2-906882157,S2-908239181,S3-182229658,S3-763088443	S2-105141228,S2-154859821,S2-173829032,S2-211247021,S2-343998033,S2-351739852,S2-473890393,S2-500965982,S2-547704989,S2-552212465	S3-763088443	Pvt Sky Enterprises Limited	A- 42, Faridabad, HR	India	21	76.0	46.51162790697675		No Shared Blocking Key Generated (Name Sim: 76.0%, Addr Sim: 46.51162790697675%)	No Blocking Rule Hit
S1-92729851	Capital Council Inc	221 Main Street, Florence, KY	US	S2-65120700,S3-149647877,S3-222366324,S3-806776548	S2-111873745,S2-272389124,S2-408616780,S2-546471834,S2-595711056,S2-689921351,S2-700281171,S2-862378192,S2-919117379,S3-235238935	S3-222366324	capitalcouncil.com	22 Main Street, Florence, Kentucky	US	16	81.08108108108108	88.88888888888889	US|pfx6:capita;US|pfx8:capitalc	Top-K Truncation / Bucket Slice (Shared keys: ['US|pfx6:capita', 'US|pfx8:capitalc'], but bucket sliced b[:8] or cap 15 reached)	Top-K Truncation / Bucket Slicing
S1-92729851	Capital Council Inc	221 Main Street, Florence, KY	US	S2-65120700,S3-149647877,S3-222366324,S3-806776548	S2-111873745,S2-272389124,S2-408616780,S2-546471834,S2-595711056,S2-689921351,S2-700281171,S2-862378192,S2-919117379,S3-235238935	S2-65120700	Capital Council Inc. | www.capitalco.com		US	16	64.40677966101696	0.0	US|tok:council;US|2tok:capital_council;US|tok:capital;US|pfx8:capitalc;US|pfx6:capita	Top-K Truncation / Bucket Slice (Shared keys: ['US|tok:council', 'US|2tok:capital_council'], but bucket sliced b[:8] or cap 15 reached)	Top-K Truncation / Bucket Slicing
S1-92729851	Capital Council Inc	221 Main Street, Florence, KY	US	S2-65120700,S3-149647877,S3-222366324,S3-806776548	S2-111873745,S2-272389124,S2-408616780,S2-546471834,S2-595711056,S2-689921351,S2-700281171,S2-862378192,S2-919117379,S3-235238935	S3-806776548	Inc Capital Cóuncil	22 Main Street, Kentucky, Florence	US	16	73.6842105263158	76.19047619047619	US|tok:capital	Top-K Truncation / Bucket Slice (Shared keys: ['US|tok:capital'], but bucket sliced b[:8] or cap 15 reached)	Top-K Truncation / Bucket Slicing
S1-92729851	Capital Council Inc	221 Main Street, Florence, KY	US	S2-65120700,S3-149647877,S3-222366324,S3-806776548	S2-111873745,S2-272389124,S2-408616780,S2-546471834,S2-595711056,S2-689921351,S2-700281171,S2-862378192,S2-919117379,S3-235238935	S3-149647877	Capital Cunctl  Inc	22 Main St, Florence, Kentucky	US	16	89.47368421052632	81.35593220338984	US|pfx6:capita;US|tok:capital;US|pfx8:capitalc	Top-K Truncation / Bucket Slice (Shared keys: ['US|pfx6:capita', 'US|tok:capital'], but bucket sliced b[:8] or cap 15 reached)	Top-K Truncation / Bucket Slicing
S1-674558177	Synergic Lifestyle Private Limited	5Th Floor, Kailash-B, 5, Sumangalam Society Opp. Drive In Cinema, Drive In Road, Ahmedabad, Gujarat	India	S2-22383296,S2-468055992,S2-470692802,S2-999278140,S3-585572704	S2-149545310,S2-151194316,S2-16069605,S2-203176846,S2-227377456,S2-277251970,S2-289919346,S2-384700865,S2-468055992,S2-521893744	S2-22383296	Shri SYNERGIC LIFESTYLE PRHRITE LIMITED	H.NO 5TH FLOOR, KAILASH-B, 5, SUMANGALAM SOCIETY OPP. DRIVE IN CINEMA, DRIVE IN ROAD, AHMEDABAD, ગુજરાત	India	21	87.67123287671232	91.0891089108911	INDIA|tok:synergic;INDIA|anum:5_5th;INDIA|tok:lifestyle	Top-K Truncation / Bucket Slice (Shared keys: ['INDIA|tok:synergic', 'INDIA|anum:5_5th'], but bucket sliced b[:8] or cap 15 reached)	Top-K Truncation / Bucket Slicing
S1-674558177	Synergic Lifestyle Private Limited	5Th Floor, Kailash-B, 5, Sumangalam Society Opp. Drive In Cinema, Drive In Road, Ahmedabad, Gujarat	India	S2-22383296,S2-468055992,S2-470692802,S2-999278140,S3-585572704	S2-149545310,S2-151194316,S2-16069605,S2-203176846,S2-227377456,S2-277251970,S2-289919346,S2-384700865,S2-468055992,S2-521893744	S2-470692802	Synergic Lictcseatmle  Private Limited	H.NO 5TH FLOOR, KAILASH-B, 5, SUMANGALAM SOCIETY OPP. DRIVE IN CINEMA, DRIVE IN ROAD, AHMEDABAD, Gujarat	India	21	86.11111111111111	97.53694581280789	INDIA|pfx6:synerg;INDIA|tok:synergic;INDIA|anum:5_5th;INDIA|pfx8:synergic	Top-K Truncation / Bucket Slice (Shared keys: ['INDIA|pfx6:synerg', 'INDIA|tok:synergic'], but bucket sliced b[:8] or cap 15 reached)	Top-K Truncation / Bucket Slicing
S1-126393436	Al Trading Private Limited	Maharashtra, Mumbai, T G Shah Buildingsecond Floor Pydhonie Chowk, Mumbai	India	S2-79357125,S2-983300543,S3-11871325	S2-118465554,S2-174478492,S2-304368422,S2-434446833,S2-450792836,S2-557309656,S2-606489019,S2-666215120,S2-666807368,S2-725061318	S2-983300543	M/s al trading private limited	T G SHAH BUILDINGSECOND FLOOR PYDHONIE CHOWK, MUMBAI, NULL, महाराष्ट्र	India	16	92.85714285714286	72.72727272727273		No Shared Blocking Key Generated (Name Sim: 92.85714285714286%, Addr Sim: 72.72727272727273%)	No Blocking Rule Hit
S1-126393436	Al Trading Private Limited	Maharashtra, Mumbai, T G Shah Buildingsecond Floor Pydhonie Chowk, Mumbai	India	S2-79357125,S2-983300543,S3-11871325	S2-118465554,S2-174478492,S2-304368422,S2-434446833,S2-450792836,S2-557309656,S2-606489019,S2-666215120,S2-666807368,S2-725061318	S2-79357125	अल ट्रेडिंग प्राइवेट लिमिटेड	T G SHAH BUILDINGSECOND FLOOR PYDHONIE CHOWK, NULL, MUMBAI, Maharashtra	India	16	11.111111111111116	72.22222222222221		Address Correlated but Name Dissimilar (Addr Sim: 72.22222222222221%, missed address blocking key)	Address Correlated but Name Unmatched
S1-126393436	Al Trading Private Limited	Maharashtra, Mumbai, T G Shah Buildingsecond Floor Pydhonie Chowk, Mumbai	India	S2-79357125,S2-983300543,S3-11871325	S2-118465554,S2-174478492,S2-304368422,S2-434446833,S2-450792836,S2-557309656,S2-606489019,S2-666215120,S2-666807368,S2-725061318	S3-11871325	अल ट्रेडिंग प्राइवेट लिमिटेड	Plot 468 T G Shah Buildingsecond Floor Pydhonie Chowk, Bombay, Mumbai, MH	India	16	11.111111111111116	75.34246575342466		Address Correlated but Name Dissimilar (Addr Sim: 75.34246575342466%, missed address blocking key)	Address Correlated but Name Unmatched
S1-806365059	Jaganath Dev Pvt Ltd	14/3A Gariahat Road, Kolkata, Calcutta, West Bengal	India	S2-652721057,S3-354786323,S3-91857662	S2-209192594,S2-265673492,S2-406197197,S2-476041088,S2-635969650,S2-639057553,S2-652721057,S2-97133986,S3-187440097,S3-354786323	S3-91857662	Mr Jaganath Pvt Ltd Center	Calcutta, Door No 14/3A Gariahat Road, WB	India	13	69.56521739130434	50.0	INDIA|tok:jaganath	Top-K Truncation / Bucket Slice (Shared keys: ['INDIA|tok:jaganath'], but bucket sliced b[:8] or cap 15 reached)	Top-K Truncation / Bucket Slicing
S1-790887991	Agni College	37/3, Kala Complex Fourth Avenue, Ashok Nagar, Chennai, Tamil Nadu	India	S2-332289329,S3-120467533,S3-800901355,S3-806830827,S3-931397252	S2-136702788,S2-229025293,S2-255466495,S2-332289329,S2-343536807,S2-403315973,S2-41302776,S2-446554935,S2-496717410,S2-507152626	S3-800901355	Agni Services	37/3, Kala Complex Fourth Avenue, Ashok Nagar, Chennai City Region, Chennai, தமிழ்நாடு	India	17	56.00000000000001	78.94736842105263	INDIA|tok:agni;INDIA|anum:37_kala	Top-K Truncation / Bucket Slice (Shared keys: ['INDIA|tok:agni', 'INDIA|anum:37_kala'], but bucket sliced b[:8] or cap 15 reached)	Top-K Truncation / Bucket Slicing
S1-790887991	Agni College	37/3, Kala Complex Fourth Avenue, Ashok Nagar, Chennai, Tamil Nadu	India	S2-332289329,S3-120467533,S3-800901355,S3-806830827,S3-931397252	S2-136702788,S2-229025293,S2-255466495,S2-332289329,S2-343536807,S2-403315973,S2-41302776,S2-446554935,S2-496717410,S2-507152626	S3-120467533	Agni Cbnele | www.agnicbnel.com	37/3, Kala Complex Fourth Avenue, Ashok Nagar, Chennai City Region, Chennai, தமிழ்நாடு	India	17	46.51162790697675	78.94736842105263	INDIA|tok:agni;INDIA|anum:37_kala	Top-K Truncation / Bucket Slice (Shared keys: ['INDIA|tok:agni', 'INDIA|anum:37_kala'], but bucket sliced b[:8] or cap 15 reached)	Top-K Truncation / Bucket Slicing
S1-790887991	Agni College	37/3, Kala Complex Fourth Avenue, Ashok Nagar, Chennai, Tamil Nadu	India	S2-332289329,S3-120467533,S3-800901355,S3-806830827,S3-931397252	S2-136702788,S2-229025293,S2-255466495,S2-332289329,S2-343536807,S2-403315973,S2-41302776,S2-446554935,S2-496717410,S2-507152626	S3-931397252	Agni Center	37/3, Chennai City Region, Chennai, TN	India	17	69.56521739130434	51.92307692307692	INDIA|tok:agni	Top-K Truncation / Bucket Slice (Shared keys: ['INDIA|tok:agni'], but bucket sliced b[:8] or cap 15 reached)	Top-K Truncation / Bucket Slicing
S1-46049969	Dynamic National Westin LLC	Charles City, 2163 Old Highway Road, IA	US	S2-828148973,S3-188570179,S3-76091146,S3-802550985	S2-147313163,S2-240752020,S2-285912142,S2-382921505,S2-390985778,S2-443748800,S2-47648946,S2-507509628,S2-547814802,S2-60276922	S3-188570179	Services Dynamic Westin LLC	163 Old Highway Road, Charles City, Iowa	US	15	66.66666666666667	60.75949367088608	US|tok:westin;US|tok:dynamic	Top-K Truncation / Bucket Slice (Shared keys: ['US|tok:westin', 'US|tok:dynamic'], but bucket sliced b[:8] or cap 15 reached)	Top-K Truncation / Bucket Slicing
S1-46049969	Dynamic National Westin LLC	Charles City, 2163 Old Highway Road, IA	US	S2-828148973,S3-188570179,S3-76091146,S3-802550985	S2-147313163,S2-240752020,S2-285912142,S2-382921505,S2-390985778,S2-443748800,S2-47648946,S2-507509628,S2-547814802,S2-60276922	S3-802550985	Dynamic National Westin	163 Old Highway Road, Charles City, Iowa	US	15	92.0	60.75949367088608	US|tok:westin;US|tok:dynamic;US|pfx8:dynamicn;US|2tok:dynamic_national;US|pfx6:dynami	Top-K Truncation / Bucket Slice (Shared keys: ['US|tok:westin', 'US|tok:dynamic'], but bucket sliced b[:8] or cap 15 reached)	Top-K Truncation / Bucket Slicing
S1-46049969	Dynamic National Westin LLC	Charles City, 2163 Old Highway Road, IA	US	S2-828148973,S3-188570179,S3-76091146,S3-802550985	S2-147313163,S2-240752020,S2-285912142,S2-382921505,S2-390985778,S2-443748800,S2-47648946,S2-507509628,S2-547814802,S2-60276922	S3-76091146	The Dynamic National Westin LLC	163 Old Highway Rd, St Charles Township, Iowa	US	15	93.10344827586206	52.38095238095239	US|tok:westin;US|tok:dynamic	Top-K Truncation / Bucket Slice (Shared keys: ['US|tok:westin', 'US|tok:dynamic'], but bucket sliced b[:8] or cap 15 reached)	Top-K Truncation / Bucket Slicing
S1-183540234	Hussain (thrissur) Private Limited	Yasmin 0131 Umar Sardar, Road Near Azad Hind Club, Barrackpur - I, North 24 Parganas, West Bengal	India	S2-614215155,S3-163529317,S3-365972187,S3-416141662	S2-219862909,S2-378706464,S2-39051355,S2-45870172,S2-614215155,S2-616632814,S2-670758001,S2-800116275,S2-808874517,S2-863895985	S3-163529317	Hussain  Limited Private (Thrissur)		India	15	55.072463768115945	0.0	INDIA|tok:thrissur;INDIA|2tok:hussain_thrissur;INDIA|tok:hussain;INDIA|pfx6:hussai	Top-K Truncation / Bucket Slice (Shared keys: ['INDIA|tok:thrissur', 'INDIA|2tok:hussain_thrissur'], but bucket sliced b[:8] or cap 15 reached)	Top-K Truncation / Bucket Slicing
S1-410040347	Temple Synagogue	10202 W Maple Road, Omaha, NE	US	S2-286301971,S2-641487662,S3-186997268	S2-365645392,S2-404015743,S2-409910382,S2-55463095,S2-641487662,S2-704689530,S2-796007960,S2-820607111,S2-823553596,S2-935539809	S2-286301971	Temple Synagogue LP	OMAHA, NE, W MAPLE ROAD	US	11	91.42857142857143	50.0	US|2tok:temple_synagogue;US|tok:synagogue;US|pfx6:temple;US|pfx8:templesy;US|tok:temple	Top-K Truncation / Bucket Slice (Shared keys: ['US|2tok:temple_synagogue', 'US|tok:synagogue'], but bucket sliced b[:8] or cap 15 reached)	Top-K Truncation / Bucket Slicing
S1-410040347	Temple Synagogue	10202 W Maple Road, Omaha, NE	US	S2-286301971,S2-641487662,S3-186997268	S2-365645392,S2-404015743,S2-409910382,S2-55463095,S2-641487662,S2-704689530,S2-796007960,S2-820607111,S2-823553596,S2-935539809	S3-186997268	Temple Partners		US	11	58.06451612903225	0.0	US|tok:temple;US|pfx6:temple	Top-K Truncation / Bucket Slice (Shared keys: ['US|tok:temple', 'US|pfx6:temple'], but bucket sliced b[:8] or cap 15 reached)	Top-K Truncation / Bucket Slicing
S1-174390454	Awesome Trading Private Limited	F.No.404 And 405, 4 Th Floor Maithri Vihar Complex, Ameerpet, Hyderabad, Telangana	India	S2-258675599,S3-161067370,S3-511558180,S3-756105587	S2-102269817,S2-149209345,S2-177979443,S2-258675599,S2-377519429,S2-423794475,S2-514347017,S2-529470016,S2-602085241,S2-673950740	S3-161067370	Awesome-Trading Prívate	F.no.404 And 405, Hyderabad, 4 Th Floor Maithri Vihar Complex, Ameerpet, Hyderabad, TG	India	16	77.77777777777779	89.28571428571429	INDIA|pfx8:awesomet;INDIA|pfx6:awesom;INDIA|2tok:awesome_trading;INDIA|tok:awesome	Top-K Truncation / Bucket Slice (Shared keys: ['INDIA|pfx8:awesomet', 'INDIA|pfx6:awesom'], but bucket sliced b[:8] or cap 15 reached)	Top-K Truncation / Bucket Slicing
S1-174390454	Awesome Trading Private Limited	F.No.404 And 405, 4 Th Floor Maithri Vihar Complex, Ameerpet, Hyderabad, Telangana	India	S2-258675599,S3-161067370,S3-511558180,S3-756105587	S2-102269817,S2-149209345,S2-177979443,S2-258675599,S2-377519429,S2-423794475,S2-514347017,S2-529470016,S2-602085241,S2-673950740	S3-511558180	Awesome Trading  Private	F.no.404 And 405, 4 Th Floor Maithri Vihar Complex, Ameerpet, Hyderabad, తెలంగాణ	India	16	83.63636363636364	90.12345679012346	INDIA|pfx8:awesomet;INDIA|anum:404_maithri;INDIA|pfx6:awesom;INDIA|tok:awesome;INDIA|2tok:awesome_trading	Top-K Truncation / Bucket Slice (Shared keys: ['INDIA|pfx8:awesomet', 'INDIA|anum:404_maithri'], but bucket sliced b[:8] or cap 15 reached)	Top-K Truncation / Bucket Slicing
S1-695737678	Paschal and Liu Associates	Albemarle, 1006 Charlotte Road, NC	US	S2-535872942,S3-880530172	S2-111422339,S2-131860554,S2-162491017,S2-230296348,S2-403491249,S2-535872942,S2-62907716,S2-658153054,S2-816997768,S2-832485305	S3-880530172	Paschal And Liu Service	753 Charlotte Road, Albemarle, North Carolina	US	15	77.55102040816327	48.10126582278481	US|2tok:paschal_and;US|tok:paschal;US|pfx8:paschala;US|pfx6:pascha	Top-K Truncation / Bucket Slice (Shared keys: ['US|2tok:paschal_and', 'US|tok:paschal'], but bucket sliced b[:8] or cap 15 reached)	Top-K Truncation / Bucket Slicing
S1-143410687	Sanders Superior Data LLC	1522 Aberdeen Road, Unit APT. 13, Hampton City, VA	US	S2-585945975,S3-229096809,S3-471022502	S2-191917191,S2-235189916,S2-361827600,S2-392798563,S2-406806502,S2-444961450,S2-564358078,S2-585945975,S2-851996813,S2-863390801	S3-229096809	The Sanders Superior Data LLC	1522 Aberdeen Rd, Hampton, Virginia	US	17	92.5925925925926	68.23529411764706	US|anum:1522_aberdeen;US|tok:superior;US|tok:data;US|tok:sanders	Top-K Truncation / Bucket Slice (Shared keys: ['US|anum:1522_aberdeen', 'US|tok:superior'], but bucket sliced b[:8] or cap 15 reached)	Top-K Truncation / Bucket Slicing
S1-171653159	First Hospitality LLP	Wz-351, Delhi, Shakurpur Village, Delhi	India	S2-531915848,S3-266115940,S3-567837252	S2-106734260,S2-146723424,S2-152936718,S2-257583361,S2-261310628,S2-31536417,S2-337284081,S2-386482062,S2-458062902,S2-531915848	S3-567837252	First  LLP Service	Wz-351, Shakurpur Village, Delhi, DL	India	21	51.28205128205128	85.33333333333333	INDIA|tok:first	Top-K Truncation / Bucket Slice (Shared keys: ['INDIA|tok:first'], but bucket sliced b[:8] or cap 15 reached)	Top-K Truncation / Bucket Slicing
S1-171653159	First Hospitality LLP	Wz-351, Delhi, Shakurpur Village, Delhi	India	S2-531915848,S3-266115940,S3-567837252	S2-106734260,S2-146723424,S2-152936718,S2-257583361,S2-261310628,S2-31536417,S2-337284081,S2-386482062,S2-458062902,S2-531915848	S3-266115940	Center First LLP	Wz-351, Shakurpur Village, Delhi, DL	India	21	48.64864864864865	85.33333333333333	INDIA|tok:first	Top-K Truncation / Bucket Slice (Shared keys: ['INDIA|tok:first'], but bucket sliced b[:8] or cap 15 reached)	Top-K Truncation / Bucket Slicing
S1-861378966	Matrix Sangh	House No. A-408A New Ashok Nagar, New Delhi, Delhi	India	S2-335184296,S2-641684012,S2-807946043,S2-897233130,S3-10055341,S3-276627030,S3-61014775,S3-623491608	S2-247058540,S2-589382280,S2-641684012,S2-767928472,S2-771853446,S2-807946043,S2-843114984,S2-897233130,S3-10055341,S3-276627030	S2-335184296	Matrix Sdbagh	HOUSE NO. A-408A NEW ASHOK NAGAR, NEW DELHI, Delhi	India	12	88.0	100.0	INDIA|tok:matrix;INDIA|pfx6:matrix	Top-K Truncation / Bucket Slice (Shared keys: ['INDIA|tok:matrix', 'INDIA|pfx6:matrix'], but bucket sliced b[:8] or cap 15 reached)	Top-K Truncation / Bucket Slicing
S1-861378966	Matrix Sangh	House No. A-408A New Ashok Nagar, New Delhi, Delhi	India	S2-335184296,S2-641684012,S2-807946043,S2-897233130,S3-10055341,S3-276627030,S3-61014775,S3-623491608	S2-247058540,S2-589382280,S2-641684012,S2-767928472,S2-771853446,S2-807946043,S2-843114984,S2-897233130,S3-10055341,S3-276627030	S3-623491608	matrixsangh.com	House No. A-408a New Ashok Nagar, New Delhi, DL	India	12	81.4814814814815	96.90721649484536	INDIA|pfx6:matrix;INDIA|pfx8:matrixsa	Top-K Truncation / Bucket Slice (Shared keys: ['INDIA|pfx6:matrix', 'INDIA|pfx8:matrixsa'], but bucket sliced b[:8] or cap 15 reached)	Top-K Truncation / Bucket Slicing
S1-679782609	Creative Semiconductor Ventures Inc	10864 Prairie Rose Road, Frisco, TX	US	S2-844278428,S3-455825701	S2-238015061,S2-287949525,S2-388093840,S2-418163852,S2-443903312,S2-487993749,S2-873258896,S2-937513926,S2-979067676,S2-9978138	S2-844278428	CREATIVE  SEMICONDUCTOR	10855 Prairie Rose Road, FRISCO, TX	US	12	75.86206896551724	94.28571428571428	US|pfx6:creati;US|pfx8:creative;US|2tok:creative_semiconductor;US|tok:creative;US|tok:semiconductor	Top-K Truncation / Bucket Slice (Shared keys: ['US|pfx6:creati', 'US|pfx8:creative'], but bucket sliced b[:8] or cap 15 reached)	Top-K Truncation / Bucket Slicing
S1-150829563	Verron Software, LLC	25432 Park Avenue, Buckeye, AZ	US	S2-469997907,S3-824134500,S3-871179559,S3-898502053	S2-235216607,S2-306015511,S2-387818304,S2-40430387,S2-429751000,S2-485020600,S2-57099513,S2-580211432,S2-625817088,S2-674556657	S2-469997907	Verron LLC (Software,)	2543 PARK AVE, BUCKEYE, AZ	US	18	76.19047619047619	92.85714285714286	US|2tok:verron_software;US|tok:software;US|tok:verron;US|pfx6:verron	Top-K Truncation / Bucket Slice (Shared keys: ['US|2tok:verron_software', 'US|tok:software'], but bucket sliced b[:8] or cap 15 reached)	Top-K Truncation / Bucket Slicing
S1-150829563	Verron Software, LLC	25432 Park Avenue, Buckeye, AZ	US	S2-469997907,S3-824134500,S3-871179559,S3-898502053	S2-235216607,S2-306015511,S2-387818304,S2-40430387,S2-429751000,S2-485020600,S2-57099513,S2-580211432,S2-625817088,S2-674556657	S3-898502053	@verronsoftware	25432 Park Ave, Buckeye, Arizona	US	18	80.0	87.09677419354838	US|pfx8:verronso;US|pfx6:verron;US|anum:25432_park	Top-K Truncation / Bucket Slice (Shared keys: ['US|pfx8:verronso', 'US|pfx6:verron'], but bucket sliced b[:8] or cap 15 reached)	Top-K Truncation / Bucket Slicing
S1-986863583	Caldeon Duke Inc	8747 Santa Ridge Circle, Elk Grove, CA	US	S2-628332690,S3-483372737	S2-125743065,S2-146846171,S2-225013954,S2-292084537,S2-29751607,S2-331331327,S2-407178707,S2-440911305,S2-473647439,S2-510445213	S3-483372737	Caldeon Inc Center	Santa Ridge Circle, Elk Grove, California	US	16	64.70588235294117	83.54430379746836	US|pfx6:caldeo;US|tok:caldeon	Top-K Truncation / Bucket Slice (Shared keys: ['US|pfx6:caldeo', 'US|tok:caldeon'], but bucket sliced b[:8] or cap 15 reached)	Top-K Truncation / Bucket Slicing
S1-552720726	ZX Chit Private Limited	50/1112, D11 2Nd Floor, Muhammad Haji Building Station Junction, Edappally P.O, Kochi, Ernakulam, Kerala	India	S2-524158368,S3-471922467,S3-772001157	S3-471922467,S3-970556898	S2-524158368	Pae ZX Chit Limited	A-50/1112, N/A, KOCHI, Kerala	India	2	71.42857142857143	39.097744360902254	INDIA|tok:chit	Top-K Truncation / Bucket Slice (Shared keys: ['INDIA|tok:chit'], but bucket sliced b[:8] or cap 15 reached)	Top-K Truncation / Bucket Slicing
S1-552720726	ZX Chit Private Limited	50/1112, D11 2Nd Floor, Muhammad Haji Building Station Junction, Edappally P.O, Kochi, Ernakulam, Kerala	India	S2-524158368,S3-471922467,S3-772001157	S3-471922467,S3-970556898	S3-772001157	ZX Private Limited Services	D11 2Nd Floor, Muhammad Haji Building Station Junction, Edappally P.o, Kochi, 0/1112, കേരളം, Kerlala	India	2	72.0	84.31372549019608		No Shared Blocking Key Generated (Name Sim: 72.0%, Addr Sim: 84.31372549019608%)	No Blocking Rule Hit
S1-88905792	Sunderban Welfare Society	Lucknow, T C- 46, Lucknow, Uttar Pradesh, Vibhuti Khand, Gomti Nagar, Lucknow	India	S2-331575983,S2-557990591,S3-664530964,S3-927833760	S2-114147188,S2-156447569,S2-19574606,S2-225823147,S2-296080724,S2-380164182,S2-386317653,S2-396011319,S2-486832341,S2-585726531	S2-557990591	Sri Sunderban Welfare	T C- 46, VIBHUTI KHAND, GOMTI NAGAR, LUCRNOW, LUCKNOW, Uttar Pradesh	India	16	73.91304347826086	60.689655172413794	INDIA|tok:welfare;INDIA|tok:sunderban	Top-K Truncation / Bucket Slice (Shared keys: ['INDIA|tok:welfare', 'INDIA|tok:sunderban'], but bucket sliced b[:8] or cap 15 reached)	Top-K Truncation / Bucket Slicing
S1-88905792	Sunderban Welfare Society	Lucknow, T C- 46, Lucknow, Uttar Pradesh, Vibhuti Khand, Gomti Nagar, Lucknow	India	S2-331575983,S2-557990591,S3-664530964,S3-927833760	S2-114147188,S2-156447569,S2-19574606,S2-225823147,S2-296080724,S2-380164182,S2-386317653,S2-396011319,S2-486832341,S2-585726531	S3-664530964	M/s sunderban welfare society		India	16	92.5925925925926	0.0	INDIA|tok:welfare;INDIA|tok:sunderban;INDIA|tok:society	Top-K Truncation / Bucket Slice (Shared keys: ['INDIA|tok:welfare', 'INDIA|tok:sunderban'], but bucket sliced b[:8] or cap 15 reached)	Top-K Truncation / Bucket Slicing
S1-88905792	Sunderban Welfare Society	Lucknow, T C- 46, Lucknow, Uttar Pradesh, Vibhuti Khand, Gomti Nagar, Lucknow	India	S2-331575983,S2-557990591,S3-664530964,S3-927833760	S2-114147188,S2-156447569,S2-19574606,S2-225823147,S2-296080724,S2-380164182,S2-386317653,S2-396011319,S2-486832341,S2-585726531	S2-331575983	SUNDERBAN WELFARE SOCIETY CO	T C- 46, VIBHUTI KHAND, GOMTI NAGAR, LUCKNOW, LUCKNOW, Uttar Pradesh	India	16	94.33962264150944	60.689655172413794	INDIA|pfx6:sunder;INDIA|tok:society;INDIA|pfx8:sunderba;INDIA|tok:welfare;INDIA|2tok:sunderban_welfare;INDIA|tok:sunderban	Top-K Truncation / Bucket Slice (Shared keys: ['INDIA|pfx6:sunder', 'INDIA|tok:society'], but bucket sliced b[:8] or cap 15 reached)	Top-K Truncation / Bucket Slicing
S1-403028834	Piedmont Construction LLC	OK, 917 Linn Lane, Yukon	US	S2-702709324,S2-92039499,S3-623756334,S3-714289919	S2-101537828,S2-12032574,S2-177287898,S2-230470030,S2-36218255,S2-600619168,S2-62705977,S2-702709324,S2-71208422,S3-521621997	S2-92039499	Viowex	953 LINN LN, YUKON, OK	US	14	12.903225806451612	69.56521739130434		Address Correlated but Name Dissimilar (Addr Sim: 69.56521739130434%, missed address blocking key)	Address Correlated but Name Unmatched
S1-279014952	Kt Animation Private Limited	Flat No-124, Cate Iii Sfs Hauz Khas, New Delhi, South West Delhi, Delhi	India	S2-800340691,S3-383194124	S2-142914458,S2-199622369,S2-265550326,S2-327860077,S2-36613208,S2-379865458,S2-416362219,S2-601327990,S2-644600166,S2-671644137	S2-800340691	Kt Acnrtion Private Limited	FLAT NO-##124, CATE III SFS HAUZ KHAS, NEW DELHI, Delhi	India	17	90.9090909090909	84.12698412698413	INDIA|anum:124_flat	Top-K Truncation / Bucket Slice (Shared keys: ['INDIA|anum:124_flat'], but bucket sliced b[:8] or cap 15 reached)	Top-K Truncation / Bucket Slicing
S1-419304665	Akola Glove LLP	168 Tambaour Road, Near Goverment Hospital, Biswan, Sitapur, Uttar Pradesh	India	S2-622490934,S2-717447003,S2-866506346,S3-474166180	S2-314261256,S2-622490934,S2-643468216,S2-717447003,S2-866506346,S2-972962910,S3-199070058,S3-239727134,S3-30343309,S3-492694902	S3-474166180	M/s Akola Gliove LLP	Tambaour Road, Biswan, UP	India	11	85.71428571428572	50.5050505050505	INDIA|tok:akola	Top-K Truncation / Bucket Slice (Shared keys: ['INDIA|tok:akola'], but bucket sliced b[:8] or cap 15 reached)	Top-K Truncation / Bucket Slicing
S1-189831319	Jai Foods Private Limited	Netawar, Post - Belaon, Siwan, Siwan, Bihar	India	S2-585273067,S2-833352658,S3-652615681	S2-167760042,S2-177650121,S2-182868227,S2-262414438,S2-330698825,S2-370906553,S2-401836945,S2-442339009,S2-614986142,S2-78319616	S3-652615681	जय फूड्स प्राइवेट लिमिटेड	Siwan, Post - Belaon, Siwan, बिहार, Netawar	India	16	12.0	69.76744186046511		Address Correlated but Name Dissimilar (Addr Sim: 69.76744186046511%, missed address blocking key)	Address Correlated but Name Unmatched
S1-189831319	Jai Foods Private Limited	Netawar, Post - Belaon, Siwan, Siwan, Bihar	India	S2-585273067,S2-833352658,S3-652615681	S2-167760042,S2-177650121,S2-182868227,S2-262414438,S2-330698825,S2-370906553,S2-401836945,S2-442339009,S2-614986142,S2-78319616	S2-585273067	जय फूड्स प्राइवेट लिमिटेड	NETAWAR, SIWAN, NULL, बिहार	India	16	12.0	54.28571428571429		No Shared Blocking Key Generated (Name Sim: 12.0%, Addr Sim: 54.28571428571429%)	No Blocking Rule Hit
S1-189831319	Jai Foods Private Limited	Netawar, Post - Belaon, Siwan, Siwan, Bihar	India	S2-585273067,S2-833352658,S3-652615681	S2-167760042,S2-177650121,S2-182868227,S2-262414438,S2-330698825,S2-370906553,S2-401836945,S2-442339009,S2-614986142,S2-78319616	S2-833352658	जय फूड्स प्राइवेट लिमिटेड	NETAWAR, SIWAN, NULL, Bihar	India	16	12.0	68.57142857142857		Address Correlated but Name Dissimilar (Addr Sim: 68.57142857142857%, missed address blocking key)	Address Correlated but Name Unmatched
S1-464514986	Valley Fund	97 Cass Avenue, Cheektowaga, NY	US	S2-107295419,S3-377657564,S3-604135891	S2-358461193,S2-46779081,S2-476764600,S2-488747950,S2-511839074,S2-582362006,S2-588906972,S2-63448492,S2-749229713,S2-758940532	S3-604135891	Valley Center	Cass Ave, Buffalo, New York	US	16	66.66666666666667	51.72413793103448	US|pfx6:valley;US|tok:valley	Top-K Truncation / Bucket Slice (Shared keys: ['US|pfx6:valley', 'US|tok:valley'], but bucket sliced b[:8] or cap 15 reached)	Top-K Truncation / Bucket Slicing
S1-464514986	Valley Fund	97 Cass Avenue, Cheektowaga, NY	US	S2-107295419,S3-377657564,S3-604135891	S2-358461193,S2-46779081,S2-476764600,S2-488747950,S2-511839074,S2-582362006,S2-588906972,S2-63448492,S2-749229713,S2-758940532	S3-377657564	Valley Fund LLC	97 Cass Ave, Cheektowaga, New York	US	16	84.61538461538461	86.15384615384616	US|tok:valley;US|2tok:valley_fund;US|pfx8:valleyfu;US|tok:fund;US|pfx6:valley;US|anum:97_cass	Top-K Truncation / Bucket Slice (Shared keys: ['US|tok:valley', 'US|2tok:valley_fund'], but bucket sliced b[:8] or cap 15 reached)	Top-K Truncation / Bucket Slicing
S1-464514986	Valley Fund	97 Cass Avenue, Cheektowaga, NY	US	S2-107295419,S3-377657564,S3-604135891	S2-358461193,S2-46779081,S2-476764600,S2-488747950,S2-511839074,S2-582362006,S2-588906972,S2-63448492,S2-749229713,S2-758940532	S2-107295419	Valley ([Fund]) ([Fund])	#97 CASS AVENUE, BUFFALO CITY, NY	US	16	62.857142857142854	68.75	US|tok:valley;US|2tok:valley_fund;US|pfx8:valleyfu;US|tok:fund;US|pfx6:valley;US|anum:97_cass	Top-K Truncation / Bucket Slice (Shared keys: ['US|tok:valley', 'US|2tok:valley_fund'], but bucket sliced b[:8] or cap 15 reached)	Top-K Truncation / Bucket Slicing
S1-418896338	Miller Rocky Ses LLC	401 Cascade View Drive, Ronald, WA	US	S2-272528085,S2-392665278,S3-144430315,S3-793295745	S2-245192528,S2-272528085,S2-371857593,S2-388002845,S2-423513765,S2-491170137,S2-533983144,S2-539816767,S2-560879348,S2-68950162	S2-392665278	Miller Rocky Ses	WA, RONALD, 401 CASCADE VIEW DRIVE	US	15	88.88888888888889	64.70588235294117	US|2tok:miller_rocky;US|tok:rocky;US|tok:miller;US|pfx6:miller;US|pfx8:millerro	Top-K Truncation / Bucket Slice (Shared keys: ['US|2tok:miller_rocky', 'US|tok:rocky'], but bucket sliced b[:8] or cap 15 reached)	Top-K Truncation / Bucket Slicing
S1-418896338	Miller Rocky Ses LLC	401 Cascade View Drive, Ronald, WA	US	S2-272528085,S2-392665278,S3-144430315,S3-793295745	S2-245192528,S2-272528085,S2-371857593,S2-388002845,S2-423513765,S2-491170137,S2-533983144,S2-539816767,S2-560879348,S2-68950162	S3-793295745	Miller Rocky	#401 Cascade View Drive, Ronald CDP, Washington	US	15	75.0	83.9506172839506	US|2tok:miller_rocky;US|tok:rocky;US|tok:miller;US|pfx6:miller;US|anum:401_cascade;US|pfx8:millerro	Top-K Truncation / Bucket Slice (Shared keys: ['US|2tok:miller_rocky', 'US|tok:rocky'], but bucket sliced b[:8] or cap 15 reached)	Top-K Truncation / Bucket Slicing
S1-492793391	Audio Infrastructure Limited	Ernakulam, Iv E Fourt Floor Rds Retreatchittoor Road Kacheripady, Kerala, Ernakulam	India	S2-894940539,S3-591595290	S2-150028127,S2-15762776,S2-24375532,S2-295585640,S2-349053751,S2-359610812,S2-407586899,S2-58150786,S2-600730091,S2-613556694	S2-894940539	Audio Ínfrastructure Limited	DOOR NO 565 IV E FOURT FLOOR RDS RETREATCHITTOOR ROAD KACHERIPADY, ERNAKULAM, Keralam	India	16	96.42857142857143	84.52380952380952	INDIA|tok:audio	Top-K Truncation / Bucket Slice (Shared keys: ['INDIA|tok:audio'], but bucket sliced b[:8] or cap 15 reached)	Top-K Truncation / Bucket Slicing
S1-492793391	Audio Infrastructure Limited	Ernakulam, Iv E Fourt Floor Rds Retreatchittoor Road Kacheripady, Kerala, Ernakulam	India	S2-894940539,S3-591595290	S2-150028127,S2-15762776,S2-24375532,S2-295585640,S2-349053751,S2-359610812,S2-407586899,S2-58150786,S2-600730091,S2-613556694	S3-591595290	... Audio Limited Infrastructure	Iv E Fourt Floor Rds Retreatchittoor Road Kacheripady, Ernakulam, Ernakulam, Kochi, Keralam	India	16	66.66666666666667	81.60919540229885	INDIA|2tok:audio_infrastructure;INDIA|tok:infrastructure;INDIA|tok:audio	Top-K Truncation / Bucket Slice (Shared keys: ['INDIA|2tok:audio_infrastructure', 'INDIA|tok:infrastructure'], but bucket sliced b[:8] or cap 15 reached)	Top-K Truncation / Bucket Slicing
S1-648894561	Supreme Consultants Private Limited	236 & 237, The Galleria Dlf, Second Floor, Mayur Vihar Ext-1, Noida Link Road, New Delhi, East Delhi, Delhi	India	S2-443506042,S2-460176788,S3-792976560,S3-809239143,S3-829470335	S2-126828811,S2-192585647,S2-292852934,S2-460176788,S2-466655738,S2-825129943,S2-962852048,S3-152315790,S3-657220812,S3-774239219	S3-792976560	सुप्रीम कंसल्टेंट्स प्राइवेट लिमिटेड	East Delhi, Door No 236 & 237, New Delhi, दिल्ली	India	11	8.450704225352112	37.41935483870967		Severe Dissimilarity / Brand Alteration (Name Sim: 8.450704225352112%, Addr Sim: 37.41935483870967%)	Severe Dissimilarity / Alternate Brand
S1-648894561	Supreme Consultants Private Limited	236 & 237, The Galleria Dlf, Second Floor, Mayur Vihar Ext-1, Noida Link Road, New Delhi, East Delhi, Delhi	India	S2-443506042,S2-460176788,S3-792976560,S3-809239143,S3-829470335	S2-126828811,S2-192585647,S2-292852934,S2-460176788,S2-466655738,S2-825129943,S2-962852048,S3-152315790,S3-657220812,S3-774239219	S3-829470335	सुप्रीम Consultants प्राइवेट लिमिटेड	New Delhi, East Delhi, H.no 236 & 237, DL	India	11	39.43661971830986	33.78378378378378		Severe Dissimilarity / Brand Alteration (Name Sim: 39.43661971830986%, Addr Sim: 33.78378378378378%)	Severe Dissimilarity / Alternate Brand
S1-648894561	Supreme Consultants Private Limited	236 & 237, The Galleria Dlf, Second Floor, Mayur Vihar Ext-1, Noida Link Road, New Delhi, East Delhi, Delhi	India	S2-443506042,S2-460176788,S3-792976560,S3-809239143,S3-829470335	S2-126828811,S2-192585647,S2-292852934,S2-460176788,S2-466655738,S2-825129943,S2-962852048,S3-152315790,S3-657220812,S3-774239219	S2-443506042	सुप्रीम कंसल्टेंट्स प्राइवेट लिमिटेड	DTOR NO 236. & 237, THE GALLERIA DLF, SECOND FLOOR, MAYUR VIHAR EXT-1, NOIDA LINK ROAD, NEW DELHI, EAST DELHI, Delhi	India	11	8.450704225352112	95.96412556053812		Address Correlated but Name Dissimilar (Addr Sim: 95.96412556053812%, missed address blocking key)	Address Correlated but Name Unmatched
S1-648894561	Supreme Consultants Private Limited	236 & 237, The Galleria Dlf, Second Floor, Mayur Vihar Ext-1, Noida Link Road, New Delhi, East Delhi, Delhi	India	S2-443506042,S2-460176788,S3-792976560,S3-809239143,S3-829470335	S2-126828811,S2-192585647,S2-292852934,S2-460176788,S2-466655738,S2-825129943,S2-962852048,S3-152315790,S3-657220812,S3-774239219	S3-809239143	सुप्रीम कंसल्टेंट्स प्राइवेट लिमिटेड	236 & 237, New Delhi, East Delhi, DL	India	11	8.450704225352112	50.349650349650354		No Shared Blocking Key Generated (Name Sim: 8.450704225352112%, Addr Sim: 50.349650349650354%)	No Blocking Rule Hit
S1-143671838	Svs Lal LLP	Pune, Plaza, Sn -27 (Pt) Plot-3, Pune City, Maharashtra, Office No 612 Clover Hill	India	S2-699308453,S3-179762687,S3-255543002,S3-876790795	S2-107990417,S2-121958507,S2-219633061,S2-304102969,S2-405224160,S2-408536859,S2-509901378,S2-623128395,S2-663040006,S2-699308453	S3-255543002	5vs Lal	Office No 612 Clover Hill, Plaza, Sn -27 (Pt) Plot-3, Pune City, Pune, MH	India	17	66.66666666666667	59.354838709677416		No Shared Blocking Key Generated (Name Sim: 66.66666666666667%, Addr Sim: 59.354838709677416%)	No Blocking Rule Hit
S1-804171096	Uptown Yoga!	8001 Coastal Highway, Unit C, Ocean City, MD	US	S2-358530411,S2-46416429,S2-722188035,S2-94415923,S3-475184196,S3-560390921	S2-174105297,S2-254645492,S2-283256435,S2-324093435,S2-358530411,S2-663295048,S2-670054955,S2-700382775,S2-71545151,S2-721202799	S2-46416429	Uptown  Yoga!	MD, OECAN CITY, 8001-8005 COASTAL HIGHWAY	US	15	96.0	47.05882352941176	US|tok:yoga;US|2tok:uptown_yoga;US|alpha:uptownyoga;US|pfx8:uptownyo;US|tok:uptown;US|pfx6:uptown	Top-K Truncation / Bucket Slice (Shared keys: ['US|tok:yoga', 'US|2tok:uptown_yoga'], but bucket sliced b[:8] or cap 15 reached)	Top-K Truncation / Bucket Slicing
S1-163766842	Star Offshore Care	235 Sunset Avenue, Wenatchee, WA	US	S2-573098593,S3-437156798,S3-640384301,S3-921257239	S2-273699663,S2-303571343,S2-36357418,S2-484097072,S2-510137499,S2-573098593,S2-671593677,S2-743366576,S2-801155160,S2-834076952	S3-921257239	staroffshorecare.com	Sunset Avenue, Wenatchee, Washington	US	17	84.21052631578947	82.35294117647058	US|pfx6:starof;US|pfx8:staroffs	Top-K Truncation / Bucket Slice (Shared keys: ['US|pfx6:starof', 'US|pfx8:staroffs'], but bucket sliced b[:8] or cap 15 reached)	Top-K Truncation / Bucket Slicing
S1-104955523	Infotech Engineering Pvt. Ltd.	H No 555, 556 Budhwar Peth, Pune City, Maharashtra, Ground Floor Shop No 2A, Pune	India	S2-324764832,S3-339518176,S3-693183846	S2-598637691,S3-339518176	S2-324764832	Pvt. Infotech Engneering Ltd.	HN D/123 GROUND FLOOR SHOP NO 2A, PUNE, महाराष्ट्र, PUNE CITY	India	2	81.35593220338984	47.887323943661976	INDIA|tok:infotech	Top-K Truncation / Bucket Slice (Shared keys: ['INDIA|tok:infotech'], but bucket sliced b[:8] or cap 15 reached)	Top-K Truncation / Bucket Slicing
S1-104955523	Infotech Engineering Pvt. Ltd.	H No 555, 556 Budhwar Peth, Pune City, Maharashtra, Ground Floor Shop No 2A, Pune	India	S2-324764832,S3-339518176,S3-693183846	S2-598637691,S3-339518176	S3-693183846	Gildlum DBA Infotech Engineering Pvt. Ltd.	Ground Floor Shop No 2A, H No 555, 556 Budhwar Peth, Pune City, Pune, Maharashtra	India	2	83.33333333333334	61.728395061728406	INDIA|tok:engineering;INDIA|tok:infotech	Top-K Truncation / Bucket Slice (Shared keys: ['INDIA|tok:engineering', 'INDIA|tok:infotech'], but bucket sliced b[:8] or cap 15 reached)	Top-K Truncation / Bucket Slicing
S1-291991311	Physical Therapy Coastal Group	710 7th Avenue, Mandan, ND	US	S2-439359291,S2-523837175,S3-154850409,S3-226390850,S3-724901632	S2-541010747,S2-574903097,S2-605384211,S2-672988943,S2-959628323,S3-132358158,S3-134605504,S3-154850409,S3-305347033,S3-39532793	S3-226390850	Physical Therapy Coastal Group Board	710-B 7th Ave, Mandan, North Dakota	US	11	90.9090909090909	75.40983606557377	US|tok:coastal;US|2tok:physical_therapy;US|tok:physical;US|pfx8:physical;US|tok:therapy;US|anum:710_7th;US|pfx6:physic	Top-K Truncation / Bucket Slice (Shared keys: ['US|tok:coastal', 'US|2tok:physical_therapy'], but bucket sliced b[:8] or cap 15 reached)	Top-K Truncation / Bucket Slicing
S1-291991311	Physical Therapy Coastal Group	710 7th Avenue, Mandan, ND	US	S2-439359291,S2-523837175,S3-154850409,S3-226390850,S3-724901632	S2-541010747,S2-574903097,S2-605384211,S2-672988943,S2-959628323,S3-132358158,S3-134605504,S3-154850409,S3-305347033,S3-39532793	S3-724901632	Physical Therapy Coastal #85136	710-B Seventh Avenue, Mandan, North Dakota	US	11	81.9672131147541	73.52941176470588	US|tok:coastal;US|2tok:physical_therapy;US|tok:physical;US|pfx8:physical;US|tok:therapy;US|pfx6:physic	Top-K Truncation / Bucket Slice (Shared keys: ['US|tok:coastal', 'US|2tok:physical_therapy'], but bucket sliced b[:8] or cap 15 reached)	Top-K Truncation / Bucket Slicing
S1-291991311	Physical Therapy Coastal Group	710 7th Avenue, Mandan, ND	US	S2-439359291,S2-523837175,S3-154850409,S3-226390850,S3-724901632	S2-541010747,S2-574903097,S2-605384211,S2-672988943,S2-959628323,S3-132358158,S3-134605504,S3-154850409,S3-305347033,S3-39532793	S2-523837175	-- Physical Therapy Coastal Coastal Group	710 SEVENTH AVENUE, MANDAN, ND	US	11	84.50704225352112	89.28571428571429	US|tok:coastal;US|2tok:physical_therapy;US|tok:physical;US|pfx8:physical;US|tok:therapy;US|pfx6:physic	Top-K Truncation / Bucket Slice (Shared keys: ['US|tok:coastal', 'US|2tok:physical_therapy'], but bucket sliced b[:8] or cap 15 reached)	Top-K Truncation / Bucket Slicing
S1-291991311	Physical Therapy Coastal Group	710 7th Avenue, Mandan, ND	US	S2-439359291,S2-523837175,S3-154850409,S3-226390850,S3-724901632	S2-541010747,S2-574903097,S2-605384211,S2-672988943,S2-959628323,S3-132358158,S3-134605504,S3-154850409,S3-305347033,S3-39532793	S2-439359291	Physical Therapy Coastal		US	11	88.88888888888889	0.0	US|tok:coastal;US|2tok:physical_therapy;US|tok:physical;US|pfx8:physical;US|tok:therapy;US|pfx6:physic	Top-K Truncation / Bucket Slice (Shared keys: ['US|tok:coastal', 'US|2tok:physical_therapy'], but bucket sliced b[:8] or cap 15 reached)	Top-K Truncation / Bucket Slicing
S1-364278564	Mount Chapel	151 32 Parkway, Mt Orab, OH	US	S2-511096878,S3-683837036	S2-119710758,S2-178279399,S2-379647868,S2-437093408,S2-540191434,S2-683127361,S2-694150477,S2-729330235,S2-778898826,S2-815481472	S2-511096878	Mount Mount Chapel Co	WILLIAMSBURG, OH, 151-C 32 PKWY	US	15	72.72727272727273	37.93103448275862	US|tok:chapel;US|tok:mount	Top-K Truncation / Bucket Slice (Shared keys: ['US|tok:chapel', 'US|tok:mount'], but bucket sliced b[:8] or cap 15 reached)	Top-K Truncation / Bucket Slicing
S1-509571057	Keystone Summit Platforms	356 Racetrack Road, Unit #13, KY, Henderson	US	S2-622370392,S2-874755440,S3-424165347,S3-474470452,S3-753084901	S2-288286386,S2-31930128,S2-407234564,S2-583002677,S2-622370392,S2-860752186,S2-874755440,S2-895115583,S3-198493793,S3-474470452	S3-424165347	Keystone Summit Plátforms LP	Racetrack Road, N/A, Henderson, Kentucky	US	11	90.56603773584906	67.46987951807229	US|tok:summit;US|tok:keystone;US|pfx6:keysto;US|2tok:keystone_summit;US|pfx8:keystone	Top-K Truncation / Bucket Slice (Shared keys: ['US|tok:summit', 'US|tok:keystone'], but bucket sliced b[:8] or cap 15 reached)	Top-K Truncation / Bucket Slicing
S1-509571057	Keystone Summit Platforms	356 Racetrack Road, Unit #13, KY, Henderson	US	S2-622370392,S2-874755440,S3-424165347,S3-474470452,S3-753084901	S2-288286386,S2-31930128,S2-407234564,S2-583002677,S2-622370392,S2-860752186,S2-874755440,S2-895115583,S3-198493793,S3-474470452	S3-753084901	Keystone Summit Platforms Inc	Henderson, Kentucky, N/A, 356-358 Racetrack Rd	US	11	92.5925925925926	35.95505617977528	US|tok:summit;US|tok:keystone;US|pfx6:keysto;US|tok:platforms;US|pfx8:keystone;US|2tok:keystone_summit	Top-K Truncation / Bucket Slice (Shared keys: ['US|tok:summit', 'US|tok:keystone'], but bucket sliced b[:8] or cap 15 reached)	Top-K Truncation / Bucket Slicing
S1-150821320	CI Consulting Private Limited	84/63 H.No. 264 Tejab Mill Campus Anwarganj, Kanpur Nagar, Kanpur, Uttar Pradesh	India	S2-1352532,S2-278934966,S3-731627975,S3-777507499	S2-115255825,S2-1352532,S2-254778676,S2-278934966,S2-575784246,S2-616845108,S2-707164936,S2-929276935,S3-777507499,S3-822420754	S3-731627975	Private CI Cobsuitng Limited	4/63 H.no. 264 Tejab Mill Campus Anwarganj, Kanpur, Kanpur Nagar, UP	India	10	63.1578947368421	85.13513513513513		No Shared Blocking Key Generated (Name Sim: 63.1578947368421%, Addr Sim: 85.13513513513513%)	No Blocking Rule Hit
S1-112860356	Good Logistics Private Limited	Office No 1405, Kamdhenu Commerz Premises, Sector 14, Plot No 02, Panvel, Raigarh(Mh), Maharashtra	India	S2-206465802,S3-540550907	S2-166561283,S2-179909072,S2-303292683,S2-424428137,S2-483203433,S2-660336711,S2-741967285,S2-796780089,S2-878927188,S2-880282355	S2-206465802	गुड लॉजिस्टिक्स प्राइवेट लिमिटेड	KAMDHENU COMMERZ PREMISES, SECTOR 14, PLOT NO 02, OFFICE NO 1405, PANVEL, RAIGARH(MH), Maharashtra	India	15	9.677419354838712	83.6734693877551		Address Correlated but Name Dissimilar (Addr Sim: 83.6734693877551%, missed address blocking key)	Address Correlated but Name Unmatched
S1-112860356	Good Logistics Private Limited	Office No 1405, Kamdhenu Commerz Premises, Sector 14, Plot No 02, Panvel, Raigarh(Mh), Maharashtra	India	S2-206465802,S3-540550907	S2-166561283,S2-179909072,S2-303292683,S2-424428137,S2-483203433,S2-660336711,S2-741967285,S2-796780089,S2-878927188,S2-880282355	S3-540550907	Private Good Logistics Ltd	MH, Panvel, Kamdhenu Commerz Premises, Sector 14, Plot No 02, Raigarh(mh), Office No 1405	India	15	64.28571428571428	71.65775401069519	INDIA|2tok:good_logistics;INDIA|tok:logistics;INDIA|tok:good	Top-K Truncation / Bucket Slice (Shared keys: ['INDIA|2tok:good_logistics', 'INDIA|tok:logistics'], but bucket sliced b[:8] or cap 15 reached)	Top-K Truncation / Bucket Slicing
S1-40045119	Chloette Mason Allied Tree LLC	1 Overland Street, Boston, MA	US	S2-567173566,S2-812864732,S3-259374125,S3-866269092,S3-987704465	S2-16311060,S2-176386726,S2-267399510,S2-340425343,S2-446629649,S2-457232752,S2-565433866,S2-589352990,S2-601431155,S2-659646394	S3-259374125	Veraonyx aka Chloette Mason Allied Tree LLC	1 Overland Street, Boston, MA	US	15	82.1917808219178	100.0	US|tok:allied;US|tok:tree;US|anum:1_overland;US|tok:mason;US|tok:chloette	Top-K Truncation / Bucket Slice (Shared keys: ['US|tok:allied', 'US|tok:tree'], but bucket sliced b[:8] or cap 15 reached)	Top-K Truncation / Bucket Slicing
S1-40045119	Chloette Mason Allied Tree LLC	1 Overland Street, Boston, MA	US	S2-567173566,S2-812864732,S3-259374125,S3-866269092,S3-987704465	S2-16311060,S2-176386726,S2-267399510,S2-340425343,S2-446629649,S2-457232752,S2-565433866,S2-589352990,S2-601431155,S2-659646394	S2-567173566	Chloette Mason Allied Tree	1 OVERLAND STREET, BOSTON, MA	US	15	92.85714285714286	100.0	US|tok:allied;US|tok:tree;US|2tok:chloette_mason;US|anum:1_overland;US|tok:mason;US|tok:chloette;US|pfx6:chloet;US|pfx8:chloette	Top-K Truncation / Bucket Slice (Shared keys: ['US|tok:allied', 'US|tok:tree'], but bucket sliced b[:8] or cap 15 reached)	Top-K Truncation / Bucket Slicing
S1-40045119	Chloette Mason Allied Tree LLC	1 Overland Street, Boston, MA	US	S2-567173566,S2-812864732,S3-259374125,S3-866269092,S3-987704465	S2-16311060,S2-176386726,S2-267399510,S2-340425343,S2-446629649,S2-457232752,S2-565433866,S2-589352990,S2-601431155,S2-659646394	S3-866269092	Chloette Mason Allied Tree		US	15	92.85714285714286	0.0	US|tok:allied;US|tok:tree;US|2tok:chloette_mason;US|tok:mason;US|tok:chloette;US|pfx6:chloet;US|pfx8:chloette	Top-K Truncation / Bucket Slice (Shared keys: ['US|tok:allied', 'US|tok:tree'], but bucket sliced b[:8] or cap 15 reached)	Top-K Truncation / Bucket Slicing
S1-837908386	A Cure 3 You Inc.	103 Hampton Lee Court, Unit 1A, Cary, NC	US	S2-178477919,S2-595535519,S3-19216036,S3-228282490,S3-830327797	S2-106061117,S2-138434120,S2-224174775,S2-280526082,S2-315353318,S2-321635609,S2-333785821,S2-400367566,S2-555205836,S2-638786433	S3-830327797	A Cure 3 You [Inc]		US	15	91.42857142857143	0.0	US|pfx6:acure3;US|pfx8:acure3yo;US|2tok:a_cure;US|alpha:acure3youinc;US|tok:cure	Top-K Truncation / Bucket Slice (Shared keys: ['US|pfx6:acure3', 'US|pfx8:acure3yo'], but bucket sliced b[:8] or cap 15 reached)	Top-K Truncation / Bucket Slicing
S1-837908386	A Cure 3 You Inc.	103 Hampton Lee Court, Unit 1A, Cary, NC	US	S2-178477919,S2-595535519,S3-19216036,S3-228282490,S3-830327797	S2-106061117,S2-138434120,S2-224174775,S2-280526082,S2-315353318,S2-321635609,S2-333785821,S2-400367566,S2-555205836,S2-638786433	S2-178477919	Ínc. A Cure 3 Y0u	103 HAMPTON LEE CT, CARY, NC	US	15	64.70588235294117	82.35294117647058	US|tok:cure;US|anum:103_hampton	Top-K Truncation / Bucket Slice (Shared keys: ['US|tok:cure', 'US|anum:103_hampton'], but bucket sliced b[:8] or cap 15 reached)	Top-K Truncation / Bucket Slicing
S1-837908386	A Cure 3 You Inc.	103 Hampton Lee Court, Unit 1A, Cary, NC	US	S2-178477919,S2-595535519,S3-19216036,S3-228282490,S3-830327797	S2-106061117,S2-138434120,S2-224174775,S2-280526082,S2-315353318,S2-321635609,S2-333785821,S2-400367566,S2-555205836,S2-638786433	S2-595535519	INC. A CURE 3 YOU	103 HAMPTON LEE CT, CARY, NC	US	15	70.58823529411764	82.35294117647058	US|2tok:a_cure;US|tok:cure;US|anum:103_hampton	Top-K Truncation / Bucket Slice (Shared keys: ['US|2tok:a_cure', 'US|tok:cure'], but bucket sliced b[:8] or cap 15 reached)	Top-K Truncation / Bucket Slicing
S1-837908386	A Cure 3 You Inc.	103 Hampton Lee Court, Unit 1A, Cary, NC	US	S2-178477919,S2-595535519,S3-19216036,S3-228282490,S3-830327797	S2-106061117,S2-138434120,S2-224174775,S2-280526082,S2-315353318,S2-321635609,S2-333785821,S2-400367566,S2-555205836,S2-638786433	S3-19216036	cure3you.com	103 Hampton Lee Ct, # 1A, Cary, North Carolina	US	15	62.06896551724138	76.74418604651163	US|anum:103_hampton	Top-K Truncation / Bucket Slice (Shared keys: ['US|anum:103_hampton'], but bucket sliced b[:8] or cap 15 reached)	Top-K Truncation / Bucket Slicing
S1-837908386	A Cure 3 You Inc.	103 Hampton Lee Court, Unit 1A, Cary, NC	US	S2-178477919,S2-595535519,S3-19216036,S3-228282490,S3-830327797	S2-106061117,S2-138434120,S2-224174775,S2-280526082,S2-315353318,S2-321635609,S2-333785821,S2-400367566,S2-555205836,S2-638786433	S3-228282490	A Cure 3 (You)	103 Hampton Lee Ct, Unit 1A, Cary, North Carolina	US	15	77.41935483870968	83.14606741573034	US|anum:103_hampton;US|pfx6:acure3;US|pfx8:acure3yo;US|2tok:a_cure;US|tok:cure	Top-K Truncation / Bucket Slice (Shared keys: ['US|anum:103_hampton', 'US|pfx6:acure3'], but bucket sliced b[:8] or cap 15 reached)	Top-K Truncation / Bucket Slicing
S1-967500830	Cozy Tavern!	505 White Street, Unit 505, Floydada, TX	US	S3-748439687,S3-786079255	S2-149218229,S2-224179228,S2-370867674,S2-378861859,S2-481695037,S2-489123910,S2-675256722,S2-751818635,S2-867274590,S2-91569069	S3-748439687	Cozy Tavern!	Floydada CITY, 00505 White Street, Texas	US	16	100.0	50.0	US|tok:tavern;US|pfx6:cozyta;US|2tok:cozy_tavern;US|pfx8:cozytave;US|tok:cozy;US|alpha:cozytavern	Top-K Truncation / Bucket Slice (Shared keys: ['US|tok:tavern', 'US|pfx6:cozyta'], but bucket sliced b[:8] or cap 15 reached)	Top-K Truncation / Bucket Slicing
S1-718976444	Mumbai Bharat Pvt. Ltd.	702 Sneh Building, Anandnagar Near Mohan Soc, Dahisar East, Mumbai, Mumbai City, Maharashtra	India	S2-746094731,S3-375212697,S3-449207960	S2-26563536,S2-274983537,S2-384915739,S2-606311650,S2-636932797,S2-648353945,S2-746094731,S2-769653542,S3-375212697,S3-690503067	S3-449207960	Miradova dba Mumbai Bharat Pvt. Ltd.	Maharashtra, Anandnagar Near Mohan Soc, Dahisar East, Mumbai City, 702 Sneh Building, Mumbai	India	11	77.96610169491525	66.30434782608697	INDIA|tok:mumbai;INDIA|tok:bharat	Top-K Truncation / Bucket Slice (Shared keys: ['INDIA|tok:mumbai', 'INDIA|tok:bharat'], but bucket sliced b[:8] or cap 15 reached)	Top-K Truncation / Bucket Slicing
S1-304297041	Shivam Projects Private Limited	Howrah, Kolkata, Ground Floor Princeton Club 26 Prince Anwar Shah Road, West Bengal, Kolkata	India	S2-375598132,S2-670447394,S2-815785043,S3-11522767,S3-221793950,S3-514826910,S3-591984516,S3-851624444	S2-121877853,S2-23511706,S2-235923079,S2-291397749,S2-332247803,S2-412558587,S2-480080780,S2-501956177,S2-505041950,S2-522747475	S2-815785043	শিবম প্রজেক্টস প্রাইভেট লিমিটেড	GROUND FLOOR PRINCETON CLUB 26/6 PRINCE ANWAR SHAH ROAD, KOLKATA, HOWRAH, TOLLYGUNJE  KOLKATA, West Bengal	India	22	9.677419354838712	67.67676767676767		Address Correlated but Name Dissimilar (Addr Sim: 67.67676767676767%, missed address blocking key)	Address Correlated but Name Unmatched
S1-304297041	Shivam Projects Private Limited	Howrah, Kolkata, Ground Floor Princeton Club 26 Prince Anwar Shah Road, West Bengal, Kolkata	India	S2-375598132,S2-670447394,S2-815785043,S3-11522767,S3-221793950,S3-514826910,S3-591984516,S3-851624444	S2-121877853,S2-23511706,S2-235923079,S2-291397749,S2-332247803,S2-412558587,S2-480080780,S2-501956177,S2-505041950,S2-522747475	S3-514826910	Shivam Projects Limited Partners Partners	Ground Floor Princeton Club 26 Prince Anwar Shah Road, Kolkata, Howrah, পশ্চিমবঙ্গ	India	22	63.888888888888886	71.26436781609196	INDIA|pfx6:shivam;INDIA|pfx8:shivampr;INDIA|tok:projects;INDIA|2tok:shivam_projects;INDIA|tok:shivam	Top-K Truncation / Bucket Slice (Shared keys: ['INDIA|pfx6:shivam', 'INDIA|pfx8:shivampr'], but bucket sliced b[:8] or cap 15 reached)	Top-K Truncation / Bucket Slicing
S1-304297041	Shivam Projects Private Limited	Howrah, Kolkata, Ground Floor Princeton Club 26 Prince Anwar Shah Road, West Bengal, Kolkata	India	S2-375598132,S2-670447394,S2-815785043,S3-11522767,S3-221793950,S3-514826910,S3-591984516,S3-851624444	S2-121877853,S2-23511706,S2-235923079,S2-291397749,S2-332247803,S2-412558587,S2-480080780,S2-501956177,S2-505041950,S2-522747475	S3-851624444	Prvate Shivam Projects Limited	Ground Floor Princeton Club 26 Prince Anwar Shah Road, Kolkata, Howrah, পশ্চিমবঙ্গ	India	22	75.40983606557377	71.26436781609196	INDIA|tok:projects;INDIA|tok:shivam	Top-K Truncation / Bucket Slice (Shared keys: ['INDIA|tok:projects', 'INDIA|tok:shivam'], but bucket sliced b[:8] or cap 15 reached)	Top-K Truncation / Bucket Slicing
S1-304297041	Shivam Projects Private Limited	Howrah, Kolkata, Ground Floor Princeton Club 26 Prince Anwar Shah Road, West Bengal, Kolkata	India	S2-375598132,S2-670447394,S2-815785043,S3-11522767,S3-221793950,S3-514826910,S3-591984516,S3-851624444	S2-121877853,S2-23511706,S2-235923079,S2-291397749,S2-332247803,S2-412558587,S2-480080780,S2-501956177,S2-505041950,S2-522747475	S2-375598132	শিবম প্রজেক্টস প্রাইভেট লিমিটেড	GROUND FLOOR PRINCETON CLUB 26/6 PRINCE ANWAR SHAH ROAD, KOLKATA, পশ্চিমবঙ্গ	India	22	9.677419354838712	73.80952380952381		Address Correlated but Name Dissimilar (Addr Sim: 73.80952380952381%, missed address blocking key)	Address Correlated but Name Unmatched
S1-304297041	Shivam Projects Private Limited	Howrah, Kolkata, Ground Floor Princeton Club 26 Prince Anwar Shah Road, West Bengal, Kolkata	India	S2-375598132,S2-670447394,S2-815785043,S3-11522767,S3-221793950,S3-514826910,S3-591984516,S3-851624444	S2-121877853,S2-23511706,S2-235923079,S2-291397749,S2-332247803,S2-412558587,S2-480080780,S2-501956177,S2-505041950,S2-522747475	S3-591984516	Shivam Projects Private	Ground Floor Princeton Club 26 Prince Anwar Shah Road, Kolkata, Howrah, পশ্চিমবঙ্গ	India	22	85.18518518518519	71.26436781609196	INDIA|pfx6:shivam;INDIA|pfx8:shivampr;INDIA|tok:projects;INDIA|2tok:shivam_projects;INDIA|tok:shivam	Top-K Truncation / Bucket Slice (Shared keys: ['INDIA|pfx6:shivam', 'INDIA|pfx8:shivampr'], but bucket sliced b[:8] or cap 15 reached)	Top-K Truncation / Bucket Slicing
S1-304297041	Shivam Projects Private Limited	Howrah, Kolkata, Ground Floor Princeton Club 26 Prince Anwar Shah Road, West Bengal, Kolkata	India	S2-375598132,S2-670447394,S2-815785043,S3-11522767,S3-221793950,S3-514826910,S3-591984516,S3-851624444	S2-121877853,S2-23511706,S2-235923079,S2-291397749,S2-332247803,S2-412558587,S2-480080780,S2-501956177,S2-505041950,S2-522747475	S3-11522767	Shivam Projects Private Ltd	Ground Floor Princeton Club 26 Prince Anwar Shah Road, Kolkata, Howrah, Kolkata, WB	India	22	93.10344827586206	76.57142857142857	INDIA|pfx6:shivam;INDIA|pfx8:shivampr;INDIA|tok:projects;INDIA|2tok:shivam_projects;INDIA|tok:shivam	Top-K Truncation / Bucket Slice (Shared keys: ['INDIA|pfx6:shivam', 'INDIA|pfx8:shivampr'], but bucket sliced b[:8] or cap 15 reached)	Top-K Truncation / Bucket Slicing
S1-304297041	Shivam Projects Private Limited	Howrah, Kolkata, Ground Floor Princeton Club 26 Prince Anwar Shah Road, West Bengal, Kolkata	India	S2-375598132,S2-670447394,S2-815785043,S3-11522767,S3-221793950,S3-514826910,S3-591984516,S3-851624444	S2-121877853,S2-23511706,S2-235923079,S2-291397749,S2-332247803,S2-412558587,S2-480080780,S2-501956177,S2-505041950,S2-522747475	S3-221793950	Shivam Private Projects Limited	Ground Floor Princeton Club 26 Prince Anwar Shah Road, Kolkata, Howrah, পশ্চিমবঙ্গ	India	22	74.19354838709677	71.26436781609196	INDIA|pfx6:shivam;INDIA|pfx8:shivampr;INDIA|tok:projects;INDIA|2tok:shivam_projects;INDIA|tok:shivam	Top-K Truncation / Bucket Slice (Shared keys: ['INDIA|pfx6:shivam', 'INDIA|pfx8:shivampr'], but bucket sliced b[:8] or cap 15 reached)	Top-K Truncation / Bucket Slicing
S1-304297041	Shivam Projects Private Limited	Howrah, Kolkata, Ground Floor Princeton Club 26 Prince Anwar Shah Road, West Bengal, Kolkata	India	S2-375598132,S2-670447394,S2-815785043,S3-11522767,S3-221793950,S3-514826910,S3-591984516,S3-851624444	S2-121877853,S2-23511706,S2-235923079,S2-291397749,S2-332247803,S2-412558587,S2-480080780,S2-501956177,S2-505041950,S2-522747475	S2-670447394	Shivam Projects Private	GROUD FLOOR PRINCETON CLUB 26/6 PRINCE ANWAR SHAH ROAD, KOLKATA, KOLKATA, পশ্চিমবঙ্গ	India	22	85.18518518518519	73.86363636363636	INDIA|pfx6:shivam;INDIA|pfx8:shivampr;INDIA|tok:projects;INDIA|2tok:shivam_projects;INDIA|tok:shivam	Top-K Truncation / Bucket Slice (Shared keys: ['INDIA|pfx6:shivam', 'INDIA|pfx8:shivampr'], but bucket sliced b[:8] or cap 15 reached)	Top-K Truncation / Bucket Slicing
S1-177943533	Orbyn Federal	606 Panama Court, Granbury, TX	US	S2-177693797,S3-135826486,S3-191166289,S3-234174833	S2-166219631,S2-177693797,S2-212166794,S2-232308906,S2-233669971,S2-316164412,S2-328679242,S2-353620104,S2-35889458,S2-379700304	S3-135826486	Orbyn Féderal	Texas, Garnbury CITY, 606 Panama Ct	US	18	92.3076923076923	40.0	US|tok:orbyn;US|pfx6:orbynf	Top-K Truncation / Bucket Slice (Shared keys: ['US|tok:orbyn', 'US|pfx6:orbynf'], but bucket sliced b[:8] or cap 15 reached)	Top-K Truncation / Bucket Slicing
S1-868064087	Kashish Fuel Private Limited	Chennai, Tamil Nadu, 3/171 Silicon Valley Q Block I. T. Highway Old Mahapalipuram Road, Thuraipakkam	India	S2-245059100,S2-512704372,S2-783299750,S2-848113409,S3-613605522,S3-65586630	S2-153058271,S2-156617523,S2-193478056,S2-245059100,S2-427771154,S2-443472470,S2-488140621,S2-512704372,S2-783299750,S2-797230181	S3-613605522	Sri Kashish  Fuel Private Limited	#3/171 Silicon Valley Q Block I. T. Highway Old Mahapalipuram Road, Madras, Chennai, TN	India	15	91.80327868852459	74.8663101604278	INDIA|tok:kashish;INDIA|tok:fuel	Top-K Truncation / Bucket Slice (Shared keys: ['INDIA|tok:kashish', 'INDIA|tok:fuel'], but bucket sliced b[:8] or cap 15 reached)	Top-K Truncation / Bucket Slicing
S1-868064087	Kashish Fuel Private Limited	Chennai, Tamil Nadu, 3/171 Silicon Valley Q Block I. T. Highway Old Mahapalipuram Road, Thuraipakkam	India	S2-245059100,S2-512704372,S2-783299750,S2-848113409,S3-613605522,S3-65586630	S2-153058271,S2-156617523,S2-193478056,S2-245059100,S2-427771154,S2-443472470,S2-488140621,S2-512704372,S2-783299750,S2-797230181	S3-65586630	Kashish FUEL Private Limited - 9575757861	No 3/171 Silicon Valley Q Block I. T. Highway Old Mahapalipuram Road, Thuraipakkam, Madras, Chennai, TN	India	15	81.15942028985508	79.80295566502463	INDIA|pfx8:kashishf;INDIA|tok:kashish;INDIA|tok:fuel;INDIA|pfx6:kashis;INDIA|2tok:kashish_fuel	Top-K Truncation / Bucket Slice (Shared keys: ['INDIA|pfx8:kashishf', 'INDIA|tok:kashish'], but bucket sliced b[:8] or cap 15 reached)	Top-K Truncation / Bucket Slicing
S1-409256428	Future Projects Private Limited	No-10, West Karikalan, Street, Adambakkam, Saidapet, Kanchipuram, Tamil Nadu	India	S2-639703058,S2-711688682,S2-942427657,S3-503380310	S2-212973319,S2-286839113,S2-31276059,S2-343307170,S2-445392213,S2-470033619,S2-515146456,S2-730951100,S2-769672821,S2-843034402	S2-711688682	ஃபியூச்சர் புராஜெக்ட்ஸ் பிரைவேட் லிமிடெட்	NO-10, WEST KARIKALAN, STREET, ADAMBAKKAM, KANCHIPURAM, SAIDAPET, Tamil Nadu	India	15	8.333333333333337	86.8421052631579	INDIA|anum:10_karikalan	Top-K Truncation / Bucket Slice (Shared keys: ['INDIA|anum:10_karikalan'], but bucket sliced b[:8] or cap 15 reached)	Top-K Truncation / Bucket Slicing
S1-409256428	Future Projects Private Limited	No-10, West Karikalan, Street, Adambakkam, Saidapet, Kanchipuram, Tamil Nadu	India	S2-639703058,S2-711688682,S2-942427657,S3-503380310	S2-212973319,S2-286839113,S2-31276059,S2-343307170,S2-445392213,S2-470033619,S2-515146456,S2-730951100,S2-769672821,S2-843034402	S2-639703058	ஃபியூச்சர் புராஜெக்ட்ஸ் பிரைவேட் லிமிடெட்	WEST KARIKALAN, STREET, ADAMBAKKAM, NO-10, KANCHIPURAM, Tamil Nadu, SAIDAPET	India	15	8.333333333333337	80.26315789473684	INDIA|anum:10_karikalan	Top-K Truncation / Bucket Slice (Shared keys: ['INDIA|anum:10_karikalan'], but bucket sliced b[:8] or cap 15 reached)	Top-K Truncation / Bucket Slicing
S1-409256428	Future Projects Private Limited	No-10, West Karikalan, Street, Adambakkam, Saidapet, Kanchipuram, Tamil Nadu	India	S2-639703058,S2-711688682,S2-942427657,S3-503380310	S2-212973319,S2-286839113,S2-31276059,S2-343307170,S2-445392213,S2-470033619,S2-515146456,S2-730951100,S2-769672821,S2-843034402	S3-503380310	Future Projects Private Límited	No-10, Saidapet, Kanchipuram, தமிழ்நாடு	India	15	96.7741935483871	52.17391304347826	INDIA|pfx8:futurepr;INDIA|tok:projects;INDIA|pfx6:future;INDIA|tok:future;INDIA|2tok:future_projects	Top-K Truncation / Bucket Slice (Shared keys: ['INDIA|pfx8:futurepr', 'INDIA|tok:projects'], but bucket sliced b[:8] or cap 15 reached)	Top-K Truncation / Bucket Slicing
S1-240050566	Frontier Holdings	216 Jefferson Pike, Lavergne, TN	US	S2-564377611,S2-926297831,S3-110644764,S3-168601769,S3-509765407,S3-886077092	S2-164897022,S2-302165005,S2-473231973,S2-51186257,S2-539842882,S2-562544106,S2-564377611,S2-725550900,S2-922217777,S2-926297831	S3-110644764	Frontier Holdings	216 Jefferson Pike, Lavergne, Tennessee	US	14	100.0	90.14084507042254	US|anum:216_jefferson;US|alpha:frontierholdings;US|pfx6:fronti;US|tok:frontier;US|pfx8:frontier	Top-K Truncation / Bucket Slice (Shared keys: ['US|anum:216_jefferson', 'US|alpha:frontierholdings'], but bucket sliced b[:8] or cap 15 reached)	Top-K Truncation / Bucket Slicing
S1-240050566	Frontier Holdings	216 Jefferson Pike, Lavergne, TN	US	S2-564377611,S2-926297831,S3-110644764,S3-168601769,S3-509765407,S3-886077092	S2-164897022,S2-302165005,S2-473231973,S2-51186257,S2-539842882,S2-562544106,S2-564377611,S2-725550900,S2-922217777,S2-926297831	S3-509765407	Frontier	216 Jefferson Pike, Lavergne, Tennessee	US	14	64.0	90.14084507042254	US|tok:frontier;US|pfx6:fronti;US|anum:216_jefferson;US|pfx8:frontier	Top-K Truncation / Bucket Slice (Shared keys: ['US|tok:frontier', 'US|pfx6:fronti'], but bucket sliced b[:8] or cap 15 reached)	Top-K Truncation / Bucket Slicing
S1-240050566	Frontier Holdings	216 Jefferson Pike, Lavergne, TN	US	S2-564377611,S2-926297831,S3-110644764,S3-168601769,S3-509765407,S3-886077092	S2-164897022,S2-302165005,S2-473231973,S2-51186257,S2-539842882,S2-562544106,S2-564377611,S2-725550900,S2-922217777,S2-926297831	S3-168601769	Frontier LLC	216 Jefferson Pike, Lavergne, Tennessee	US	14	68.96551724137932	90.14084507042254	US|tok:frontier;US|pfx6:fronti;US|anum:216_jefferson;US|pfx8:frontier	Top-K Truncation / Bucket Slice (Shared keys: ['US|tok:frontier', 'US|pfx6:fronti'], but bucket sliced b[:8] or cap 15 reached)	Top-K Truncation / Bucket Slicing
S1-840622396	Gulf Kochav	1801 Baker Boulevard, Carthage, MO	US	S3-463165437	S2-391672523,S2-571637613,S2-582980413,S2-660809970,S2-721436482,S2-817861223,S2-821542988,S2-857839070,S2-865634471,S2-91015101	S3-463165437	Gulf-Center	01801 Baker Boulevard, Carthage, Missouri	US	13	45.45454545454546	90.66666666666666	US|tok:gulf	Top-K Truncation / Bucket Slice (Shared keys: ['US|tok:gulf'], but bucket sliced b[:8] or cap 15 reached)	Top-K Truncation / Bucket Slicing
S1-130034572	Piedmont Alliance V PC	Weddington, 1224 Willow Oaks Trail, NC	US	S3-410656726,S3-779413536	S2-155281589,S2-155507226,S2-357351506,S2-477873982,S2-505768561,S2-72570160,S2-761881077,S2-923568390	S3-779413536	Piedmont Álliance V PC-Council	1224 Willow Oaks Trl, Weddington, North Carolina	US	8	80.76923076923077	55.81395348837209	US|pfx8:piedmont;US|tok:piedmont;US|pfx6:piedmo	Top-K Truncation / Bucket Slice (Shared keys: ['US|pfx8:piedmont', 'US|tok:piedmont'], but bucket sliced b[:8] or cap 15 reached)	Top-K Truncation / Bucket Slicing
S1-130034572	Piedmont Alliance V PC	Weddington, 1224 Willow Oaks Trail, NC	US	S3-410656726,S3-779413536	S2-155281589,S2-155507226,S2-357351506,S2-477873982,S2-505768561,S2-72570160,S2-761881077,S2-923568390	S3-410656726	Piedmont V Alliance PC	1224 Willow Oaks Trl, Matthews, North Carolina	US	8	90.9090909090909	57.14285714285714	US|pfx8:piedmont;US|tok:alliance;US|tok:piedmont;US|pfx6:piedmo	Top-K Truncation / Bucket Slice (Shared keys: ['US|pfx8:piedmont', 'US|tok:alliance'], but bucket sliced b[:8] or cap 15 reached)	Top-K Truncation / Bucket Slicing
S1-164072881	Bennett's Transport	46 Village Gate Boulevard, Delaware, OH	US	S2-856375008,S3-779046844	S2-182420234,S2-183471189,S2-493034918,S2-714147821,S2-818161426,S2-880588253,S2-890134138,S2-928768536,S2-93211145,S3-198970565	S2-856375008	Bennett's Transport Corporation	46 VILLAGE GATE BOULEVARD, DELAWARE, OH	US	15	76.0	100.0	US|tok:transport;US|tok:bennett;US|2tok:bennett_s;US|anum:46_village;US|pfx6:bennet;US|pfx8:bennetts	Top-K Truncation / Bucket Slice (Shared keys: ['US|tok:transport', 'US|tok:bennett'], but bucket sliced b[:8] or cap 15 reached)	Top-K Truncation / Bucket Slicing
S1-587645790	Bjr Impex Private Limited	C Block Jaldarourkela, Sundargarh, Orissa	India	S2-38237599,S2-508892039,S2-974162610,S3-342417445,S3-704943187,S3-911918618	S2-38237599,S2-508892039,S2-609836564,S3-342417445	S3-704943187	lmpexbjr.Com	H.no 83- C Block Jaldarourkela, Sundargarh, OD	India	4	32.432432432432435	82.75862068965517		Address Correlated but Name Dissimilar (Addr Sim: 82.75862068965517%, missed address blocking key)	Address Correlated but Name Unmatched
S1-587645790	Bjr Impex Private Limited	C Block Jaldarourkela, Sundargarh, Orissa	India	S2-38237599,S2-508892039,S2-974162610,S3-342417445,S3-704943187,S3-911918618	S2-38237599,S2-508892039,S2-609836564,S3-342417445	S3-911918618	Bjr Ímpex Private Limited	Sundargarh, H.no 83- C Block Jaldarourkela, Sundargarh, OD	India	4	96.0	72.72727272727273		No Shared Blocking Key Generated (Name Sim: 96.0%, Addr Sim: 72.72727272727273%)	No Blocking Rule Hit
S1-587645790	Bjr Impex Private Limited	C Block Jaldarourkela, Sundargarh, Orissa	India	S2-38237599,S2-508892039,S2-974162610,S3-342417445,S3-704943187,S3-911918618	S2-38237599,S2-508892039,S2-609836564,S3-342417445	S2-974162610	PRIVATE BJR IMDXE LIMITED	H.NO #838 C BLOCK JALDAROURKELA, SUNDARGARH, ଓଡ଼ିଶା	India	4	64.0	76.08695652173914		No Shared Blocking Key Generated (Name Sim: 64.0%, Addr Sim: 76.08695652173914%)	No Blocking Rule Hit
S1-487652257	Vedyne Detailing LLC	24W 740 Argyle Avenue, IL, Roselle	US	S2-191176296,S2-695864569,S3-26422336	S2-191176296,S2-275566070,S2-39018940,S2-474092093,S2-482017788,S2-518237223,S2-656485627,S2-662301310,S2-665448536,S2-723382964	S2-695864569	Vedyne Dlllaing LLC	IL, 34W 740 ARGYLE AVE, ROSELLE	US	16	82.05128205128204	80.0	US|pfx6:vedyne;US|tok:vedyne	Top-K Truncation / Bucket Slice (Shared keys: ['US|pfx6:vedyne', 'US|tok:vedyne'], but bucket sliced b[:8] or cap 15 reached)	Top-K Truncation / Bucket Slicing
S1-281725882	Chennai Developmentcompany Private Limited	No.4, Raniji Nagar Annex 1St Street, Madananthapuram, Porur, Chennai, Tamil Nadu	India	S2-977962604,S3-293567226,S3-356391479,S3-455400858,S3-5194913	S2-148503000,S2-177126739,S2-30903990,S2-313734020,S2-365668162,S2-409112517,S2-414170239,S2-51871820,S2-53599689,S2-692600588	S3-455400858	Chennai Developmentcompany Private Límited	Raniji Nagar Annex 1St Street, Madananthapuram, Porur, Chennai, Ghaziabad, No.4, தமிழ்நாடு	India	16	97.61904761904762	80.0	INDIA|anum:4_raniji;INDIA|tok:developmentcompany;INDIA|tok:chennai;INDIA|pfx6:chenna;INDIA|pfx8:chennaid;INDIA|2tok:chennai_developmentcompany	Top-K Truncation / Bucket Slice (Shared keys: ['INDIA|anum:4_raniji', 'INDIA|tok:developmentcompany'], but bucket sliced b[:8] or cap 15 reached)	Top-K Truncation / Bucket Slicing
S1-281725882	Chennai Developmentcompany Private Limited	No.4, Raniji Nagar Annex 1St Street, Madananthapuram, Porur, Chennai, Tamil Nadu	India	S2-977962604,S3-293567226,S3-356391479,S3-455400858,S3-5194913	S2-148503000,S2-177126739,S2-30903990,S2-313734020,S2-365668162,S2-409112517,S2-414170239,S2-51871820,S2-53599689,S2-692600588	S3-356391479	Chennai Developmentcompany [Private]	No.4, Raniji Nagar Annex 1St Street, Madananthapuram, Porur, Ghaziabad, Chennai, TN	India	16	87.17948717948718	88.34355828220859	INDIA|anum:4_raniji;INDIA|tok:developmentcompany;INDIA|tok:chennai;INDIA|pfx6:chenna;INDIA|pfx8:chennaid;INDIA|2tok:chennai_developmentcompany	Top-K Truncation / Bucket Slice (Shared keys: ['INDIA|anum:4_raniji', 'INDIA|tok:developmentcompany'], but bucket sliced b[:8] or cap 15 reached)	Top-K Truncation / Bucket Slicing
S1-281725882	Chennai Developmentcompany Private Limited	No.4, Raniji Nagar Annex 1St Street, Madananthapuram, Porur, Chennai, Tamil Nadu	India	S2-977962604,S3-293567226,S3-356391479,S3-455400858,S3-5194913	S2-148503000,S2-177126739,S2-30903990,S2-313734020,S2-365668162,S2-409112517,S2-414170239,S2-51871820,S2-53599689,S2-692600588	S3-5194913	Chennai Developmentcompany [Private]	No.4, Raniji Nagar Annex 1St Street, Madananthapuram, Porur, Ghaziabad, Chennai, தமிழ்நாடு	India	16	87.17948717948718	82.35294117647058	INDIA|anum:4_raniji;INDIA|tok:developmentcompany;INDIA|tok:chennai;INDIA|pfx6:chenna;INDIA|pfx8:chennaid;INDIA|2tok:chennai_developmentcompany	Top-K Truncation / Bucket Slice (Shared keys: ['INDIA|anum:4_raniji', 'INDIA|tok:developmentcompany'], but bucket sliced b[:8] or cap 15 reached)	Top-K Truncation / Bucket Slicing
S1-92502000	Gadin (India) Electricals Public Limited	30 Apaki Industrial Premises Co-Op Socy. Ltd., Sidhpura Ind Estate Masranilane, Mumbai, Mumbai City, Maharashtra	India	S2-145893170,S2-715239216,S3-411025338	S2-138956735,S2-145893170,S2-210451730,S2-34687130,S2-414663284,S2-539777228,S2-572868359,S2-709142211,S2-715239216,S2-80137447	S3-411025338	Smt Gadin (India) Electricals Public	Mumbai Suburban, 30 Apaki Industrial Premises Co-op Socy. Ltd., महाराष्ट्र, Mumbai City, Sidhpura Ind Estate Masranilane	India	11	84.21052631578947	67.24137931034483	INDIA|tok:india;INDIA|tok:electricals;INDIA|tok:public;INDIA|tok:gadin	Top-K Truncation / Bucket Slice (Shared keys: ['INDIA|tok:india', 'INDIA|tok:electricals'], but bucket sliced b[:8] or cap 15 reached)	Top-K Truncation / Bucket Slicing
S1-268149339	North Enterprises Private Limited	Bid, Vadvani, 360, Maharashtra, Khadaki Tq Dharur Beed	India	S2-78602394,S3-221340716	S2-363357067,S2-486273508,S2-495676603,S2-505109991,S2-52103124,S2-538911360,S2-604935475,S2-620366952,S2-709170513,S2-728028284	S3-221340716	नॉर्थ एंटरप्राइजेज प्राइवेट लिमिटेड	No 657 360, Khadaki Tq Dharur Beed, Bid, Vadvani, MH	India	14	8.823529411764708	54.71698113207547		No Shared Blocking Key Generated (Name Sim: 8.823529411764708%, Addr Sim: 54.71698113207547%)	No Blocking Rule Hit
S1-667406578	Miles and Wright	28 County Road 5100, Cleveland, TX	US	S2-136825099,S2-797667917,S2-865922287,S3-591767607,S3-665903999	S2-12457369,S2-190486357,S2-237407472,S2-258887098,S2-273747441,S2-315908222,S2-319641382,S2-342462895,S2-355917297,S2-37047262	S2-865922287	Miles and Wright Co	#28 COUNTY ROAD 5100, CLEVELAND, TX	US	21	91.42857142857143	98.55072463768117	US|pfx8:milesand;US|tok:miles;US|pfx6:milesa;US|anum:28_county;US|2tok:miles_and;US|tok:wright	Top-K Truncation / Bucket Slice (Shared keys: ['US|pfx8:milesand', 'US|tok:miles'], but bucket sliced b[:8] or cap 15 reached)	Top-K Truncation / Bucket Slicing
S1-667406578	Miles and Wright	28 County Road 5100, Cleveland, TX	US	S2-136825099,S2-797667917,S2-865922287,S3-591767607,S3-665903999	S2-12457369,S2-190486357,S2-237407472,S2-258887098,S2-273747441,S2-315908222,S2-319641382,S2-342462895,S2-355917297,S2-37047262	S3-665903999	Gildpyra Co d/b/a Miles and Wright	28 County Road 5100, Cleveland, TX	US	21	64.0	100.0	US|tok:miles;US|tok:wright;US|anum:28_county	Top-K Truncation / Bucket Slice (Shared keys: ['US|tok:miles', 'US|tok:wright'], but bucket sliced b[:8] or cap 15 reached)	Top-K Truncation / Bucket Slicing
S1-667406578	Miles and Wright	28 County Road 5100, Cleveland, TX	US	S2-136825099,S2-797667917,S2-865922287,S3-591767607,S3-665903999	S2-12457369,S2-190486357,S2-237407472,S2-258887098,S2-273747441,S2-315908222,S2-319641382,S2-342462895,S2-355917297,S2-37047262	S3-591767607	Miles and Wídti	#32 County Road 5100, Cleveland, Texas	US	21	77.41935483870968	91.66666666666666	US|pfx8:milesand;US|pfx6:milesa;US|tok:miles;US|2tok:miles_and	Top-K Truncation / Bucket Slice (Shared keys: ['US|pfx8:milesand', 'US|pfx6:milesa'], but bucket sliced b[:8] or cap 15 reached)	Top-K Truncation / Bucket Slicing
S1-667406578	Miles and Wright	28 County Road 5100, Cleveland, TX	US	S2-136825099,S2-797667917,S2-865922287,S3-591767607,S3-665903999	S2-12457369,S2-190486357,S2-237407472,S2-258887098,S2-273747441,S2-315908222,S2-319641382,S2-342462895,S2-355917297,S2-37047262	S2-797667917	Miles Wright and	46-48 COUNTY ROAD 5100, PMB 7988, CLEVELAND, TX	US	21	75.0	81.4814814814815	US|tok:miles;US|tok:wright	Top-K Truncation / Bucket Slice (Shared keys: ['US|tok:miles', 'US|tok:wright'], but bucket sliced b[:8] or cap 15 reached)	Top-K Truncation / Bucket Slicing
S1-667406578	Miles and Wright	28 County Road 5100, Cleveland, TX	US	S2-136825099,S2-797667917,S2-865922287,S3-591767607,S3-665903999	S2-12457369,S2-190486357,S2-237407472,S2-258887098,S2-273747441,S2-315908222,S2-319641382,S2-342462895,S2-355917297,S2-37047262	S2-136825099	MILES WRIGHT AND	CLEVELAND, TX, 46-48 COUNTY ROAD 5100, PMB 7988	US	21	75.0	51.85185185185186	US|tok:miles;US|tok:wright	Top-K Truncation / Bucket Slice (Shared keys: ['US|tok:miles', 'US|tok:wright'], but bucket sliced b[:8] or cap 15 reached)	Top-K Truncation / Bucket Slicing
S1-908498505	LO Venture LLC	620 2nd Street, City Of Baraboo, WI	US	S2-410769724,S2-530229277,S2-708510386,S2-93112731,S3-45103835,S3-70675543	S2-194895696,S2-352478417,S2-530229277,S2-708510386,S2-786530243,S2-843348576,S2-93112731,S2-961375979,S3-187824613,S3-231939219	S3-70675543	Fayelyra	620 Second Street, Baraboo, Wisconsin	US	14	18.181818181818176	72.22222222222221		Address Correlated but Name Dissimilar (Addr Sim: 72.22222222222221%, missed address blocking key)	Address Correlated but Name Unmatched
S1-908498505	LO Venture LLC	620 2nd Street, City Of Baraboo, WI	US	S2-410769724,S2-530229277,S2-708510386,S2-93112731,S3-45103835,S3-70675543	S2-194895696,S2-352478417,S2-530229277,S2-708510386,S2-786530243,S2-843348576,S2-93112731,S2-961375979,S3-187824613,S3-231939219	S2-410769724	LO Vr LLC	CITY OF BARABOO, 620 SECOND ST, WI	US	14	78.26086956521739	55.072463768115945		No Shared Blocking Key Generated (Name Sim: 78.26086956521739%, Addr Sim: 55.072463768115945%)	No Blocking Rule Hit
S1-156883486	Gainey, Shanahan and Brown Chs Inc	604 Grand Lake Boulevard, West Chicago, IL	US	S2-401226343,S2-545445857,S3-692798021,S3-71161271,S3-791193224	S2-132359431,S2-257833158,S2-340006748,S2-398743607,S2-401226343,S2-434740286,S2-454992796,S2-545445857,S2-807480773,S2-815444916	S3-71161271	gaineybrownshanahan.com	604 Grand Lake Boulevard, West Chicago, Illinois	US	16	52.63157894736843	93.33333333333333	US|anum:604_grand;US|pfx6:gainey	Top-K Truncation / Bucket Slice (Shared keys: ['US|anum:604_grand', 'US|pfx6:gainey'], but bucket sliced b[:8] or cap 15 reached)	Top-K Truncation / Bucket Slicing
S1-372903225	Elevate Professional Center	74B, Lowther Road, Allahabad, Uttar Pradesh	India	S2-126687988,S2-247750190,S3-210640327,S3-320991724,S3-845582833	S2-105395167,S2-126687988,S2-247750190,S2-253899350,S2-293684026,S2-392453761,S2-399528395,S2-444599494,S2-564899813,S2-630676777	S3-320991724	Elevate Professional Clr	74B, Lowther Road, Kaushambi, Allahabad, UP	India	15	90.19607843137256	74.4186046511628	INDIA|2tok:elevate_professional;INDIA|pfx8:elevatep;INDIA|tok:elevate;INDIA|tok:professional;INDIA|pfx6:elevat	Top-K Truncation / Bucket Slice (Shared keys: ['INDIA|2tok:elevate_professional', 'INDIA|pfx8:elevatep'], but bucket sliced b[:8] or cap 15 reached)	Top-K Truncation / Bucket Slicing
S1-372903225	Elevate Professional Center	74B, Lowther Road, Allahabad, Uttar Pradesh	India	S2-126687988,S2-247750190,S3-210640327,S3-320991724,S3-845582833	S2-105395167,S2-126687988,S2-247750190,S2-253899350,S2-293684026,S2-392453761,S2-399528395,S2-444599494,S2-564899813,S2-630676777	S3-845582833	Miraumbra	74B, Lowther Road, Kaushambi, Allahabad, उत्तर प्रदेश	India	15	16.666666666666664	64.58333333333333		Address Correlated but Name Dissimilar (Addr Sim: 64.58333333333333%, missed address blocking key)	Address Correlated but Name Unmatched
S1-372903225	Elevate Professional Center	74B, Lowther Road, Allahabad, Uttar Pradesh	India	S2-126687988,S2-247750190,S3-210640327,S3-320991724,S3-845582833	S2-105395167,S2-126687988,S2-247750190,S2-253899350,S2-293684026,S2-392453761,S2-399528395,S2-444599494,S2-564899813,S2-630676777	S3-210640327	Cénter Professional Elevate	74B, Lowther Road, Kaushambi, Allahabad, UP	India	15	70.37037037037037	74.4186046511628	INDIA|tok:elevate;INDIA|tok:professional	Top-K Truncation / Bucket Slice (Shared keys: ['INDIA|tok:elevate', 'INDIA|tok:professional'], but bucket sliced b[:8] or cap 15 reached)	Top-K Truncation / Bucket Slicing
S1-621386822	Anand Impex Private Limited	15 809 Mhb Colony Kher Nagar, Bandra East M, Mumbai City, Maharashtra	India	S2-247294505,S2-558590345,S2-792501876,S3-354522799,S3-647419392	S2-105626906,S2-218251804,S2-237349275,S2-32511011,S2-460609805,S2-480699991,S2-520663018,S2-596209929,S2-734765097,S2-834796227	S3-647419392	>> Anand  Impex Private	No B3/15 809 Mhb Colony Kher Nagar, Bandra East M, Mumbai City, MH	India	15	76.0	88.88888888888889	INDIA|tok:anand;INDIA|pfx6:anandi;INDIA|tok:impex;INDIA|pfx8:anandimp;INDIA|anum:15_mhb;INDIA|2tok:anand_impex	Top-K Truncation / Bucket Slice (Shared keys: ['INDIA|tok:anand', 'INDIA|pfx6:anandi'], but bucket sliced b[:8] or cap 15 reached)	Top-K Truncation / Bucket Slicing
S1-621386822	Anand Impex Private Limited	15 809 Mhb Colony Kher Nagar, Bandra East M, Mumbai City, Maharashtra	India	S2-247294505,S2-558590345,S2-792501876,S3-354522799,S3-647419392	S2-105626906,S2-218251804,S2-237349275,S2-32511011,S2-460609805,S2-480699991,S2-520663018,S2-596209929,S2-734765097,S2-834796227	S2-792501876	आनंद इम्पेक्स प्राइवेट लिमिटेड	H.NO 015 809 MHB COLONY KHER NAGAR, BANDRA EAST M, MUMBAI CITY, Maharashtra	India	15	10.526315789473683	95.83333333333334		Address Correlated but Name Dissimilar (Addr Sim: 95.83333333333334%, missed address blocking key)	Address Correlated but Name Unmatched
S1-621386822	Anand Impex Private Limited	15 809 Mhb Colony Kher Nagar, Bandra East M, Mumbai City, Maharashtra	India	S2-247294505,S2-558590345,S2-792501876,S3-354522799,S3-647419392	S2-105626906,S2-218251804,S2-237349275,S2-32511011,S2-460609805,S2-480699991,S2-520663018,S2-596209929,S2-734765097,S2-834796227	S2-247294505	Anand Private Límited Services	NO 015 809 MHB COLONY KHER NAGAR, BANDRA EAST M, Maharashtra	India	15	70.17543859649122	86.82170542635659	INDIA|tok:anand	Top-K Truncation / Bucket Slice (Shared keys: ['INDIA|tok:anand'], but bucket sliced b[:8] or cap 15 reached)	Top-K Truncation / Bucket Slicing
S1-621386822	Anand Impex Private Limited	15 809 Mhb Colony Kher Nagar, Bandra East M, Mumbai City, Maharashtra	India	S2-247294505,S2-558590345,S2-792501876,S3-354522799,S3-647419392	S2-105626906,S2-218251804,S2-237349275,S2-32511011,S2-460609805,S2-480699991,S2-520663018,S2-596209929,S2-734765097,S2-834796227	S2-558590345	आनंद इम्पेक्स प्राइवेट लिमिटेड	015 809 MHB COLONY KHER NAGAR, BANDRA EAST M, MUMBAI CITY, Maharashtra	India	15	10.526315789473683	99.28057553956835		Address Correlated but Name Dissimilar (Addr Sim: 99.28057553956835%, missed address blocking key)	Address Correlated but Name Unmatched
S1-621386822	Anand Impex Private Limited	15 809 Mhb Colony Kher Nagar, Bandra East M, Mumbai City, Maharashtra	India	S2-247294505,S2-558590345,S2-792501876,S3-354522799,S3-647419392	S2-105626906,S2-218251804,S2-237349275,S2-32511011,S2-460609805,S2-480699991,S2-520663018,S2-596209929,S2-734765097,S2-834796227	S3-354522799	anand impex private limited	No B3/15 809 Mhb Colony Kher Nagar, Mumbai City, महाराष्ट्र	India	15	100.0	67.1875	INDIA|tok:anand;INDIA|pfx6:anandi;INDIA|tok:impex;INDIA|pfx8:anandimp;INDIA|anum:15_mhb;INDIA|alpha:anandimpexprivatelimited;INDIA|2tok:anand_impex	Top-K Truncation / Bucket Slice (Shared keys: ['INDIA|tok:anand', 'INDIA|pfx6:anandi'], but bucket sliced b[:8] or cap 15 reached)	Top-K Truncation / Bucket Slicing
S1-238012566	Baldwin Superior Farms LLC	5016 85, New Salem, ND	US	S2-231992389,S3-473914768,S3-532526706,S3-538256219	S2-130736319,S2-133967801,S2-186193638,S2-231992389,S2-400156183,S2-575639466,S2-668894286,S2-695248390,S2-768086730,S3-199409591	S3-538256219	Baldwin Subperoir Farms LLC	North Dakota, New Salem, 5016 85	US	13	94.33962264150944	51.85185185185186	US|tok:farms;US|tok:baldwin;US|pfx6:baldwi;US|pfx8:baldwins	Top-K Truncation / Bucket Slice (Shared keys: ['US|tok:farms', 'US|tok:baldwin'], but bucket sliced b[:8] or cap 15 reached)	Top-K Truncation / Bucket Slicing
S1-96384915	Urban Agro LLP	C/O Shree Chand, Vill Maithna Inder Singh, Meerut, Uttar Pradesh	India	S2-736299627,S3-193368378,S3-537319041,S3-62224210	S2-19119194,S2-230277522,S2-421008405,S2-43615368,S2-47335980,S2-517874703,S2-684081799,S2-765873486,S2-790584100,S2-829515670	S3-62224210	अर्बन एग्रो एलएलपी	C/o Shree Chand, Meerut, UP, Meerut, N/A	India	16	12.5	61.53846153846154		Address Correlated but Name Dissimilar (Addr Sim: 61.53846153846154%, missed address blocking key)	Address Correlated but Name Unmatched
S1-96384915	Urban Agro LLP	C/O Shree Chand, Vill Maithna Inder Singh, Meerut, Uttar Pradesh	India	S2-736299627,S3-193368378,S3-537319041,S3-62224210	S2-19119194,S2-230277522,S2-421008405,S2-43615368,S2-47335980,S2-517874703,S2-684081799,S2-765873486,S2-790584100,S2-829515670	S3-193368378	Urban एग्रो LLP	C/o Shree Chand, N/A, Meerut, UP	India	16	68.96551724137932	64.58333333333333	INDIA|tok:urban	Top-K Truncation / Bucket Slice (Shared keys: ['INDIA|tok:urban'], but bucket sliced b[:8] or cap 15 reached)	Top-K Truncation / Bucket Slicing
S1-96384915	Urban Agro LLP	C/O Shree Chand, Vill Maithna Inder Singh, Meerut, Uttar Pradesh	India	S2-736299627,S3-193368378,S3-537319041,S3-62224210	S2-19119194,S2-230277522,S2-421008405,S2-43615368,S2-47335980,S2-517874703,S2-684081799,S2-765873486,S2-790584100,S2-829515670	S2-736299627	अर्बन एग्रो एलएलपी	C/O SHREE CHAND, VILL MAITHNA INDER SINGH, MEERUT, NEW DELHI, Uttar Pradesh	India	16	12.5	92.08633093525181		Address Correlated but Name Dissimilar (Addr Sim: 92.08633093525181%, missed address blocking key)	Address Correlated but Name Unmatched
S1-307702274	Da (India) Agro Limited	Flat No 1703, Brighton Tower, 2Nd Cross Lane, Lokhandwala Complex, Mumbai, Maharashtra	India	S2-331471493,S2-811665838,S2-902914902,S3-573134503,S3-802429341,S3-978834272	S2-124927721,S2-43453481,S2-449438005,S2-473307752,S2-496013657,S2-545321962,S2-652515903,S2-686576022,S2-768304737,S2-808458168	S2-331471493	M/s Da (Índia) Agro Limited	1703 , BRIGHTON TOWER, 2ND CROSS LANE, LOKHANDWALA COMPLEX, MUMBAI, Maharashtra	India	15	88.0	94.54545454545455	INDIA|tok:agro	Top-K Truncation / Bucket Slice (Shared keys: ['INDIA|tok:agro'], but bucket sliced b[:8] or cap 15 reached)	Top-K Truncation / Bucket Slicing
S1-307702274	Da (India) Agro Limited	Flat No 1703, Brighton Tower, 2Nd Cross Lane, Lokhandwala Complex, Mumbai, Maharashtra	India	S2-331471493,S2-811665838,S2-902914902,S3-573134503,S3-802429341,S3-978834272	S2-124927721,S2-43453481,S2-449438005,S2-473307752,S2-496013657,S2-545321962,S2-652515903,S2-686576022,S2-768304737,S2-808458168	S2-811665838	Da (Inmdia) Agro Limited	1703 , BRIGHTON TOWER, 2ND CROSS LANE, LOKHANDWALA COMPLEX, MUMBAI, Maharashtra	India	15	97.87234042553192	94.54545454545455	INDIA|tok:agro	Top-K Truncation / Bucket Slice (Shared keys: ['INDIA|tok:agro'], but bucket sliced b[:8] or cap 15 reached)	Top-K Truncation / Bucket Slicing
S1-100405609	Capital Network III LLC	3216 Frinks Street, Raleigh, NC	US	S3-332810222,S3-364918881,S3-555560987,S3-613703088,S3-851956242	S2-113457010,S2-206130928,S2-215164855,S2-296517793,S2-298407784,S2-558333267,S2-73016631,S2-838454162,S2-846968745,S2-928725539	S3-364918881	Capital Netwosr III LLC	Frinks St, PO Box 8331, Raleigh, North Carolina	US	16	95.65217391304348	56.41025641025641	US|pfx6:capita;US|pfx8:capitaln;US|tok:capital	Top-K Truncation / Bucket Slice (Shared keys: ['US|pfx6:capita', 'US|pfx8:capitaln'], but bucket sliced b[:8] or cap 15 reached)	Top-K Truncation / Bucket Slicing
S1-725482440	Guru International Private Limited	Plot No - D-13/5, 13/6 13/7 Ttc Indl Area Turbhe, Navi Mumbai, Thane, Maharashtra	India	S2-447747530,S2-656918430,S2-897894809,S3-875456940	S2-466409532,S2-484802103,S2-638844516,S2-652543015,S2-663509954,S2-694489189,S2-783188261,S2-796403607,S2-827934239,S2-844248063	S2-897894809	गुरु इंटरनेशनल प्राइवेट लिमिटेड	PLOT 277 PLOT NO - D-13/5, THANE, NAVI MUMBAI, Maharashtra	India	15	9.230769230769232	67.62589928057554		Address Correlated but Name Dissimilar (Addr Sim: 67.62589928057554%, missed address blocking key)	Address Correlated but Name Unmatched
S1-725482440	Guru International Private Limited	Plot No - D-13/5, 13/6 13/7 Ttc Indl Area Turbhe, Navi Mumbai, Thane, Maharashtra	India	S2-447747530,S2-656918430,S2-897894809,S3-875456940	S2-466409532,S2-484802103,S2-638844516,S2-652543015,S2-663509954,S2-694489189,S2-783188261,S2-796403607,S2-827934239,S2-844248063	S2-447747530	Guru lnternational [Private]	PLOT 277 PLOT NO - D-13/5, 13/6 13/7 TTC INDL AREA TURBHE, NAVI MUMBAI, Maharashtra	India	15	80.64516129032258	90.2439024390244	INDIA|tok:guru	Top-K Truncation / Bucket Slice (Shared keys: ['INDIA|tok:guru'], but bucket sliced b[:8] or cap 15 reached)	Top-K Truncation / Bucket Slicing
S1-725482440	Guru International Private Limited	Plot No - D-13/5, 13/6 13/7 Ttc Indl Area Turbhe, Navi Mumbai, Thane, Maharashtra	India	S2-447747530,S2-656918430,S2-897894809,S3-875456940	S2-466409532,S2-484802103,S2-638844516,S2-652543015,S2-663509954,S2-694489189,S2-783188261,S2-796403607,S2-827934239,S2-844248063	S2-656918430	गुरु इंटरनेशनल प्राइवेट लिमिटेड	THANE, PLOT 277 PLOT NO - D-13/5, Maharashtra, NAVI MUMBAI	India	15	9.230769230769232	51.798561151079134		No Shared Blocking Key Generated (Name Sim: 9.230769230769232%, Addr Sim: 51.798561151079134%)	No Blocking Rule Hit
S1-725482440	Guru International Private Limited	Plot No - D-13/5, 13/6 13/7 Ttc Indl Area Turbhe, Navi Mumbai, Thane, Maharashtra	India	S2-447747530,S2-656918430,S2-897894809,S3-875456940	S2-466409532,S2-484802103,S2-638844516,S2-652543015,S2-663509954,S2-694489189,S2-783188261,S2-796403607,S2-827934239,S2-844248063	S3-875456940	Guru International Private	Plot No - D-##13/5, 13/6 13/7 Ttc Indl Area Turbhe, Thane, Navi Mumbai, MH	India	15	86.66666666666667	83.87096774193549	INDIA|pfx8:guruinte;INDIA|tok:guru;INDIA|anum:13_plot;INDIA|pfx6:guruin	Top-K Truncation / Bucket Slice (Shared keys: ['INDIA|pfx8:guruinte', 'INDIA|tok:guru'], but bucket sliced b[:8] or cap 15 reached)	Top-K Truncation / Bucket Slicing
S1-622515318	City Food Private Limited	Telangana, K.V.Rangareddy, Serilingampally, Fno B 305 3Rd Floor, Ramky One Kosmos	India	S2-594570108,S3-310239123	S2-108995083,S2-163040146,S2-354707843,S2-50069670,S2-532894109,S2-670754777,S2-908682366,S2-970540410,S2-998401250,S3-189842571	S2-594570108	సిటీ ఫుడ్ ప్రైవేట్ లిమిటెడ్	FNO B 3-05 3RD FLOOR, SERILINGAMPALLY, null, Telangana	India	15	11.538461538461542	42.96296296296296		No Shared Blocking Key Generated (Name Sim: 11.538461538461542%, Addr Sim: 42.96296296296296%)	No Blocking Rule Hit
S1-622515318	City Food Private Limited	Telangana, K.V.Rangareddy, Serilingampally, Fno B 305 3Rd Floor, Ramky One Kosmos	India	S2-594570108,S3-310239123	S2-108995083,S2-163040146,S2-354707843,S2-50069670,S2-532894109,S2-670754777,S2-908682366,S2-970540410,S2-998401250,S3-189842571	S3-310239123	City Food	Fno B 305 3Rd Floor, Ramky One Kosmos, Serilingampally, K.v.rangareddy, TG	India	15	52.94117647058824	47.74193548387097	INDIA|2tok:city_food;INDIA|tok:city;INDIA|pfx8:cityfood;INDIA|tok:food;INDIA|pfx6:cityfo	Top-K Truncation / Bucket Slice (Shared keys: ['INDIA|2tok:city_food', 'INDIA|tok:city'], but bucket sliced b[:8] or cap 15 reached)	Top-K Truncation / Bucket Slicing
S1-319952925	Pinnacle Federal Lionheart Inc	1785 Vizaleea Drive, Dubuque, IA	US	S2-307146468,S2-488037701,S3-195912121,S3-238988930,S3-587104475,S3-823063075	S2-192300658,S2-204257859,S2-307146468,S2-488037701,S2-658796522,S2-677370589,S2-902982813,S2-957599031,S2-967850484,S3-238988930	S3-823063075	Pinnacle  Federal Lionheart	Iowa, 1785 Vizaleea Drive, Dubuque	US	11	91.22807017543859	84.84848484848484	US|pfx6:pinnac;US|pfx8:pinnacle;US|2tok:pinnacle_federal;US|tok:federal;US|tok:pinnacle;US|tok:lionheart	Top-K Truncation / Bucket Slice (Shared keys: ['US|pfx6:pinnac', 'US|pfx8:pinnacle'], but bucket sliced b[:8] or cap 15 reached)	Top-K Truncation / Bucket Slicing
S1-319952925	Pinnacle Federal Lionheart Inc	1785 Vizaleea Drive, Dubuque, IA	US	S2-307146468,S2-488037701,S3-195912121,S3-238988930,S3-587104475,S3-823063075	S2-192300658,S2-204257859,S2-307146468,S2-488037701,S2-658796522,S2-677370589,S2-902982813,S2-957599031,S2-967850484,S3-238988930	S3-195912121	Pinnacle Federal Lionheart	Iowa, 1785 Vizaleea Dr, Dubuque	US	11	92.85714285714286	79.36507936507937	US|pfx6:pinnac;US|pfx8:pinnacle;US|2tok:pinnacle_federal;US|tok:federal;US|tok:pinnacle;US|tok:lionheart	Top-K Truncation / Bucket Slice (Shared keys: ['US|pfx6:pinnac', 'US|pfx8:pinnacle'], but bucket sliced b[:8] or cap 15 reached)	Top-K Truncation / Bucket Slicing
S1-111867989	Sujal Technologies Company	G-1, Akruti Height Road No.3 Rajendra Nagar, R Nagar, Patna, Bihar	India	S2-147128452,S2-381811449,S3-432504435,S3-665711381	S2-147128452,S2-159066538,S2-190034151,S2-204227340,S2-214899332,S2-279140284,S2-310147151,S2-314481787,S2-339669211,S2-381811449	S3-432504435	Co Sujal Technologies	G-1, Akruti Height Road No.3 Rajendra Nagar, R Nagar, Patna, BR	India	20	76.59574468085107	97.67441860465115	INDIA|tok:sujal;INDIA|anum:1_akruti;INDIA|2tok:sujal_technologies	Top-K Truncation / Bucket Slice (Shared keys: ['INDIA|tok:sujal', 'INDIA|anum:1_akruti'], but bucket sliced b[:8] or cap 15 reached)	Top-K Truncation / Bucket Slicing
S1-580992307	Creative Baba It Private Limited	D220, S/Floor Defence Colony, New Delhi, South Delhi, Delhi	India	S2-277764304,S2-567617772,S2-609372791,S3-178110428,S3-62710162,S3-938870340	S2-292556126,S2-531313597,S2-776258624,S3-129437014,S3-178110428,S3-238393188,S3-428677418,S3-62710162	S2-609372791	क्रिएटिव बाबा आईटी प्राइवेट लिमिटेड	HN 638 D220, NEW DELHI, SOUTH DELHI, दिल्ली	India	8	11.940298507462687	58.82352941176471		No Shared Blocking Key Generated (Name Sim: 11.940298507462687%, Addr Sim: 58.82352941176471%)	No Blocking Rule Hit
S1-580992307	Creative Baba It Private Limited	D220, S/Floor Defence Colony, New Delhi, South Delhi, Delhi	India	S2-277764304,S2-567617772,S2-609372791,S3-178110428,S3-62710162,S3-938870340	S2-292556126,S2-531313597,S2-776258624,S3-129437014,S3-178110428,S3-238393188,S3-428677418,S3-62710162	S2-277764304	क्रिएटिव बाबा आईटी प्राइवेट लिमिटेड	HN 638 D220, S/FLOOR DEFENCE COLONY, NEW DELHI, SOUTH DELHI, Delhi	India	8	11.940298507462687	94.39999999999999		Address Correlated but Name Dissimilar (Addr Sim: 94.39999999999999%, missed address blocking key)	Address Correlated but Name Unmatched
S1-580992307	Creative Baba It Private Limited	D220, S/Floor Defence Colony, New Delhi, South Delhi, Delhi	India	S2-277764304,S2-567617772,S2-609372791,S3-178110428,S3-62710162,S3-938870340	S2-292556126,S2-531313597,S2-776258624,S3-129437014,S3-178110428,S3-238393188,S3-428677418,S3-62710162	S3-938870340	क्रिएटिव बाबा आईटी प्राइवेट लिमिटेड	D20, S/floor Defence Colony, Dadri, Distt G. B. Nagar, South Delhi, दिल्ली	India	8	11.940298507462687	70.67669172932331		Address Correlated but Name Dissimilar (Addr Sim: 70.67669172932331%, missed address blocking key)	Address Correlated but Name Unmatched
S1-580992307	Creative Baba It Private Limited	D220, S/Floor Defence Colony, New Delhi, South Delhi, Delhi	India	S2-277764304,S2-567617772,S2-609372791,S3-178110428,S3-62710162,S3-938870340	S2-292556126,S2-531313597,S2-776258624,S3-129437014,S3-178110428,S3-238393188,S3-428677418,S3-62710162	S2-567617772	क्रिएटिव Baba आईटी प्राइवेट लिमिटेड	HN 638 D220, S/FLOOR DEFENCE COLONY, NEW DELHI, SOUTH DELHI, Delhi	India	8	23.880597014925375	94.39999999999999	INDIA|tok:baba	Top-K Truncation / Bucket Slice (Shared keys: ['INDIA|tok:baba'], but bucket sliced b[:8] or cap 15 reached)	Top-K Truncation / Bucket Slicing
S1-684624531	Raj Global Private Limited	C/O Lhadom Wangdi, Patel Road, Behind Sn Bose, Siliguri, Darjiling, Darjeeling, West Bengal	India	S2-553665270,S2-613710201	S2-164937985,S2-191211374,S2-219917175,S2-313974877,S2-323835149,S2-409732983,S2-594548308,S2-679827968,S2-684864136,S2-718031918	S2-553665270	RAJ PRIVATE LIMITED CENTER	NO. 944 C/O LHADOM WANGDI, PATEL ROAD, BEHIND SN BOSE, SILIGURI, DARJILING, পশ্চিমবঙ্গ	India	15	73.07692307692308	76.8361581920904		No Shared Blocking Key Generated (Name Sim: 73.07692307692308%, Addr Sim: 76.8361581920904%)	No Blocking Rule Hit
S1-684624531	Raj Global Private Limited	C/O Lhadom Wangdi, Patel Road, Behind Sn Bose, Siliguri, Darjiling, Darjeeling, West Bengal	India	S2-553665270,S2-613710201	S2-164937985,S2-191211374,S2-219917175,S2-313974877,S2-323835149,S2-409732983,S2-594548308,S2-679827968,S2-684864136,S2-718031918	S2-613710201	রাজ গ্লোবাল প্রাইভেট লিমিটেড	NO. 944 C/O LHADOM WANGDI, PATEL ROAD, BEHIND SN BOSE, SILIGURI, DARJILING, CHAMPASARI, West Bengal	India	15	11.111111111111116	88.42105263157895		Address Correlated but Name Dissimilar (Addr Sim: 88.42105263157895%, missed address blocking key)	Address Correlated but Name Unmatched
S1-744424482	Nelson Classic Ship Inc	4715 Overview Drive, Fayetteville, NC	US	S2-661071850,S3-127543142,S3-773004776	S2-211721331,S2-267780080,S2-327655696,S2-418107444,S2-447111681,S2-51274530,S2-550130352,S2-97095074,S3-127543142,S3-32913575	S2-661071850	Nelson Ship  Inc Center	004715 OVERVIEW DR, FAYETTEVILLE, NC	US	14	65.21739130434783	93.15068493150685	US|pfx6:nelson;US|tok:nelson;US|tok:ship	Top-K Truncation / Bucket Slice (Shared keys: ['US|pfx6:nelson', 'US|tok:nelson'], but bucket sliced b[:8] or cap 15 reached)	Top-K Truncation / Bucket Slicing
S1-160617128	Winners Marketing Private Limited	Kh. No. 26/12/1 Ground Floor, Shahbad Daulatpur, Delhi, North West Delhi, Delhi	India	S2-807973688,S2-917189378,S3-229470791,S3-882407691	S2-186360137,S2-263330546,S2-392965936,S2-486137976,S2-532962700,S2-535295685,S2-58034805,S2-646283831,S2-65462781,S2-775555325	S3-229470791	Shri Winners Marketing  Private	#467 Kh. No. 26/12/1 Ground Floor, Delhi, North West Delhi, DL	India	17	78.125	80.85106382978724	INDIA|tok:marketing;INDIA|tok:winners	Top-K Truncation / Bucket Slice (Shared keys: ['INDIA|tok:marketing', 'INDIA|tok:winners'], but bucket sliced b[:8] or cap 15 reached)	Top-K Truncation / Bucket Slicing
S1-959189311	Allied Pembina	Nashville, 519 Yokley Road, TN	US	S2-151292966,S3-488144794,S3-871141451	S2-124986832,S2-184876079,S2-222627339,S2-346818927,S2-45508951,S2-582646016,S2-624946008,S2-726608432,S2-892960742,S2-984515336	S3-871141451	Allied Allied Pembina	Yokley Road, Nashville, Tennessee	US	12	80.0	47.61904761904761	US|tok:pembina;US|pfx6:allied;US|tok:allied	Top-K Truncation / Bucket Slice (Shared keys: ['US|tok:pembina', 'US|pfx6:allied'], but bucket sliced b[:8] or cap 15 reached)	Top-K Truncation / Bucket Slicing
S1-959189311	Allied Pembina	Nashville, 519 Yokley Road, TN	US	S2-151292966,S3-488144794,S3-871141451	S2-124986832,S2-184876079,S2-222627339,S2-346818927,S2-45508951,S2-582646016,S2-624946008,S2-726608432,S2-892960742,S2-984515336	S2-151292966	ALLIED PAEINA	519 YOKLEY RD, NSAHVILLE, TN	US	12	88.88888888888889	58.62068965517242	US|pfx6:allied;US|tok:allied	Top-K Truncation / Bucket Slice (Shared keys: ['US|pfx6:allied', 'US|tok:allied'], but bucket sliced b[:8] or cap 15 reached)	Top-K Truncation / Bucket Slicing
S1-355110377	Anchor Medical Systems PC	258 Meadowbrook Lane, Nelson County, VA	US	S2-710157624,S2-741696974,S3-583692928	S2-100013506,S2-120423378,S2-161169857,S2-372893140,S2-507790993,S2-532727971,S2-741696974,S2-742334496,S2-75150479,S2-874418557	S2-710157624	Anchor Systems Medical PC	VA, NELSON COUNTY, ##258 MEADOWBROOK LANE	US	15	68.0	50.0	US|pfx6:anchor;US|tok:anchor	Top-K Truncation / Bucket Slice (Shared keys: ['US|pfx6:anchor', 'US|tok:anchor'], but bucket sliced b[:8] or cap 15 reached)	Top-K Truncation / Bucket Slicing
S1-355110377	Anchor Medical Systems PC	258 Meadowbrook Lane, Nelson County, VA	US	S2-710157624,S2-741696974,S3-583692928	S2-100013506,S2-120423378,S2-161169857,S2-372893140,S2-507790993,S2-532727971,S2-741696974,S2-742334496,S2-75150479,S2-874418557	S3-583692928	Anchor Medical Systems	258 Meagowbrook Ln, Roseland, Virginia	US	15	93.61702127659575	67.53246753246754	US|2tok:anchor_medical;US|pfx6:anchor;US|tok:anchor;US|pfx8:anchorme	Top-K Truncation / Bucket Slice (Shared keys: ['US|2tok:anchor_medical', 'US|pfx6:anchor'], but bucket sliced b[:8] or cap 15 reached)	Top-K Truncation / Bucket Slicing
S1-607311453	Family Horizon Associates LLC	Springfield, MO, 737 Westbypass	US	S2-131117201,S3-980334083	S2-123454696,S2-137923974,S2-445516231,S2-563513279,S2-576380478,S2-64202698,S2-673880487,S2-7329628,S2-777578602,S2-854693475	S2-131117201	LLC Family Horizon Ássociates	737-B WESTBYPASS, SPRINGFIELD, MO	US	12	82.75862068965517	46.875	US|2tok:family_horizon;US|tok:horizon;US|tok:family	Top-K Truncation / Bucket Slice (Shared keys: ['US|2tok:family_horizon', 'US|tok:horizon'], but bucket sliced b[:8] or cap 15 reached)	Top-K Truncation / Bucket Slicing
S1-607311453	Family Horizon Associates LLC	Springfield, MO, 737 Westbypass	US	S2-131117201,S3-980334083	S2-123454696,S2-137923974,S2-445516231,S2-563513279,S2-576380478,S2-64202698,S2-673880487,S2-7329628,S2-777578602,S2-854693475	S3-980334083	Brixnovi	##737 Westbypass, Springfield, Missouri	US	12	27.027027027027028	45.714285714285715		No Shared Blocking Key Generated (Name Sim: 27.027027027027028%, Addr Sim: 45.714285714285715%)	No Blocking Rule Hit
S1-823066174	Consultants Magnificent Marketing of Jabalpur Private Limited	C/O Sandeep Dubey Chatr Pal, Udna Sadak, Jabalpur, Madhya Pradesh	India	S2-574433386,S3-818620045,S3-827310780,S3-896383030,S3-949799299	S2-140355053,S2-268910314,S2-3268215,S2-423512020,S2-464588627,S2-46772105,S2-498040118,S2-514072928,S2-554209838,S2-633081389	S2-574433386	Consultants Private Marketing of  Jabalpur Magnificent Limited	H.NO 710 C/O SANDEEP DUBEY CHATR PAL, UDNA SADAK, JABALPUR, मध्य प्रदेश	India	17	76.42276422764228	76.47058823529412	INDIA|tok:magnificent;INDIA|tok:marketing;INDIA|tok:jabalpur;INDIA|pfx6:consul;INDIA|pfx8:consulta	Top-K Truncation / Bucket Slice (Shared keys: ['INDIA|tok:magnificent', 'INDIA|tok:marketing'], but bucket sliced b[:8] or cap 15 reached)	Top-K Truncation / Bucket Slicing
S1-823066174	Consultants Magnificent Marketing of Jabalpur Private Limited	C/O Sandeep Dubey Chatr Pal, Udna Sadak, Jabalpur, Madhya Pradesh	India	S2-574433386,S3-818620045,S3-827310780,S3-896383030,S3-949799299	S2-140355053,S2-268910314,S2-3268215,S2-423512020,S2-464588627,S2-46772105,S2-498040118,S2-514072928,S2-554209838,S2-633081389	S3-896383030	Ariahalo	Jabalpur, Madhya Pradesh, C/O Sandeep Dubey Chatr Pal, Udna Sadak, Jabalpur	India	17	17.391304347826086	70.0		Address Correlated but Name Dissimilar (Addr Sim: 70.0%, missed address blocking key)	Address Correlated but Name Unmatched
S1-823066174	Consultants Magnificent Marketing of Jabalpur Private Limited	C/O Sandeep Dubey Chatr Pal, Udna Sadak, Jabalpur, Madhya Pradesh	India	S2-574433386,S3-818620045,S3-827310780,S3-896383030,S3-949799299	S2-140355053,S2-268910314,S2-3268215,S2-423512020,S2-464588627,S2-46772105,S2-498040118,S2-514072928,S2-554209838,S2-633081389	S3-818620045	Consultants Magnificent Marketing of Jabalpur Private	C/o Sandeep Dubey Chatr Pal, Udna Sadak, Jabalpur, MP	India	17	92.98245614035088	89.83050847457628	INDIA|tok:magnificent;INDIA|tok:marketing;INDIA|tok:jabalpur;INDIA|pfx6:consul;INDIA|2tok:magnificent_marketing;INDIA|pfx8:consulta	Top-K Truncation / Bucket Slice (Shared keys: ['INDIA|tok:magnificent', 'INDIA|tok:marketing'], but bucket sliced b[:8] or cap 15 reached)	Top-K Truncation / Bucket Slicing
S1-823066174	Consultants Magnificent Marketing of Jabalpur Private Limited	C/O Sandeep Dubey Chatr Pal, Udna Sadak, Jabalpur, Madhya Pradesh	India	S2-574433386,S3-818620045,S3-827310780,S3-896383030,S3-949799299	S2-140355053,S2-268910314,S2-3268215,S2-423512020,S2-464588627,S2-46772105,S2-498040118,S2-514072928,S2-554209838,S2-633081389	S3-827310780	Private Consultants Magnificent Marketing of Jabalpur [Ltd]	C/o Sandeep Dubey Chatr Pal, Jabalpur, मध्य प्रदेश	India	17	81.66666666666667	69.56521739130434	INDIA|tok:marketing;INDIA|tok:jabalpur;INDIA|tok:magnificent;INDIA|2tok:magnificent_marketing	Top-K Truncation / Bucket Slice (Shared keys: ['INDIA|tok:marketing', 'INDIA|tok:jabalpur'], but bucket sliced b[:8] or cap 15 reached)	Top-K Truncation / Bucket Slicing
S1-748540962	Swastik Sun Investment Private Limited	H.No. B 1 Plot No. 8 1St Floor Extended Lal Dora Santnagar Parwati Anch, Al Burari, New Delhi, Central Delhi, Delhi	India	S2-851919581,S3-9152030	S2-693671399,S2-895233797,S3-558195437,S3-617467704,S3-638819626,S3-899756030,S3-985218371	S2-851919581	स्वस्तिक सन इन्वेस्टमेंट प्राइवेट लिमिटेड	H.NO. B 1 PLOT NO. 8 1ST FLOOR EXTENDED LAL DORA SANTNAGAR PARWATI ANCH, NEW DELHI, CENTRAL DELHI, दिल्ली	India	7	10.126582278481012	90.0	INDIA|anum:1_plot	Top-K Truncation / Bucket Slice (Shared keys: ['INDIA|anum:1_plot'], but bucket sliced b[:8] or cap 15 reached)	Top-K Truncation / Bucket Slicing
S1-748540962	Swastik Sun Investment Private Limited	H.No. B 1 Plot No. 8 1St Floor Extended Lal Dora Santnagar Parwati Anch, Al Burari, New Delhi, Central Delhi, Delhi	India	S2-851919581,S3-9152030	S2-693671399,S2-895233797,S3-558195437,S3-617467704,S3-638819626,S3-899756030,S3-985218371	S3-9152030	स्वस्तिक सन इन्वेस्टमेंट प्राइवेट लिमिटेड	H.no. B G-1 Plot No. 8 1St Floor Extended Lal Dora Santnagar Parwati Anch, New Delhi, Central Delhi, DL	India	7	10.126582278481012	92.66055045871559	INDIA|anum:1_plot	Top-K Truncation / Bucket Slice (Shared keys: ['INDIA|anum:1_plot'], but bucket sliced b[:8] or cap 15 reached)	Top-K Truncation / Bucket Slicing
S1-277014552	Tech Consulting Private Limited	Pl No. 1, Fl No. 2, Priyanka Kunj Co-Op Hsg. Soc., Kothrud, Pune, Sr. No. 5, Pune, Maharashtra	India	S2-795145924,S2-825886653,S2-826561447,S3-448296506,S3-691308793	S2-259350331,S2-328169261,S2-346962009,S2-608795391,S2-687847504,S2-694446479,S2-839125161,S2-861409135,S2-88592036,S2-948650559	S2-826561447	टेक कंसल्टिंग प्राइवेट लिमिटेड	SR. NO. 5, PL NO. 1, FL NO. 2, PRIYANKA KUNJ CO-OP HSG. SOC., KOTHRUD, PUNE, Maharashtra	India	16	9.836065573770492	84.61538461538461		Address Correlated but Name Dissimilar (Addr Sim: 84.61538461538461%, missed address blocking key)	Address Correlated but Name Unmatched
S1-277014552	Tech Consulting Private Limited	Pl No. 1, Fl No. 2, Priyanka Kunj Co-Op Hsg. Soc., Kothrud, Pune, Sr. No. 5, Pune, Maharashtra	India	S2-795145924,S2-825886653,S2-826561447,S3-448296506,S3-691308793	S2-259350331,S2-328169261,S2-346962009,S2-608795391,S2-687847504,S2-694446479,S2-839125161,S2-861409135,S2-88592036,S2-948650559	S2-795145924	Tech Consulting Limited Service	SR. NO. 5, PL NO. 1, FL NO. 2, PRIYANKA KUNJ CO-OP HSG. SOC., KOTHRUD, PUNE, महाराष्ट्र	India	16	74.19354838709677	72.92817679558011	INDIA|pfx8:techcons;INDIA|pfx6:techco	Top-K Truncation / Bucket Slice (Shared keys: ['INDIA|pfx8:techcons', 'INDIA|pfx6:techco'], but bucket sliced b[:8] or cap 15 reached)	Top-K Truncation / Bucket Slicing
S1-277014552	Tech Consulting Private Limited	Pl No. 1, Fl No. 2, Priyanka Kunj Co-Op Hsg. Soc., Kothrud, Pune, Sr. No. 5, Pune, Maharashtra	India	S2-795145924,S2-825886653,S2-826561447,S3-448296506,S3-691308793	S2-259350331,S2-328169261,S2-346962009,S2-608795391,S2-687847504,S2-694446479,S2-839125161,S2-861409135,S2-88592036,S2-948650559	S3-691308793	टेक कंसल्टिंग प्राइवेट लिमिटेड	Sr. No. 5, Pl No. 1, Fl No. 2, Priyanka Kunj Co-op Hsg. Soc., Kothrud, Pune, MH	India	16	9.836065573770492	78.61271676300578		Address Correlated but Name Dissimilar (Addr Sim: 78.61271676300578%, missed address blocking key)	Address Correlated but Name Unmatched
S1-277014552	Tech Consulting Private Limited	Pl No. 1, Fl No. 2, Priyanka Kunj Co-Op Hsg. Soc., Kothrud, Pune, Sr. No. 5, Pune, Maharashtra	India	S2-795145924,S2-825886653,S2-826561447,S3-448296506,S3-691308793	S2-259350331,S2-328169261,S2-346962009,S2-608795391,S2-687847504,S2-694446479,S2-839125161,S2-861409135,S2-88592036,S2-948650559	S2-825886653	टेक कंसल्टिंग प्राइवेट लिमिटेड	SR. NO. 5, PL NO. 1, FL NO. 2, PRIYANKA KUNJ CO-OP HSG. SOC., KOTHRUD, PUNE, Maharashtra	India	16	9.836065573770492	84.61538461538461		Address Correlated but Name Dissimilar (Addr Sim: 84.61538461538461%, missed address blocking key)	Address Correlated but Name Unmatched
S1-277014552	Tech Consulting Private Limited	Pl No. 1, Fl No. 2, Priyanka Kunj Co-Op Hsg. Soc., Kothrud, Pune, Sr. No. 5, Pune, Maharashtra	India	S2-795145924,S2-825886653,S2-826561447,S3-448296506,S3-691308793	S2-259350331,S2-328169261,S2-346962009,S2-608795391,S2-687847504,S2-694446479,S2-839125161,S2-861409135,S2-88592036,S2-948650559	S3-448296506	टेक कंसल्टिंग प्राइवेट लिमिटेड	Sr. No. 5, Pune, MH	India	16	9.836065573770492	33.62831858407079		Severe Dissimilarity / Brand Alteration (Name Sim: 9.836065573770492%, Addr Sim: 33.62831858407079%)	Severe Dissimilarity / Alternate Brand
S1-456715439	Moses Corporation Center	6397 Murphy Drive, Victor, NY	US	S2-609276352,S3-325897166,S3-594948204	S2-175666806,S2-23518517,S2-241428174,S2-380023348,S2-407267075,S2-426742136,S2-432711574,S2-527603993,S2-572678983,S2-593209661	S3-325897166	Moses Corporation Services	Murphy Dr, Victor, New York	US	16	80.0	75.0	US|pfx8:mosescor;US|tok:moses;US|pfx6:mosesc	Top-K Truncation / Bucket Slice (Shared keys: ['US|pfx8:mosescor', 'US|tok:moses'], but bucket sliced b[:8] or cap 15 reached)	Top-K Truncation / Bucket Slicing
S1-526349990	Peak Cloud Concepts	736 Ardmore Lane, Shelbyville, KY	US	S3-408891606,S3-525806883	S2-16665615,S2-184854075,S2-310097086,S2-399818644,S2-432162745,S2-518332850,S2-589573411,S2-678357804,S2-690944188,S2-742699969	S3-525806883	Pyrariza	736 Ardmore Lane, Shelbyville, KY	US	15	14.814814814814813	100.0	US|anum:736_ardmore	Top-K Truncation / Bucket Slice (Shared keys: ['US|anum:736_ardmore'], but bucket sliced b[:8] or cap 15 reached)	Top-K Truncation / Bucket Slicing
S1-526349990	Peak Cloud Concepts	736 Ardmore Lane, Shelbyville, KY	US	S3-408891606,S3-525806883	S2-16665615,S2-184854075,S2-310097086,S2-399818644,S2-432162745,S2-518332850,S2-589573411,S2-678357804,S2-690944188,S2-742699969	S3-408891606	Peak Cloud Coicrpts	736 Ardmore Ln, Shelbyville, Kentucky	US	15	89.47368421052632	88.57142857142857	US|2tok:peak_cloud;US|tok:cloud;US|tok:peak;US|pfx8:peakclou;US|pfx6:peakcl;US|anum:736_ardmore	Top-K Truncation / Bucket Slice (Shared keys: ['US|2tok:peak_cloud', 'US|tok:cloud'], but bucket sliced b[:8] or cap 15 reached)	Top-K Truncation / Bucket Slicing
S1-296323848	Modern Consulting Private Limited	Bangalore Rural, Bengaluru, Karnataka, 29/1 Ground Floor Hosur Main Road Old Chandapura Anekal Taluk	India	S2-47973133,S3-709940032	S2-154504353,S2-212646154,S2-371010299,S2-515588348,S2-851298758,S2-906153380,S2-984499338,S2-989293675,S3-17714944,S3-287113994	S2-47973133	ಮಾಡರ್ನ್ ಕನ್ಸಲ್ಟಿಂಗ್ ಪ್ರೈವೇಟ್ ಲಿಮಿಟೆಡ್	H.NO 29/1 GROUND FLOOR HOSUR MAIN ROAD OLD CHANDAPURA ANEKAL TALUK, BENGALURU URBAN, BANGALORE RURAL, Karnataka	India	15	8.571428571428575	60.66350710900474		Address Correlated but Name Dissimilar (Addr Sim: 60.66350710900474%, missed address blocking key)	Address Correlated but Name Unmatched
S1-80960427	Hari Ram Infrastructure Private Limited	No.29 Moore Street, Chennai, Tamil Nadu	India	S2-101421615,S2-114199102,S3-253136287,S3-318861232,S3-523112140	S2-101421615,S2-114199102,S2-127323856,S2-150006462,S2-243345430,S2-30033340,S2-332461141,S2-471684794,S2-476849798,S2-809227457	S3-523112140	ஹரி ராம் இன்ஃப்ராஸ்ட்ரக்சர் பிரைவேட் லிமிடெட்	No.29 Moore Street, Chennai, TN	India	16	9.523809523809524	88.57142857142857	INDIA|anum:29_moore	Top-K Truncation / Bucket Slice (Shared keys: ['INDIA|anum:29_moore'], but bucket sliced b[:8] or cap 15 reached)	Top-K Truncation / Bucket Slicing
S1-80960427	Hari Ram Infrastructure Private Limited	No.29 Moore Street, Chennai, Tamil Nadu	India	S2-101421615,S2-114199102,S3-253136287,S3-318861232,S3-523112140	S2-101421615,S2-114199102,S2-127323856,S2-150006462,S2-243345430,S2-30033340,S2-332461141,S2-471684794,S2-476849798,S2-809227457	S3-253136287	ஹரி Ram இன்ஃப்ராஸ்ட்ரக்சர் பிரைவேட் லிமிடெட்	TN, Chennai, No.29 Moore Street	India	16	16.867469879518072	51.42857142857142		No Shared Blocking Key Generated (Name Sim: 16.867469879518072%, Addr Sim: 51.42857142857142%)	No Blocking Rule Hit
S1-523354110	Alpha Sky Logistics Private Limited	9/192/A, Lakshmi Building, Poovambayi, Panangad, Koyilandi, Kozhikode, Kerala	India	S2-307330564,S2-794890141,S2-820560826,S3-559900488	S2-144032794,S2-536979913,S2-554488305,S2-569312961,S2-58048381,S2-7080585,S2-768669758,S2-782946966,S2-794890141,S2-995761048	S3-559900488	ആൽഫ സ്കൈ ലോജിസ്റ്റിക്സ് പ്രൈവറ്റ് ലിമിറ്റഡ്	9/192/A, Lakshmi Building, Poovambayi, Panangad, Koyilandi, Kozhikode, Keralam	India	16	10.256410256410254	99.35483870967742	INDIA|anum:9_lakshmi	Top-K Truncation / Bucket Slice (Shared keys: ['INDIA|anum:9_lakshmi'], but bucket sliced b[:8] or cap 15 reached)	Top-K Truncation / Bucket Slicing
S1-523354110	Alpha Sky Logistics Private Limited	9/192/A, Lakshmi Building, Poovambayi, Panangad, Koyilandi, Kozhikode, Kerala	India	S2-307330564,S2-794890141,S2-820560826,S3-559900488	S2-144032794,S2-536979913,S2-554488305,S2-569312961,S2-58048381,S2-7080585,S2-768669758,S2-782946966,S2-794890141,S2-995761048	S2-307330564	ആൽഫ സ്കൈ ലോജിസ്റ്റിക്സ് പ്രൈവറ്റ് ലിമിറ്റഡ്	A-9/192/A, LAKSHMI BUILDING, POOVAMBAYI, PANANGAD, KOZHIKODE, KOYILANDI, Kerala	India	16	10.256410256410254	85.8974358974359	INDIA|anum:9_lakshmi	Top-K Truncation / Bucket Slice (Shared keys: ['INDIA|anum:9_lakshmi'], but bucket sliced b[:8] or cap 15 reached)	Top-K Truncation / Bucket Slicing
S1-523354110	Alpha Sky Logistics Private Limited	9/192/A, Lakshmi Building, Poovambayi, Panangad, Koyilandi, Kozhikode, Kerala	India	S2-307330564,S2-794890141,S2-820560826,S3-559900488	S2-144032794,S2-536979913,S2-554488305,S2-569312961,S2-58048381,S2-7080585,S2-768669758,S2-782946966,S2-794890141,S2-995761048	S2-820560826	ആൽഫ സ്കൈ ലോജിസ്റ്റിക്സ് പ്രൈവറ്റ് ലിമിറ്റഡ്	A-9/192/A, LAKSHMI BUILDING, POOVAMBAYI, PANANGAD, KOYILANDI, KOZHIKODE, Kerala	India	16	10.256410256410254	98.71794871794873	INDIA|anum:9_lakshmi	Top-K Truncation / Bucket Slice (Shared keys: ['INDIA|anum:9_lakshmi'], but bucket sliced b[:8] or cap 15 reached)	Top-K Truncation / Bucket Slicing
S1-231416129	Midwest Association	Unit STE 101, TX, 1404 Clarewood Drive, San Marcos	US	S2-790585352,S2-857153711,S3-830099898	S2-116509147,S2-147206569,S2-35548262,S2-455644295,S2-531748529,S2-55615879,S2-769346711,S2-774332953,S2-88783296,S2-914424202	S2-857153711	Midwest Association Ltd	1404 CLAREWOOD DRIVE, SAN MARCOS, TX	US	19	90.47619047619048	74.4186046511628	US|tok:association;US|pfx6:midwes;US|tok:midwest;US|pfx8:midwesta;US|2tok:midwest_association	Top-K Truncation / Bucket Slice (Shared keys: ['US|tok:association', 'US|pfx6:midwes'], but bucket sliced b[:8] or cap 15 reached)	Top-K Truncation / Bucket Slicing
S1-231416129	Midwest Association	Unit STE 101, TX, 1404 Clarewood Drive, San Marcos	US	S2-790585352,S2-857153711,S3-830099898	S2-116509147,S2-147206569,S2-35548262,S2-455644295,S2-531748529,S2-55615879,S2-769346711,S2-774332953,S2-88783296,S2-914424202	S2-790585352	Midwest Association LP	1404 CLAREWOOD DR, SAN MARCOS, TX	US	19	92.6829268292683	69.87951807228916	US|tok:association;US|pfx6:midwes;US|tok:midwest;US|pfx8:midwesta;US|2tok:midwest_association	Top-K Truncation / Bucket Slice (Shared keys: ['US|tok:association', 'US|pfx6:midwes'], but bucket sliced b[:8] or cap 15 reached)	Top-K Truncation / Bucket Slicing
S1-231416129	Midwest Association	Unit STE 101, TX, 1404 Clarewood Drive, San Marcos	US	S2-790585352,S2-857153711,S3-830099898	S2-116509147,S2-147206569,S2-35548262,S2-455644295,S2-531748529,S2-55615879,S2-769346711,S2-774332953,S2-88783296,S2-914424202	S3-830099898	Midwest Association Inc	1404 1/2 Clarewood Drive, Unit STE 101, San Marcos, Texas	US	19	90.47619047619048	59.81308411214954	US|tok:association;US|pfx6:midwes;US|tok:midwest;US|pfx8:midwesta;US|2tok:midwest_association	Top-K Truncation / Bucket Slice (Shared keys: ['US|tok:association', 'US|pfx6:midwes'], but bucket sliced b[:8] or cap 15 reached)	Top-K Truncation / Bucket Slicing
S1-676648395	Bhubaneswar India	Rev. Plot No. 1063, Duplex No. 40, Golden Arena, Balianta, Bhubaneswar, Khordha, Orissa	India	S2-873160450,S3-499871951	S2-242351964,S2-348196841,S2-351025868,S2-388588757,S2-408160455,S2-591164052,S2-676357875,S2-684934540,S2-70813101,S2-78765286	S3-499871951	Bhubaneswar-Lndia	Duplex No. 40, Golden Arena, Balianta, Bhubaneswar, Rev. Plot No. 1063, Khordha, Orissa	India	15	88.23529411764706	77.01149425287358	INDIA|pfx6:bhuban;INDIA|pfx8:bhubanes;INDIA|tok:bhubaneswar	Top-K Truncation / Bucket Slice (Shared keys: ['INDIA|pfx6:bhuban', 'INDIA|pfx8:bhubanes'], but bucket sliced b[:8] or cap 15 reached)	Top-K Truncation / Bucket Slicing
S1-676648395	Bhubaneswar India	Rev. Plot No. 1063, Duplex No. 40, Golden Arena, Balianta, Bhubaneswar, Khordha, Orissa	India	S2-873160450,S3-499871951	S2-242351964,S2-348196841,S2-351025868,S2-388588757,S2-408160455,S2-591164052,S2-676357875,S2-684934540,S2-70813101,S2-78765286	S2-873160450	BHUBANE5WAR INDIA COMPANY	REV. PLOT NO. 1063, DUPLEX NO. 40, GOLDEN ARENA, BALIANTA, BHUBANEWSAR, Odisha	India	15	76.19047619047619	92.12121212121212	INDIA|pfx6:bhuban;INDIA|tok:india;INDIA|anum:1063_rev	Top-K Truncation / Bucket Slice (Shared keys: ['INDIA|pfx6:bhuban', 'INDIA|tok:india'], but bucket sliced b[:8] or cap 15 reached)	Top-K Truncation / Bucket Slicing
S1-51101506	Krishna Media Pvt Ltd	House No. 8.64, Kva House Naduvattom - Karinkallthani Road Ayilakkad Po, Malappuram, Malappuram, Malapuram, Kerala	India	S2-292920646,S2-301806680,S2-521313228,S3-232036507	S2-131607148,S2-172046554,S2-266877403,S2-403213198,S2-436785911,S2-521313228,S2-723506047,S2-864820610	S2-301806680	കൃഷ്ണാ മീഡിയ പ്രൈവറ്റ് ലിമിറ്റഡ്	MALAPPURAM, കേരളം, KVA HOUSE NADUVATTOM - KARINKALLTHANI ROAD AYILAKKAD PO, MALAPPURAM, HOUSE NO. 7.64	India	8	11.32075471698113	70.37037037037037		Address Correlated but Name Dissimilar (Addr Sim: 70.37037037037037%, missed address blocking key)	Address Correlated but Name Unmatched
S1-51101506	Krishna Media Pvt Ltd	House No. 8.64, Kva House Naduvattom - Karinkallthani Road Ayilakkad Po, Malappuram, Malappuram, Malapuram, Kerala	India	S2-292920646,S2-301806680,S2-521313228,S3-232036507	S2-131607148,S2-172046554,S2-266877403,S2-403213198,S2-436785911,S2-521313228,S2-723506047,S2-864820610	S2-292920646	കൃഷ്ണ മീഡിയ പ്രൈവറ്റ് ലിമിറ്റഡ്	HOUSE NO. 7.64, MALAPURAM, MALAPPURAM, Kerala	India	8	11.538461538461542	55.34591194968554		No Shared Blocking Key Generated (Name Sim: 11.538461538461542%, Addr Sim: 55.34591194968554%)	No Blocking Rule Hit
S1-51101506	Krishna Media Pvt Ltd	House No. 8.64, Kva House Naduvattom - Karinkallthani Road Ayilakkad Po, Malappuram, Malappuram, Malapuram, Kerala	India	S2-292920646,S2-301806680,S2-521313228,S3-232036507	S2-131607148,S2-172046554,S2-266877403,S2-403213198,S2-436785911,S2-521313228,S2-723506047,S2-864820610	S3-232036507	Krishna Media	House No. 8.64, Kva House Naduvattom - Karinkallthani Road Ayilakkad Po, Malappuram, Malappuram, Keralam	India	8	76.47058823529412	94.4954128440367	INDIA|2tok:krishna_media;INDIA|tok:media;INDIA|anum:8_house;INDIA|pfx6:krishn;INDIA|pfx8:krishnam;INDIA|tok:krishna	Top-K Truncation / Bucket Slice (Shared keys: ['INDIA|2tok:krishna_media', 'INDIA|tok:media'], but bucket sliced b[:8] or cap 15 reached)	Top-K Truncation / Bucket Slicing
S1-509332273	Kolkata Animation Private Limited	Kolkata, B Block, 1St Floor, Suite-7, Kolkata, West Bengal, Howrah, 1 Chandney Chawk Street	India	S2-759707242,S3-61083205,S3-704149097	S2-199622369,S2-261206996,S2-305995171,S2-327860077,S2-36613208,S2-416362219,S2-614643383,S2-671644137,S2-716874890,S2-801452166	S3-704149097	Brixdelta	1 Chandney Chawk Street, B Block, 1St Floor, Suite-7, Kolkata, Kolkata, Howrah, WB	India	16	23.809523809523814	63.58381502890174		Address Correlated but Name Dissimilar (Addr Sim: 63.58381502890174%, missed address blocking key)	Address Correlated but Name Unmatched
S1-509332273	Kolkata Animation Private Limited	Kolkata, B Block, 1St Floor, Suite-7, Kolkata, West Bengal, Howrah, 1 Chandney Chawk Street	India	S2-759707242,S3-61083205,S3-704149097	S2-199622369,S2-261206996,S2-305995171,S2-327860077,S2-36613208,S2-416362219,S2-614643383,S2-671644137,S2-716874890,S2-801452166	S3-61083205	Kolkata Animation Private	No 1 Chandney Chawk Street, B Block, 1St Floor, Suite-7, Kolkata, Kolkata, Howrah, WB	India	16	86.20689655172413	63.63636363636363	INDIA|pfx8:kolkataa;INDIA|pfx6:kolkat;INDIA|tok:kolkata;INDIA|tok:animation;INDIA|2tok:kolkata_animation	Top-K Truncation / Bucket Slice (Shared keys: ['INDIA|pfx8:kolkataa', 'INDIA|pfx6:kolkat'], but bucket sliced b[:8] or cap 15 reached)	Top-K Truncation / Bucket Slicing
S1-509332273	Kolkata Animation Private Limited	Kolkata, B Block, 1St Floor, Suite-7, Kolkata, West Bengal, Howrah, 1 Chandney Chawk Street	India	S2-759707242,S3-61083205,S3-704149097	S2-199622369,S2-261206996,S2-305995171,S2-327860077,S2-36613208,S2-416362219,S2-614643383,S2-671644137,S2-716874890,S2-801452166	S2-759707242	KOLKATA ANIMADION PRIVATE  LIMITED	1 CHANDNEY CHAWK STREET, B BLOCK, 1ST FLOOR, SUITE-7, KOLKATA, KOLKATA, West Bengal	India	16	95.52238805970148	60.91954022988506	INDIA|pfx8:kolkataa;INDIA|pfx6:kolkat;INDIA|tok:kolkata	Top-K Truncation / Bucket Slice (Shared keys: ['INDIA|pfx8:kolkataa', 'INDIA|pfx6:kolkat'], but bucket sliced b[:8] or cap 15 reached)	Top-K Truncation / Bucket Slicing
S1-127222577	Shivam City Products Private Limited	Safa Building Airport Road, Ramanatkara, Calicut Dt, Kozhikode, Kerala	India	S2-836906814,S3-137050745	S2-273311454,S2-309165282,S2-408622460,S2-421459139,S2-462074274,S2-66367255,S2-737013438,S2-756068835	S2-836906814	ശിവം സിറ്റി പ്രൊഡക്ട്സ് പ്രൈവറ്റ് ലിമിറ്റഡ്	KOZHIKODE, Kerala, RAMANATKARA, SAFA BUILDING AIRPORT ROAD	India	8	10.126582278481012	45.3125		No Shared Blocking Key Generated (Name Sim: 10.126582278481012%, Addr Sim: 45.3125%)	No Blocking Rule Hit
S1-127222577	Shivam City Products Private Limited	Safa Building Airport Road, Ramanatkara, Calicut Dt, Kozhikode, Kerala	India	S2-836906814,S3-137050745	S2-273311454,S2-309165282,S2-408622460,S2-421459139,S2-462074274,S2-66367255,S2-737013438,S2-756068835	S3-137050745	ശിവം City Products പ്രൈവറ്റ് ലിമിറ്റഡ്	Safa Building Airport Road, Ramanatkara, Calicut Dt, Keralam	India	8	43.24324324324324	90.76923076923077	INDIA|tok:city	Top-K Truncation / Bucket Slice (Shared keys: ['INDIA|tok:city'], but bucket sliced b[:8] or cap 15 reached)	Top-K Truncation / Bucket Slicing
S1-208167915	Steel Welfare Society	Plot No K-4 1465 Kalinga Vihar, Bhuabneswar, Khordha, Orissa	India	S2-640357806,S2-783197338,S2-818039280,S2-878222287,S3-708317774	S2-150157042,S2-257158307,S2-363350077,S2-48089952,S2-655306794,S2-783197338,S2-818039280,S2-878222287,S2-891316676,S2-893435392	S2-640357806	Steel  Society Welfare	PLOT NO K-4 1465 KALINAG VIHAR, BHUABNESWAR, Odisha	India	13	65.11627906976744	88.28828828828829	INDIA|anum:4_plot;INDIA|tok:steel;INDIA|tok:welfare;INDIA|tok:society	Top-K Truncation / Bucket Slice (Shared keys: ['INDIA|anum:4_plot', 'INDIA|tok:steel'], but bucket sliced b[:8] or cap 15 reached)	Top-K Truncation / Bucket Slicing
S1-420226248	Rhea Karg Continental Technical LLC	Colerain, NC, 204 Dew Drop Road	US	S2-215176902,S2-761652097,S3-342972447	S2-136124804,S2-202426515,S2-284831428,S2-365566659,S2-393833052,S2-413565297,S2-62858052,S2-679906258,S2-690388531,S2-761652097	S2-215176902	Rhea Krmcig-Continental Technical LLC	204 DEW DROP ROAD, COLERAIN, NC	US	17	91.66666666666666	54.83870967741935	US|tok:rhea;US|tok:continental;US|tok:technical	Top-K Truncation / Bucket Slice (Shared keys: ['US|tok:rhea', 'US|tok:continental'], but bucket sliced b[:8] or cap 15 reached)	Top-K Truncation / Bucket Slicing
S1-670025586	Inox Management Private Limited	14, Hamam Street, Fort, Mumbai, Maharashtra	India	S2-610555118,S3-154922964,S3-346306473,S3-843645535,S3-999029005	S2-204894081,S2-267501038,S2-4232996,S2-463498799,S2-56035640,S2-56622998,S2-610555118,S2-896517330,S2-920449311,S2-983667236	S3-154922964	Pmtiate Inox Management Limited	MH, Mumbai, Mumbai Metro, 1-4, Hamam Street	India	15	74.19354838709677	46.51162790697675	INDIA|tok:inox	Top-K Truncation / Bucket Slice (Shared keys: ['INDIA|tok:inox'], but bucket sliced b[:8] or cap 15 reached)	Top-K Truncation / Bucket Slicing
S1-12487330	Upkar Success Private Limited	Radhabhawan, Jatarprinters, Girjakundward Nearmahavirvyayayamshala, Seoni, Madhya Pradesh	India	S2-565999772,S2-643060987,S3-800431130	S2-195486954,S2-230465082,S2-31880666,S2-485771052,S2-538813913,S2-547071912,S2-565999772,S2-577832052,S2-596498312,S2-643060987	S3-800431130	Quoavi	Girjakundward Nearmahavirvyayayamshala, MP, Jatarprinters, Radhabhawan, Seoni	India	16	22.857142857142854	59.036144578313255		No Shared Blocking Key Generated (Name Sim: 22.857142857142854%, Addr Sim: 59.036144578313255%)	No Blocking Rule Hit
S1-831133424	Metropolitan Trust	175 Amherst Mobile Homes, Amherst, OH	US	S2-848041579,S3-41436056,S3-464115887,S3-543748845,S3-740545025,S3-900115083,S3-910352974	S2-116511240,S2-360847863,S2-369941367,S2-504274780,S2-627169949,S2-69311663,S2-717195104,S2-848041579,S2-859049575,S2-867009585	S3-740545025	Metropolitan Thamot	Ohio, 175 Amherst Mobile Homes, Amherts CITY	US	18	81.08108108108108	81.4814814814815	US|pfx6:metrop;US|pfx8:metropol;US|tok:metropolitan	Top-K Truncation / Bucket Slice (Shared keys: ['US|pfx6:metrop', 'US|pfx8:metropol'], but bucket sliced b[:8] or cap 15 reached)	Top-K Truncation / Bucket Slicing
S1-831133424	Metropolitan Trust	175 Amherst Mobile Homes, Amherst, OH	US	S2-848041579,S3-41436056,S3-464115887,S3-543748845,S3-740545025,S3-900115083,S3-910352974	S2-116511240,S2-360847863,S2-369941367,S2-504274780,S2-627169949,S2-69311663,S2-717195104,S2-848041579,S2-859049575,S2-867009585	S3-41436056	METROPOLITAN TRUST	Amherst Mobile Homes, Amherts CITY, Ohio	US	18	100.0	85.71428571428572	US|tok:trust;US|pfx6:metrop;US|alpha:metropolitantrust;US|pfx8:metropol;US|2tok:metropolitan_trust;US|tok:metropolitan	Top-K Truncation / Bucket Slice (Shared keys: ['US|tok:trust', 'US|pfx6:metrop'], but bucket sliced b[:8] or cap 15 reached)	Top-K Truncation / Bucket Slicing
S1-857022301	Zepheus Barings LLC	1633 James Drive, Crawfordsville, IN	US	S2-253759714,S2-495512988,S2-644360749,S3-285329878,S3-44169589,S3-902614651	S2-211903850,S2-212414802,S2-23638886,S2-322827063,S2-404549233,S2-495512988,S2-577989826,S2-63327757,S2-644360749,S2-72415487	S3-902614651	Zepheus-Barings	1633 James Drive, Crawfordsville, Indiana	US	16	82.35294117647058	93.5064935064935	US|pfx6:zepheu;US|tok:zepheus;US|pfx8:zepheusb;US|anum:1633_james;US|2tok:zepheus_barings;US|tok:barings	Top-K Truncation / Bucket Slice (Shared keys: ['US|pfx6:zepheu', 'US|tok:zepheus'], but bucket sliced b[:8] or cap 15 reached)	Top-K Truncation / Bucket Slicing
S1-857022301	Zepheus Barings LLC	1633 James Drive, Crawfordsville, IN	US	S2-253759714,S2-495512988,S2-644360749,S3-285329878,S3-44169589,S3-902614651	S2-211903850,S2-212414802,S2-23638886,S2-322827063,S2-404549233,S2-495512988,S2-577989826,S2-63327757,S2-644360749,S2-72415487	S2-253759714	Zepheus 8arings LLC	1633-1635 JAMES DR, CRAWFORDSVILLE, IN	US	16	94.73684210526316	89.1891891891892	US|pfx6:zepheu;US|anum:1633_james;US|tok:zepheus	Top-K Truncation / Bucket Slice (Shared keys: ['US|pfx6:zepheu', 'US|anum:1633_james'], but bucket sliced b[:8] or cap 15 reached)	Top-K Truncation / Bucket Slicing
S1-857022301	Zepheus Barings LLC	1633 James Drive, Crawfordsville, IN	US	S2-253759714,S2-495512988,S2-644360749,S3-285329878,S3-44169589,S3-902614651	S2-211903850,S2-212414802,S2-23638886,S2-322827063,S2-404549233,S2-495512988,S2-577989826,S2-63327757,S2-644360749,S2-72415487	S3-285329878	Fayearc D.B.A. Zepheus Barings LLC	1633 James Drive, Crawfordsville, IN	US	16	71.69811320754718	100.0	US|anum:1633_james;US|tok:barings;US|tok:zepheus	Top-K Truncation / Bucket Slice (Shared keys: ['US|anum:1633_james', 'US|tok:barings'], but bucket sliced b[:8] or cap 15 reached)	Top-K Truncation / Bucket Slicing
S1-690449852	Jeannette White Anchor System P.C.	51 Howard Street, New York, NY	US	S2-159042866,S2-36302872,S2-407982736,S2-80777748,S3-111216884	S2-110126739,S2-145240589,S2-159042866,S2-185982357,S2-212782856,S2-36302872,S2-407982736,S2-409377922,S2-413998515,S2-419085337	S3-111216884	Jeannette White Anchor System		US	16	92.06349206349206	0.0	US|tok:white;US|tok:jeannette;US|tok:anchor;US|pfx8:jeannett;US|pfx6:jeanne;US|2tok:jeannette_white	Top-K Truncation / Bucket Slice (Shared keys: ['US|tok:white', 'US|tok:jeannette'], but bucket sliced b[:8] or cap 15 reached)	Top-K Truncation / Bucket Slicing
S1-486510827	Creative Developers Private Limited	2, Floor-5, 72 Keshari Bhavan, Shaikh Memon Street, Zaveri Bazar, Kalbadevi, Mumbai, Mumbai City, Maharashtra	India	S2-611691432,S2-939995191,S3-87991948	S2-253287170,S2-305086941,S2-398779105,S2-409747008,S2-419987790,S2-426185991,S2-577039080,S2-975744141,S3-151747004,S3-367446770	S3-87991948	Creative डेवलपर्स Private Limited	2, Floor-5, 72 Keshari Bhavan, Shaikh Memon Street, Zaveri Bazar, Kalbadevi, Mumbai, Mumbai City, MH	India	16	73.52941176470588	95.69377990430623	INDIA|anum:2_keshari;INDIA|tok:creative;INDIA|pfx8:creative;INDIA|pfx6:creati	Top-K Truncation / Bucket Slice (Shared keys: ['INDIA|anum:2_keshari', 'INDIA|tok:creative'], but bucket sliced b[:8] or cap 15 reached)	Top-K Truncation / Bucket Slicing
S1-486510827	Creative Developers Private Limited	2, Floor-5, 72 Keshari Bhavan, Shaikh Memon Street, Zaveri Bazar, Kalbadevi, Mumbai, Mumbai City, Maharashtra	India	S2-611691432,S2-939995191,S3-87991948	S2-253287170,S2-305086941,S2-398779105,S2-409747008,S2-419987790,S2-426185991,S2-577039080,S2-975744141,S3-151747004,S3-367446770	S2-939995191	क्रिएटिव डेवलपर्स प्राइवेट लिमिटेड	HN 358/2 2, FLOOR-5, 72 KESHARI BHAVAN, SHAIKH MEMON STREET, ZAVERI BAZAR, KALBADEVI, MUMBAI, MUMBAI CITY, महाराष्ट्र	India	16	8.695652173913048	86.72566371681415		Address Correlated but Name Dissimilar (Addr Sim: 86.72566371681415%, missed address blocking key)	Address Correlated but Name Unmatched
S1-486510827	Creative Developers Private Limited	2, Floor-5, 72 Keshari Bhavan, Shaikh Memon Street, Zaveri Bazar, Kalbadevi, Mumbai, Mumbai City, Maharashtra	India	S2-611691432,S2-939995191,S3-87991948	S2-253287170,S2-305086941,S2-398779105,S2-409747008,S2-419987790,S2-426185991,S2-577039080,S2-975744141,S3-151747004,S3-367446770	S2-611691432	क्रिएटिव डेवलपर्स प्राइवेट लिमिटेड	HN 358/2 2, FLOOR-5, 72 KESHARI BHAVAN, SHAIKH MEMON STREET, ZAVERI BAZAR, KALBADEVI, MUMBAI CITY, MUMBAI, Maharashtra	India	16	8.695652173913048	91.62995594713657		Address Correlated but Name Dissimilar (Addr Sim: 91.62995594713657%, missed address blocking key)	Address Correlated but Name Unmatched
S1-516705356	Tele Future (India) Ltd	No127, Sriananthammalcompx Arcot Road, Virugambakkam, Chennai, Tamil Nadu	India	S2-977019242,S3-71934539,S3-825982663	S2-288293143,S2-977019242,S3-436863634,S3-574098164,S3-71934539	S3-825982663	M/s Tele Future Future (India) Ltd	Chennai, No127, TN, Sriananthammalcompx Arcot Road, Virugambakkam	India	5	80.70175438596492	75.36231884057972	INDIA|tok:india;INDIA|tok:future;INDIA|tok:tele	Top-K Truncation / Bucket Slice (Shared keys: ['INDIA|tok:india', 'INDIA|tok:future'], but bucket sliced b[:8] or cap 15 reached)	Top-K Truncation / Bucket Slicing
S1-571214733	Wooten Atlantic Bhav	Albuquerque, 2009 Pinonwood Avenue, NM	US	S3-689177627,S3-870487302	S2-266694200,S2-383767542,S2-410469400,S2-753020760,S2-79785678,S2-830503615,S2-875874656,S2-892266110,S3-689177627,S3-914673715	S3-870487302	Wooten Bháv Atlantic	Pinonwood Ave, Albuquerque, New Mexico	US	10	75.0	50.0	US|pfx6:wooten;US|tok:atlantic;US|tok:wooten	Top-K Truncation / Bucket Slice (Shared keys: ['US|pfx6:wooten', 'US|tok:atlantic'], but bucket sliced b[:8] or cap 15 reached)	Top-K Truncation / Bucket Slicing
S1-906686327	Happy Cleaning Service, LLC	15 Pirates Cove, Hampton City, VA	US	S2-320756930,S2-335501512,S2-563044262,S2-67136261,S3-470846399	S2-294504089,S2-367760219,S2-467328484,S2-476306993,S2-581595092,S2-667257518,S2-768259404,S2-816086439,S2-831151307,S2-841014335	S3-470846399	Llc Happy Cleaning Service,	15 Pirates Cove, Hampton, Virginia	US	16	85.18518518518519	83.5820895522388	US|2tok:happy_cleaning;US|tok:happy;US|anum:15_pirates;US|tok:cleaning	Top-K Truncation / Bucket Slice (Shared keys: ['US|2tok:happy_cleaning', 'US|tok:happy'], but bucket sliced b[:8] or cap 15 reached)	Top-K Truncation / Bucket Slicing
S1-906686327	Happy Cleaning Service, LLC	15 Pirates Cove, Hampton City, VA	US	S2-320756930,S2-335501512,S2-563044262,S2-67136261,S3-470846399	S2-294504089,S2-367760219,S2-467328484,S2-476306993,S2-581595092,S2-667257518,S2-768259404,S2-816086439,S2-831151307,S2-841014335	S2-67136261	cleaningservice.com	15 PIRATES COVE, HAMPTON CITY, VA	US	16	69.56521739130434	100.0	US|anum:15_pirates	Top-K Truncation / Bucket Slice (Shared keys: ['US|anum:15_pirates'], but bucket sliced b[:8] or cap 15 reached)	Top-K Truncation / Bucket Slicing
S1-906686327	Happy Cleaning Service, LLC	15 Pirates Cove, Hampton City, VA	US	S2-320756930,S2-335501512,S2-563044262,S2-67136261,S3-470846399	S2-294504089,S2-367760219,S2-467328484,S2-476306993,S2-581595092,S2-667257518,S2-768259404,S2-816086439,S2-831151307,S2-841014335	S2-335501512	Happy Cleaning 5ervice LLC Services	PIRATES COVE, HAMPTON, VA	US	16	80.64516129032258	86.20689655172413	US|tok:happy;US|tok:cleaning;US|pfx8:happycle;US|2tok:happy_cleaning;US|pfx6:happyc	Top-K Truncation / Bucket Slice (Shared keys: ['US|tok:happy', 'US|tok:cleaning'], but bucket sliced b[:8] or cap 15 reached)	Top-K Truncation / Bucket Slicing
S1-906686327	Happy Cleaning Service, LLC	15 Pirates Cove, Hampton City, VA	US	S2-320756930,S2-335501512,S2-563044262,S2-67136261,S3-470846399	S2-294504089,S2-367760219,S2-467328484,S2-476306993,S2-581595092,S2-667257518,S2-768259404,S2-816086439,S2-831151307,S2-841014335	S2-320756930	LLC HAPPY CLEANING SERVICE,	15 PIRATES COVE, HAMPTON CITY, VA	US	16	85.18518518518519	100.0	US|2tok:happy_cleaning;US|tok:happy;US|anum:15_pirates;US|tok:cleaning	Top-K Truncation / Bucket Slice (Shared keys: ['US|2tok:happy_cleaning', 'US|tok:happy'], but bucket sliced b[:8] or cap 15 reached)	Top-K Truncation / Bucket Slicing
S1-906686327	Happy Cleaning Service, LLC	15 Pirates Cove, Hampton City, VA	US	S2-320756930,S2-335501512,S2-563044262,S2-67136261,S3-470846399	S2-294504089,S2-367760219,S2-467328484,S2-476306993,S2-581595092,S2-667257518,S2-768259404,S2-816086439,S2-831151307,S2-841014335	S2-563044262	Happy Cleaning Svoce, LLC	PIRATES COVE, HAMPTON CITY, VA	US	16	92.3076923076923	95.23809523809523	US|tok:happy;US|tok:cleaning;US|pfx8:happycle;US|2tok:happy_cleaning;US|pfx6:happyc	Top-K Truncation / Bucket Slice (Shared keys: ['US|tok:happy', 'US|tok:cleaning'], but bucket sliced b[:8] or cap 15 reached)	Top-K Truncation / Bucket Slicing
S1-939880982	Montiq Treasury LLC	Columbus, IN, 735 Whitfield Drive	US	S2-126830779,S3-545503716,S3-96392597	S2-106207813,S2-153331897,S2-177511174,S2-198758715,S2-510656819,S2-629138594,S2-644807393,S2-702157136,S2-747762935,S2-936211739	S2-126830779	MONTIQ LLC SERVICE	735 WHITFIELD DRIVE, COLUMBUS, IN	US	12	54.054054054054056	57.57575757575757	US|pfx6:montiq;US|tok:montiq	Top-K Truncation / Bucket Slice (Shared keys: ['US|pfx6:montiq', 'US|tok:montiq'], but bucket sliced b[:8] or cap 15 reached)	Top-K Truncation / Bucket Slicing
S1-359497386	Shakti Global	2-40-314/C Ambedkar Nagar, Balamrai, Gymkhana, Hyderabad, Telangana	India	S2-419048452,S3-347606257,S3-828181965,S3-86123806	S2-403601202,S2-441821457,S2-467368464,S2-49604448,S2-521957278,S2-616190777,S2-711370129,S2-795398089,S2-855898296,S2-980004525	S3-86123806	Mr Shakti  Global Co	Ambedkar Nagar, NULL, Hyderabad, TG	India	15	78.78787878787878	62.745098039215684	INDIA|tok:shakti	Top-K Truncation / Bucket Slice (Shared keys: ['INDIA|tok:shakti'], but bucket sliced b[:8] or cap 15 reached)	Top-K Truncation / Bucket Slicing
S1-359497386	Shakti Global	2-40-314/C Ambedkar Nagar, Balamrai, Gymkhana, Hyderabad, Telangana	India	S2-419048452,S3-347606257,S3-828181965,S3-86123806	S2-403601202,S2-441821457,S2-467368464,S2-49604448,S2-521957278,S2-616190777,S2-711370129,S2-795398089,S2-855898296,S2-980004525	S3-347606257	శక్తి గ్లోబల్	Ambedkar Nagar, NULL, Hyderabad, TG	India	15	7.692307692307687	62.745098039215684		Address Correlated but Name Dissimilar (Addr Sim: 62.745098039215684%, missed address blocking key)	Address Correlated but Name Unmatched
S1-359497386	Shakti Global	2-40-314/C Ambedkar Nagar, Balamrai, Gymkhana, Hyderabad, Telangana	India	S2-419048452,S3-347606257,S3-828181965,S3-86123806	S2-403601202,S2-441821457,S2-467368464,S2-49604448,S2-521957278,S2-616190777,S2-711370129,S2-795398089,S2-855898296,S2-980004525	S3-828181965	శక్తి గ్లోబల్	TG, Hyderabad, Ambedkar Nagar, NULL	India	15	7.692307692307687	39.21568627450981		Severe Dissimilarity / Brand Alteration (Name Sim: 7.692307692307687%, Addr Sim: 39.21568627450981%)	Severe Dissimilarity / Alternate Brand
S1-359497386	Shakti Global	2-40-314/C Ambedkar Nagar, Balamrai, Gymkhana, Hyderabad, Telangana	India	S2-419048452,S3-347606257,S3-828181965,S3-86123806	S2-403601202,S2-441821457,S2-467368464,S2-49604448,S2-521957278,S2-616190777,S2-711370129,S2-795398089,S2-855898296,S2-980004525	S2-419048452	శక్తి గ్లోబల్	#-40-314/C AMBEDKAR NAGAR, BALAMRAI, GYMKHANA, HYDERABAD, Telangana	India	15	7.692307692307687	98.50746268656717		Address Correlated but Name Dissimilar (Addr Sim: 98.50746268656717%, missed address blocking key)	Address Correlated but Name Unmatched
S1-791947968	Hem Educational Society	2, Gulmohar Soc., Mithbunder Road Thane East, Thane, Maharashtra	India	S3-724965051,S3-796368836	S2-390963947,S2-414350162,S2-46303391,S2-502557984,S2-676269599,S2-730849579,S2-733902130,S2-775124396,S3-625311288	S3-796368836	Mr hemeducationalsociety.com	2, Gulmohar Soc., Mithbunder Road Thane East, Thane, महाराष्ट्र	India	9	82.35294117647058	83.46456692913385	INDIA|anum:2_gulmohar	Top-K Truncation / Bucket Slice (Shared keys: ['INDIA|anum:2_gulmohar'], but bucket sliced b[:8] or cap 15 reached)	Top-K Truncation / Bucket Slicing
S1-791947968	Hem Educational Society	2, Gulmohar Soc., Mithbunder Road Thane East, Thane, Maharashtra	India	S3-724965051,S3-796368836	S2-390963947,S2-414350162,S2-46303391,S2-502557984,S2-676269599,S2-730849579,S2-733902130,S2-775124396,S3-625311288	S3-724965051	Hem éducational Society Society	2, Gulmohar Soc., Mithbunder Road Thane East, Thane, MH	India	9	81.4814814814815	92.43697478991596	INDIA|anum:2_gulmohar;INDIA|tok:society	Top-K Truncation / Bucket Slice (Shared keys: ['INDIA|anum:2_gulmohar', 'INDIA|tok:society'], but bucket sliced b[:8] or cap 15 reached)	Top-K Truncation / Bucket Slicing
S1-2106291	Jai Producer Private Limited	Vishalaxmipur, Ashram More 24 Kakdweep Parganas South Wb, Kakdweep, Parganas South, West Bengal	India	S2-530719559,S3-195645900,S3-289036768	S2-171266772,S2-242461584,S2-274227954,S2-364017896,S2-531795340,S2-577248155,S2-68566363,S2-821011139,S2-888685871,S2-915532249	S3-289036768	জয় প্রডিউসার প্রাইভেট লিমিটেড	Vishalaxmipur, Ashram More 24 Kakdweep Parganas South Wb, Parganas South, Kakdweep, WB	India	15	10.344827586206895	86.1878453038674	INDIA|anum:24_vishalaxmipur	Top-K Truncation / Bucket Slice (Shared keys: ['INDIA|anum:24_vishalaxmipur'], but bucket sliced b[:8] or cap 15 reached)	Top-K Truncation / Bucket Slicing
S1-2106291	Jai Producer Private Limited	Vishalaxmipur, Ashram More 24 Kakdweep Parganas South Wb, Kakdweep, Parganas South, West Bengal	India	S2-530719559,S3-195645900,S3-289036768	S2-171266772,S2-242461584,S2-274227954,S2-364017896,S2-531795340,S2-577248155,S2-68566363,S2-821011139,S2-888685871,S2-915532249	S2-530719559	জয় প্রডিউসার প্রাইভেট লিমিটেড	VISHALAXMIPUR, KAKDWEEP, PARGANAS SOUTH, West Bengal	India	15	10.344827586206895	70.74829931972789		Address Correlated but Name Dissimilar (Addr Sim: 70.74829931972789%, missed address blocking key)	Address Correlated but Name Unmatched
S1-2106291	Jai Producer Private Limited	Vishalaxmipur, Ashram More 24 Kakdweep Parganas South Wb, Kakdweep, Parganas South, West Bengal	India	S2-530719559,S3-195645900,S3-289036768	S2-171266772,S2-242461584,S2-274227954,S2-364017896,S2-531795340,S2-577248155,S2-68566363,S2-821011139,S2-888685871,S2-915532249	S3-195645900	Umbracirariza	Vishalaxmipur, Ashram More 24 Kakdweep Parganas South Wb, Kakdweep, Parganas South, West Bengal	India	15	29.268292682926834	100.0	INDIA|anum:24_vishalaxmipur	Top-K Truncation / Bucket Slice (Shared keys: ['INDIA|anum:24_vishalaxmipur'], but bucket sliced b[:8] or cap 15 reached)	Top-K Truncation / Bucket Slicing
S1-802762694	Mamie Dsouza Management Inc	416 Castle Street, Knoxville, TN	US	S2-259257113,S2-679453895,S3-47560812,S3-862719467,S3-901849053	S2-128658451,S2-162892661,S2-245266965,S2-259257113,S2-388042450,S2-407882832,S2-479613306,S2-604951707,S2-650577878,S2-679453895	S3-862719467	Mamie Dsouza Management Ínc		US	19	96.2962962962963	0.0	US|pfx8:mamiedso;US|tok:dsouza;US|tok:mamie;US|pfx6:mamied;US|2tok:mamie_dsouza	Top-K Truncation / Bucket Slice (Shared keys: ['US|pfx8:mamiedso', 'US|tok:dsouza'], but bucket sliced b[:8] or cap 15 reached)	Top-K Truncation / Bucket Slicing
S1-763758768	Empire Travel	136 County Road 4002, Chilton, TX	US	S2-263624666,S2-977360531,S3-255981294,S3-698828428	S2-114897739,S2-253380484,S2-263624666,S2-340134305,S2-342555234,S2-647458029,S2-844490993,S2-977112800,S2-977360531,S2-978014279	S3-698828428	Empire Center	136-138 County Road 4002, Chilton, Texas	US	11	69.23076923076923	90.41095890410959	US|tok:empire;US|pfx6:empire;US|anum:136_county	Top-K Truncation / Bucket Slice (Shared keys: ['US|tok:empire', 'US|pfx6:empire'], but bucket sliced b[:8] or cap 15 reached)	Top-K Truncation / Bucket Slicing
S1-368557784	Bhagwati (India) (madras) Limited	F547 Ph8A, Indl Area Mohali, S.A.S.Nagar (Mohali), Rupnagar, Punjab	India	S2-18120696,S2-215068004,S3-44040301,S3-5156599,S3-962272913,S3-984632207	S2-153814397,S2-182383318,S2-215068004,S2-272649405,S2-514843514,S2-536091320,S2-556525037,S2-950843070,S3-5156599	S2-18120696	BHAGWATI (IINDA (MADRAS)-LIMITED	NO. 00397 F547 PH8A, INDL AREA MOHALI, S.A.S.NAGAR (MOHALI), Punjab	India	9	92.3076923076923	85.07462686567165	INDIA|pfx8:bhagwati;INDIA|pfx6:bhagwa;INDIA|tok:bhagwati;INDIA|tok:madras	Top-K Truncation / Bucket Slice (Shared keys: ['INDIA|pfx8:bhagwati', 'INDIA|pfx6:bhagwa'], but bucket sliced b[:8] or cap 15 reached)	Top-K Truncation / Bucket Slicing
S1-368557784	Bhagwati (India) (madras) Limited	F547 Ph8A, Indl Area Mohali, S.A.S.Nagar (Mohali), Rupnagar, Punjab	India	S2-18120696,S2-215068004,S3-44040301,S3-5156599,S3-962272913,S3-984632207	S2-153814397,S2-182383318,S2-215068004,S2-272649405,S2-514843514,S2-536091320,S2-556525037,S2-950843070,S3-5156599	S3-984632207	Bhagwati (India) (Madras)	F547 Ph8a, Indl Area Mohali, S.a.s.nagar (Mohali), Rupnagar, PB	India	9	86.20689655172413	96.92307692307692	INDIA|tok:india;INDIA|pfx8:bhagwati;INDIA|pfx6:bhagwa;INDIA|2tok:bhagwati_india;INDIA|tok:madras;INDIA|tok:bhagwati	Top-K Truncation / Bucket Slice (Shared keys: ['INDIA|tok:india', 'INDIA|pfx8:bhagwati'], but bucket sliced b[:8] or cap 15 reached)	Top-K Truncation / Bucket Slicing
S1-368557784	Bhagwati (India) (madras) Limited	F547 Ph8A, Indl Area Mohali, S.A.S.Nagar (Mohali), Rupnagar, Punjab	India	S2-18120696,S2-215068004,S3-44040301,S3-5156599,S3-962272913,S3-984632207	S2-153814397,S2-182383318,S2-215068004,S2-272649405,S2-514843514,S2-536091320,S2-556525037,S2-950843070,S3-5156599	S3-44040301	Evojax	F547 Ph8A, Indl Area Mohali, S.A.S.Nagar (Mohali), Rupnagar, Punjab	India	9	5.128205128205132	100.0		Address Correlated but Name Dissimilar (Addr Sim: 100.0%, missed address blocking key)	Address Correlated but Name Unmatched
S1-368557784	Bhagwati (India) (madras) Limited	F547 Ph8A, Indl Area Mohali, S.A.S.Nagar (Mohali), Rupnagar, Punjab	India	S2-18120696,S2-215068004,S3-44040301,S3-5156599,S3-962272913,S3-984632207	S2-153814397,S2-182383318,S2-215068004,S2-272649405,S2-514843514,S2-536091320,S2-556525037,S2-950843070,S3-5156599	S3-962272913	Bhagwati (madras) Limited-Services	Rupnagar, Indl Area Mohali, S.a.s.nagar (Mohali), F547 Ph8a, ਪੰਜਾਬ	India	9	74.62686567164178	72.18045112781954	INDIA|pfx8:bhagwati;INDIA|pfx6:bhagwa;INDIA|tok:bhagwati;INDIA|tok:madras	Top-K Truncation / Bucket Slice (Shared keys: ['INDIA|pfx8:bhagwati', 'INDIA|pfx6:bhagwa'], but bucket sliced b[:8] or cap 15 reached)	Top-K Truncation / Bucket Slicing
S1-801306682	Perfect Foundation	Chennai, No.388/8, 200 Feet Road, S.Kolathur, Tamil Nadu, Chennai	India	S2-432834212,S2-584471138,S3-813409299,S3-936653629	S2-12197952,S2-194225593,S2-370259597,S2-376402707,S2-395982728,S2-55502727,S2-708003956,S2-797466331,S2-798671710,S2-836530742	S3-813409299	Perfect Foundation Corporation	No.388, 200 Feet Road, S.kolathur, Chennai, TN	India	16	75.0	75.67567567567568	INDIA|tok:foundation;INDIA|tok:perfect;INDIA|2tok:perfect_foundation;INDIA|pfx6:perfec;INDIA|pfx8:perfectf	Top-K Truncation / Bucket Slice (Shared keys: ['INDIA|tok:foundation', 'INDIA|tok:perfect'], but bucket sliced b[:8] or cap 15 reached)	Top-K Truncation / Bucket Slicing
S1-801306682	Perfect Foundation	Chennai, No.388/8, 200 Feet Road, S.Kolathur, Tamil Nadu, Chennai	India	S2-432834212,S2-584471138,S3-813409299,S3-936653629	S2-12197952,S2-194225593,S2-370259597,S2-376402707,S2-395982728,S2-55502727,S2-708003956,S2-797466331,S2-798671710,S2-836530742	S2-584471138	Perfect Foundation LLP	#388/8 , 200 FEET ROAD, S.KOLATHUR, CHENNAI, தமிழ்நாடு	India	16	90.0	68.90756302521008	INDIA|tok:foundation;INDIA|tok:perfect;INDIA|2tok:perfect_foundation;INDIA|pfx6:perfec;INDIA|pfx8:perfectf	Top-K Truncation / Bucket Slice (Shared keys: ['INDIA|tok:foundation', 'INDIA|tok:perfect'], but bucket sliced b[:8] or cap 15 reached)	Top-K Truncation / Bucket Slicing
S1-801306682	Perfect Foundation	Chennai, No.388/8, 200 Feet Road, S.Kolathur, Tamil Nadu, Chennai	India	S2-432834212,S2-584471138,S3-813409299,S3-936653629	S2-12197952,S2-194225593,S2-370259597,S2-376402707,S2-395982728,S2-55502727,S2-708003956,S2-797466331,S2-798671710,S2-836530742	S3-936653629	Perfect F0undation	No.388, 200 Feet Road, S.kolathur, Chennai, TN	India	16	94.44444444444444	75.67567567567568	INDIA|pfx6:perfec;INDIA|tok:perfect;INDIA|pfx8:perfectf	Top-K Truncation / Bucket Slice (Shared keys: ['INDIA|pfx6:perfec', 'INDIA|tok:perfect'], but bucket sliced b[:8] or cap 15 reached)	Top-K Truncation / Bucket Slicing
S1-801306682	Perfect Foundation	Chennai, No.388/8, 200 Feet Road, S.Kolathur, Tamil Nadu, Chennai	India	S2-432834212,S2-584471138,S3-813409299,S3-936653629	S2-12197952,S2-194225593,S2-370259597,S2-376402707,S2-395982728,S2-55502727,S2-708003956,S2-797466331,S2-798671710,S2-836530742	S2-432834212	Perfect Foundation Corp	Tamil Nadu, NO.388/8, 200 FEET ROAD, S.KOLATHUR, CHENNAI	India	16	87.8048780487805	79.33884297520662	INDIA|tok:foundation;INDIA|tok:perfect;INDIA|2tok:perfect_foundation;INDIA|pfx6:perfec;INDIA|pfx8:perfectf	Top-K Truncation / Bucket Slice (Shared keys: ['INDIA|tok:foundation', 'INDIA|tok:perfect'], but bucket sliced b[:8] or cap 15 reached)	Top-K Truncation / Bucket Slicing
S1-170998977	Bridges and Baker	Ofallon, 2404 Meadow Pointe Drive, MO	US	S2-175180864,S2-314735696,S2-494381545,S3-463875505,S3-570586760,S3-789413568	S2-149298711,S2-175180864,S2-349636884,S2-355734392,S2-486697836,S2-517005912,S2-534279519,S2-61667263,S2-624172032,S2-654070465	S2-314735696	Bridges ánd Baker	2404 MEDOW POINTE DR, OFALLON, MO	US	15	94.11764705882352	68.57142857142857	US|tok:bridges;US|tok:baker;US|pfx6:bridge	Top-K Truncation / Bucket Slice (Shared keys: ['US|tok:bridges', 'US|tok:baker'], but bucket sliced b[:8] or cap 15 reached)	Top-K Truncation / Bucket Slicing
S1-170998977	Bridges and Baker	Ofallon, 2404 Meadow Pointe Drive, MO	US	S2-175180864,S2-314735696,S2-494381545,S3-463875505,S3-570586760,S3-789413568	S2-149298711,S2-175180864,S2-349636884,S2-355734392,S2-486697836,S2-517005912,S2-534279519,S2-61667263,S2-624172032,S2-654070465	S3-463875505	Bridges and [Baark]	Missouri, Ofallon, 2404. Meadow Pointe Drive	US	15	83.33333333333334	81.4814814814815	US|pfx8:bridgesa;US|tok:bridges;US|pfx6:bridge;US|2tok:bridges_and	Top-K Truncation / Bucket Slice (Shared keys: ['US|pfx8:bridgesa', 'US|tok:bridges'], but bucket sliced b[:8] or cap 15 reached)	Top-K Truncation / Bucket Slicing
S1-170998977	Bridges and Baker	Ofallon, 2404 Meadow Pointe Drive, MO	US	S2-175180864,S2-314735696,S2-494381545,S3-463875505,S3-570586760,S3-789413568	S2-149298711,S2-175180864,S2-349636884,S2-355734392,S2-486697836,S2-517005912,S2-534279519,S2-61667263,S2-624172032,S2-654070465	S2-494381545	Bridges + Baker	2404 MEADOW POINTE DR, OFALLON, MO	US	15	87.5	70.4225352112676	US|tok:bridges;US|tok:baker;US|pfx6:bridge	Top-K Truncation / Bucket Slice (Shared keys: ['US|tok:bridges', 'US|tok:baker'], but bucket sliced b[:8] or cap 15 reached)	Top-K Truncation / Bucket Slicing
S1-170998977	Bridges and Baker	Ofallon, 2404 Meadow Pointe Drive, MO	US	S2-175180864,S2-314735696,S2-494381545,S3-463875505,S3-570586760,S3-789413568	S2-149298711,S2-175180864,S2-349636884,S2-355734392,S2-486697836,S2-517005912,S2-534279519,S2-61667263,S2-624172032,S2-654070465	S3-570586760	Lumtavodrex aka Bridges and Baker	2404 Meadow Pointe Drive, Ofallon, MO	US	15	68.0	75.67567567567568	US|tok:bridges;US|tok:baker	Top-K Truncation / Bucket Slice (Shared keys: ['US|tok:bridges', 'US|tok:baker'], but bucket sliced b[:8] or cap 15 reached)	Top-K Truncation / Bucket Slicing
S1-170998977	Bridges and Baker	Ofallon, 2404 Meadow Pointe Drive, MO	US	S2-175180864,S2-314735696,S2-494381545,S3-463875505,S3-570586760,S3-789413568	S2-149298711,S2-175180864,S2-349636884,S2-355734392,S2-486697836,S2-517005912,S2-534279519,S2-61667263,S2-624172032,S2-654070465	S3-789413568	and Bridges Baker	2404. Meadow Pointe Drive, Ofallon, Missouri	US	15	76.47058823529412	69.1358024691358	US|tok:bridges;US|tok:baker	Top-K Truncation / Bucket Slice (Shared keys: ['US|tok:bridges', 'US|tok:baker'], but bucket sliced b[:8] or cap 15 reached)	Top-K Truncation / Bucket Slicing
S1-72369296	Enterprises Mittal Developers Private Limited	Haryana, Orchid Centre, Near, Iilm Institute, Sec 53, Tf, Dlf Qe, Gurgaon	India	S2-656349798,S2-856062933,S3-269306445,S3-505060124	S2-117374394,S2-145543728,S2-175907984,S2-244090743,S2-330307900,S2-417956623,S2-574201373,S2-656349798,S2-818524251,S2-856062933	S3-269306445	Arcquo	Tf, Orchid Centre, Near, Iilm Institute, Sec 53, Dlf Qe, Gurgaon, Haryana	India	12	7.843137254901967	84.93150684931507		Address Correlated but Name Dissimilar (Addr Sim: 84.93150684931507%, missed address blocking key)	Address Correlated but Name Unmatched
S1-114279394	Stoddard Hickman House Clinic	NY, 285 5th Street, Smithtown	US	S2-616220259,S3-51643340	S2-145749293,S2-193255507,S2-217232929,S2-297241624,S2-320719774,S2-368913842,S2-403975842,S2-497755853,S2-498594481,S2-522003793	S3-51643340	Hickman, Stoddard House Services	285 5th St, Smithtown, New York	US	19	55.73770491803278	70.0	US|tok:house;US|tok:stoddard;US|anum:285_5th;US|tok:hickman	Top-K Truncation / Bucket Slice (Shared keys: ['US|tok:house', 'US|tok:stoddard'], but bucket sliced b[:8] or cap 15 reached)	Top-K Truncation / Bucket Slicing
S1-114279394	Stoddard Hickman House Clinic	NY, 285 5th Street, Smithtown	US	S2-616220259,S3-51643340	S2-145749293,S2-193255507,S2-217232929,S2-297241624,S2-320719774,S2-368913842,S2-403975842,S2-497755853,S2-498594481,S2-522003793	S2-616220259	Stoddard Hookcgan House Clinic	285 FIFTH ST, SMITHTOWN, NY	US	19	88.13559322033898	71.42857142857143	US|tok:house;US|pfx6:stodda;US|tok:stoddard;US|pfx8:stoddard	Top-K Truncation / Bucket Slice (Shared keys: ['US|tok:house', 'US|pfx6:stodda'], but bucket sliced b[:8] or cap 15 reached)	Top-K Truncation / Bucket Slicing
S1-558634684	Prime Food Private Limited	Plot No. 23, Zone-1 M.P. Nagar, Bhopal, Madhya Pradesh	India	S2-536166686,S2-536420470,S2-623955087	S2-12672975,S2-195773139,S2-30185698,S2-396092808,S2-43044436,S2-471054482,S2-517985367,S2-613608671,S2-674284128,S2-679177922	S2-623955087	प्राइम फूड प्राइवेट लिमिटेड	PLOT NO. 23, BHOPAL, मध्य प्रदेश	India	17	11.32075471698113	51.162790697674424	INDIA|anum:23_plot	Top-K Truncation / Bucket Slice (Shared keys: ['INDIA|anum:23_plot'], but bucket sliced b[:8] or cap 15 reached)	Top-K Truncation / Bucket Slicing
S1-558634684	Prime Food Private Limited	Plot No. 23, Zone-1 M.P. Nagar, Bhopal, Madhya Pradesh	India	S2-536166686,S2-536420470,S2-623955087	S2-12672975,S2-195773139,S2-30185698,S2-396092808,S2-43044436,S2-471054482,S2-517985367,S2-613608671,S2-674284128,S2-679177922	S2-536420470	*** Prime Food Private	PLOT NO. 23, BHOPAL, Madhya Pradesh	India	17	75.0	78.65168539325843	INDIA|anum:23_plot;INDIA|pfx6:primef;INDIA|tok:food;INDIA|2tok:prime_food;INDIA|tok:prime;INDIA|pfx8:primefoo	Top-K Truncation / Bucket Slice (Shared keys: ['INDIA|anum:23_plot', 'INDIA|pfx6:primef'], but bucket sliced b[:8] or cap 15 reached)	Top-K Truncation / Bucket Slicing
S1-558634684	Prime Food Private Limited	Plot No. 23, Zone-1 M.P. Nagar, Bhopal, Madhya Pradesh	India	S2-536166686,S2-536420470,S2-623955087	S2-12672975,S2-195773139,S2-30185698,S2-396092808,S2-43044436,S2-471054482,S2-517985367,S2-613608671,S2-674284128,S2-679177922	S2-536166686	PRIME PRIVATE LIMITED SERVICE	NO 23 , ZONE-1 M.P. NAGAR, BHOPAL, मध्य प्रदेश	India	17	76.36363636363637	70.0	INDIA|tok:prime	Top-K Truncation / Bucket Slice (Shared keys: ['INDIA|tok:prime'], but bucket sliced b[:8] or cap 15 reached)	Top-K Truncation / Bucket Slicing
S1-185338284	Aditya Sai Management Limited	Royal Space Bldg No, 154/20, 3Rd Flr, 5Th Main, Bangalore South, Bangalore, Karnataka	India	S2-235336303,S3-436913197	S2-138037069,S2-159916137,S2-211442670,S2-230806775,S2-235336303,S2-411177047,S2-414053444,S2-516009650,S2-555171490,S2-574602317	S3-436913197	Aditya Sai Management	Royal Space Bldg No, Bangalore South, Bangalore, KA	India	21	84.0	75.0	INDIA|tok:aditya;INDIA|pfx8:adityasa;INDIA|2tok:aditya_sai;INDIA|pfx6:aditya	Top-K Truncation / Bucket Slice (Shared keys: ['INDIA|tok:aditya', 'INDIA|pfx8:adityasa'], but bucket sliced b[:8] or cap 15 reached)	Top-K Truncation / Bucket Slicing
S1-352005417	Wildrick and Sands LLC	25481 151st Drive, Surprise, AZ	US	S2-178461302,S2-247639339,S2-623383289,S3-314465394,S3-926931403	S2-178461302,S2-221843076,S2-229654650,S2-247639339,S2-295569534,S2-363099674,S2-443315201,S2-446314485,S2-452097240,S2-465296454	S3-314465394	Wildrick and Sands	25481 1/2 151rd Dr, NULL, Surprise, Arizona	US	17	90.0	70.27027027027026	US|pfx8:wildrick;US|tok:sands;US|pfx6:wildri;US|2tok:wildrick_and;US|tok:wildrick	Top-K Truncation / Bucket Slice (Shared keys: ['US|pfx8:wildrick', 'US|tok:sands'], but bucket sliced b[:8] or cap 15 reached)	Top-K Truncation / Bucket Slicing
S1-870254921	Vm India Private Limited	Kanjirathani, Vattakkunnu, Kappur P.O, Ottappalam, Palakkad, Kerala	India	S2-763535749,S2-769703757,S3-676115758,S3-840435139	S2-11796588,S2-198127731,S2-253432227,S2-398694599,S2-601888632,S2-635091829,S2-713417044,S2-763535749,S2-770042398,S2-835481833	S3-676115758	Aviariaarc One	Ottappalam, Kanjirathani, Vattakkunnu, Kappur P.O, Palakkad, Kerala	India	11	42.10526315789473	82.08955223880598		Address Correlated but Name Dissimilar (Addr Sim: 82.08955223880598%, missed address blocking key)	Address Correlated but Name Unmatched
S1-870254921	Vm India Private Limited	Kanjirathani, Vattakkunnu, Kappur P.O, Ottappalam, Palakkad, Kerala	India	S2-763535749,S2-769703757,S3-676115758,S3-840435139	S2-11796588,S2-198127731,S2-253432227,S2-398694599,S2-601888632,S2-635091829,S2-713417044,S2-763535749,S2-770042398,S2-835481833	S2-769703757	Priaate Vm lndia Limited	DOOR NO 52 KANJIRATHANI, OTTAPPALAM, PALAKKAD, Kerala	India	11	62.5	70.0		No Shared Blocking Key Generated (Name Sim: 62.5%, Addr Sim: 70.0%)	No Blocking Rule Hit
S1-870254921	Vm India Private Limited	Kanjirathani, Vattakkunnu, Kappur P.O, Ottappalam, Palakkad, Kerala	India	S2-763535749,S2-769703757,S3-676115758,S3-840435139	S2-11796588,S2-198127731,S2-253432227,S2-398694599,S2-601888632,S2-635091829,S2-713417044,S2-763535749,S2-770042398,S2-835481833	S3-840435139	Vm India Limited Services	Ottappalam, Kanjirathani, KL, Palakkad, Vattakkunnu, Kappur P.o	India	11	65.3061224489796	56.92307692307692	INDIA|tok:india;INDIA|pfx6:vmindi;INDIA|2tok:vm_india	Top-K Truncation / Bucket Slice (Shared keys: ['INDIA|tok:india', 'INDIA|pfx6:vmindi'], but bucket sliced b[:8] or cap 15 reached)	Top-K Truncation / Bucket Slicing
S1-574943722	Hayes Unified Regions LLC	12 School Square, Unit 2, Winchendon, MA	US	S2-830367081,S3-180705832,S3-289966701,S3-675433997	S2-277128876,S2-290738994,S2-439661280,S2-517162070,S2-655327766,S2-684785121,S2-688146848,S2-690710546,S2-693613999,S2-709340217	S3-180705832	The Hayes Unified Regions LLC	##12 School Square, # 2, Winchendon, Massachusetts	US	17	92.5925925925926	80.0	US|tok:unified;US|anum:12_school;US|tok:regions;US|tok:hayes	Top-K Truncation / Bucket Slice (Shared keys: ['US|tok:unified', 'US|anum:12_school'], but bucket sliced b[:8] or cap 15 reached)	Top-K Truncation / Bucket Slicing
S1-574943722	Hayes Unified Regions LLC	12 School Square, Unit 2, Winchendon, MA	US	S2-830367081,S3-180705832,S3-289966701,S3-675433997	S2-277128876,S2-290738994,S2-439661280,S2-517162070,S2-655327766,S2-684785121,S2-688146848,S2-690710546,S2-693613999,S2-709340217	S3-675433997	Círaumbra	##12 School Sq, Winchendon, Massachusetts	US	17	17.647058823529417	69.1358024691358	US|anum:12_school	Top-K Truncation / Bucket Slice (Shared keys: ['US|anum:12_school'], but bucket sliced b[:8] or cap 15 reached)	Top-K Truncation / Bucket Slicing
