source1_entity_id	s1_name	s1_address	country	true_noisy_id	true_match_rank	total_v2_candidates	reason
S1-133037285	Christ Chapel	2100 Cameron Drive, Unit APARTMENT G, Dundalk, MD	US	S2-103437512	159	216	Ranked at position 159 in pool of 216 candidates
S1-629417405	Moore Bitwise Inc	337 Oakland Avenue, Michigan City, IN	US	S3-786131946	236	240	Ranked at position 236 in pool of 240 candidates
S1-765734254	Health Fellowship Partners	601 Oleander Circle, Virginia Beach City, VA	US	S3-799567902	167	177	Ranked at position 167 in pool of 177 candidates
S1-597762257	Green Logistics Private Limited	E-7, Second Floor, New Delhi, South Delhi, Delhi	India	S2-535895394	204	341	Ranked at position 204 in pool of 341 candidates
S1-597762257	Green Logistics Private Limited	E-7, Second Floor, New Delhi, South Delhi, Delhi	India	S2-750318376	174	341	Ranked at position 174 in pool of 341 candidates
S1-716574008	Rajani Enterprises of Kannur	46/1106, Dhanalakshmi Road, Near Amani Auditorium, Kannur, Kerala	India	S3-738802926	127	154	Ranked at position 127 in pool of 154 candidates
S1-883973644	Global Hovnanian LLC	4024 39th Avenue, Seattle, WA	US	S2-346262429	103	196	Ranked at position 103 in pool of 196 candidates
S1-982210261	Mayur Hospital of Gondal	C/O Dwarkadhis Enterprise, C.M. Palace, Ist Floor, Shop 3, Vill: Gondal(Mog), Gondal, Rajkot, Gondal, Rajkot, Gujarat	India	S3-224149694	117	142	Ranked at position 117 in pool of 142 candidates
S1-982210261	Mayur Hospital of Gondal	C/O Dwarkadhis Enterprise, C.M. Palace, Ist Floor, Shop 3, Vill: Gondal(Mog), Gondal, Rajkot, Gondal, Rajkot, Gujarat	India	S3-224600177	124	142	Ranked at position 124 in pool of 142 candidates
S1-947119891	Prairie Initiative	15 Bellview Avenue, Brookhaven, NY	US	S3-128064048	148	152	Ranked at position 148 in pool of 152 candidates
S1-630223771	All International LLP	Office 105, Flr-1, Sujata Chambers, Abhaychand Gandhi Marg, Mirchi Gully Masjid Stn Man, Dvi, Mumbai, Mumbai City, Maharashtra	India	S3-697578371	240	293	Ranked at position 240 in pool of 293 candidates
S1-630223771	All International LLP	Office 105, Flr-1, Sujata Chambers, Abhaychand Gandhi Marg, Mirchi Gully Masjid Stn Man, Dvi, Mumbai, Mumbai City, Maharashtra	India	S3-587424087	207	293	Ranked at position 207 in pool of 293 candidates
S1-630223771	All International LLP	Office 105, Flr-1, Sujata Chambers, Abhaychand Gandhi Marg, Mirchi Gully Masjid Stn Man, Dvi, Mumbai, Mumbai City, Maharashtra	India	S3-815538600	210	293	Ranked at position 210 in pool of 293 candidates
S1-505869859	Invest Investments Pvt Ltd	Ff-104, Meera Mana Arcade, Beside Krupa Petrol Pump, Ellisbridge, Ahmedabad, Gujarat	India	S3-882498611	168	222	Ranked at position 168 in pool of 222 candidates
S1-21084577	Harbor Alliance	45 Goff Street, Corning, NY	US	S3-50929802	143	162	Ranked at position 143 in pool of 162 candidates
S1-21084577	Harbor Alliance	45 Goff Street, Corning, NY	US	S3-364924227	147	162	Ranked at position 147 in pool of 162 candidates
S1-617455147	Medyne Adr LLC	1732 Sanford Street, Arlington, TX	US	S3-630897051	141	165	Ranked at position 141 in pool of 165 candidates
S1-368348061	Naon Enterprises Inc	31481 Oak Ridge Drive, Muscoda, WI	US	S3-832808344	102	168	Ranked at position 102 in pool of 168 candidates
S1-368348061	Naon Enterprises Inc	31481 Oak Ridge Drive, Muscoda, WI	US	S3-656890408	107	168	Ranked at position 107 in pool of 168 candidates
S1-8092452	Urban Nails!	1262 Grandstaff Avenue, Lancaster, OH	US	S2-404025676	192	267	Ranked at position 192 in pool of 267 candidates
S1-8092452	Urban Nails!	1262 Grandstaff Avenue, Lancaster, OH	US	S3-183988476	244	267	Ranked at position 244 in pool of 267 candidates
S1-499302167	Shree Industries Private Limited	Plot No. 265, G. I. D. C. Estate Sachin, Surat, Gujarat	India	S2-148775637	264	356	Ranked at position 264 in pool of 356 candidates
S1-499302167	Shree Industries Private Limited	Plot No. 265, G. I. D. C. Estate Sachin, Surat, Gujarat	India	S2-45522817	230	356	Ranked at position 230 in pool of 356 candidates
S1-499302167	Shree Industries Private Limited	Plot No. 265, G. I. D. C. Estate Sachin, Surat, Gujarat	India	S3-112888430	344	356	Ranked at position 344 in pool of 356 candidates
S1-499302167	Shree Industries Private Limited	Plot No. 265, G. I. D. C. Estate Sachin, Surat, Gujarat	India	S3-112108004	334	356	Ranked at position 334 in pool of 356 candidates
S1-499302167	Shree Industries Private Limited	Plot No. 265, G. I. D. C. Estate Sachin, Surat, Gujarat	India	S3-76582686	322	356	Ranked at position 322 in pool of 356 candidates
S1-269039848	Holy Community Church	5546 Cincinnati Dayton Road, Middletown, OH	US	S2-523777271	130	168	Ranked at position 130 in pool of 168 candidates
S1-988516196	Bright Pub!	1455 Thompson Road, Woodburn, OR	US	S2-39357842	137	249	Ranked at position 137 in pool of 249 candidates
S1-498738124	Primary Care Medicine	1509 Primrose Lane, Cary, NC	US	S3-974705603	116	179	Ranked at position 116 in pool of 179 candidates
S1-622557613	Baid Retail Corporation	114, Sitaram Appartments Plot No-102, Ip Extension, Delhi, East Delhi, Delhi	India	S3-163454489	123	145	Ranked at position 123 in pool of 145 candidates
S1-840279529	Siobhan Caswell Safe Diversified LLC	2205 Hayes Road, Houston, TX	US	S2-310438906	262	289	Ranked at position 262 in pool of 289 candidates
S1-737635669	Steffane Dale Clean Eaton	NC, Hays, 4205 Yellow Banks Road	US	S2-766796658	171	184	Ranked at position 171 in pool of 184 candidates
S1-737635669	Steffane Dale Clean Eaton	NC, Hays, 4205 Yellow Banks Road	US	S3-480268996	119	184	Ranked at position 119 in pool of 184 candidates
S1-783021266	Power Infotel	Sirsa, Ground Floor, H.No. 801, Sawera Hotel Wali Gali, Near Bus Stand, Gobind Nagar, Haryana, Sirsa	India	S3-837055216	206	237	Ranked at position 206 in pool of 237 candidates
S1-501296085	Valley & Co	Flat No 33 B, Udaygiri 1St, Sector 34, Uttar Pradesh, Gautam Buddha Nagar, Noida	India	S2-604608859	218	354	Ranked at position 218 in pool of 354 candidates
S1-576857452	Urban Investment Private Limited	709, 7Th Flr, Kosha Kommercial Komplex, Malad East, Mumbai, Maharashtra	India	S2-51849291	150	186	Ranked at position 150 in pool of 186 candidates
S1-576857452	Urban Investment Private Limited	709, 7Th Flr, Kosha Kommercial Komplex, Malad East, Mumbai, Maharashtra	India	S2-282093815	155	186	Ranked at position 155 in pool of 186 candidates
S1-79772943	Nobles School of Medicine	Hereford, AZ, 6252 Saddlehorn Circle	US	S3-706508309	310	331	Ranked at position 310 in pool of 331 candidates
S1-153055996	Summit Associates	1391 Country Lane, Bellingham, WA	US	S2-612435488	116	260	Ranked at position 116 in pool of 260 candidates
S1-895771779	24HR Towing	641 Midfield Drive, Maumee, OH	US	S3-55241134	264	322	Ranked at position 264 in pool of 322 candidates
S1-162806244	Claudine Thompson Mitsubishi Corp	41251 Hearne Road, New London, NC	US	S2-497044313	124	140	Ranked at position 124 in pool of 140 candidates
S1-336308856	Rajendranagar Agro Private Limited	Rajendranagar, Hyderabad, Bandlaguda Jagir, Telangana, Pno13&14Fno 203 Mounika N	India	S3-467978363	110	189	Ranked at position 110 in pool of 189 candidates
S1-128347375	Anand Green Logistics Private Limited	107 First Floor Plot No-6T.C, Jaina Tower -2 District Centre Janak New Delhi, Delhi, Jaina Tower -2 District Centre Janak New Delhi, Delhi, New Delhi, West Delhi, Delhi	India	S3-848225821	103	282	Ranked at position 103 in pool of 282 candidates
S1-924009686	Elegance Events (India) Private Limited	Bangalore, Swati Enclave, Trb Layout 1St Main, 1St Cross, Bangalore, Karnataka, No. 401	India	S3-227737439	258	272	Ranked at position 258 in pool of 272 candidates
S1-165891282	Industries Grand Brick Group	Shop No.-S-8, Second Floor, Plot No.-5 Pankaj Central Plaza, Pocket-5, Sector-12, Dwarka, New Delhi, Delhi	India	S3-598155472	442	513	Ranked at position 442 in pool of 513 candidates
S1-284710338	Inter India	A-2106, Ace Platinum, Block Zeta-1, Plot No Gh 12/1, Greater Noida, Dadri, Gautam Buddha Nagar, Uttar Pradesh	India	S3-215858960	110	176	Ranked at position 110 in pool of 176 candidates
S1-677741106	Paul Holdings	C/O- Akhilesh Kr Chauhan Patwatoli, Near Naksha Ghar, Hajipur, Vaishali, Bihar	India	S2-148794360	134	290	Ranked at position 134 in pool of 290 candidates
S1-677741106	Paul Holdings	C/O- Akhilesh Kr Chauhan Patwatoli, Near Naksha Ghar, Hajipur, Vaishali, Bihar	India	S3-841231723	257	290	Ranked at position 257 in pool of 290 candidates
S1-378652653	Gulf Network Inc	22022 Shale Barren Court, Cypress, TX	US	S3-200235828	168	226	Ranked at position 168 in pool of 226 candidates
S1-338840619	Quartz, LLC	602 723, Bldg Residence, Crittenden County, KY	US	S3-596935989	225	249	Ranked at position 225 in pool of 249 candidates
S1-338840619	Quartz, LLC	602 723, Bldg Residence, Crittenden County, KY	US	S2-711927056	198	249	Ranked at position 198 in pool of 249 candidates
S1-711682948	Catherine Nesbit Industries LLC	2 Stonegate Court, Fairfield, OH	US	S3-226996687	232	265	Ranked at position 232 in pool of 265 candidates
S1-208550511	Muriel Quality Nextera LLC	NC, Sylva, 1580 Blanton Branch Road	US	S3-358047555	165	244	Ranked at position 165 in pool of 244 candidates
S1-126927804	Future Healthcare Pvt Ltd	Unit No. 14, Krishna Commercial Centre, 6, Udyog Nagar, Near Kamat Club, Goregaon, (West), Mumbai, Maharashtra	India	S3-773054197	200	212	Ranked at position 200 in pool of 212 candidates
S1-987994833	Muskan India Limited	S F Shop 2, Vaidehi Shine, Near Suraj 48, Gandhinagar, Gandhi Nagar, Gujarat	India	S3-878747011	164	245	Ranked at position 164 in pool of 245 candidates
S1-944430830	Real Trading	Plot 120, Sy No 41 Kavuri Hills Phase-1, Jubilee Hills, Hyderabad, Telangana	India	S3-122364418	127	401	Ranked at position 127 in pool of 401 candidates
S1-572490154	Krishan Services Ltd	G-31, Preet Vihar, Delhi	India	S3-494335891	207	273	Ranked at position 207 in pool of 273 candidates
S1-232999426	Maa Works Private Limited	At House No.35, Wadad, Tq-Aundha, Dist-Hingoli, Hingoli, Maharashtra	India	S2-532588837	102	223	Ranked at position 102 in pool of 223 candidates
S1-232999426	Maa Works Private Limited	At House No.35, Wadad, Tq-Aundha, Dist-Hingoli, Hingoli, Maharashtra	India	S3-307259379	140	223	Ranked at position 140 in pool of 223 candidates
S1-232999426	Maa Works Private Limited	At House No.35, Wadad, Tq-Aundha, Dist-Hingoli, Hingoli, Maharashtra	India	S3-819575840	198	223	Ranked at position 198 in pool of 223 candidates
S1-120433302	Authentic Electro Ltd	House No. S-219, Basement, Greater Kailash-Ii, New Delhi, South Delhi, Delhi	India	S3-784116632	105	185	Ranked at position 105 in pool of 185 candidates
S1-120433302	Authentic Electro Ltd	House No. S-219, Basement, Greater Kailash-Ii, New Delhi, South Delhi, Delhi	India	S2-44772905	115	185	Ranked at position 115 in pool of 185 candidates
S1-314962839	Dalmia Speciality Pvt. Ltd.	Fk-50, Block-Fk Shastri Nagar, Delhi	India	S3-63045797	193	462	Ranked at position 193 in pool of 462 candidates
S1-15005997	Raphaela F. Newell, O.D.	34 Bank Street, New Bedford, MA	US	S3-747454686	243	250	Ranked at position 243 in pool of 250 candidates
S1-447452795	Blue Network Corporation	177 1st Avenue, Nashville, TN	US	S3-366674728	149	284	Ranked at position 149 in pool of 284 candidates
S1-889584874	Bebe Singletary Empire Blackstone LLC	146 Forest Oaks Lane, Lake Jackson, TX	US	S3-405213450	126	279	Ranked at position 126 in pool of 279 candidates
S1-748243940	Blaine Box	3008 Davis Road, Spokane Valley, WA	US	S3-749582950	149	176	Ranked at position 149 in pool of 176 candidates
S1-878904744	Downtown Ice Cream	138 23rd Avenue, Melrose Park, IL	US	S3-198857086	191	244	Ranked at position 191 in pool of 244 candidates
S1-164240371	Family Association	OH, Fl 3, Columbus, 5059 Enclave Boulevard	US	S3-460868914	104	158	Ranked at position 104 in pool of 158 candidates
S1-328371553	Rajdhani Holdings	Noida, Uttar Pradesh, Habibpur, Greater Noida, C/O Daya Chandra R/O Shop No.5 D Sharma Market, Gautam Buddha Nagar	India	S3-484859365	142	336	Ranked at position 142 in pool of 336 candidates
S1-328371553	Rajdhani Holdings	Noida, Uttar Pradesh, Habibpur, Greater Noida, C/O Daya Chandra R/O Shop No.5 D Sharma Market, Gautam Buddha Nagar	India	S2-737909912	114	336	Ranked at position 114 in pool of 336 candidates
S1-328371553	Rajdhani Holdings	Noida, Uttar Pradesh, Habibpur, Greater Noida, C/O Daya Chandra R/O Shop No.5 D Sharma Market, Gautam Buddha Nagar	India	S3-891485904	219	336	Ranked at position 219 in pool of 336 candidates
S1-328371553	Rajdhani Holdings	Noida, Uttar Pradesh, Habibpur, Greater Noida, C/O Daya Chandra R/O Shop No.5 D Sharma Market, Gautam Buddha Nagar	India	S3-161420635	182	336	Ranked at position 182 in pool of 336 candidates
S1-566485202	New Life Synagogue	2035 Litchfield Dr, Hiawatha, IA	US	S3-116898417	153	220	Ranked at position 153 in pool of 220 candidates
S1-790887991	Agni College	37/3, Kala Complex Fourth Avenue, Ashok Nagar, Chennai, Tamil Nadu	India	S3-931397252	142	239	Ranked at position 142 in pool of 239 candidates
S1-410040347	Temple Synagogue	10202 W Maple Road, Omaha, NE	US	S2-286301971	124	238	Ranked at position 124 in pool of 238 candidates
S1-986863583	Caldeon Duke Inc	8747 Santa Ridge Circle, Elk Grove, CA	US	S3-483372737	161	293	Ranked at position 161 in pool of 293 candidates
S1-88905792	Sunderban Welfare Society	Lucknow, T C- 46, Lucknow, Uttar Pradesh, Vibhuti Khand, Gomti Nagar, Lucknow	India	S2-557990591	216	224	Ranked at position 216 in pool of 224 candidates
S1-88905792	Sunderban Welfare Society	Lucknow, T C- 46, Lucknow, Uttar Pradesh, Vibhuti Khand, Gomti Nagar, Lucknow	India	S3-664530964	219	224	Ranked at position 219 in pool of 224 candidates
S1-868064087	Kashish Fuel Private Limited	Chennai, Tamil Nadu, 3/171 Silicon Valley Q Block I. T. Highway Old Mahapalipuram Road, Thuraipakkam	India	S3-613605522	133	133	Ranked at position 133 in pool of 133 candidates
S1-372903225	Elevate Professional Center	74B, Lowther Road, Allahabad, Uttar Pradesh	India	S3-210640327	266	285	Ranked at position 266 in pool of 285 candidates
S1-100405609	Capital Network III LLC	3216 Frinks Street, Raleigh, NC	US	S3-364918881	255	311	Ranked at position 255 in pool of 311 candidates
S1-160617128	Winners Marketing Private Limited	Kh. No. 26/12/1 Ground Floor, Shahbad Daulatpur, Delhi, North West Delhi, Delhi	India	S3-229470791	511	518	Ranked at position 511 in pool of 518 candidates
S1-554328643	A Complete Gen LLC	1225 Providence Terrace, Fairfax County, VA	US	S2-630903155	278	287	Ranked at position 278 in pool of 287 candidates
S1-571214733	Wooten Atlantic Bhav	Albuquerque, 2009 Pinonwood Avenue, NM	US	S3-870487302	146	232	Ranked at position 146 in pool of 232 candidates
S1-906686327	Happy Cleaning Service, LLC	15 Pirates Cove, Hampton City, VA	US	S2-563044262	102	259	Ranked at position 102 in pool of 259 candidates
S1-801306682	Perfect Foundation	Chennai, No.388/8, 200 Feet Road, S.Kolathur, Tamil Nadu, Chennai	India	S3-813409299	108	112	Ranked at position 108 in pool of 112 candidates
S1-114279394	Stoddard Hickman House Clinic	NY, 285 5th Street, Smithtown	US	S3-51643340	158	297	Ranked at position 158 in pool of 297 candidates
S1-266640251	Game Consultancy Private Limited	Delhi, South Delhi, Kh No-185, Lane No-3 U/G/Fr/S, Saidulajab, Delhi, B-39	India	S3-723011845	171	181	Ranked at position 171 in pool of 181 candidates
S1-774836812	Weiler Blue Brokerage PLLC	132 Danforth Street, Portland, ME	US	S3-312382203	142	170	Ranked at position 142 in pool of 170 candidates
S1-382138150	Amrit Open Private Limited	Room No.6, Kashinath Patil Chawl, Opp Sapana Hotel, S V Road, Mumbai, Mumbai City, Maharashtra	India	S3-750434748	256	289	Ranked at position 256 in pool of 289 candidates
S1-470699785	Krystyna's Energy Inc	NY, Unit Apartment 206, 183 Main Street, Fredonia	US	S2-592507040	140	214	Ranked at position 140 in pool of 214 candidates
S1-793019850	Rocky Trust, LLC	846 217, Claverack, NY	US	S2-565838685	261	292	Ranked at position 261 in pool of 292 candidates
S1-95925372	Temple Presbyterian Church	11802 Hickory Drive, Fort Washington, MD	US	S3-672754987	154	194	Ranked at position 154 in pool of 194 candidates
S1-993604636	Nanak & Partners Pvt Ltd	288-B, Vivek Vihar, New Sanganer Road, Jaipur, Rajasthan	India	S3-930321997	113	168	Ranked at position 113 in pool of 168 candidates
S1-285739773	Gobind & Sons	C/O Gaurav Kumar, Chand Choura Morcha Gali, Gaya, Bihar	India	S3-881169865	114	114	Ranked at position 114 in pool of 114 candidates
S1-906079981	Radhakrishna Ship Private Limited	108 B, Devika Tower, New Delhi, South Delhi, Delhi	India	S3-489697405	110	192	Ranked at position 110 in pool of 192 candidates
S1-906079981	Radhakrishna Ship Private Limited	108 B, Devika Tower, New Delhi, South Delhi, Delhi	India	S2-221175434	161	192	Ranked at position 161 in pool of 192 candidates
S1-416469670	North Ventures Limited	H No, Je-33 A, New -127-Old Kh-55 Khirki Extension, Delhi, South Delhi, Delhi	India	S2-94707600	225	398	Ranked at position 225 in pool of 398 candidates
S1-416469670	North Ventures Limited	H No, Je-33 A, New -127-Old Kh-55 Khirki Extension, Delhi, South Delhi, Delhi	India	S3-257907464	115	398	Ranked at position 115 in pool of 398 candidates
S1-960355473	Visionary & Sons Private Limited	Ground Floor, Incor Opulence Gunjur Palya Road, Gunjur Village, Varthur, Bangalore, Flat No.G05, Karnataka, Bangalore	India	S3-558846856	136	148	Ranked at position 136 in pool of 148 candidates
S1-960355473	Visionary & Sons Private Limited	Ground Floor, Incor Opulence Gunjur Palya Road, Gunjur Village, Varthur, Bangalore, Flat No.G05, Karnataka, Bangalore	India	S2-443666785	108	148	Ranked at position 108 in pool of 148 candidates
S1-453223583	Varshika Services Private Limited	Bh. Ranibag Street, Amrut Sweet Vari Galima, Porbandar, Gujarat	India	S3-123982953	108	239	Ranked at position 108 in pool of 239 candidates
S1-453223583	Varshika Services Private Limited	Bh. Ranibag Street, Amrut Sweet Vari Galima, Porbandar, Gujarat	India	S3-948308596	129	239	Ranked at position 129 in pool of 239 candidates
S1-143265439	Drayex Armour	312 Derby Lane, Unit 202, Lexington, NC	US	S2-648730112	105	268	Ranked at position 105 in pool of 268 candidates
S1-143265439	Drayex Armour	312 Derby Lane, Unit 202, Lexington, NC	US	S3-104196677	187	268	Ranked at position 187 in pool of 268 candidates
S1-220020462	Red Pizza	15 Wells Avenue, East Hartford, CT	US	S3-623969286	200	300	Ranked at position 200 in pool of 300 candidates
S1-220020462	Red Pizza	15 Wells Avenue, East Hartford, CT	US	S2-633582175	269	300	Ranked at position 269 in pool of 300 candidates
S1-620608935	Urban Bistro PLLC	8560 9, Lewis, NY	US	S2-830502695	272	307	Ranked at position 272 in pool of 307 candidates
S1-620608935	Urban Bistro PLLC	8560 9, Lewis, NY	US	S2-580542119	263	307	Ranked at position 263 in pool of 307 candidates
S1-445455950	Blue Bike Shop	807 Jackson Boulevard, Unit 1-3, Jonesborough, TN	US	S2-777947702	149	282	Ranked at position 149 in pool of 282 candidates
S1-108314429	Supreme Dream It	Office No F-39, First Floor Eternity Commercial Premises, Lbs Marg, Teen Hath Naka, Thane, Maharashtra	India	S2-933544534	158	204	Ranked at position 158 in pool of 204 candidates
S1-108314429	Supreme Dream It	Office No F-39, First Floor Eternity Commercial Premises, Lbs Marg, Teen Hath Naka, Thane, Maharashtra	India	S2-628035494	159	204	Ranked at position 159 in pool of 204 candidates
S1-108314429	Supreme Dream It	Office No F-39, First Floor Eternity Commercial Premises, Lbs Marg, Teen Hath Naka, Thane, Maharashtra	India	S3-689715676	189	204	Ranked at position 189 in pool of 204 candidates
S1-947166860	Apoorva Works Private Limited	22/2791, Old Y Block, 6Th Street 12Th Main Road, Anna Nagar, Chennai, Tamil Nadu	India	S2-935894318	320	355	Ranked at position 320 in pool of 355 candidates
S1-977818366	Dental Allied Medicine	5262 Clematis Way, West Jordan City, UT	US	S3-76243635	113	213	Ranked at position 113 in pool of 213 candidates
S1-977818366	Dental Allied Medicine	5262 Clematis Way, West Jordan City, UT	US	S2-797339055	112	213	Ranked at position 112 in pool of 213 candidates
S1-346929118	Nectar & Associates of Phulwari	C/O Ratnesh Kumar, F.No-415B Lotus Apartment, Phulwari, Patna, Bihar	India	S2-105197053	174	230	Ranked at position 174 in pool of 230 candidates
S1-175633133	Suyash Ventures Private Limited	D.No.9-47/36/3, Gf-103, Dtr, Mansion, Vaibhav Nagar, Visakhapatnam (Rural), Visakhapatnam, Vishakhapatnam, Andhra Pradesh	India	S3-82838739	130	284	Ranked at position 130 in pool of 284 candidates
S1-909532705	Perea Liberty Bioscience, LLC	N4752 Christopher Road, Town Of Lowville, WI	US	S3-144658609	130	158	Ranked at position 130 in pool of 158 candidates
S1-435735212	Juniper	12831 6th Street, Unit Suite B, Lillian, AL	US	S3-604248603	161	202	Ranked at position 161 in pool of 202 candidates
S1-368357600	Prakruti India Corporation	Icono One World Centre, #03, Plot No.21, Sector 24, Turbhe, Navi Mumbai, Thane, Maharashtra	India	S3-9101520	121	125	Ranked at position 121 in pool of 125 candidates
S1-51590630	Cobalt Inc	936 Cascades Drive, Mckinney, TX	US	S3-978807641	132	191	Ranked at position 132 in pool of 191 candidates
S1-51590630	Cobalt Inc	936 Cascades Drive, Mckinney, TX	US	S2-518150773	131	191	Ranked at position 131 in pool of 191 candidates
S1-51590630	Cobalt Inc	936 Cascades Drive, Mckinney, TX	US	S2-724618521	130	191	Ranked at position 130 in pool of 191 candidates
S1-684205378	Primary Care Health	633 Main Street, Cairo, OH	US	S2-395827949	157	174	Ranked at position 157 in pool of 174 candidates
S1-809295456	Indrya (india) Pvt Ltd	1835C Ward Bhausingi Road, Kolhapur, Karvir, Kolhapur, Maharashtra	India	S3-432783832	143	225	Ranked at position 143 in pool of 225 candidates
S1-809295456	Indrya (india) Pvt Ltd	1835C Ward Bhausingi Road, Kolhapur, Karvir, Kolhapur, Maharashtra	India	S3-614371116	219	225	Ranked at position 219 in pool of 225 candidates
S1-524765559	Anand Food Private Limited	Room No 201, Sai Malhar Sadan, Phoolpada Road Virar East, Mumbai, Mumbai City, Maharashtra	India	S2-194916072	167	233	Ranked at position 167 in pool of 233 candidates
S1-47921351	Sarasansh Polymers	5, Chandwar Gate, Firozabad, Uttar Pradesh	India	S3-405350502	139	232	Ranked at position 139 in pool of 232 candidates
S1-471497067	Bombay Media LLP	Fattepuria Niwas Old Cotton Market, Wardha, Maharashtra	India	S3-611182398	146	147	Ranked at position 146 in pool of 147 candidates
S1-471497067	Bombay Media LLP	Fattepuria Niwas Old Cotton Market, Wardha, Maharashtra	India	S2-131617194	117	147	Ranked at position 117 in pool of 147 candidates
S1-735713081	Mount Cathedral	4130 18, Unit Unit C, Edmeston, NY	US	S2-339108687	108	205	Ranked at position 108 in pool of 205 candidates
S1-476132624	Jamison, Zimmer and Juarez Inc	Unit APT F, 7783 Newport Way, IN, Indianapolis	US	S3-788217134	392	426	Ranked at position 392 in pool of 426 candidates
S1-476132624	Jamison, Zimmer and Juarez Inc	Unit APT F, 7783 Newport Way, IN, Indianapolis	US	S3-774003658	325	426	Ranked at position 325 in pool of 426 candidates
S1-901695846	Lopez, Cortez and Custard LP	5 Industrial Loop Road, Hannibal, MO	US	S3-821603883	102	104	Ranked at position 102 in pool of 104 candidates
S1-703703543	Cultural Charities Inc.	142 32nd Avenue, Eugene, OR	US	S3-680314796	127	143	Ranked at position 127 in pool of 143 candidates
S1-603318865	Shoshana Rude Express Limited LLC	21215 Cold Spring Lane, Cornelius, NC	US	S3-883123992	161	354	Ranked at position 161 in pool of 354 candidates
S1-157183174	Vinny Fernandez Advisory Associates	142 W Grandiflora Drive, Wallace, NC	US	S3-149771986	153	180	Ranked at position 153 in pool of 180 candidates
S1-226564818	Literacy Fund LLC	414 B White Oak Street, High Point, NC	US	S2-891882828	113	232	Ranked at position 113 in pool of 232 candidates
S1-580432162	Stephens and Billington LLC	7530 Kane Court, Northfield, OH	US	S3-272220419	103	118	Ranked at position 103 in pool of 118 candidates
S1-383350674	Dental United Care LLC	Pattonville, 1429 County Road 14500, TX	US	S2-720314389	116	197	Ranked at position 116 in pool of 197 candidates
S1-701003373	Sampson & Cunningham LLC	23560 259th Street, Mc Louth, KS	US	S3-23997241	128	187	Ranked at position 128 in pool of 187 candidates
S1-457922425	Greencity Developers Private Limited	Unit 3 Flr 4 Pinnacle Blk, Int. Tech Park, Csir Road, Chennai City Corporation, Chennai, Tamil Nadu	India	S3-498999007	105	132	Ranked at position 105 in pool of 132 candidates
S1-921473285	Yamuansh Trims Ltd	3Rd And 4Th Floor, Plot No. Gen 34, Ttc, Midc Mahape Taluke, Thane, Thane, Maharashtra	India	S2-169540913	134	316	Ranked at position 134 in pool of 316 candidates
S1-872302647	Lucky Pilates Inc	321 21st Street, Unit C, Newark, OH	US	S3-983622567	182	291	Ranked at position 182 in pool of 291 candidates
S1-872302647	Lucky Pilates Inc	321 21st Street, Unit C, Newark, OH	US	S3-589378521	291	291	Ranked at position 291 in pool of 291 candidates
S1-633109512	Kritora Investment	Shop No. 26, Floor Ground, Dalit Nagar, Nana Phadnis Road, Mumbai, Maharashtra	India	S3-990180981	390	540	Ranked at position 390 in pool of 540 candidates
S1-496346323	Family Ministries	124 Thompson Drive, Kings Mountain, NC	US	S3-535674736	205	233	Ranked at position 205 in pool of 233 candidates
S1-496346323	Family Ministries	124 Thompson Drive, Kings Mountain, NC	US	S2-299310634	115	233	Ranked at position 115 in pool of 233 candidates
S1-607852072	H & J Gold LLC	67 Buckhorn Crossing, Hendersonville, NC	US	S3-633409304	123	129	Ranked at position 123 in pool of 129 candidates
S1-914958503	New Ventures Private Limited	No. 46, First Floor, Kirupa Sankari Street, Chennai City Corporation, Chennai, Tamil Nadu	India	S3-518693588	111	257	Ranked at position 111 in pool of 257 candidates
S1-914958503	New Ventures Private Limited	No. 46, First Floor, Kirupa Sankari Street, Chennai City Corporation, Chennai, Tamil Nadu	India	S3-243484559	136	257	Ranked at position 136 in pool of 257 candidates
S1-914958503	New Ventures Private Limited	No. 46, First Floor, Kirupa Sankari Street, Chennai City Corporation, Chennai, Tamil Nadu	India	S3-161342389	207	257	Ranked at position 207 in pool of 257 candidates
S1-914958503	New Ventures Private Limited	No. 46, First Floor, Kirupa Sankari Street, Chennai City Corporation, Chennai, Tamil Nadu	India	S2-289579187	181	257	Ranked at position 181 in pool of 257 candidates
S1-27508378	Mariquilla Paul Classic Choice Inc	AL, Margaret, 450 Sterling Place	US	S3-790480964	161	175	Ranked at position 161 in pool of 175 candidates
S1-27508378	Mariquilla Paul Classic Choice Inc	AL, Margaret, 450 Sterling Place	US	S3-428319935	131	175	Ranked at position 131 in pool of 175 candidates
S1-823023497	Pediatric Physicians	1221 Spruce Drive, Zebulon, NC	US	S3-624803702	169	225	Ranked at position 169 in pool of 225 candidates
S1-823023497	Pediatric Physicians	1221 Spruce Drive, Zebulon, NC	US	S2-274803263	105	225	Ranked at position 105 in pool of 225 candidates
S1-561721636	Dlf Qe Producer Private Limited	36 Block C, Sushant Lok, Phase 1, Sec 43, Grugram, Dlf Qe, Gurgaon, Haryana	India	S3-419868519	192	254	Ranked at position 192 in pool of 254 candidates
S1-686329764	Heritage Trust	182 Jackson Street, Unit UNIT B, Rialto, CA	US	S3-137574715	139	151	Ranked at position 139 in pool of 151 candidates
S1-483434064	Indian Healthcare Private Limited	H. No.-21/2, Block-C1 Gupta Colony, Palam Vihar Gurgaon, Harya, Na, Gurgaon, Haryana	India	S3-844504468	270	314	Ranked at position 270 in pool of 314 candidates
S1-539879230	Novent Owl PLLC	Des Plaines, IL, 9308 Home Court	US	S3-117651018	251	258	Ranked at position 251 in pool of 258 candidates
S1-539879230	Novent Owl PLLC	Des Plaines, IL, 9308 Home Court	US	S3-945547250	257	258	Ranked at position 257 in pool of 258 candidates
S1-462035659	Borough Of	5906 Wasatch Drive, Morgan, UT	US	S3-116278165	123	297	Ranked at position 123 in pool of 297 candidates
S1-760816941	Rishika & Co	S-553/554 School Block, Shakarpur, New Delhi, Delhi	India	S3-452171887	144	146	Ranked at position 144 in pool of 146 candidates
S1-994039959	Gabriel Michaels Nasdaq	Bldg 28222, OH, Plain City, 8087 Brightside Drive	US	S3-724340949	160	297	Ranked at position 160 in pool of 297 candidates
S1-959671957	Prachi (India) Industries Private Limited	Flat Number 8, Plot Number 320/323 Diamond Appartment, Pune, Maharashtra	India	S2-654019677	207	246	Ranked at position 207 in pool of 246 candidates
S1-959671957	Prachi (India) Industries Private Limited	Flat Number 8, Plot Number 320/323 Diamond Appartment, Pune, Maharashtra	India	S3-163212176	246	246	Ranked at position 246 in pool of 246 candidates
S1-63719584	Marissa N. Westbrook, Ph.D.	132 White Pine Lane, West Jefferson, NC	US	S3-717623560	191	465	Ranked at position 191 in pool of 465 candidates
S1-292649689	Global Services Private Limited	2-Floor, 2/D Panditya Road, Kolkata, Kolkata, Howrah, West Bengal	India	S3-618752974	223	250	Ranked at position 223 in pool of 250 candidates
S1-402902918	Bright Trading Services, LLC	465 Westgate Parkway, AL, Dothan	US	S3-733915628	115	131	Ranked at position 115 in pool of 131 candidates
S1-402902918	Bright Trading Services, LLC	465 Westgate Parkway, AL, Dothan	US	S3-989499302	112	131	Ranked at position 112 in pool of 131 candidates
S1-432478198	Olaneus Apollo	2500 Blanco Boulevard, Bloomfield, NM	US	S3-472007969	168	178	Ranked at position 168 in pool of 178 candidates
S1-943911835	Yadav & Sons	P1/7A Srs Pearl Floors, Sector-87, Kheri Kalan, Faridabad, Haryana	India	S3-687998141	186	188	Ranked at position 186 in pool of 188 candidates
S1-292393735	Corner Grill Inc	4416 3325, West Valley City, UT	US	S2-953922783	192	243	Ranked at position 192 in pool of 243 candidates
S1-619314161	Real Investments Private Limited	8 Khasra No-914 Manas Nagar, Kanpur Road, Lucknow, Uttar Pradesh	India	S3-60551644	117	191	Ranked at position 117 in pool of 191 candidates
S1-619314161	Real Investments Private Limited	8 Khasra No-914 Manas Nagar, Kanpur Road, Lucknow, Uttar Pradesh	India	S3-928459352	119	191	Ranked at position 119 in pool of 191 candidates
S1-459799143	Tandi Loy Keystone Goldman Inc	Du Bois, IL, 460 Keil Drive	US	S3-39262384	106	180	Ranked at position 106 in pool of 180 candidates
S1-458605878	Opulent Express Private Limited	New.No 40, Old.No 29, Dr.R.K.Nagar Main Road Thiruvanmiyur, Chennai, Tamil Nadu	India	S3-324222852	540	546	Ranked at position 540 in pool of 546 candidates
S1-17225841	Maven Traders Private Limited	Plot No. 40, 41 And 42, Survey No. 54, Kondapur, Hyderabad, Telangana	India	S3-535179494	113	149	Ranked at position 113 in pool of 149 candidates
S1-42184977	Vigilant Trading Private Limited	House Plot No. 47, Blk-I, Kh. No. 105/16, Raja Puri, New Delhi, West Delhi, Delhi	India	S3-426378765	230	234	Ranked at position 230 in pool of 234 candidates
S1-709888578	Saroornagar Store Private Limited	K.V.Rangareddy, Saroornagar, Telangana, 7-2-7/Dg/136, 1St Floor, Road 6, Durganagar Colony	India	S3-716856341	240	372	Ranked at position 240 in pool of 372 candidates
S1-709888578	Saroornagar Store Private Limited	K.V.Rangareddy, Saroornagar, Telangana, 7-2-7/Dg/136, 1St Floor, Road 6, Durganagar Colony	India	S2-139512553	237	372	Ranked at position 237 in pool of 372 candidates
S1-709888578	Saroornagar Store Private Limited	K.V.Rangareddy, Saroornagar, Telangana, 7-2-7/Dg/136, 1St Floor, Road 6, Durganagar Colony	India	S3-488871868	188	372	Ranked at position 188 in pool of 372 candidates
S1-492381760	Second Controls Limited	Sector K, Plot No. 10 To 15 Parvati Co-Op Industrial Estate, Yadrav, Ichalkaranji, Kolhapur, Maharashtra	India	S3-663182781	542	566	Ranked at position 542 in pool of 566 candidates
S1-492381760	Second Controls Limited	Sector K, Plot No. 10 To 15 Parvati Co-Op Industrial Estate, Yadrav, Ichalkaranji, Kolhapur, Maharashtra	India	S3-803824140	122	566	Ranked at position 122 in pool of 566 candidates
S1-70746778	Rajdarbar Business Private Limited	Khasra No. 16/1/4, Kundli, Sonepat, Haryana	India	S3-447495308	144	155	Ranked at position 144 in pool of 155 candidates
S1-70746778	Rajdarbar Business Private Limited	Khasra No. 16/1/4, Kundli, Sonepat, Haryana	India	S3-195113509	135	155	Ranked at position 135 in pool of 155 candidates
S1-56629354	Classic Engineering Pvt Ltd	7-2-C-14, Industrial Estate, Sanath Nagar, Balanagar, Hyderabad, Telangana	India	S3-573253818	162	168	Ranked at position 162 in pool of 168 candidates
S1-75631487	New Delhi Parts Private Limited	A-31, Iind Floor, F.I.E.E. Complex, Okhla Industrial Area, Phase-Ii, New Delhi, South Delhi, Delhi	India	S3-243912799	219	231	Ranked at position 219 in pool of 231 candidates
S1-390937720	Jalpaiguri Foundation Private Limited	Survey No 194/4 Paiki, Village-Piludra Ta- Pratij, Dist-Sabarkantha., Prantij, Sabarkantha, Gujarat	India	S3-55642148	129	178	Ranked at position 129 in pool of 178 candidates
S1-390937720	Jalpaiguri Foundation Private Limited	Survey No 194/4 Paiki, Village-Piludra Ta- Pratij, Dist-Sabarkantha., Prantij, Sabarkantha, Gujarat	India	S3-888760711	112	178	Ranked at position 112 in pool of 178 candidates
S1-585407266	A Certified Trust LLC	27 Lincoln Road, Wethersfield, CT	US	S2-314411884	204	232	Ranked at position 204 in pool of 232 candidates
S1-585407266	A Certified Trust LLC	27 Lincoln Road, Wethersfield, CT	US	S2-829517172	207	232	Ranked at position 207 in pool of 232 candidates
S1-40864644	Services Red Polytech Private Limited	153, Gopal Colony Ward No.16, Jhabua, Madhya Pradesh	India	S3-80168955	127	155	Ranked at position 127 in pool of 155 candidates
S1-106410807	CJV Regional Principal of Town Of Oakland	Town Of Oakland, 29374 Long Hayden Lane, WI	US	S3-335984800	111	111	Ranked at position 111 in pool of 111 candidates
S1-521250108	Tiff Clemons Secure Zeo LLC	119 Freeman Court, Houma, LA	US	S3-654422236	123	124	Ranked at position 123 in pool of 124 candidates
S1-549612411	Loex Maritime PC	Philipsburg, Unit CARRIAGE HSE - APT C, 51 Rocking J Ranch Lane, MT	US	S3-282905933	202	232	Ranked at position 202 in pool of 232 candidates
S1-222806068	Maa Products Private Limited	No.89, 2Nd Floor, Jr Plaza Cmc Road, Senjai, Karaikudi, Sivaganga, Tamil Nadu	India	S3-444743347	151	230	Ranked at position 151 in pool of 230 candidates
S1-542211755	Rev It Up Seafood Inc	11903 Sunset Court, Plymouth, IN	US	S3-780508592	206	277	Ranked at position 206 in pool of 277 candidates
S1-460146213	Gujarat Business LLP	1-3-183/40/46/5, Gandhi Nagar Hyderabad., Andhra Pradesh, Telangana	India	S2-281565839	320	464	Ranked at position 320 in pool of 464 candidates
S1-460146213	Gujarat Business LLP	1-3-183/40/46/5, Gandhi Nagar Hyderabad., Andhra Pradesh, Telangana	India	S3-798436937	403	464	Ranked at position 403 in pool of 464 candidates
S1-460146213	Gujarat Business LLP	1-3-183/40/46/5, Gandhi Nagar Hyderabad., Andhra Pradesh, Telangana	India	S3-624868438	440	464	Ranked at position 440 in pool of 464 candidates
S1-328996647	Noida Breeding Private Limited	Unit No 1, 7Th Floor, Bptp Capital City, Tower 1, Plot No 2B, Sector 94, Noida, Gautam Buddha Nagar, Uttar Pradesh	India	S3-112307304	143	143	Ranked at position 143 in pool of 143 candidates
S1-131673126	Anilva Finmart Private Limited	C/O Ganesh Vishwanath Birajdar Near Petrol Pump, A/ P. Lamjana, Tq Ausa, Latur, Maharashtra	India	S2-913569195	270	333	Ranked at position 270 in pool of 333 candidates
S1-233296344	Brown Trading Pvt. Ltd.	8, Greenwood Apartment 22, Gokhle Marg, Lucknow, Uttar Pradesh	India	S2-249854687	134	270	Ranked at position 134 in pool of 270 candidates
S1-57859332	Cinder LLC	3985 Galloway Drive, Memphis, TN	US	S2-233250680	196	250	Ranked at position 196 in pool of 250 candidates
S1-57859332	Cinder LLC	3985 Galloway Drive, Memphis, TN	US	S3-451677513	124	250	Ranked at position 124 in pool of 250 candidates
S1-57859332	Cinder LLC	3985 Galloway Drive, Memphis, TN	US	S3-102113576	197	250	Ranked at position 197 in pool of 250 candidates
S1-57859332	Cinder LLC	3985 Galloway Drive, Memphis, TN	US	S3-12427791	198	250	Ranked at position 198 in pool of 250 candidates
S1-57859332	Cinder LLC	3985 Galloway Drive, Memphis, TN	US	S2-170181999	195	250	Ranked at position 195 in pool of 250 candidates
S1-874041790	Aggarsain Innovations Private Limited	Gf, Ward No-31, Aghoriya Bazar Chowk Po-Ramna, Ps-Kazimohammadpur, Muzaffarpur, Bihar	India	S3-776769033	130	132	Ranked at position 130 in pool of 132 candidates
S1-244454509	Metro Institute	39688 Quintero Lane, Peoria, AZ	US	S3-169729483	121	183	Ranked at position 121 in pool of 183 candidates
S1-550190717	Althea Patrick Works Inc	855 Foch Street, Fort Worth, TX	US	S2-228226129	147	168	Ranked at position 147 in pool of 168 candidates
S1-958740646	Happy Ice Cream	TX, Dublin, 425 Eagle Street	US	S2-802979052	161	295	Ranked at position 161 in pool of 295 candidates
S1-57274805	Gangotri Institution Private Limited	2G, Neptune, Trinity World, Trinity World Road, Chittetukara, Kakkanad, Ernakulam, Kerala	India	S3-498685671	235	345	Ranked at position 235 in pool of 345 candidates
S1-213642432	Pramukh & Brothers Private Limited	No. 161-D, 3Rd Floor, Ag-1, Vikaspuri, New Delhi, Delhi	India	S3-980864339	168	197	Ranked at position 168 in pool of 197 candidates
S1-213642432	Pramukh & Brothers Private Limited	No. 161-D, 3Rd Floor, Ag-1, Vikaspuri, New Delhi, Delhi	India	S2-352152197	153	197	Ranked at position 153 in pool of 197 candidates
S1-657091961	Blue Foundation LLC	1205 Concord Road, Clovis, NM	US	S2-347752194	143	194	Ranked at position 143 in pool of 194 candidates
S1-766893478	Karuna House Private Limited	123 Vivekananda Road, Kolkata, Howrah, West Bengal	India	S3-449742245	265	289	Ranked at position 265 in pool of 289 candidates
S1-881015038	Bharat Industries Private Limited	B-3/276, Chitrakoot Vaishali Nagar, Jaipur, Rajasthan	India	S3-724851583	145	145	Ranked at position 145 in pool of 145 candidates
S1-317854633	The Dent Ice Cream	3254 Richardson Place Road, Unit APT 6, Arnold, MO	US	S3-480047846	216	240	Ranked at position 216 in pool of 240 candidates
S1-892577020	Delta Project	Avon, IN, 562 Dylan Drive	US	S3-586392060	115	120	Ranked at position 115 in pool of 120 candidates
S1-418514604	Family Committee	3005 207, Flatwoods, KY	US	S3-665381944	115	160	Ranked at position 115 in pool of 160 candidates
S1-418514604	Family Committee	3005 207, Flatwoods, KY	US	S3-998144905	121	160	Ranked at position 121 in pool of 160 candidates
S1-722170008	Ziraendra Investments Private Limited	G - 76/A, First Floor, Road No - 13, Saheen Bagh Abul Fazal Enclave Part - Ii, Jamia Naga, R, New Delhi, Delhi	India	S2-185391723	392	408	Ranked at position 392 in pool of 408 candidates
S1-866481061	Indo Ventures Private Limited	Flat 1C, Block B, Chinar Heights 46/3 Chinar Park, Kolkata, Kolkata, Howrah, West Bengal	India	S2-531279398	142	226	Ranked at position 142 in pool of 226 candidates
S1-130264484	Green Foundation Limited	875/31, Laxman Vihar Phase-I, Gurgaon, Haryana	India	S3-971142453	121	161	Ranked at position 121 in pool of 161 candidates
S1-772324975	Eadie Richards Ace Signs Inc	8323 Fordson Road, Henrico County, VA	US	S3-696970863	149	189	Ranked at position 149 in pool of 189 candidates
S1-253185653	Red Agro Private Limited	305, 3Rd Floor, Krishna Complex Tilak Road, Abids, Hyderabad, Telangana	India	S3-743731015	292	394	Ranked at position 292 in pool of 394 candidates
S1-800294363	Great Investments Private Limited	106, 8Th Main Road Malleswaram West, Bangalore, Karnataka	India	S3-843752369	136	160	Ranked at position 136 in pool of 160 candidates
S1-774320076	Jeniece Siddique Glass Inc	Unit 229, Columbus, 2687 Livingston Avenue, OH	US	S3-501202935	197	227	Ranked at position 197 in pool of 227 candidates
S1-182662840	Dental American Medicine PLLC	21299 Stacey Road, Queen Creek, AZ	US	S3-978672893	108	133	Ranked at position 108 in pool of 133 candidates
S1-548281154	Hoffman & Hardison Braemar Inc	8272 Brick Granary Road, DE, Lincoln	US	S3-645230769	125	165	Ranked at position 125 in pool of 165 candidates
S1-65296733	Fresh Book Store	Lancaster, NY, 323 Central Avenue, Unit Suite 2	US	S3-425956265	189	271	Ranked at position 189 in pool of 271 candidates
S1-388325812	Slate Inc	1930 Fawn Drive, Cheltenham Township, PA	US	S3-131944817	115	188	Ranked at position 115 in pool of 188 candidates
S1-388325812	Slate Inc	1930 Fawn Drive, Cheltenham Township, PA	US	S3-349217848	116	188	Ranked at position 116 in pool of 188 candidates
S1-125472274	Eagle India of Nagpur	Flat No 35, Yashoda Nagar Stage-Ii, H.Road, Nagpur, Maharashtra	India	S2-152111641	142	288	Ranked at position 142 in pool of 288 candidates
S1-125472274	Eagle India of Nagpur	Flat No 35, Yashoda Nagar Stage-Ii, H.Road, Nagpur, Maharashtra	India	S3-9603748	211	288	Ranked at position 211 in pool of 288 candidates
S1-125472274	Eagle India of Nagpur	Flat No 35, Yashoda Nagar Stage-Ii, H.Road, Nagpur, Maharashtra	India	S3-176715932	256	288	Ranked at position 256 in pool of 288 candidates
S1-206177417	Banyan Learning Pvt Ltd	Wz-142, South Delhi, First Floor, Naraina Ring Road, Naraina Village, Delhi, New Delhi	India	S3-938140283	210	215	Ranked at position 210 in pool of 215 candidates
S1-436849523	Penny A. Lind, DPM, PC	755 400, Columbia City, IN	US	S3-891429216	216	240	Ranked at position 216 in pool of 240 candidates
S1-820060849	Tsg Chits Pvt Ltd	C-506 5Th Floor Block C, Gh 04 A Amrapali Castle Scetor Chi 5 Greater Noida, Dadri, Gautam Buddha Nagar, Uttar Pradesh	India	S3-138523256	151	157	Ranked at position 151 in pool of 157 candidates
S1-820060849	Tsg Chits Pvt Ltd	C-506 5Th Floor Block C, Gh 04 A Amrapali Castle Scetor Chi 5 Greater Noida, Dadri, Gautam Buddha Nagar, Uttar Pradesh	India	S3-256381850	139	157	Ranked at position 139 in pool of 157 candidates
S1-588939036	Cherianne Johnson, D.C.	4043 Joe Crouse Road, NC, Maiden	US	S3-530868520	113	137	Ranked at position 113 in pool of 137 candidates
S1-620001323	Galaxy Power LLP	Plot No J-385, Midc Bhosari, Pune City, Pune, Maharashtra	India	S2-266045300	154	210	Ranked at position 154 in pool of 210 candidates
S1-72013895	Balaji Builders LLP	Flat No-F 101, Wonder City, Katraj-Dehu Road, Near Agam Mandir, Katraj, Pune, Kolhapur, Maharashtra	India	S3-409364489	153	157	Ranked at position 153 in pool of 157 candidates
S1-328471041	Vats Nursing Home	2 Floor Grd B Manohar Building K W Chitale Path Portugese Church Dadar, Mumbai, Mumbai City, Maharashtra	India	S2-767137990	231	322	Ranked at position 231 in pool of 322 candidates
S1-537490349	Eleven Advisors	North East, Khasra No 13, Gali No 6, Kotla Village, Hiral Lal Prop No 111, Delhi	India	S3-402680638	204	209	Ranked at position 204 in pool of 209 candidates
S1-537490349	Eleven Advisors	North East, Khasra No 13, Gali No 6, Kotla Village, Hiral Lal Prop No 111, Delhi	India	S3-374834568	201	209	Ranked at position 201 in pool of 209 candidates
S1-306275226	FDG Compliance Center	146, Hebbasuru, Chamrajnagar, Karnataka	India	S3-913667516	150	273	Ranked at position 150 in pool of 273 candidates
S1-610162639	Apex Textile Associates Inc	7 Tanglewood Lane, New Milford, CT	US	S2-608843231	105	200	Ranked at position 105 in pool of 200 candidates
S1-896753754	Laxmi Marketing	E5, No 7, Old No 16, First Cross Street Lambart Nagar, Virugambakkam, Chennai, Tamil Nadu	India	S3-519337433	243	362	Ranked at position 243 in pool of 362 candidates
S1-355360961	Internal Medicine Center	7 Third Street, Andover, NY	US	S3-355402867	165	186	Ranked at position 165 in pool of 186 candidates
S1-545578977	Dyna Hernandez Saratoga	8 Aiken Drive, Auburn, NY	US	S3-970403248	115	153	Ranked at position 115 in pool of 153 candidates
S1-430362117	Dream Consultancy LLP	Flat No.514, A Block, Sai Tirumala Towers, Plot No:85 To 88, Champapet, Saroornagar, Hyderabad, Telangana	India	S3-145364991	145	152	Ranked at position 145 in pool of 152 candidates
S1-430362117	Dream Consultancy LLP	Flat No.514, A Block, Sai Tirumala Towers, Plot No:85 To 88, Champapet, Saroornagar, Hyderabad, Telangana	India	S2-853069158	103	152	Ranked at position 103 in pool of 152 candidates
S1-867992586	Benchmark Seeds Private Limited	Unit No. 15 & 16, Rajprabha Udyognagar, Bldg. No.3 Extension Iii, Waliv, Vasai(East), Thane, Maharashtra	India	S3-867647709	179	411	Ranked at position 179 in pool of 411 candidates
S1-836747974	Vaishali Software Private Limited	S.N.130/4, Sai Ozone, Fl-503, Wakad, Pune, Pune City, Pune, Maharashtra	India	S2-283924314	285	294	Ranked at position 285 in pool of 294 candidates
S1-122003718	Golden Foods Private Limited	B-11/8106, Vasant Kunj, New Delhi, South Delhi, Delhi	India	S3-705655891	259	340	Ranked at position 259 in pool of 340 candidates
S1-379956956	Vidarbha & Sons Private Limited	A-1/71-Apanchsheel Enclave, New Delhi, South Delhi, Delhi	India	S3-847613241	159	281	Ranked at position 159 in pool of 281 candidates
S1-379956956	Vidarbha & Sons Private Limited	A-1/71-Apanchsheel Enclave, New Delhi, South Delhi, Delhi	India	S3-195288946	201	281	Ranked at position 201 in pool of 281 candidates
S1-358631275	V 7 E Nippon Inc.	1750 857, Grand Saline, TX	US	S3-880343730	124	158	Ranked at position 124 in pool of 158 candidates
S1-374475963	Olanan Guggenheim	1768 Whitney Avenue, Hamden, CT	US	S2-701079684	111	236	Ranked at position 111 in pool of 236 candidates
S1-484133102	Redwood Inc	AZ, Rimrock, 5495 Bentley Drive	US	S2-789926835	172	228	Ranked at position 172 in pool of 228 candidates
S1-357344139	Holy Israel	Fair Oaks, CA, 5337 Sunrise Boulevard	US	S3-187967462	176	176	Ranked at position 176 in pool of 176 candidates
S1-377101770	Little Pub	NC, 1917 20th Street Circle, Hickory	US	S2-983462651	106	252	Ranked at position 106 in pool of 252 candidates
S1-377101770	Little Pub	NC, 1917 20th Street Circle, Hickory	US	S3-264573243	179	252	Ranked at position 179 in pool of 252 candidates
S1-766458019	Today Charitable Trust	Kanchipuram, Tamil Nadu, Saidapet, 13, 2 Floor, Balaji Nagar, 3Rd Phase, Puzhuthivakkam	India	S3-169984613	224	231	Ranked at position 224 in pool of 231 candidates
S1-774070269	Guru Energy Private Limited	132, Ground Floor, Mig, 1St Main, 2Nd Cross 707 Khb, Yelahanka New Town, Bangalore, Karnataka	India	S3-735391410	130	289	Ranked at position 130 in pool of 289 candidates
S1-774070269	Guru Energy Private Limited	132, Ground Floor, Mig, 1St Main, 2Nd Cross 707 Khb, Yelahanka New Town, Bangalore, Karnataka	India	S2-939886442	113	289	Ranked at position 113 in pool of 289 candidates
S1-605463770	Historical Foundation	5388 Hummingbird Way, Grove City, OH	US	S3-72789764	103	130	Ranked at position 103 in pool of 130 candidates
S1-605463770	Historical Foundation	5388 Hummingbird Way, Grove City, OH	US	S3-447444669	125	130	Ranked at position 125 in pool of 130 candidates
S1-964934201	Epic & Brothers Pvt. Ltd.	No.1/107-A, Ground Floor, First Cross Street Vgp Layout, Palavakkam, Chennai, Tamil Nadu	India	S2-791332990	113	274	Ranked at position 113 in pool of 274 candidates
S1-964934201	Epic & Brothers Pvt. Ltd.	No.1/107-A, Ground Floor, First Cross Street Vgp Layout, Palavakkam, Chennai, Tamil Nadu	India	S3-867364976	167	274	Ranked at position 167 in pool of 274 candidates
S1-964934201	Epic & Brothers Pvt. Ltd.	No.1/107-A, Ground Floor, First Cross Street Vgp Layout, Palavakkam, Chennai, Tamil Nadu	India	S3-368976351	255	274	Ranked at position 255 in pool of 274 candidates
S1-480806934	Ridge Fellowship	114 Timber Top Drive, Spring, TX	US	S2-127606362	158	195	Ranked at position 158 in pool of 195 candidates
S1-480806934	Ridge Fellowship	114 Timber Top Drive, Spring, TX	US	S3-920429967	164	195	Ranked at position 164 in pool of 195 candidates
S1-449643256	Ss Solutions Private Limited	Oz-11/4, Sipcot, Hi-Tech Sez, Oragadam, Sriperumbudur Taluk, Kancheepuram Distri, Ct, Sriperumbudur, Tiruvallur, Tamil Nadu	India	S2-220837274	104	109	Ranked at position 104 in pool of 109 candidates
S1-988321030	Primary Care Associates LLC	405 Oak Street, Unit Ste 5, Conway, AR	US	S3-640381656	112	115	Ranked at position 112 in pool of 115 candidates
S1-988321030	Primary Care Associates LLC	405 Oak Street, Unit Ste 5, Conway, AR	US	S2-950284560	103	115	Ranked at position 103 in pool of 115 candidates
S1-804122429	Shiv Traders Private Limited	Ii Floor, Surya Complex, 625, Anna Salai, Chennai, Tamil Nadu	India	S3-851428017	191	219	Ranked at position 191 in pool of 219 candidates
S1-668663040	Maa Investments Pvt Ltd	10Th Fl, Office-1017+1018, Infinity Tower, Laldarwaja, Surat City, Surat, Gujarat	India	S2-232789737	139	157	Ranked at position 139 in pool of 157 candidates
S1-668663040	Maa Investments Pvt Ltd	10Th Fl, Office-1017+1018, Infinity Tower, Laldarwaja, Surat City, Surat, Gujarat	India	S3-615110944	144	157	Ranked at position 144 in pool of 157 candidates
S1-628575121	Balaji Services Private Limited	E-704, 7Th Floor, Ajnara Grand Heritage Plot No. Gh 01/B, Sector -74, Noida, Gautam Buddha Nagar, Uttar Pradesh	India	S3-166826040	295	311	Ranked at position 295 in pool of 311 candidates
S1-410267878	Childs, Hull and Bryant Inc	N360 40th Street, Town Of Maiden Rock, WI	US	S3-40541377	133	168	Ranked at position 133 in pool of 168 candidates
S1-971250306	Om Foundation Private Limited	Scheme No. 78, Indore, Indore, Madhya Pradesh, Unit No. 1106 To 1110 Skye Corporate Park P No. 25	India	S3-123945220	158	160	Ranked at position 158 in pool of 160 candidates
S1-33022604	Little Tattoo	844 Harvest Circle, Horace, ND	US	S3-969177281	194	254	Ranked at position 194 in pool of 254 candidates
S1-624396370	Trilok & Co Private Limited	Vardhamanmarket Pitampura, Delhi, Unit No 213 Plot No10 Lsc, North West Delhi, Delhi	India	S3-23402595	198	199	Ranked at position 198 in pool of 199 candidates
S1-417202716	Delinda Inman, DMD, DDS PC	1520 Gammils Store Road, Tallassee, AL	US	S2-681573090	154	434	Ranked at position 154 in pool of 434 candidates
S1-299640596	Anvil LLC	14907 Carrolton Road, Rockville, MD	US	S2-619660434	157	274	Ranked at position 157 in pool of 274 candidates
S1-299640596	Anvil LLC	14907 Carrolton Road, Rockville, MD	US	S3-825210222	158	274	Ranked at position 158 in pool of 274 candidates
S1-299640596	Anvil LLC	14907 Carrolton Road, Rockville, MD	US	S2-8996638	156	274	Ranked at position 156 in pool of 274 candidates
S1-244890000	Pune Solutions Private Limited	Nirmal Township Ii Sno 42, Kale Padal Road, Hadapsar, Pune, Maharashtra	India	S2-796460357	107	199	Ranked at position 107 in pool of 199 candidates
S1-244890000	Pune Solutions Private Limited	Nirmal Township Ii Sno 42, Kale Padal Road, Hadapsar, Pune, Maharashtra	India	S2-805887102	110	199	Ranked at position 110 in pool of 199 candidates
S1-860665112	Yamuna Advisors Private Limited	Office No14 Suyojit Modern Point Cts S No6765 6766 6767, Nashik, 6768 Opp Police Parade Ground Shara, Npur Road, Maharashtra	India	S2-906053283	216	280	Ranked at position 216 in pool of 280 candidates
S1-832233358	New Brothers Private Limited	3/211-212 Nariman Colony Station Road, Bareilly, Uttar Pradesh	India	S3-836730032	118	190	Ranked at position 118 in pool of 190 candidates
S1-280803193	Jannel Benson, L.C.S.W.	1173 Shelburne Museum, Shelburne, VT	US	S3-576610918	114	282	Ranked at position 114 in pool of 282 candidates
S1-656459229	Proactive Services of New Delhi	Flat - 254, Sector - 3, Pocket - 1/2, Dwarka, Phase-I, New Delhi, Delhi	India	S3-892629401	160	253	Ranked at position 160 in pool of 253 candidates
S1-787572508	Genvieve Dominguez Fresh Douglas Partners	337 Glendale Avenue, Rockford, IL	US	S3-914712515	123	155	Ranked at position 123 in pool of 155 candidates
S1-643318152	Dynamic Global Private Limited	308, Apra North Ex Plaza, Plot No.H-2, Netaji Subhash Place Pitamp, Ura, Delhi, North Delhi, Delhi	India	S3-446460046	195	213	Ranked at position 195 in pool of 213 candidates
S1-674438455	Om Foundation Private Limited	No-34, 3Rd Cross, Dollar Colony Rmv 2Nd Stage, Bangalore, Karnataka	India	S3-66271537	251	283	Ranked at position 251 in pool of 283 candidates
S1-674438455	Om Foundation Private Limited	No-34, 3Rd Cross, Dollar Colony Rmv 2Nd Stage, Bangalore, Karnataka	India	S2-984373856	188	283	Ranked at position 188 in pool of 283 candidates
S1-674438455	Om Foundation Private Limited	No-34, 3Rd Cross, Dollar Colony Rmv 2Nd Stage, Bangalore, Karnataka	India	S2-36323358	216	283	Ranked at position 216 in pool of 283 candidates
S1-214432606	Red Builders Private Limited	101, Kandivali West, Mumbai, Maharashtra, 102 And 103, Ronit Arcade, S V Road, Jhaveri Baugh, Poisar, Opp. Mtnl Exchange	India	S2-215568005	108	132	Ranked at position 108 in pool of 132 candidates
S1-480231687	Jogeshwari East Controls Private Limited	Flat No. 305, Saidham Chs Ltd, B-Wing, Samarth Nagar, Majas Wadi Caves Road, Jogeshwari East, Mumbai, Maharashtra	India	S3-667273636	197	253	Ranked at position 197 in pool of 253 candidates
S1-571938194	Twisted Diner, Inc	24 Sartell Road, Waltham, MA	US	S3-177024392	254	259	Ranked at position 254 in pool of 259 candidates
S1-185573169	All Investment Private Limited	No.1/1, 2Nd Floor, Nanda Complex. Canara Bank Buildings, 80 Ft Road, K B Temple Street. Dr Rajkumar Road 6Th Block, Bangalore North, Bangalore, Karnataka	India	S3-110005453	151	164	Ranked at position 151 in pool of 164 candidates
S1-931374745	Indransh Cancer Private Limited	554, Moti Nagar West Dr Habib Marg, Jaipur, Rajasthan	India	S3-229181579	190	338	Ranked at position 190 in pool of 338 candidates
S1-296273640	Peridari Wisekey	1006 Hearthstone Drive, Union Mills, NC	US	S3-827371327	166	271	Ranked at position 166 in pool of 271 candidates
S1-296273640	Peridari Wisekey	1006 Hearthstone Drive, Union Mills, NC	US	S2-614417864	109	271	Ranked at position 109 in pool of 271 candidates
S1-586348044	Aurora LLC	Frankfort, 2348 Albany Road, NY	US	S3-94915027	161	253	Ranked at position 161 in pool of 253 candidates
S1-827516507	Obsidian LLC	3949 Santa Anna Place, San Luis, AZ	US	S3-454582978	165	172	Ranked at position 165 in pool of 172 candidates
S1-804198326	Indica Land Group	Hyderabad, Adj Lane To Uco Bank Road No 10, Banjara Hills, Hyderabad, Telangana, 8-2-626/A/B/1	India	S3-794282199	120	138	Ranked at position 120 in pool of 138 candidates
S1-803859993	Bright Public LLC	Hertford, NC, 161 Baccus Lane	US	S3-275856680	203	238	Ranked at position 203 in pool of 238 candidates
S1-31805555	Holy Chapel Group	Ellicott City, 9725 Riverside Circle, MD	US	S3-662601547	141	231	Ranked at position 141 in pool of 231 candidates
S1-467800339	Raj Projects Private Limited	Tower A, 5Th Floor, Mis, Deeta Construction Pvt Ltd, No. 51, Deverabisanahalli, Innov8 Mantri Commercio, Bangalore, Karnataka, Bangalore South	India	S3-688807344	128	143	Ranked at position 128 in pool of 143 candidates
S1-249258670	Dior Inc	69 Siders Pond Road, Falmouth, MA	US	S3-434301066	177	178	Ranked at position 177 in pool of 178 candidates
S1-668525331	Southern Care Private Limited	Kerala, Cherthala, Alappuzha, Pallipuram Po, Door No 6/545 Kizhakke Thottunkal	India	S2-314679931	113	186	Ranked at position 113 in pool of 186 candidates
S1-92194053	Coin Sintered Pvt. Ltd.	Plot No.35, Mankapur, Opp.Ranu Primary School, Nagpur, Maharashtra	India	S3-836668760	102	103	Ranked at position 102 in pool of 103 candidates
S1-351910100	Pediatric Dental Partners	909 Beach Drive, Oak Island, NC	US	S3-20382145	116	156	Ranked at position 116 in pool of 156 candidates
S1-293049146	Eastern Foundation Limited	Plot No-920, Sankarpur Kolathia, Bhubaneswar, Khordha, Orissa	India	S2-955432488	121	160	Ranked at position 121 in pool of 160 candidates
S1-677544297	Torres's Bakery	380 Stryker Road, Gilboa, NY	US	S3-809559502	172	184	Ranked at position 172 in pool of 184 candidates
S1-529182833	East Properties	23, Ground Floor, Plot-10, Karimshi Dhanji Building, Kamathipura 5Th Lane, Mumbai, Maharashtra	India	S3-723965338	298	384	Ranked at position 298 in pool of 384 candidates
S1-937288707	Compact Academy Limited	C-460, F/F, Kusum Pur, Pahari, Vasant Vihar, New Delhi, Delhi	India	S3-928471960	151	161	Ranked at position 151 in pool of 161 candidates
S1-379377275	Yamuam City Private Limited	P No 122E Block Shyam Nagar, Kanpur, Uttar Pradesh	India	S3-835454991	116	188	Ranked at position 116 in pool of 188 candidates
S1-613517393	Haven Exim	A/404, Prathna Greens, Sargasan, Gandhinagar, Gandhinagar, Gandhi Nagar, Gujarat	India	S3-655306599	131	177	Ranked at position 131 in pool of 177 candidates
S1-8271658	Mahindra Landmark Private Limited	South Delhi, Sanjay Colony, Okhla Phase-Ii, Delhi, New Delhi, S-63	India	S3-268323897	265	272	Ranked at position 265 in pool of 272 candidates
S1-680786781	Chanakya Property (India)	Bihar, Gopalganj, Vill Dharampur Block-Kuchaikote, C/O Vijay Ray Panch-Sonhula Gokhul, Gopalganj	India	S2-982692272	146	226	Ranked at position 146 in pool of 226 candidates
S1-680786781	Chanakya Property (India)	Bihar, Gopalganj, Vill Dharampur Block-Kuchaikote, C/O Vijay Ray Panch-Sonhula Gokhul, Gopalganj	India	S3-640029380	203	226	Ranked at position 203 in pool of 226 candidates
S1-78797388	Coastal Federation	Westfield, 15973 Oak Park Lane, IN	US	S3-639675105	110	117	Ranked at position 110 in pool of 117 candidates
S1-344973282	Sanchez Group Clinic	2452 Kowaliga Road, Eclectic, AL	US	S2-515838754	106	189	Ranked at position 106 in pool of 189 candidates
S1-327951743	First Global Pvt Ltd	Plot No.117, Rajappa Nagar West, Tiruchirappalli, Tamil Nadu	India	S3-310011954	134	430	Ranked at position 134 in pool of 430 candidates
S1-327951743	First Global Pvt Ltd	Plot No.117, Rajappa Nagar West, Tiruchirappalli, Tamil Nadu	India	S3-728881233	397	430	Ranked at position 397 in pool of 430 candidates
S1-871383897	Ardath Ferguson Biotherapeutics	192 Oak Drive, Arley, AL	US	S2-46894320	120	151	Ranked at position 120 in pool of 151 candidates
S1-662105929	Metro Center	917 Roma Avenue, Phoenix, AZ	US	S3-224823922	199	259	Ranked at position 199 in pool of 259 candidates
S1-662105929	Metro Center	917 Roma Avenue, Phoenix, AZ	US	S3-278818174	113	259	Ranked at position 113 in pool of 259 candidates
S1-215469834	Grabowski & Johnston LLC	IN, Morristown, 404 Midway Street	US	S3-72743974	193	210	Ranked at position 193 in pool of 210 candidates
S1-544515663	Krittech Steels	302 Santoor Apartment 87 88 Azad Society Ambawadi, Ahmedabad, Gujarat	India	S3-791885984	113	153	Ranked at position 113 in pool of 153 candidates
S1-942890922	Juniper	16 Davelin Road, Wayland, MA	US	S3-815692728	136	204	Ranked at position 136 in pool of 204 candidates
S1-199459184	Best Trading Limited	Door No 43/3437, Nh Bypass, Ernakulam, Kerala	India	S3-17922063	122	127	Ranked at position 122 in pool of 127 candidates
S1-87922685	Moti Traders Private Limited	Delhi, Village Hiranki Narela, 100, Delhi	India	S3-868562280	353	394	Ranked at position 353 in pool of 394 candidates
S1-608093705	Colonial Family Practice Group	6905 Darmstadt Road, Evansville, IN	US	S3-243049380	111	116	Ranked at position 111 in pool of 116 candidates
S1-742621289	Black Dream Technology Private Limited	17, 1St Cross, Pipeline Road Kumaraswamy Layout, Bengaluru, Bangalore, Karnataka	India	S2-137300786	216	410	Ranked at position 216 in pool of 410 candidates
S1-742621289	Black Dream Technology Private Limited	17, 1St Cross, Pipeline Road Kumaraswamy Layout, Bengaluru, Bangalore, Karnataka	India	S2-990572068	213	410	Ranked at position 213 in pool of 410 candidates
S1-786529142	Cascade Council III P.C.	475 Fir Villa Road, Dallas, OR	US	S3-583702340	107	117	Ranked at position 107 in pool of 117 candidates
S1-460143677	Indriya Efiling	1801 18Th Floor Mirabilis Builsing Sec R-12 Nahar Amrit Shakti Chandivali Powai, Mumbai, Mumbai City, Maharashtra	India	S3-227216863	201	231	Ranked at position 201 in pool of 231 candidates
S1-891958084	Johnson National Tax	Badger, AK, 2390 Edsson Avenue	US	S3-127686148	141	210	Ranked at position 141 in pool of 210 candidates
S1-967809379	Bright Software Private Limited	4 Narayan Prasadbabu Lane 2Nd Flr, Kolkata, Calcutta, West Bengal	India	S3-894092629	119	267	Ranked at position 119 in pool of 267 candidates
S1-967809379	Bright Software Private Limited	4 Narayan Prasadbabu Lane 2Nd Flr, Kolkata, Calcutta, West Bengal	India	S3-150239602	113	267	Ranked at position 113 in pool of 267 candidates
S1-967809379	Bright Software Private Limited	4 Narayan Prasadbabu Lane 2Nd Flr, Kolkata, Calcutta, West Bengal	India	S3-321076490	111	267	Ranked at position 111 in pool of 267 candidates
S1-43242803	Vaishali Services Private Limited	Room No 3, 6Th Main Road, Dattatreyanaga Hoskerehalli, Banashankari, 3Rd Stage, Bangalore, Karnataka	India	S3-188399147	157	391	Ranked at position 157 in pool of 391 candidates
S1-43242803	Vaishali Services Private Limited	Room No 3, 6Th Main Road, Dattatreyanaga Hoskerehalli, Banashankari, 3Rd Stage, Bangalore, Karnataka	India	S3-897480576	171	391	Ranked at position 171 in pool of 391 candidates
S1-43242803	Vaishali Services Private Limited	Room No 3, 6Th Main Road, Dattatreyanaga Hoskerehalli, Banashankari, 3Rd Stage, Bangalore, Karnataka	India	S3-571449467	345	391	Ranked at position 345 in pool of 391 candidates
S1-965361244	Nandana Bricks Private Limited	C/O. Sanjay Gulchand Kasoda, Aurangabad, Maharashtra	India	S2-140403366	300	310	Ranked at position 300 in pool of 310 candidates
S1-965361244	Nandana Bricks Private Limited	C/O. Sanjay Gulchand Kasoda, Aurangabad, Maharashtra	India	S3-126976977	309	310	Ranked at position 309 in pool of 310 candidates
S1-531702299	Premier Developers	No 15 A 1St Floor Pappya Compound M S Ramaiya Hospital Road Rmv Ashwat Nag, Ar, Bangalore, Karnataka	India	S3-684098259	112	117	Ranked at position 112 in pool of 117 candidates
S1-438589761	Prudence Johnson Piedmont Fortis Inc	Bettendorf, IA, 19496 258th Ave	US	S3-124074773	119	268	Ranked at position 119 in pool of 268 candidates
S1-274758214	Om International Limited	23A, Netaji Subhas Road 2Nd Floor, Room No-13, Kolkata, Howrah, West Bengal	India	S2-391129878	102	126	Ranked at position 102 in pool of 126 candidates
S1-274758214	Om International Limited	23A, Netaji Subhas Road 2Nd Floor, Room No-13, Kolkata, Howrah, West Bengal	India	S2-523903872	105	126	Ranked at position 105 in pool of 126 candidates
S1-303701980	Sapphire LLC	126 Payne Road, Thomasville, NC	US	S3-63347237	221	242	Ranked at position 221 in pool of 242 candidates
S1-967086139	Corner Barbershop	1344 350, Tipton, IN	US	S3-697727863	109	301	Ranked at position 109 in pool of 301 candidates
S1-967086139	Corner Barbershop	1344 350, Tipton, IN	US	S3-844357724	110	301	Ranked at position 110 in pool of 301 candidates
S1-43286229	Chenna Enterprises Corporation	Tamil Nadu, Chennai, Abdullah Street, Choolaimedu, No.18	India	S3-647153876	105	116	Ranked at position 105 in pool of 116 candidates
S1-43286229	Chenna Enterprises Corporation	Tamil Nadu, Chennai, Abdullah Street, Choolaimedu, No.18	India	S3-269598160	116	116	Ranked at position 116 in pool of 116 candidates
S1-11494983	Empire League	3224 Spring Greenway Lane, Town Of Scott, WI	US	S3-749674483	148	189	Ranked at position 148 in pool of 189 candidates
S1-610164964	International Astro Solutions Pvt Ltd	C-126Naraina Industrial Area Phase I, New Delhi, West Delhi, Delhi	India	S3-817404614	110	222	Ranked at position 110 in pool of 222 candidates
S1-76740440	Life Developers Private Limited	Bangalore, Karnataka, Muni Rama Reddy Building, 1St Floor Mangammana Palya Road, Bommanahalli, Bangalore, No-113/3B	India	S2-679156978	102	176	Ranked at position 102 in pool of 176 candidates
S1-487281101	Kinetic Industries Group	Nagpur, Maharashtra, Vidhya Vihar Pratap Nagar, Nagpur, Plot No 11	India	S2-308248184	164	208	Ranked at position 164 in pool of 208 candidates
S1-487281101	Kinetic Industries Group	Nagpur, Maharashtra, Vidhya Vihar Pratap Nagar, Nagpur, Plot No 11	India	S2-557388946	173	208	Ranked at position 173 in pool of 208 candidates
S1-921396568	Hotel Management Pvt Ltd	Unit No. 231, 2Nd Foor, Dlf Star Tower Building Sector-31, Nh-8, Gurugram, Gurugram, Gurgaon, Haryana	India	S3-826472888	101	318	Ranked at position 101 in pool of 318 candidates
S1-921396568	Hotel Management Pvt Ltd	Unit No. 231, 2Nd Foor, Dlf Star Tower Building Sector-31, Nh-8, Gurugram, Gurugram, Gurgaon, Haryana	India	S3-235624291	111	318	Ranked at position 111 in pool of 318 candidates
S1-373571690	Collective	5009 Ravine Park Lane, Sioux City, IA	US	S3-602720211	104	114	Ranked at position 104 in pool of 114 candidates
S1-953712905	Caralie Whitney Pinnacle Saul, LLC	VA, Fairfax County, 6178 Arlington Boulevard	US	S3-211234715	124	126	Ranked at position 124 in pool of 126 candidates
S1-558942327	Cancer Guild Inc.	668 Newport Avenue, Attleboro, MA	US	S3-830489604	114	234	Ranked at position 114 in pool of 234 candidates
S1-842896537	Cure Massage	1223 Luella Street, Fort Worth, TX	US	S3-597727180	227	261	Ranked at position 227 in pool of 261 candidates
S1-399389416	Education Committee VI	3304 54th Street, Fort Smith, AR	US	S3-789406963	153	157	Ranked at position 153 in pool of 157 candidates
S1-399389416	Education Committee VI	3304 54th Street, Fort Smith, AR	US	S3-882659811	114	157	Ranked at position 114 in pool of 157 candidates
S1-828167822	Lilas Buck Aspac, Inc	1019 Tenth Avenue, Gastonia, NC	US	S3-438450415	114	139	Ranked at position 114 in pool of 139 candidates
S1-237782086	Ridge Committee	1427 Doverside Drive, Apex, NC	US	S3-100976779	130	269	Ranked at position 130 in pool of 269 candidates
S1-739672849	Upper Valley Long Inc	Vandalia, IL, 127 Gallatin Street	US	S3-169340332	105	295	Ranked at position 105 in pool of 295 candidates
S1-499382294	Blanco Lifesciences	671 Alpha Avenue, Brownsburg, IN	US	S3-972269320	202	221	Ranked at position 202 in pool of 221 candidates
S1-360488265	Jai Systems Private Limited	19/1276, Indira Nagar, Lucknow, Lucknow, Uttar Pradesh	India	S3-228786449	115	130	Ranked at position 115 in pool of 130 candidates
S1-434711227	Hunger Charities	718 Brandywine Avenue, Schenectady, NY	US	S3-528236539	160	213	Ranked at position 160 in pool of 213 candidates
S1-471214180	Maxworth Advisors	Maharashtra, Kumar Kruti Appts, Wadgoan Sheri, Opp Cerebram, It Park, Pune, A8/1204, Pune	India	S2-981284719	158	189	Ranked at position 158 in pool of 189 candidates
S1-267736961	Gold Financial Pvt Ltd	Gf, Shop-7, Gayatri Vihar Apartment, 411 (B32Prantika), Garia Garden, South 24 Parganas, West Bengal	India	S2-8949457	109	174	Ranked at position 109 in pool of 174 candidates
S1-267736961	Gold Financial Pvt Ltd	Gf, Shop-7, Gayatri Vihar Apartment, 411 (B32Prantika), Garia Garden, South 24 Parganas, West Bengal	India	S3-67191621	112	174	Ranked at position 112 in pool of 174 candidates
S1-183433043	Corner Pub	517 Western Avenue, Unit 29, Medford, OR	US	S3-775597199	174	193	Ranked at position 174 in pool of 193 candidates
S1-439730777	Royal Business Limited	H.No. 132, Janta Enclave Dhandra Tehsil Ludhiana West, Ludhiana, Punjab	India	S2-913161421	106	123	Ranked at position 106 in pool of 123 candidates
S1-439730777	Royal Business Limited	H.No. 132, Janta Enclave Dhandra Tehsil Ludhiana West, Ludhiana, Punjab	India	S3-254829469	109	123	Ranked at position 109 in pool of 123 candidates
S1-439730777	Royal Business Limited	H.No. 132, Janta Enclave Dhandra Tehsil Ludhiana West, Ludhiana, Punjab	India	S3-275355936	108	123	Ranked at position 108 in pool of 123 candidates
S1-475750986	Agni Solutions Private Limited	S/O Ubaidullah, Rani Laxmi Bai Complex, Kisan School Campus Old Basti, Basti, Uttar Pradesh	India	S3-624327111	159	237	Ranked at position 159 in pool of 237 candidates
S1-475750986	Agni Solutions Private Limited	S/O Ubaidullah, Rani Laxmi Bai Complex, Kisan School Campus Old Basti, Basti, Uttar Pradesh	India	S3-436459229	234	237	Ranked at position 234 in pool of 237 candidates
S1-286061787	Novio Babcock LLC	NC, High Point, 3650 Rising River Lane	US	S3-90885641	168	170	Ranked at position 168 in pool of 170 candidates
S1-146941945	Gangaksh Chemicals Pvt Ltd	Gautam Buddha Nagar, Uttar Pradesh, Floor Gaur City Centre, Gautam Buddha Nagar, Office No Oc540 Fifth	India	S3-888083207	219	227	Ranked at position 219 in pool of 227 candidates
S1-36017704	Interstate Guild	13173 Hickory Ridge Road, Bldg 8654, Plain City, OH	US	S3-666363391	125	161	Ranked at position 125 in pool of 161 candidates
S1-727791058	Seum Pioneer Deutsche Corp	MA, 13 Amherst Avenue, Agawam	US	S3-759275651	108	127	Ranked at position 108 in pool of 127 candidates
S1-352958862	Edmond Payments LLC	2304 Yorkshire Court, Edmond, OK	US	S3-312375946	190	266	Ranked at position 190 in pool of 266 candidates
S1-835204997	Candra Bench, DPM, P.C.	Long Island, 90 Leavitt Street, ME	US	S2-878289858	184	270	Ranked at position 184 in pool of 270 candidates
S1-835204997	Candra Bench, DPM, P.C.	Long Island, 90 Leavitt Street, ME	US	S2-814191852	183	270	Ranked at position 183 in pool of 270 candidates
S1-536406038	Hunger Center	12302 Andante Drive, Bldg 6001, Herriman Town, UT	US	S3-154796817	124	277	Ranked at position 124 in pool of 277 candidates
S1-100979361	Little Nails	9849 Voss Avenue, Keller, TX	US	S2-316551565	107	278	Ranked at position 107 in pool of 278 candidates
S1-5864747	A Heritage Quantum L.L.C.	9589 2nd Avenue, Unit 3D, Elk Grove, CA	US	S3-73045959	165	205	Ranked at position 165 in pool of 205 candidates
S1-5864747	A Heritage Quantum L.L.C.	9589 2nd Avenue, Unit 3D, Elk Grove, CA	US	S3-82006810	139	205	Ranked at position 139 in pool of 205 candidates
S1-867365570	Fresh Auto Body	202 Knox Drive, Upper Providence Township, PA	US	S3-986094872	250	272	Ranked at position 250 in pool of 272 candidates
S1-831922252	Samriddhi Services Pvt Ltd	Bargarh, Orissa, Backside Of Odessey Motor, C/Osantosh Kumar Purohit	India	S3-75757072	121	255	Ranked at position 121 in pool of 255 candidates
S1-831922252	Samriddhi Services Pvt Ltd	Bargarh, Orissa, Backside Of Odessey Motor, C/Osantosh Kumar Purohit	India	S3-740674434	155	255	Ranked at position 155 in pool of 255 candidates
S1-69670668	Redwine Optimal Wintergreen LLC	126 Main Street, Unit Unit 3, Souderton Borough, PA	US	S2-513285162	136	170	Ranked at position 136 in pool of 170 candidates
S1-613137824	First Transit Corporation	89 Highland Avenue, Fl Floor 1, Buffalo, NY	US	S2-518147591	105	158	Ranked at position 105 in pool of 158 candidates
S1-540257150	Express Design Enterprises Inc	290 Panorama Drive, Marion Town, VA	US	S3-2684437	108	108	Ranked at position 108 in pool of 108 candidates
S1-336349403	Yamuva Software LLP	P-38, India Exchange Place, Calcutta-1., Calcutta, West Bengal	India	S3-220905227	149	193	Ranked at position 149 in pool of 193 candidates
S1-602440532	Falcon LLC	8848 8th Street, Unit 16B, Phoenix, AZ	US	S2-345263307	211	307	Ranked at position 211 in pool of 307 candidates
S1-602440532	Falcon LLC	8848 8th Street, Unit 16B, Phoenix, AZ	US	S3-802287335	218	307	Ranked at position 218 in pool of 307 candidates
S1-602440532	Falcon LLC	8848 8th Street, Unit 16B, Phoenix, AZ	US	S3-962263391	217	307	Ranked at position 217 in pool of 307 candidates
S1-728332269	Blue Grill LLC	627 5th Street, Clinton, OK	US	S3-322251933	203	233	Ranked at position 203 in pool of 233 candidates
S1-292615208	Laxmi Software Private Limited	210, 2Nd Floor, Tv Industrial Estate, S K Ahire Marg, Behind Glaxo, Worli., Mumbai, Mumbai City, Maharashtra	India	S3-379055321	175	221	Ranked at position 175 in pool of 221 candidates
S1-298877090	Pediatric Specialists of Bear	430 Corato Court, Bear, DE	US	S2-133728194	116	257	Ranked at position 116 in pool of 257 candidates
S1-298877090	Pediatric Specialists of Bear	430 Corato Court, Bear, DE	US	S3-126811344	181	257	Ranked at position 181 in pool of 257 candidates
S1-289477063	Secure Strategies LLC	1001 Battle Creek Way, GA, Atlanta	US	S3-663145954	110	171	Ranked at position 110 in pool of 171 candidates
S1-835581754	Cure Coffee	2840 Dave Ward Drive, Unit Apt F2, Conway, AR	US	S3-723539917	268	296	Ranked at position 268 in pool of 296 candidates
S1-65820296	Colonial Society	411 Main Street, Unit 1, Mechanicsburg Borough, PA	US	S3-967446489	206	243	Ranked at position 206 in pool of 243 candidates
S1-65820296	Colonial Society	411 Main Street, Unit 1, Mechanicsburg Borough, PA	US	S2-399626776	156	243	Ranked at position 156 in pool of 243 candidates
S1-65820296	Colonial Society	411 Main Street, Unit 1, Mechanicsburg Borough, PA	US	S3-582124023	242	243	Ranked at position 242 in pool of 243 candidates
S1-20091251	High Agro Limited	Pl 307 Office Aero Wheelz Sn-17 Opp-Nirmal Park, Dhankawadi Chvanngr, Pune City, Pune, Maharashtra	India	S2-965956811	153	278	Ranked at position 153 in pool of 278 candidates
S1-20091251	High Agro Limited	Pl 307 Office Aero Wheelz Sn-17 Opp-Nirmal Park, Dhankawadi Chvanngr, Pune City, Pune, Maharashtra	India	S2-951568558	144	278	Ranked at position 144 in pool of 278 candidates
S1-380580331	Aditika Sports Private Limited	Plot No.59-D, G/F, K.H.No.419 Western Green Farm N.H-8, Near Shiv Murti, Delhi, South West Delhi, Delhi	India	S2-683490987	135	149	Ranked at position 135 in pool of 149 candidates
S1-68953626	Neff Arc LLC	9128 Rowe Court, Charlotte, NC	US	S3-789322340	192	209	Ranked at position 192 in pool of 209 candidates
S1-383867699	Laxmi Industries Private Limited	Mumbai, Mumbai City, 2/4 Rajda Building, Old Hanuman 2Nd Cross Lane, Dhirubhai Pa, Rikh Marg, Maharashtra, 1St Floor	India	S3-798173256	157	167	Ranked at position 157 in pool of 167 candidates
S1-181172933	Laxmi Builders	#25, 1St Floor, 6Th Cross, Leela Palace Road, Vruddhi Complex, (Near Ayyappa Temple), Kodihalli, Bangalore, Karnataka	India	S3-79107148	312	339	Ranked at position 312 in pool of 339 candidates
S1-678432639	Liberty Society	11504 Arrowmound Pass, Del Valle, TX	US	S3-525863301	141	187	Ranked at position 141 in pool of 187 candidates
S1-620689609	Rochester Vision Medicine Group	43 Delray Road, Rochester, NY	US	S3-353004258	183	233	Ranked at position 183 in pool of 233 candidates
S1-620689609	Rochester Vision Medicine Group	43 Delray Road, Rochester, NY	US	S3-84862439	126	233	Ranked at position 126 in pool of 233 candidates
S1-801330227	Wilson & Vickers Ses LLC	OH, Wapakoneta, 104 Wapak Street	US	S3-306873079	221	295	Ranked at position 221 in pool of 295 candidates
S1-168395001	Balaji Construction Private Limited	F-24/154, Sector-3 Rohini, Delhi	India	S3-509098928	262	282	Ranked at position 262 in pool of 282 candidates
S1-168395001	Balaji Construction Private Limited	F-24/154, Sector-3 Rohini, Delhi	India	S3-40797433	242	282	Ranked at position 242 in pool of 282 candidates
S1-168395001	Balaji Construction Private Limited	F-24/154, Sector-3 Rohini, Delhi	India	S3-574324622	270	282	Ranked at position 270 in pool of 282 candidates
S1-834751356	Carlin, Arias and Durbin PLLC	117 Court Street, Richmondville, NY	US	S3-270912646	140	181	Ranked at position 140 in pool of 181 candidates
S1-311570925	Newtech Enterprise Private Limited	Db Patil Estate, Station Road Bhandup West, Maharashtra, B-12, Mumbai, Mumbai City	India	S3-79039441	132	164	Ranked at position 132 in pool of 164 candidates
S1-724177791	Zitech Golden LLC	Fl 0, MO, Saint Louis, 7666 Grant Haven Drive	US	S2-757008423	331	347	Ranked at position 331 in pool of 347 candidates
S1-771779014	Roopin Technologies	New No.4, Shalom Complex, Shop No.20, First Floor, Mannar Street, T Nagar, Chennai, Tamil Nadu	India	S3-207001840	295	297	Ranked at position 295 in pool of 297 candidates
S1-196747008	Jai Infra Private Limited	Gut No.52 Varudi Aurangabad Jalna Road Badnapur, Jalna, Maharashtra, Jalna	India	S2-878616985	190	269	Ranked at position 190 in pool of 269 candidates
S1-556051630	Lynelle's Allied Advisory	300 Whippoorwill Road, Crawford, WV	US	S3-626004686	110	110	Ranked at position 110 in pool of 110 candidates
S1-702463907	Vannie Hill, M.D., DDS PC	1114 Twin Oaks Street, Bensenville, IL	US	S3-694611924	136	136	Ranked at position 136 in pool of 136 candidates
S1-321400092	Rudolph Oneim	3557 Red Hill Road, Tallassee, AL	US	S2-499525768	104	293	Ranked at position 104 in pool of 293 candidates
S1-556629301	Gulshan Cricket Private Limited	C/O Manoj Kumar Soni, Bhopal Road, Raisen, Madhya Pradesh	India	S2-440751619	138	355	Ranked at position 138 in pool of 355 candidates
S1-993376356	Corbett Crystal Allspring LLC	440 Union Street, Bluefield, WV	US	S3-798368761	255	286	Ranked at position 255 in pool of 286 candidates
S1-893535782	Maa It Private Limited	310, Plot No. B - 09 I.T.L. Twin Tower, Netaji Subhash Place, New Delhi, Delhi	India	S2-101401863	128	243	Ranked at position 128 in pool of 243 candidates
S1-528102700	Rocky League Inc	422 5th Street, New Albany, IN	US	S3-526043886	168	309	Ranked at position 168 in pool of 309 candidates
S1-933508054	Bombay Hospitality Pvt Ltd	Unitech Power Systems, Khewat No.266, Khasra 55/4/5, Village Hangoli, Tehsil Ra, Ipur Rani, Panchkula, Haryana	India	S2-753587634	103	159	Ranked at position 103 in pool of 159 candidates
S1-233040222	Crystal Navios LLC	14107 James Dean Drive, Carmel, IN	US	S3-946248914	118	200	Ranked at position 118 in pool of 200 candidates
S1-260260547	Frontier Institute	842 Westport Drive, Youngstown, OH	US	S3-657326250	246	266	Ranked at position 246 in pool of 266 candidates
S1-285766850	Sanskruti Impression (India) Pvt Ltd	2/18, Shivmandir Road, Room No-9 Near Nutun Bazar, Bansdroni, Kolkata, Howrah, West Bengal	India	S3-523727428	139	477	Ranked at position 139 in pool of 477 candidates
S1-334994069	Coex Boa P.C.	969 Redwood Street, Nixa, MO	US	S3-214394556	126	230	Ranked at position 126 in pool of 230 candidates
S1-486348428	Millennium (India) Konkan Private Limited	No. 155/1D2, Chandrapalayam, Gst Road, Madurai South, Madurai, Tamil Nadu	India	S3-570180949	221	274	Ranked at position 221 in pool of 274 candidates
S1-157020136	Pioneer Genomic Technologies, LLC	514 Main Street, Unit Apartment 305, West Seneca, NY	US	S3-69464818	104	110	Ranked at position 104 in pool of 110 candidates
S1-307052167	Golden Bike Shop!	1605 Dooley Road, Whiteford, MD	US	S3-97118227	276	278	Ranked at position 276 in pool of 278 candidates
S1-844266118	First Nutrition Enterprises LLC	8809 Radcliff Drive, Calabash, NC	US	S2-52827209	101	213	Ranked at position 101 in pool of 213 candidates
S1-967399132	Eye Medicine	502 Valley Oak Drive, Bremerton, WA	US	S3-430132140	132	231	Ranked at position 132 in pool of 231 candidates
S1-971788456	Urban Massage!	22823 Pearl Circle, Detroit Lakes, MN	US	S3-460279104	111	289	Ranked at position 111 in pool of 289 candidates
S1-971788456	Urban Massage!	22823 Pearl Circle, Detroit Lakes, MN	US	S2-254915621	149	289	Ranked at position 149 in pool of 289 candidates
S1-971788456	Urban Massage!	22823 Pearl Circle, Detroit Lakes, MN	US	S3-107421467	110	289	Ranked at position 110 in pool of 289 candidates
S1-971788456	Urban Massage!	22823 Pearl Circle, Detroit Lakes, MN	US	S2-584115802	107	289	Ranked at position 107 in pool of 289 candidates
S1-971788456	Urban Massage!	22823 Pearl Circle, Detroit Lakes, MN	US	S2-746991691	108	289	Ranked at position 108 in pool of 289 candidates
S1-971788456	Urban Massage!	22823 Pearl Circle, Detroit Lakes, MN	US	S3-329636233	109	289	Ranked at position 109 in pool of 289 candidates
S1-541913177	Benedikta Mahl Elite Interprivate P.C.	3720 Poinsettia Drive, Phoenix, AZ	US	S3-502870697	190	299	Ranked at position 190 in pool of 299 candidates
S1-337875611	Ivenify Keystone LLC	183 28, Unit 107, Yarmouth, MA	US	S3-952782660	143	147	Ranked at position 143 in pool of 147 candidates
S1-551363317	Harriot Flores Security	MO, Ballwin, 805 Gaillard Court	US	S3-230080155	172	176	Ranked at position 172 in pool of 176 candidates
S1-664503524	Ingenious Exports (India) Private Limited	Flatno 104 H No 6-2-11/1 Surabhiplaza, Lakadikapul, Hyderabad, Hyderabad, Telangana	India	S2-594565583	150	205	Ranked at position 150 in pool of 205 candidates
S1-664503524	Ingenious Exports (India) Private Limited	Flatno 104 H No 6-2-11/1 Surabhiplaza, Lakadikapul, Hyderabad, Hyderabad, Telangana	India	S3-793041362	194	205	Ranked at position 194 in pool of 205 candidates
S1-478267847	Lorianna Jimenez Harbor Source	525 Hackett Street, City Of Beloit, WI	US	S3-127418017	115	256	Ranked at position 115 in pool of 256 candidates
S1-58259520	Better Security Worldwide LLC	402 Church Street, Ofallon, MO	US	S3-95232594	132	172	Ranked at position 132 in pool of 172 candidates
S1-942590387	Brightium Robinhood LLC	33269 190th Street, 22, IA	US	S3-400759482	107	245	Ranked at position 107 in pool of 245 candidates
S1-942590387	Brightium Robinhood LLC	33269 190th Street, 22, IA	US	S3-860483867	153	245	Ranked at position 153 in pool of 245 candidates
S1-67951851	United (India) Design Corporation	83F, Belgachia Road, Kolkata, Parganas North, West Bengal	India	S3-571151027	138	138	Ranked at position 138 in pool of 138 candidates
S1-283630693	Lynx Inc	6301 Griffith Loop, Killeen, TX	US	S3-350679791	106	188	Ranked at position 106 in pool of 188 candidates
S1-544254899	Georgetta's Distribution	Morganton, NC, 2552 Henderson Mill Road	US	S2-388242192	230	248	Ranked at position 230 in pool of 248 candidates
S1-200572754	Triple & Partners Private Limited	Anand, Tirath Bhumi, Near J K Park, Chikhodra Chowkadi, 7, Gujarat, Anand	India	S2-799037368	271	341	Ranked at position 271 in pool of 341 candidates
S1-890545138	Kali Brothers Pvt. Ltd.	404 Rohan Arcade, Dattani Park, Thakur Village, Kandivali, East, Mumbai, Mumbai City, Maharashtra	India	S3-534816198	177	213	Ranked at position 177 in pool of 213 candidates
S1-653759388	Big Pilates! LLC	310 Seashell Drive, TX, Freeport	US	S2-489245566	232	269	Ranked at position 232 in pool of 269 candidates
S1-108750594	Jay Software Private Limited	C 47 Old Govind Pura, Delhi, East Delhi, Delhi	India	S3-870334692	151	160	Ranked at position 151 in pool of 160 candidates
S1-922050595	Rank & Sons Limited	Maharashtra, Nagpur, Kundan Lal Gupta Nagar, Nagpur, Plot No.1745/B/925	India	S3-546233988	113	165	Ranked at position 113 in pool of 165 candidates
S1-361726032	Tejaya Chitfund Private Limited	Raigad, 30, Raigarh, Wafeghar Tq, Sudhagad, Maharashtra	India	S2-99593648	298	313	Ranked at position 298 in pool of 313 candidates
S1-15326347	Sunrise Ventures LLP	Kh.No. 101/19 Ground Floor, Village Alipur, Delhi, North West Delhi, Delhi	India	S3-702757837	256	296	Ranked at position 256 in pool of 296 candidates
S1-15326347	Sunrise Ventures LLP	Kh.No. 101/19 Ground Floor, Village Alipur, Delhi, North West Delhi, Delhi	India	S3-294203642	101	296	Ranked at position 101 in pool of 296 candidates
S1-678466717	Admire Gems Group	748, E And F Block Kuvempunagar, Mysore, Karnataka	India	S2-12738483	147	238	Ranked at position 147 in pool of 238 candidates
S1-901210153	Scholarship Program IV LLC	1613 Lacota Lane, Burnsville, MN	US	S3-829145306	178	191	Ranked at position 178 in pool of 191 candidates
S1-471376742	Secure Engineering Innovations LLC	Tiffin, 35 St Clair Street, OH	US	S2-187461932	113	218	Ranked at position 113 in pool of 218 candidates
S1-471376742	Secure Engineering Innovations LLC	Tiffin, 35 St Clair Street, OH	US	S3-736936421	209	218	Ranked at position 209 in pool of 218 candidates
S1-102091173	Patino Diamond Fashion, LLC	1631 28th Avenue, Unit 5, Grand Forks, ND	US	S3-805762482	103	242	Ranked at position 103 in pool of 242 candidates
S1-102091173	Patino Diamond Fashion, LLC	1631 28th Avenue, Unit 5, Grand Forks, ND	US	S3-102929419	231	242	Ranked at position 231 in pool of 242 candidates
S1-356563831	Saint Baptist Church	234 18 Avenue, Saint Cloud, MN	US	S2-60013581	201	262	Ranked at position 201 in pool of 262 candidates
S1-786434853	Shivay Business (India) Private Limited	110, Floor-1, Plot 129, B3 Shree Pimpleshwar Chs, Mumbai, Maharashtra	India	S3-901187864	203	222	Ranked at position 203 in pool of 222 candidates
S1-221396644	Ferdinande Jackson Keystone Smart LLC	AR, 248 Ahlstrand Terrace, Springdale	US	S3-420071299	259	266	Ranked at position 259 in pool of 266 candidates
S1-950070723	Patsy Cook Unified Chimera Inc	AZ, Gilbert, 254 Windsor Drive	US	S3-606449107	118	195	Ranked at position 118 in pool of 195 candidates
S1-332346191	Corner Tavern! PLLC	114 Green Turtle Lane, Carolina Beach, NC	US	S3-518205004	263	277	Ranked at position 263 in pool of 277 candidates
S1-273767878	Mab Abel Allied Hamilton Inc	5726 1 Avenue, Brooklyn, NY	US	S2-352495082	112	269	Ranked at position 112 in pool of 269 candidates
S1-560985660	Congregation Lutheran Church LP	16310 Linden Springs Court, TX, Houston	US	S3-18784032	117	172	Ranked at position 117 in pool of 172 candidates
S1-884751359	Chiropractic Medicine	Volo, 1029 Piccolo Lane, IL	US	S3-128699567	188	227	Ranked at position 188 in pool of 227 candidates
S1-884751359	Chiropractic Medicine	Volo, 1029 Piccolo Lane, IL	US	S3-57491380	186	227	Ranked at position 186 in pool of 227 candidates
S1-763279630	Vyas Foundation	Sr. No 26, Chandrika Park, Flat No. 503, Lane No. 8, Pune City, Pune, Maharashtra	India	S3-57165051	146	174	Ranked at position 146 in pool of 174 candidates
S1-740041904	Monton Stock Inc	13827 Naples Park Lane, Houston, TX	US	S3-432908068	151	156	Ranked at position 151 in pool of 156 candidates
S1-811127142	Cathrine B. Bridges, DPM LP	47 Highland Street, Dennis, MA	US	S3-110935876	114	216	Ranked at position 114 in pool of 216 candidates
S1-458076403	North Infrastructure Private Limited	D.No.8-1-97/1/8, Level 4, Block-B, Ninitaas High'S Pedawaltair, Vishakhapatnam, Andhra Pradesh	India	S3-462500257	336	367	Ranked at position 336 in pool of 367 candidates
S1-945827504	Kamdhenu Chits Private Limited	K.V.Rangareddy, Serilingampally, Telangana, P.No-D, Syno-1-13, 17, 19-21, Huda Trade Centre	India	S3-749381015	509	519	Ranked at position 509 in pool of 519 candidates
S1-262390745	A Golden Epr LLC	79 Baughman Loop, Hattieville, AR	US	S3-155703048	171	193	Ranked at position 171 in pool of 193 candidates
S1-548717271	Meon LLC	2541 Elmhurst Drive, Beachwood, OH	US	S3-164050042	199	264	Ranked at position 199 in pool of 264 candidates
S1-548717271	Meon LLC	2541 Elmhurst Drive, Beachwood, OH	US	S3-336563017	255	264	Ranked at position 255 in pool of 264 candidates
S1-386857604	Maa Industries Private Limited	B 203, Amber Tirth Chs, Nandivali Road, Dombivli (East), Mumbai, Maharashtra	India	S3-301760591	122	159	Ranked at position 122 in pool of 159 candidates
S1-401202131	Everest Trust	310, 3Rd Floor, Angel Mega Mall, Kaushambi, Ghaziabad, Uttar Pradesh	India	S3-622060023	175	187	Ranked at position 175 in pool of 187 candidates
S1-561152069	Alchemy Brush Pvt Ltd	Vill-Baragram, Ratnadih, Joypur, Puruliya, Purulia, West Bengal	India	S3-970551639	282	303	Ranked at position 282 in pool of 303 candidates
S1-688146797	Oxford Infracon Pvt. Ltd.	7Th Crs Bhagath Sing Road Jayanagara, Hassan, Karnataka, Hassan, Karnataka	India	S3-432534265	151	152	Ranked at position 151 in pool of 152 candidates
S1-688146797	Oxford Infracon Pvt. Ltd.	7Th Crs Bhagath Sing Road Jayanagara, Hassan, Karnataka, Hassan, Karnataka	India	S2-314514446	130	152	Ranked at position 130 in pool of 152 candidates
S1-506313987	Lakshmi Engineering Pvt Ltd	#62/1, New No.7, 1St Cross, 2Nd Main Road, Ganganagar, Bangalore, Karnataka	India	S3-190364107	247	308	Ranked at position 247 in pool of 308 candidates
S1-506313987	Lakshmi Engineering Pvt Ltd	#62/1, New No.7, 1St Cross, 2Nd Main Road, Ganganagar, Bangalore, Karnataka	India	S2-804955140	118	308	Ranked at position 118 in pool of 308 candidates
S1-841864760	Brown Kensington LLC	1428 Pine Street, Norristown Borough, PA	US	S3-287014423	117	126	Ranked at position 117 in pool of 126 candidates
S1-399649742	Miles Technology (India) Pvt Ltd	19, No. Rn Mukherjee Road, 2Nd Floor Kolkata, Kolkata, Kolkata, Howrah, West Bengal	India	S2-880681699	115	216	Ranked at position 115 in pool of 216 candidates
S1-541080274	Arihant Consultancy	C-704, 7Th Floor, Tower C, Moti Residency, Ghaziabad, Uttar Pradesh	India	S2-921316605	102	204	Ranked at position 102 in pool of 204 candidates
S1-629358782	Indrtech Instruments Care	Ardente Office One, Unit 2225, Hoodi Itpl Main Road, Mahadevapura Post, Bangalore, Karnataka	India	S3-743698941	109	240	Ranked at position 109 in pool of 240 candidates
S1-327685774	Vantus Islands PC	4421 Florin Road, Sacramento, CA	US	S2-495893925	201	215	Ranked at position 201 in pool of 215 candidates
S1-501560459	Pgl Expo	C/124/446, Jatepur Uttari, Mansa Bagh Near Psn Public School, Gorakhpur, Uttar Pradesh	India	S3-616363789	156	219	Ranked at position 156 in pool of 219 candidates
S1-247132924	Gold Software Private Limited	Pn 47, Ram Nagar Colony, Malpura Gate Ke Pass, Sanganer, Jaipur, Rajasthan	India	S3-681294002	103	243	Ranked at position 103 in pool of 243 candidates
S1-247132924	Gold Software Private Limited	Pn 47, Ram Nagar Colony, Malpura Gate Ke Pass, Sanganer, Jaipur, Rajasthan	India	S3-275598195	102	243	Ranked at position 102 in pool of 243 candidates
S1-810345819	Global Bridge Spirit Private Limited	Rukmanipalayam Road, Mannargudi, Tamil Nadu, Tiruvarur, 5D	India	S2-69144375	143	222	Ranked at position 143 in pool of 222 candidates
S1-357079669	Innovative Properties Limited	Office No.212 On 2Nd Floor Raj Shrungi Building At Palace Road, Opp. Ashapura Mata Mandir, Rajkot, Rajkot, Gujarat	India	S3-421808896	179	196	Ranked at position 179 in pool of 196 candidates
S1-357079669	Innovative Properties Limited	Office No.212 On 2Nd Floor Raj Shrungi Building At Palace Road, Opp. Ashapura Mata Mandir, Rajkot, Rajkot, Gujarat	India	S3-437344812	150	196	Ranked at position 150 in pool of 196 candidates
S1-834325810	Jagannath Agro Pvt Ltd	Sp 1 Malviya Industrial Area Apex Circle Malviya Nagar, Jaipur, Rajasthan	India	S2-71812146	308	352	Ranked at position 308 in pool of 352 candidates
S1-834325810	Jagannath Agro Pvt Ltd	Sp 1 Malviya Industrial Area Apex Circle Malviya Nagar, Jaipur, Rajasthan	India	S3-668747501	349	352	Ranked at position 349 in pool of 352 candidates
S1-798978238	Urban Pub	102 County Road 5113, Cleveland, TX	US	S3-889535519	262	266	Ranked at position 262 in pool of 266 candidates
S1-798978238	Urban Pub	102 County Road 5113, Cleveland, TX	US	S2-943318604	130	266	Ranked at position 130 in pool of 266 candidates
S1-512066012	Congregation Fellowship	119 Pleasant Street, Unit CND 3, Vienna Town, VA	US	S2-503980593	102	243	Ranked at position 102 in pool of 243 candidates
S1-512066012	Congregation Fellowship	119 Pleasant Street, Unit CND 3, Vienna Town, VA	US	S3-654394882	114	243	Ranked at position 114 in pool of 243 candidates
S1-512066012	Congregation Fellowship	119 Pleasant Street, Unit CND 3, Vienna Town, VA	US	S2-40687012	158	243	Ranked at position 158 in pool of 243 candidates
S1-570889630	Adams's Great Occupational Therapy	5985 66, Kingman, AZ	US	S3-661768680	102	118	Ranked at position 102 in pool of 118 candidates
S1-766482715	Elegance Solutions Private Limited	401/B Smr Complex, 4Th Floor, Plat No 15, Behind More Super Market, Suchitra X Road, Ramar, Aju Nagar, Hyderabad, Telangana	India	S2-465769543	121	202	Ranked at position 121 in pool of 202 candidates
S1-395359998	Bright Coffee	145 Leisters Church Road, Westminster, MD	US	S3-835688715	224	298	Ranked at position 224 in pool of 298 candidates
S1-943187307	Heart Association Partners	365 Oak Stand Path, Chesterfield, MO	US	S3-645670093	170	209	Ranked at position 170 in pool of 209 candidates
S1-676682334	Modern Consulting Pvt Ltd	Plot No. 116-B & 116-P, Gut No. 152 Near Alok Nagar, Satara Parisar, Aurangabad, Maharashtra	India	S3-426724132	275	315	Ranked at position 275 in pool of 315 candidates
S1-90771849	Equinox LLC	3963 Snelling Avenue, Minneapolis, MN	US	S2-682583790	182	286	Ranked at position 182 in pool of 286 candidates
S1-90771849	Equinox LLC	3963 Snelling Avenue, Minneapolis, MN	US	S3-487753432	279	286	Ranked at position 279 in pool of 286 candidates
S1-90771849	Equinox LLC	3963 Snelling Avenue, Minneapolis, MN	US	S3-706589439	246	286	Ranked at position 246 in pool of 286 candidates
S1-478567299	Heart Federation Care	409 Wyandanch Avenue, NY, Unit Unit 77, Babylon	US	S3-631105415	149	188	Ranked at position 149 in pool of 188 candidates
S1-444926720	Agroha Properties Public Limited	Office No. 216, Bawa Tower, Plot No. 78/79, Sector 17, Vashi, Navi Mumbai, Thane, Maharashtra	India	S3-141198	130	135	Ranked at position 130 in pool of 135 candidates
S1-444926720	Agroha Properties Public Limited	Office No. 216, Bawa Tower, Plot No. 78/79, Sector 17, Vashi, Navi Mumbai, Thane, Maharashtra	India	S3-65619741	132	135	Ranked at position 132 in pool of 135 candidates
S1-886434037	Om Estate Pvt Ltd	Block - S 113/5, Midc Bhosari, Pune, Maharashtra	India	S2-10965268	130	189	Ranked at position 130 in pool of 189 candidates
S1-886434037	Om Estate Pvt Ltd	Block - S 113/5, Midc Bhosari, Pune, Maharashtra	India	S3-122356580	152	189	Ranked at position 152 in pool of 189 candidates
S1-886434037	Om Estate Pvt Ltd	Block - S 113/5, Midc Bhosari, Pune, Maharashtra	India	S2-908458134	143	189	Ranked at position 143 in pool of 189 candidates
S1-584055831	Enhance Brothers Private Limited	S. No. 33, Kharadi, Behind Saibaba Temple, Pune, Maharashtra	India	S3-711218174	113	116	Ranked at position 113 in pool of 116 candidates
S1-385927046	Great Initiative	5545 27th Avenue, Seattle, WA	US	S2-538906486	153	164	Ranked at position 153 in pool of 164 candidates
S1-812076174	Dill & Huff Public LLC	1014 Hines Street, Republic, MO	US	S3-165240326	181	232	Ranked at position 181 in pool of 232 candidates
S1-812076174	Dill & Huff Public LLC	1014 Hines Street, Republic, MO	US	S3-728948950	230	232	Ranked at position 230 in pool of 232 candidates
S1-603849231	Big Solutions Private Limited	5/318, Kumaran Nagar, Vengamedu, Coimbatore, Tamil Nadu, Tiruppur	India	S3-105764159	102	107	Ranked at position 102 in pool of 107 candidates
S1-886852861	Congregation Ministries	405 Pinecrest Drive, Atlanta, TX	US	S3-137520180	184	192	Ranked at position 184 in pool of 192 candidates
S1-407867221	Delhi Trading (India) Pvt Ltd	East Delhi, Delhi, 45-B, Delhi, A-1, Kondli Gharoli	India	S2-704206378	145	438	Ranked at position 145 in pool of 438 candidates
S1-425616377	Gitanjali Partners Pvt. Ltd.	T No. 64 Rs 843, Akkatai Mane Nagar, Kalamba Road, Kolhapur, Maharashtra	India	S3-112286429	106	119	Ranked at position 106 in pool of 119 candidates
S1-111821062	Narayani Services Pvt Ltd	Nit, Faridabad, B-20/21 Fruit Garden, Haryana	India	S3-510343659	220	274	Ranked at position 220 in pool of 274 candidates
S1-111821062	Narayani Services Pvt Ltd	Nit, Faridabad, B-20/21 Fruit Garden, Haryana	India	S3-504013652	215	274	Ranked at position 215 in pool of 274 candidates
S1-39641619	Global Global Private Limited	Virar, Maharashtra, Thakur Arcade, Above Viva Super Market, Virar (West), Thane, 28-30	India	S3-76298342	147	158	Ranked at position 147 in pool of 158 candidates
S1-313386776	Ridge Fellowship II	KY, 409 Benham Street, Dayton	US	S2-652994744	159	187	Ranked at position 159 in pool of 187 candidates
S1-107367404	Star Developers Private Limited	House No. 37, Gali No-3, Surat Nagar Phase 1, Railway Road, Gurgaon, Haryana	India	S2-211526919	141	365	Ranked at position 141 in pool of 365 candidates
S1-880890425	Granite	524 Barrenwood Drive, Wadsworth City, OH	US	S3-693060004	136	226	Ranked at position 136 in pool of 226 candidates
S1-320094808	Pawansut Industries Group	Plot No-151 A, Kh No. 109, Blk-A Ugf Gali No-8, New Delhi, South West Delhi, Delhi	India	S2-185799356	393	401	Ranked at position 393 in pool of 401 candidates
S1-320094808	Pawansut Industries Group	Plot No-151 A, Kh No. 109, Blk-A Ugf Gali No-8, New Delhi, South West Delhi, Delhi	India	S2-697162660	395	401	Ranked at position 395 in pool of 401 candidates
S1-148265622	Ziegler Landscaping LLC	4718 Norrisville Road, White Hall, MD	US	S3-333771128	228	235	Ranked at position 228 in pool of 235 candidates
S1-848852562	Real Energy Pvt Ltd	15, Sbi Employees, Pankaj Chsl, Navghar Road Mulund East, Mumbai, Mumbai City, Maharashtra	India	S3-104163212	256	284	Ranked at position 256 in pool of 284 candidates
S1-555006823	Federation Builders	Kerala, Kottayam, Pallickachira P.O Paippad, 5/506, Changanacherry	India	S3-461070912	156	278	Ranked at position 156 in pool of 278 candidates
S1-985516131	Premier Ocean LP	26 Old Straitsmouth Way, Rockport, MA	US	S3-774640160	123	132	Ranked at position 123 in pool of 132 candidates
S1-185653319	Burris Sunrise, LLC	2166 Edgewater Sound, Morristown, TN	US	S3-895120075	242	256	Ranked at position 242 in pool of 256 candidates
S1-706839088	Mandal Services Private Limited	H.No. 361/1 And 354/1 Village Sultanpur, Mg Road, New Delhi, Faridabad, Haryana	India	S3-191810817	321	336	Ranked at position 321 in pool of 336 candidates
S1-78167364	Cardiology Health	Fl 3, Holland, OH, 7035 Quail Lakes Drive	US	S3-920696142	164	242	Ranked at position 164 in pool of 242 candidates
S1-78167364	Cardiology Health	Fl 3, Holland, OH, 7035 Quail Lakes Drive	US	S3-299175586	175	242	Ranked at position 175 in pool of 242 candidates
S1-70854521	Kharar Vu Limited	C/O Vikram Jain, Rupnagar, Kharar, Arya College Road Opposite Dusshera Ground, Punjab	India	S3-620626194	149	158	Ranked at position 149 in pool of 158 candidates
S1-853392573	Desert College	3040 Sawyer, Mesa, AZ	US	S3-564673811	105	108	Ranked at position 105 in pool of 108 candidates
S1-748730249	Delhi Construction Private Limited	C 8/242, Yamuna Vihar, Shahdara, Delhi, East Delhi, Delhi	India	S3-222309729	124	132	Ranked at position 124 in pool of 132 candidates
S1-185055467	Bangalore South Labs Private Limited	No. 19, 4Th C, Koramangala Industrial Area, 5Th Block, Bangalore South, Bangalore, Karnataka	India	S3-440177952	105	115	Ranked at position 105 in pool of 115 candidates
S1-367148113	Satnam Services Limited	Flat C First Floor G-17D South Extension Part-Ii, New Delhi, South Delhi, Delhi	India	S2-464439945	163	212	Ranked at position 163 in pool of 212 candidates
S1-713955266	Cinder LLC	402 Oak Street, Unit A, Franklin, MA	US	S2-423885324	200	269	Ranked at position 200 in pool of 269 candidates
S1-713955266	Cinder LLC	402 Oak Street, Unit A, Franklin, MA	US	S2-29216193	195	269	Ranked at position 195 in pool of 269 candidates
S1-688677254	Frederica Allen Green Ligand Inc.	136 800, Salt Lake City, UT	US	S3-776617100	121	128	Ranked at position 121 in pool of 128 candidates
S1-371975648	Veterans Committee Center	846 Fox Hill Drive, Spanish Fork, UT	US	S3-921908159	121	152	Ranked at position 121 in pool of 152 candidates
S1-36237806	Peum	408 Brant Road, Corolla, NC	US	S3-627469336	110	157	Ranked at position 110 in pool of 157 candidates
S1-151277938	Big Hypnosis	6324 Blackhawk Drive, North Little Rock, AR	US	S2-901100852	185	230	Ranked at position 185 in pool of 230 candidates
S1-117954160	North Business Pvt Ltd	Room No 13, Laxmi Nagar Nr Bedrock Company, Link Road, Goregaon, Mumbai, Mumbai City, Maharashtra	India	S3-953659462	109	164	Ranked at position 109 in pool of 164 candidates
S1-771519262	Health Guild	263 Nassau Road, Unit Apartment 2, Huntington, NY	US	S3-629645860	139	163	Ranked at position 139 in pool of 163 candidates
S1-771519262	Health Guild	263 Nassau Road, Unit Apartment 2, Huntington, NY	US	S3-776800414	138	163	Ranked at position 138 in pool of 163 candidates
S1-515251309	Skyway Cold LLP	Plot 47, Banwali Kala Sanghian, Kapurthala, Punjab	India	S2-796546305	179	200	Ranked at position 179 in pool of 200 candidates
S1-515251309	Skyway Cold LLP	Plot 47, Banwali Kala Sanghian, Kapurthala, Punjab	India	S2-740454619	175	200	Ranked at position 175 in pool of 200 candidates
S1-835676480	Berny Cuevas Peak Immersion Corp	Andover, 14831 Eagle Street, MN	US	S3-755024270	184	251	Ranked at position 184 in pool of 251 candidates
S1-741434603	Red Tavern! Inc.	201 Pybas Street, Washington, OK	US	S3-22170692	193	306	Ranked at position 193 in pool of 306 candidates
S1-943979179	Montola Growth PLLC	8 Ben & Maude Drive, Fletcher, NC	US	S3-429355919	112	201	Ranked at position 112 in pool of 201 candidates
S1-373167744	Roopanth Mills Pvt. Ltd.	C/O Babita Devi, Udharampur, Meena Bazar, Sampatchak, Patna, Bihar	India	S3-482137429	131	187	Ranked at position 131 in pool of 187 candidates
S1-373167744	Roopanth Mills Pvt. Ltd.	C/O Babita Devi, Udharampur, Meena Bazar, Sampatchak, Patna, Bihar	India	S3-452088672	143	187	Ranked at position 143 in pool of 187 candidates
S1-973398451	Fortune Engineering Pvt Ltd	Sco No. 20, Second Floor, Mohali Citi Square, Rajpura, Mohali, Punjab	India	S3-244455988	104	120	Ranked at position 104 in pool of 120 candidates
S1-169819530	Jarlus Quantumsphere Partners	2711 120th Avenue E, Tulsa, OK	US	S3-803168138	166	213	Ranked at position 166 in pool of 213 candidates
S1-202112057	Cozy Coffee LLC	Surprise, 11596 Sierra Dawn Boulevard, AZ, Unit 101	US	S3-890975412	148	198	Ranked at position 148 in pool of 198 candidates
S1-202112057	Cozy Coffee LLC	Surprise, 11596 Sierra Dawn Boulevard, AZ, Unit 101	US	S3-55685540	111	198	Ranked at position 111 in pool of 198 candidates
S1-202112057	Cozy Coffee LLC	Surprise, 11596 Sierra Dawn Boulevard, AZ, Unit 101	US	S3-265761126	138	198	Ranked at position 138 in pool of 198 candidates
S1-204580844	Bangla Brothers Pvt. Ltd.	701, Maharashtra, Bldg-6, Ebony, Vasant, Oasis, Makwana Road, Mumbai	India	S2-461375723	101	125	Ranked at position 101 in pool of 125 candidates
S1-870902025	Christ Methodist Church	1783 13th Drive, Town Of Preston, WI	US	S2-827043797	112	224	Ranked at position 112 in pool of 224 candidates
S1-870902025	Christ Methodist Church	1783 13th Drive, Town Of Preston, WI	US	S3-300664218	192	224	Ranked at position 192 in pool of 224 candidates
S1-870902025	Christ Methodist Church	1783 13th Drive, Town Of Preston, WI	US	S2-809278693	205	224	Ranked at position 205 in pool of 224 candidates
S1-27545640	A Precision Chimera Inc.	Bellingham, 115 Main Street, Unit 202, MA	US	S3-483854925	117	190	Ranked at position 117 in pool of 190 candidates
S1-209922971	Lucky Nails	4444 Box Canyon Drive, Eloy, AZ	US	S3-39024158	303	304	Ranked at position 303 in pool of 304 candidates
S1-209922971	Lucky Nails	4444 Box Canyon Drive, Eloy, AZ	US	S2-231563212	228	304	Ranked at position 228 in pool of 304 candidates
S1-209922971	Lucky Nails	4444 Box Canyon Drive, Eloy, AZ	US	S2-330767442	148	304	Ranked at position 148 in pool of 304 candidates
S1-209922971	Lucky Nails	4444 Box Canyon Drive, Eloy, AZ	US	S2-986155517	229	304	Ranked at position 229 in pool of 304 candidates
S1-264312057	Zanet Inc	112 Shadowood Lane, Princeton, WV	US	S3-195168844	133	190	Ranked at position 133 in pool of 190 candidates
S1-832969377	Patriot Patriot Monte Inc	9945 Tammy Lane, Magnolia, TX	US	S3-275805401	163	168	Ranked at position 163 in pool of 168 candidates
S1-832969377	Patriot Patriot Monte Inc	9945 Tammy Lane, Magnolia, TX	US	S3-202167745	112	168	Ranked at position 112 in pool of 168 candidates
S1-832969377	Patriot Patriot Monte Inc	9945 Tammy Lane, Magnolia, TX	US	S3-337380414	101	168	Ranked at position 101 in pool of 168 candidates
S1-155082989	Gold Infrastructure Private Limited	706, 7Th Floor, North Avenue, Road No 9, Jaipur, Rajasthan	India	S2-56823677	218	275	Ranked at position 218 in pool of 275 candidates
S1-374894230	Global Institute	18017 133rd Avenue, Puyallup, WA	US	S2-277541731	102	250	Ranked at position 102 in pool of 250 candidates
S1-129409679	Barbey Johnson, D.O.	IN, Gary, 2324 Durbin Street	US	S2-684004303	142	162	Ranked at position 142 in pool of 162 candidates
S1-477149670	A Cure 4 All	3091 30, Booneville, KY	US	S3-348109449	117	146	Ranked at position 117 in pool of 146 candidates
S1-670224096	Ember LLC	OH, Westerville, 399 Wyndham Park	US	S2-994503826	210	261	Ranked at position 210 in pool of 261 candidates
S1-281862082	Custom Wellness Enterprises LLC	212 Washington Avenue, Unit APARTMENT 1424, Towson, MD	US	S3-39300332	166	179	Ranked at position 166 in pool of 179 candidates
S1-128647284	Visual Platforms Pvt Ltd	H.No. 8-3-944/15, Flat No. 103 Sri Rama Enclave, Ameerpet, Hyderabad, Telangana	India	S3-155677528	327	361	Ranked at position 327 in pool of 361 candidates
S1-128647284	Visual Platforms Pvt Ltd	H.No. 8-3-944/15, Flat No. 103 Sri Rama Enclave, Ameerpet, Hyderabad, Telangana	India	S3-651068439	147	361	Ranked at position 147 in pool of 361 candidates
S1-128647284	Visual Platforms Pvt Ltd	H.No. 8-3-944/15, Flat No. 103 Sri Rama Enclave, Ameerpet, Hyderabad, Telangana	India	S3-913488979	348	361	Ranked at position 348 in pool of 361 candidates
S1-662375410	Opulence Foundation	407, Tower -A, I-Thum Plot No. A-40 Sector -62 Noida Gautam Budha Nagar, Noida, Gautam Buddha Nagar, Uttar Pradesh	India	S3-338763899	109	265	Ranked at position 109 in pool of 265 candidates
S1-615385489	First Properties Limited	C-2/79, Vijay Enclave Dabri Palam Road, New Delhi, South West Delhi, Delhi	India	S2-387695727	313	424	Ranked at position 313 in pool of 424 candidates
S1-986526816	Suchita & Co	Flat No C-904, Moti Residancy Near Reliable Instit Nh-58, Gzb, Gzb, Ghaziabad, Uttar Pradesh	India	S3-843633802	223	225	Ranked at position 223 in pool of 225 candidates
S1-59962472	Services Girish Technologies Associates	Village Mehadiganj Post Mokalpur Tahsil Mariyahu, Jaunpur, Uttar Pradesh	India	S3-899105706	133	148	Ranked at position 133 in pool of 148 candidates
S1-59962472	Services Girish Technologies Associates	Village Mehadiganj Post Mokalpur Tahsil Mariyahu, Jaunpur, Uttar Pradesh	India	S3-765357274	120	148	Ranked at position 120 in pool of 148 candidates
S1-429061067	A Supreme Flag Associates	65 440, American Fork, UT	US	S3-37460945	219	234	Ranked at position 219 in pool of 234 candidates
S1-40885869	Automate (India) Lifecare Limited	7/202, B-2 Swaroop Nagar, Kanpur, Swarup Nagar, Kanpur Nagar, Uttar Pradesh	India	S3-745274380	289	292	Ranked at position 289 in pool of 292 candidates
S1-67265814	Rv Refrigeration (India) LLP	Office 1108, Plot E/3A, Sector-12, Kharghar Navi Mumbai, Panvel, Raigarh(Mh), Maharashtra	India	S3-118234465	223	241	Ranked at position 223 in pool of 241 candidates
S1-215519802	Sumangal Solutions Limited	14/936, Veekey Tower, Maveliuram, Ernakulam, Kerala	India	S2-675364545	305	346	Ranked at position 305 in pool of 346 candidates
S1-939542921	Holy Lutheran Church	621 Dale Avenue, Unit 329, Knoxville, TN	US	S3-772724709	218	250	Ranked at position 218 in pool of 250 candidates
S1-939542921	Holy Lutheran Church	621 Dale Avenue, Unit 329, Knoxville, TN	US	S2-754586389	217	250	Ranked at position 217 in pool of 250 candidates
S1-939542921	Holy Lutheran Church	621 Dale Avenue, Unit 329, Knoxville, TN	US	S2-431156413	214	250	Ranked at position 214 in pool of 250 candidates
S1-939542921	Holy Lutheran Church	621 Dale Avenue, Unit 329, Knoxville, TN	US	S3-993169015	219	250	Ranked at position 219 in pool of 250 candidates
S1-786623136	Surgical Specialists L.L.C.	5698 State Highway 22, Hillsboro, TX	US	S3-711641932	110	111	Ranked at position 110 in pool of 111 candidates
S1-786623136	Surgical Specialists L.L.C.	5698 State Highway 22, Hillsboro, TX	US	S2-164079014	101	111	Ranked at position 101 in pool of 111 candidates
S1-786623136	Surgical Specialists L.L.C.	5698 State Highway 22, Hillsboro, TX	US	S2-825299171	105	111	Ranked at position 105 in pool of 111 candidates
S1-103976249	Goldsmith and York	4525 Northview Avenue, Terre Haute, IN	US	S2-954896359	133	220	Ranked at position 133 in pool of 220 candidates
S1-103976249	Goldsmith and York	4525 Northview Avenue, Terre Haute, IN	US	S3-710741851	115	220	Ranked at position 115 in pool of 220 candidates
S1-532188526	First Tech	C-5/99, New Kondli Mayur Vihar Phase-Iii, Delhi, East Delhi, Delhi	India	S2-473445934	101	273	Ranked at position 101 in pool of 273 candidates
S1-867567957	City Builders Private Limited	Shree Sai Kamal Ch, Shree Sai Enclave, Vagad, 3/301, Thane, Maharashtra, Thane	India	S3-763217665	296	362	Ranked at position 296 in pool of 362 candidates
S1-235017559	Gillie Beltran Platinum Pyrophyte Holdings	6901 Madison Street, Niles, IL	US	S3-399852016	224	233	Ranked at position 224 in pool of 233 candidates
S1-381145050	Education Fund	1302 Hill Street, Unit 1302, Brownfield, TX	US	S3-65997397	138	155	Ranked at position 138 in pool of 155 candidates
S1-747719380	Shivam Infrastructure LLP	Office No.322, Marathon Monte Plaza, Madan Mohan Mumbai, Suburban, Mumbai, Mumbai City, Maharashtra	India	S3-968413477	101	106	Ranked at position 101 in pool of 106 candidates
S1-747719380	Shivam Infrastructure LLP	Office No.322, Marathon Monte Plaza, Madan Mohan Mumbai, Suburban, Mumbai, Mumbai City, Maharashtra	India	S3-758532782	106	106	Ranked at position 106 in pool of 106 candidates
S1-916933260	Fidelity College Private Limited	# 60, Wind Tunnel Road, Mrugeshpalya, 3Rd Floor, Karnataka, Bengaluru, Bangalore	India	S2-693860767	146	168	Ranked at position 146 in pool of 168 candidates
S1-362740544	Dhanasree Farming Private Limited	Ahmedabad, 303, Navrangpura, Gujarat, B. K. House, C.G.Road	India	S2-147423656	187	188	Ranked at position 187 in pool of 188 candidates
S1-615241702	Dhanalakshmi Farms Private Limited	No. 33A, Reddy Building, 6Th Cross, Hutchins Road, Near Apd School, Cooke Town, Banglore, Bangalore, Karnataka	India	S3-786321286	240	283	Ranked at position 240 in pool of 283 candidates
S1-615241702	Dhanalakshmi Farms Private Limited	No. 33A, Reddy Building, 6Th Cross, Hutchins Road, Near Apd School, Cooke Town, Banglore, Bangalore, Karnataka	India	S3-176932103	143	283	Ranked at position 143 in pool of 283 candidates
S1-629859442	Estrada & Cape LLC	62 Coyote Road, Cochiti, NM	US	S2-784085140	160	209	Ranked at position 160 in pool of 209 candidates
S1-727765247	Bright Software Private Limited	3-10/235/174/3/B, Alakapoor Township, Sector-3 Block-B, Puppalaguda Village, Rajendra N, Agar, Hyderabad, Telangana	India	S3-449130234	205	233	Ranked at position 205 in pool of 233 candidates
S1-947183627	Malappuram Gupta Private Limited	Room No. 13/193-N, 3Rd Floor Kp Mall, Manjeri Road, Mankada, Malappuram, Malapuram, Kerala	India	S3-858384805	148	218	Ranked at position 148 in pool of 218 candidates
S1-947183627	Malappuram Gupta Private Limited	Room No. 13/193-N, 3Rd Floor Kp Mall, Manjeri Road, Mankada, Malappuram, Malapuram, Kerala	India	S3-402947654	178	218	Ranked at position 178 in pool of 218 candidates
S1-933440839	Eastern Logistics Private Limited	#101, Auchyut Mazon, H.No.7-1-621/48, S.R Nagar, Hyderabad, Telangana	India	S3-708775041	245	303	Ranked at position 245 in pool of 303 candidates
S1-253448746	Solance Software, LLC	IL, Robinson, 604 Oil Street	US	S3-781303137	293	309	Ranked at position 293 in pool of 309 candidates
S1-149803252	Chai Trust	7 1 55/3, Flat No 103, Sri Sai Kasi Mansions, Kirlampudi Layout, Chinna Waltair, Visakhapatnam, Vishakhapatnam, Andhra Pradesh	India	S3-278310663	129	160	Ranked at position 129 in pool of 160 candidates
S1-555751497	Raj Exports Pvt Ltd	E-147, 2Nd Floor Lajpat Nagar-1, New Delhi, South Delhi, Delhi	India	S3-715386227	112	117	Ranked at position 112 in pool of 117 candidates
S1-555751497	Raj Exports Pvt Ltd	E-147, 2Nd Floor Lajpat Nagar-1, New Delhi, South Delhi, Delhi	India	S3-166949493	108	117	Ranked at position 108 in pool of 117 candidates
S1-396217201	Integrity Sciences Private Limited	Plot No. W-141, Ttc Midc, Khairane, Thane, Thane, Maharashtra	India	S3-464631599	422	470	Ranked at position 422 in pool of 470 candidates
S1-396217201	Integrity Sciences Private Limited	Plot No. W-141, Ttc Midc, Khairane, Thane, Thane, Maharashtra	India	S2-863026218	137	470	Ranked at position 137 in pool of 470 candidates
S1-311847071	Family Partners	15974 74th Lane, Peoria, AZ	US	S3-359593452	147	253	Ranked at position 147 in pool of 253 candidates
S1-433495071	Grazia West Securities, L.L.C.	PA, Upper Merion Township, 166 Arden Road	US	S3-317276607	139	149	Ranked at position 139 in pool of 149 candidates
S1-433495071	Grazia West Securities, L.L.C.	PA, Upper Merion Township, 166 Arden Road	US	S3-151244797	138	149	Ranked at position 138 in pool of 149 candidates
S1-949044397	Velvet's Transport	Bismarck, ND, 102 Edmonton Drive	US	S3-86696541	215	222	Ranked at position 215 in pool of 222 candidates
S1-181768827	Pediatric Dental Associates LLC	302 Main Avenue, Minier, IL	US	S2-107369565	123	178	Ranked at position 123 in pool of 178 candidates
S1-225773706	Symphony Trading Ltd	House No.22 Rajendra Nagar, Mathura, Uttar Pradesh	India	S3-159953322	368	413	Ranked at position 368 in pool of 413 candidates
S1-225773706	Symphony Trading Ltd	House No.22 Rajendra Nagar, Mathura, Uttar Pradesh	India	S3-784784750	104	413	Ranked at position 104 in pool of 413 candidates
S1-225773706	Symphony Trading Ltd	House No.22 Rajendra Nagar, Mathura, Uttar Pradesh	India	S3-876915865	304	413	Ranked at position 304 in pool of 413 candidates
S1-212363226	Vision Physicians LLC	506 Harrison Street, City Of Appleton, WI	US	S2-910154690	113	132	Ranked at position 113 in pool of 132 candidates
S1-212363226	Vision Physicians LLC	506 Harrison Street, City Of Appleton, WI	US	S3-756538645	128	132	Ranked at position 128 in pool of 132 candidates
S1-212363226	Vision Physicians LLC	506 Harrison Street, City Of Appleton, WI	US	S2-555095448	110	132	Ranked at position 110 in pool of 132 candidates
S1-887095733	Della Solutions Limited	133/103, O Block, Kidwai Nagar, Yashoda Nagar, Kanpur Nagar, Uttar Pradesh	India	S2-950995417	140	168	Ranked at position 140 in pool of 168 candidates
S1-277534575	Delhi North East Events Private Limited	House No 602, G\F Village, Biharipur Karawal Nagar, Delhi North East, North West Delhi, Delhi	India	S3-89834870	126	133	Ranked at position 126 in pool of 133 candidates
S1-424008218	Scholarship Charities of Elgin LLC	40W 978 Bowes Road, Elgin, IL	US	S3-817731439	361	371	Ranked at position 361 in pool of 371 candidates
S1-332790057	Education Program of Mission LLC	1408 Francisco Avenue, Mission, TX	US	S3-190648578	151	154	Ranked at position 151 in pool of 154 candidates
S1-332790057	Education Program of Mission LLC	1408 Francisco Avenue, Mission, TX	US	S3-984219145	112	154	Ranked at position 112 in pool of 154 candidates
S1-385770508	Family Clinic	1623 Tremont Street, MA, Unit 4, Boston	US	S3-744619119	161	237	Ranked at position 161 in pool of 237 candidates
S1-895621536	South Finance Private Limited	C-25 Sector 62 Stellar It Park 4Th Floor, Noida, Gautam Buddha Nagar, Uttar Pradesh	India	S2-60730920	114	225	Ranked at position 114 in pool of 225 candidates
S1-895621536	South Finance Private Limited	C-25 Sector 62 Stellar It Park 4Th Floor, Noida, Gautam Buddha Nagar, Uttar Pradesh	India	S3-115881102	195	225	Ranked at position 195 in pool of 225 candidates
S1-209271223	Everest Inc	1324 G Street, Unit APT 11, Sacramento, CA	US	S3-70980609	111	177	Ranked at position 111 in pool of 177 candidates
S1-209271223	Everest Inc	1324 G Street, Unit APT 11, Sacramento, CA	US	S3-747195755	121	177	Ranked at position 121 in pool of 177 candidates
S1-5283798	Chandrya Infra Pvt Ltd	118 Lgf World Trade Centrebarakhamba Lane, New Delhi, Central Delhi, Delhi	India	S2-639859915	235	310	Ranked at position 235 in pool of 310 candidates
S1-541943581	Invent Exports Company	Lucknow, Uttar Pradesh, Lucknow, P No 18 Sanjivani Homes 3, Tarak Purwa Tiwariganj	India	S2-766900172	283	290	Ranked at position 283 in pool of 290 candidates
S1-318449194	Anni's Consultants	364 Highway 36, Milano, TX	US	S2-823818949	120	176	Ranked at position 120 in pool of 176 candidates
S1-845220221	Cancer Council II	1415 6720, West Jordan City, UT	US	S3-123883963	116	153	Ranked at position 116 in pool of 153 candidates
S1-678170359	Cornelle Lyle Wave PC	9234 75, North Salem, IN	US	S2-185353621	117	337	Ranked at position 117 in pool of 337 candidates
S1-548090179	Eye Care of Lynnwood	20101 44th Avenue, Unit G, Lynnwood, WA	US	S2-887498830	208	316	Ranked at position 208 in pool of 316 candidates
S1-290362235	Producer Yashoda Enterprises Limited	#20, 1St Floor, Rt Nagar Main Road, Rt Nagar, Bengaluru, Bangalore, Karnataka	India	S3-493160362	267	497	Ranked at position 267 in pool of 497 candidates
S1-711028059	Brown National Safety LLC	136 Dovenshire Drive, Fairfield Glade, TN	US	S3-464871565	133	166	Ranked at position 133 in pool of 166 candidates
S1-100276333	Robin Brighthouse Inc	252 Matteson Avenue, Matteson, IL	US	S3-113654320	152	219	Ranked at position 152 in pool of 219 candidates
S1-825727265	Sweet Auto Body	El Campo, 1204 Meadow Creek Drive, TX	US	S3-8461454	200	306	Ranked at position 200 in pool of 306 candidates
S1-825727265	Sweet Auto Body	El Campo, 1204 Meadow Creek Drive, TX	US	S2-588947217	154	306	Ranked at position 154 in pool of 306 candidates
S1-160242888	Alpha Properties Private Limited	C-1/1296, Vasant Kunj, New Delhi, Delhi	India	S2-874852813	115	524	Ranked at position 115 in pool of 524 candidates
S1-160242888	Alpha Properties Private Limited	C-1/1296, Vasant Kunj, New Delhi, Delhi	India	S2-600015890	323	524	Ranked at position 323 in pool of 524 candidates
S1-555277541	Little Tavern	Mount Vernon, NY, Unit Apartment 4S, 156 1st Avenue	US	S3-799859292	104	306	Ranked at position 104 in pool of 306 candidates
S1-555277541	Little Tavern	Mount Vernon, NY, Unit Apartment 4S, 156 1st Avenue	US	S2-143945533	172	306	Ranked at position 172 in pool of 306 candidates
S1-642915384	Bombay Hospitality Private Limited	Office No. 307, 3Rd Floor, P. No. C-1, Kanchan House, New Delhi, West Delhi, Delhi	India	S3-848305448	335	335	Ranked at position 335 in pool of 335 candidates
S1-376266466	Family Project	9572 Muirkirk Road, Unit 102, Laurel, MD	US	S3-414168424	123	168	Ranked at position 123 in pool of 168 candidates
S1-331305578	Chavis First Data	Pingree Grove, 891 Dover Street, IL	US	S3-330110494	225	250	Ranked at position 225 in pool of 250 candidates
S1-593202623	Fairdeal India Pvt Ltd	8-3-945/3/2/A14, Iii Floor, Lakshminarayana Complex, Ameerpet Hyderabad, Telangana	India	S3-156943289	200	215	Ranked at position 200 in pool of 215 candidates
S1-593202623	Fairdeal India Pvt Ltd	8-3-945/3/2/A14, Iii Floor, Lakshminarayana Complex, Ameerpet Hyderabad, Telangana	India	S3-870463689	146	215	Ranked at position 146 in pool of 215 candidates
S1-99115147	Saffron Financers LLP	47Akumaresa Puram Tiruchengode, Namakkal District, Salem, Tamil Nadu	India	S3-64597833	149	292	Ranked at position 149 in pool of 292 candidates
S1-954336561	India Orchid Human Limited	Office No 401, 4Th Floor, Lotus Corporate Park, Graham Firth Compound, Goregaon East, Mumbai, Mumbai City, Maharashtra	India	S3-798698820	192	281	Ranked at position 192 in pool of 281 candidates
S1-692891261	Custom Labs Pvt Ltd	Trivandrum, Thiruvananthapuram, First Floor, Kerala, Gulf Star Building Tc No 28/2484 (3), Near Chettikulangara, Temple	India	S3-834675433	203	210	Ranked at position 203 in pool of 210 candidates
S1-817622790	Infrastructure Wellspring Producer Private Limited	Flat No.2A, Karnataka, Bangalore North, 35 Patel Paradise Apartment, Lic Colony Yeshwanthpura, Bangalore	India	S3-958738941	194	254	Ranked at position 194 in pool of 254 candidates
S1-817622790	Infrastructure Wellspring Producer Private Limited	Flat No.2A, Karnataka, Bangalore North, 35 Patel Paradise Apartment, Lic Colony Yeshwanthpura, Bangalore	India	S2-346562817	221	254	Ranked at position 221 in pool of 254 candidates
S1-817622790	Infrastructure Wellspring Producer Private Limited	Flat No.2A, Karnataka, Bangalore North, 35 Patel Paradise Apartment, Lic Colony Yeshwanthpura, Bangalore	India	S3-327345947	142	254	Ranked at position 142 in pool of 254 candidates
S1-135237630	Patriot Guild	Lockesburg, AR, 3531 Highway 71	US	S3-487934785	106	132	Ranked at position 106 in pool of 132 candidates
S1-135237630	Patriot Guild	Lockesburg, AR, 3531 Highway 71	US	S3-808168816	117	132	Ranked at position 117 in pool of 132 candidates
S1-852745202	Sairam Entertainment Pvt Ltd	Pune, Sh No-4, Grd Floor, K.P.C.T, B-Wing, Sn-10/1/1, Wanawadi, Pune, Maharashtra	India	S3-65322925	182	187	Ranked at position 182 in pool of 187 candidates
S1-190955512	Ryder & Newman Financial Partners	601 1st Street, Selah, WA	US	S3-568695735	124	169	Ranked at position 124 in pool of 169 candidates
S1-288783874	Big Services Private Limited	Hig A 24 And 25 5Th Floor Aphb Colony, Gachibowli, Serilingampally Mandal, Rangareddy, Serilingampally, K.V.Rangareddy, Telangana	India	S3-172456598	121	125	Ranked at position 121 in pool of 125 candidates
S1-288783874	Big Services Private Limited	Hig A 24 And 25 5Th Floor Aphb Colony, Gachibowli, Serilingampally Mandal, Rangareddy, Serilingampally, K.V.Rangareddy, Telangana	India	S2-310536937	105	125	Ranked at position 105 in pool of 125 candidates
S1-289043767	Azad Clinic	Telangana, Nizamabad, Plot No.133Bva, H.No:6-135/1 & 2, Aryanagar, Nizamabad	India	S3-913874028	502	530	Ranked at position 502 in pool of 530 candidates
S1-65720315	Dermatology Clinic	7502 Arlene Avenue, Willowbrook, IL	US	S2-338111394	116	275	Ranked at position 116 in pool of 275 candidates
S1-65720315	Dermatology Clinic	7502 Arlene Avenue, Willowbrook, IL	US	S3-16264744	147	275	Ranked at position 147 in pool of 275 candidates
S1-255022363	Sai Foods (India) Private Limited	C/O Perm Chand Gupta, Sarvodaya Nagar, Banda, Banda, Uttar Pradesh	India	S3-685021779	105	184	Ranked at position 105 in pool of 184 candidates
S1-247786329	Balderas United Peoples LLC	625 3rd Avenue, Hampton, IL	US	S3-438937774	290	331	Ranked at position 290 in pool of 331 candidates
S1-432713586	Gene Powers Peak Electronic	Washington, Unit 710, 630 Kenilworth Terrace, DC	US	S2-943420901	101	172	Ranked at position 101 in pool of 172 candidates
S1-809836476	Harihar & Partners	Shop No. 9, Anu Chs, Subway Road Nr Milan Mall, Mumbai, Maharashtra	India	S3-544265653	149	169	Ranked at position 149 in pool of 169 candidates
S1-809836476	Harihar & Partners	Shop No. 9, Anu Chs, Subway Road Nr Milan Mall, Mumbai, Maharashtra	India	S3-21174749	132	169	Ranked at position 132 in pool of 169 candidates
S1-649583432	Nickels Veterinary Clinic	51 Stanton Way, North Andover, MA	US	S3-34605752	201	212	Ranked at position 201 in pool of 212 candidates
S1-162875698	Pediatric Dentistry Partners	103 State Street, Athens, OH	US	S2-163324008	126	141	Ranked at position 126 in pool of 141 candidates
S1-162875698	Pediatric Dentistry Partners	103 State Street, Athens, OH	US	S2-599456225	130	141	Ranked at position 130 in pool of 141 candidates
S1-162875698	Pediatric Dentistry Partners	103 State Street, Athens, OH	US	S3-811263791	139	141	Ranked at position 139 in pool of 141 candidates
S1-162875698	Pediatric Dentistry Partners	103 State Street, Athens, OH	US	S2-869461449	127	141	Ranked at position 127 in pool of 141 candidates
S1-678603059	IB Books Pvt. Ltd.	Second Floor, Rani Kunj Z-8, Hauz Khas, New Delhi, Delhi	India	S3-883090117	205	247	Ranked at position 205 in pool of 247 candidates
S1-678603059	IB Books Pvt. Ltd.	Second Floor, Rani Kunj Z-8, Hauz Khas, New Delhi, Delhi	India	S3-700683052	204	247	Ranked at position 204 in pool of 247 candidates
S1-703424019	BA Graf-Loudoun County	25785 Kaiser Place, Loudoun County, VA	US	S3-612456588	205	291	Ranked at position 205 in pool of 291 candidates
S1-703424019	BA Graf-Loudoun County	25785 Kaiser Place, Loudoun County, VA	US	S3-621260233	168	291	Ranked at position 168 in pool of 291 candidates
S1-616444043	Amber, LLC	4607 198th Avenue, Douglas County, NE	US	S2-65700728	120	247	Ranked at position 120 in pool of 247 candidates
S1-318741276	Sarvottam Sameer Pvt Ltd	Waghyachi Wadi, Khodala, Sayde, Mokhada, Thane, Maharashtra	India	S3-965119863	122	328	Ranked at position 122 in pool of 328 candidates
S1-656531567	Drayola Point Inc	9015 Kings Chapel Road, Centertown, MO	US	S3-587099238	198	200	Ranked at position 198 in pool of 200 candidates
S1-791488058	Global Finance	D -Wing, Corner Of 6Th And 7Th Road, Rajawadi Ghatkopar (East), Mumbai, Maharashtra	India	S2-894456766	137	171	Ranked at position 137 in pool of 171 candidates
S1-482297851	Aeon Accessories Private Limited	North West Delhi, Plot No J-22 G/F Sector-3, Delhi, Dsiidc Industrial Area	India	S3-759342598	116	141	Ranked at position 116 in pool of 141 candidates
S1-393071074	Dyana Johnson Kpet	Arlington, 6021 Cooper Street, TX	US	S3-424922575	163	183	Ranked at position 163 in pool of 183 candidates
S1-927159531	Brunhilda Rossi Live	MA, Wilbraham, 2660 Boston Road	US	S3-193171175	228	536	Ranked at position 228 in pool of 536 candidates
S1-927159531	Brunhilda Rossi Live	MA, Wilbraham, 2660 Boston Road	US	S3-150598729	447	536	Ranked at position 447 in pool of 536 candidates
S1-78868424	Unique Systems Private Limited	Plot No. 611 Sector-8, Imt Manesar, Gurgaon, Haryana	India	S3-580594317	151	167	Ranked at position 151 in pool of 167 candidates
S1-398774970	Grethel Bryant Finance LLC	462 Milan Hill Road, Milan, NY	US	S3-574857616	128	130	Ranked at position 128 in pool of 130 candidates
S1-825346251	Galaxy Healthcare Private Limited	Sraddha Lakshmi, 50/5Th Cross 10Th Main, Indiranagar, Bangalore, Karnataka	India	S3-603342143	102	103	Ranked at position 102 in pool of 103 candidates
S1-387519977	Maa Media Limited	Karnataka, No. 4, Bangalore Rural, Ajjegowdanapalya, Sasveghatta Main Road, Bangalore North	India	S2-81174856	135	300	Ranked at position 135 in pool of 300 candidates
S1-358470537	Superior Superior Alto	1041 483, Opp, AL	US	S3-505972501	115	121	Ranked at position 115 in pool of 121 candidates
S1-511026802	Banjara Hills Machinery	Door No. 8-2-622, Falcon Crest Apartments Flat No. 2D, Road No.10, Banjara Hills, Hyderabad, Telangana	India	S3-890070437	108	179	Ranked at position 108 in pool of 179 candidates
S1-401228801	I/A Tactical LLC	209 Pershing Street, Hooker, OK	US	S3-215381540	114	169	Ranked at position 114 in pool of 169 candidates
S1-401228801	I/A Tactical LLC	209 Pershing Street, Hooker, OK	US	S3-5054952	137	169	Ranked at position 137 in pool of 169 candidates
S1-687558889	Silver Galaxy Exports	Plot No. 131 Chitanvis Nagar, Nagpur, Maharashtra	India	S3-467077112	148	255	Ranked at position 148 in pool of 255 candidates
S1-320732032	Prairie Charities	1901 8th Street, Sacramento, CA	US	S3-496693989	168	179	Ranked at position 168 in pool of 179 candidates
S1-320732032	Prairie Charities	1901 8th Street, Sacramento, CA	US	S3-324947831	150	179	Ranked at position 150 in pool of 179 candidates
S1-52394172	Bihariji Industries Group	Village And Post Pratapura, Via Bandikui Tehsil-Baswa, Dausa, Rajasthan	India	S3-297004450	184	187	Ranked at position 184 in pool of 187 candidates
S1-443324922	Green International	Flat No. C-107, Ircon Apartment, Plot 14 Sector 18A, Dwarka Nsit, Delhi, West Delhi, Delhi	India	S2-976889502	243	389	Ranked at position 243 in pool of 389 candidates
S1-443324922	Green International	Flat No. C-107, Ircon Apartment, Plot 14 Sector 18A, Dwarka Nsit, Delhi, West Delhi, Delhi	India	S2-844696497	231	389	Ranked at position 231 in pool of 389 candidates
S1-582041644	Delhi Infra Clinic	315, G Floor, Block - Bg, Sanjay Gandhi Tp Nagar, North West Delhi, Delhi	India	S3-319870747	262	302	Ranked at position 262 in pool of 302 candidates
S1-582041644	Delhi Infra Clinic	315, G Floor, Block - Bg, Sanjay Gandhi Tp Nagar, North West Delhi, Delhi	India	S3-693745007	113	302	Ranked at position 113 in pool of 302 candidates
S1-774588648	Perfect Technology Pvt Ltd	Plot No. 352/A, Aditya Nagar, Near Hmt Hills, Kukatpally, Hyderabad, Telangana	India	S2-844705472	136	197	Ranked at position 136 in pool of 197 candidates
S1-114498691	Zaragoza Gulf Signs Inc	3703 50th Street, Des Moines, IA	US	S3-851156345	102	171	Ranked at position 102 in pool of 171 candidates
S1-879660244	Gallegos, Cammy N., DPM, DDS PC	13505 Terragon Drive, Albuquerque, NM	US	S3-737744225	107	112	Ranked at position 107 in pool of 112 candidates
S1-310785151	Sai Infra Private Limited	56 Seventh Avenueashok Nagar, Madras 83 Tamil Nadu, Tamil Nadu	India	S3-210408492	203	204	Ranked at position 203 in pool of 204 candidates
S1-754988004	Primary Care Group	NY, 277 Whitehall Road, Hempstead	US	S2-24208541	101	225	Ranked at position 101 in pool of 225 candidates
S1-152496348	Heartland Alliance	2023 Verona Court, Albemarle County, VA	US	S3-13862074	164	172	Ranked at position 164 in pool of 172 candidates
S1-152496348	Heartland Alliance	2023 Verona Court, Albemarle County, VA	US	S3-499452239	124	172	Ranked at position 124 in pool of 172 candidates
S1-325894123	Metropolitan Fellowship LLC	22 Old Field Lane, Lake Success, NY	US	S3-944533336	148	149	Ranked at position 148 in pool of 149 candidates
S1-325894123	Metropolitan Fellowship LLC	22 Old Field Lane, Lake Success, NY	US	S3-697373077	145	149	Ranked at position 145 in pool of 149 candidates
S1-361145923	Laxmi Infotech Private Limited	Office No.404-405, 1 New Palasia, Silver Arched, Indore, Madhya Pradesh	India	S3-233109767	430	430	Ranked at position 430 in pool of 430 candidates
S1-224016706	Bespoke Services Private Limited	Siddhi Tower, 4Th Floor, Sr No 5A/1, Kondhwa, Maharashtra, Office No 1, Pune City, Pune	India	S3-393508113	151	152	Ranked at position 151 in pool of 152 candidates
S1-777095166	Cinnamon Diaz Apple	2015 Wright Street, Austin, TX	US	S2-260840393	103	130	Ranked at position 103 in pool of 130 candidates
S1-420472686	Panchshree Investments Ltd	70-71, Badwani Plaza New Palasia, Indore, Madhya Pradesh	India	S3-909124064	291	309	Ranked at position 291 in pool of 309 candidates
S1-416288303	Interfaith Program	1846 King Avenue, Des Moines, IA	US	S3-33907043	119	161	Ranked at position 119 in pool of 161 candidates
S1-714059800	Dulcinea Erickson Pinnacle Advisory PC	2136 Clover Ridge Drive, Chaska, MN	US	S2-181652334	186	333	Ranked at position 186 in pool of 333 candidates
S1-280188529	Eastern It	Pno.1 Iqbal Nr, Azad Chowk, T.V Center Jaswantpura Ad, Aurangabad, Maharashtra	India	S2-471132937	142	205	Ranked at position 142 in pool of 205 candidates
S1-280188529	Eastern It	Pno.1 Iqbal Nr, Azad Chowk, T.V Center Jaswantpura Ad, Aurangabad, Maharashtra	India	S2-379707568	150	205	Ranked at position 150 in pool of 205 candidates
S1-308193460	Advantage Drugs Ltd	26/5 Second Floor, East Patel Nagar, New Delhi, Central Delhi, Delhi	India	S2-343194069	146	376	Ranked at position 146 in pool of 376 candidates
S1-308193460	Advantage Drugs Ltd	26/5 Second Floor, East Patel Nagar, New Delhi, Central Delhi, Delhi	India	S3-888007221	152	376	Ranked at position 152 in pool of 376 candidates
S1-556007512	Village Solutions	Flat No-201, Plot No-25, Sector- 28 Washi, Navi Mumbai, Thane, Maharashtra	India	S3-805649937	147	245	Ranked at position 147 in pool of 245 candidates
S1-133325421	Navjeevan Nidhi (India) Private Limited	3/108, Viram Khand Gomti Nagar, Lucknow, Uttar Pradesh	India	S3-437679661	134	258	Ranked at position 134 in pool of 258 candidates
S1-860534060	Village Ghazipur Foundation Private Limited	H.No.18 G/F, Village Ghazipur, New Delhi, Delhi	India	S3-245866572	345	394	Ranked at position 345 in pool of 394 candidates
S1-873022884	Black Global Private Limited	26/2, Armenian Street 4Th Floor, Kolkata, Kolkata, Howrah, West Bengal	India	S2-483800395	118	268	Ranked at position 118 in pool of 268 candidates
S1-914324020	Zephon Social LLC	874 Billstown Road, Delight, AR	US	S3-590173627	291	307	Ranked at position 291 in pool of 307 candidates
S1-506230682	MMH New Private Limited	H No-C-1/11 S/F. Mohan Garden Uttam Nagar, Near Metropilar No-744, New Delhi, Delhi	India	S3-728044150	110	153	Ranked at position 110 in pool of 153 candidates
S1-178189126	Thane Marino Pvt. Ltd.	Garden Enclave, Building No. 03, Flat No. 203 Near Vasant Vihar, Thane-West, Thane, Maharashtra	India	S2-549486632	147	293	Ranked at position 147 in pool of 293 candidates
S1-175294249	Beth Emanuel	AZ, 7479 Crimson Sky Drive, Marana	US	S2-617086419	167	198	Ranked at position 167 in pool of 198 candidates
S1-161337311	Klarrisa Garcia Lifesciences LLC	4212 Everett Cortland Hull Road, Cortland, OH	US	S2-737517242	112	144	Ranked at position 112 in pool of 144 candidates
S1-371509544	A Reliable Bancorp Care	95 Country Corner Circle, Danville, WV	US	S3-268695453	101	164	Ranked at position 101 in pool of 164 candidates
S1-371509544	A Reliable Bancorp Care	95 Country Corner Circle, Danville, WV	US	S2-230834483	158	164	Ranked at position 158 in pool of 164 candidates
S1-447348670	Forever Real Pvt Ltd	Gi-48, G.T. Karnal Road Industrial Area, North East Delhi, North East, Delhi	India	S2-961081026	195	322	Ranked at position 195 in pool of 322 candidates
S1-526877226	Wilson, Stephi, Esq., DDS PC	1673 Kelley Lane, Pingree Grove, IL	US	S3-60492712	260	271	Ranked at position 260 in pool of 271 candidates
S1-936095007	Kashyap Infratech Bangalore	201, Diamond Nest, Nr Colony, Old Airport Road, Konanaagrahara, Bangalore, Karnataka	India	S3-861025184	195	238	Ranked at position 195 in pool of 238 candidates
S1-413118041	Brown and Bullard	Unit A21, Lake Havasu City, AZ, 1605 Kiowa Avenue	US	S3-700219782	143	231	Ranked at position 143 in pool of 231 candidates
S1-413118041	Brown and Bullard	Unit A21, Lake Havasu City, AZ, 1605 Kiowa Avenue	US	S3-922659371	218	231	Ranked at position 218 in pool of 231 candidates
S1-776560239	Silver Tech Private Limited	Village & P. O. - Raghudevpur Block Ii, Nh - 6, Uluberiahowrah, Howrah, West Bengal	India	S3-845562307	156	392	Ranked at position 156 in pool of 392 candidates
S1-776560239	Silver Tech Private Limited	Village & P. O. - Raghudevpur Block Ii, Nh - 6, Uluberiahowrah, Howrah, West Bengal	India	S3-25536331	151	392	Ranked at position 151 in pool of 392 candidates
S1-902292681	Suryaesh Stones Limited	K.V.Rangareddy, Rajendra Nagar, Villa No.4, In Jains Four, Seasons, Kokapet, Gandipet, Telangana	India	S2-529249907	422	440	Ranked at position 422 in pool of 440 candidates
S1-120365256	Chiropractic Health	1356 Gold Avenue, Memphis, TN	US	S3-562228402	177	229	Ranked at position 177 in pool of 229 candidates
S1-139425336	Ramsarup International School	Ahmedabad, 401, Shaili Complex, B/H Rainbow Complex, Nr. Railway Line, Gujarat, Ahmadabad City	India	S2-545539195	189	206	Ranked at position 189 in pool of 206 candidates
S1-132337315	Laxmi Trading Private Limited	1205/8 Shivaji Nagar Ganga Yamuna Flat No 6, Pune, Maharashtra	India	S2-609927808	102	163	Ranked at position 102 in pool of 163 candidates
S1-961928336	Nanded (india) Private Limited	S. No 214/A, Plot No 11, Savitribai Phulenagar, Nanded, Maharashtra	India	S3-240306818	364	417	Ranked at position 364 in pool of 417 candidates
S1-961928336	Nanded (india) Private Limited	S. No 214/A, Plot No 11, Savitribai Phulenagar, Nanded, Maharashtra	India	S3-460414979	414	417	Ranked at position 414 in pool of 417 candidates
S1-916949745	Cure Pizza!	12721 Cottonwood Lane, North Royalton, OH	US	S2-235169675	159	308	Ranked at position 159 in pool of 308 candidates
S1-916949745	Cure Pizza!	12721 Cottonwood Lane, North Royalton, OH	US	S2-211263478	180	308	Ranked at position 180 in pool of 308 candidates
S1-969738952	A Rapid Newbury Corp	368 Ouachita 376 Road, Camden, AR	US	S3-5830495	129	169	Ranked at position 129 in pool of 169 candidates
S1-535435282	Caldelle Crane LLC	10612 Yelm Highway, Fl 1, Olympia, WA	US	S2-395543096	129	250	Ranked at position 129 in pool of 250 candidates
S1-535435282	Caldelle Crane LLC	10612 Yelm Highway, Fl 1, Olympia, WA	US	S2-969467226	128	250	Ranked at position 128 in pool of 250 candidates
S1-956521628	Jackson Gabelli	5820 Robertson Avenue, Nashville, TN	US	S3-694696064	153	226	Ranked at position 153 in pool of 226 candidates
S1-532036704	Doctor Siddhivinayak Limited	A29, Patterns A, Goodearth Malhar, Kambipura, Kengeri., Bangalore, Karnataka	India	S2-797092851	193	273	Ranked at position 193 in pool of 273 candidates
S1-532036704	Doctor Siddhivinayak Limited	A29, Patterns A, Goodearth Malhar, Kambipura, Kengeri., Bangalore, Karnataka	India	S3-714128598	267	273	Ranked at position 267 in pool of 273 candidates
S1-845002907	Ocean Innovations Private Limited	Plot No. 126, G/F, Road No. 12, Extended Abadi, Mahipalpur, New Delhi, South West Delhi, Delhi	India	S2-153508155	284	412	Ranked at position 284 in pool of 412 candidates
S1-93940841	Cozy Pizza!	1805 92nd Street, Kansas City, MO	US	S3-997930304	261	296	Ranked at position 261 in pool of 296 candidates
S1-110948491	Vishwakarma Memorial Trust	Maharashtra, Mumbai City, Saifee Jubilee Street, Bohri Mohalla, Mumbai, 31/33	India	S2-402635864	318	367	Ranked at position 318 in pool of 367 candidates
S1-764993784	Slate, LLC	NY, Saint Albans, 200-02 116 Avenue	US	S3-160824473	138	286	Ranked at position 138 in pool of 286 candidates
S1-687452001	Eternal & Sons Private Limited	Kollam, Kerala, Kollam, C/O Nibin Nelson, N N Nivas, Perumon P O, Perinad, Kollam Kl	India	S3-52166608	246	285	Ranked at position 246 in pool of 285 candidates
S1-924890137	Star Consultants LLP	Shop No.3, Sai Raj Apartment, Near Thakare Garden Badlapur East, Badlapur, Thane, Maharashtra	India	S3-265149844	197	226	Ranked at position 197 in pool of 226 candidates
S1-868442664	Om Construction Private Limited	45, Ramjeevan Choudhari Apartment Krida Chowk, Hanuman Nagar, Nagpur, Maharashtra	India	S3-958378188	182	183	Ranked at position 182 in pool of 183 candidates
S1-203143681	Hitech Products Limited	T-401, 3Rd 190 Lions, Jaipur, Rajasthan	India	S3-762381281	117	122	Ranked at position 117 in pool of 122 candidates
S1-940977934	United &marketing Limited	2/66 Arya Mohalla, Nangloi, East Delhi, Delhi	India	S2-995336190	102	229	Ranked at position 102 in pool of 229 candidates
S1-351763104	Jadhav Center Public Limited	26-1-347, Saibaba Temple Back Side, Ngo Colony, Nellore, Andhra Pradesh	India	S3-197861360	108	112	Ranked at position 108 in pool of 112 candidates
S1-123100180	Hermine Reynolds Mae Inc.	5849 Sunrise Vista Drive, Unit APT 25, Citrus Heights, CA	US	S3-906203364	170	192	Ranked at position 170 in pool of 192 candidates
S1-402237778	Alfa Seva Samiti	N-15 4Th Floor Terrace Room, Sector 18, Noida, Gautam Buddha Nagar, Uttar Pradesh	India	S3-230399575	137	172	Ranked at position 137 in pool of 172 candidates
S1-45919552	Kritaya Works Private Limited	7, 1St Crossc R Layout Sarakki Main Road, Bangalore, Karnataka	India	S3-800666007	183	187	Ranked at position 183 in pool of 187 candidates
S1-216865654	Deluxe Solutionsprivate Private Limited	301 Tower-17 The Close South (Nirvana Country), Gurugram, Gurgaon, Haryana	India	S2-263973777	160	257	Ranked at position 160 in pool of 257 candidates
S1-630354801	Maverick & Brothers Pvt. Ltd.	Flat No. 4, Building No. 1, Vaishali 1 Cooperative Housing Society Ltd. F.P. No. 389, Gulte, Kdi, Pune, Maharashtra	India	S2-134559558	179	277	Ranked at position 179 in pool of 277 candidates
S1-997383403	Golden Infrastructure Private Limited	No 22, 1St Floor Gandhi Nagar Adyar, Tamil Nadu, Chennai	India	S2-232643649	143	345	Ranked at position 143 in pool of 345 candidates
S1-907628644	United Montessori School	100 Market Street, Upper Providence Township, PA	US	S2-455608863	114	155	Ranked at position 114 in pool of 155 candidates
S1-808492569	Supreme Builders Private Limited	No. 80/80, 1St Main, 2Nd Blk, Rajajinagar Nagar, Bangalore, Karnataka	India	S3-808470762	130	353	Ranked at position 130 in pool of 353 candidates
S1-808492569	Supreme Builders Private Limited	No. 80/80, 1St Main, 2Nd Blk, Rajajinagar Nagar, Bangalore, Karnataka	India	S3-329907177	114	353	Ranked at position 114 in pool of 353 candidates
S1-729087912	Valley Fellowship Cary	50 Hunter Street, Unit 509, Cary, NC	US	S3-298987390	185	190	Ranked at position 185 in pool of 190 candidates
S1-116229177	Western Waste LLC	159 Payne Road, Coeymans, NY	US	S3-448435330	139	166	Ranked at position 139 in pool of 166 candidates
S1-119458643	Lotus Consultants Private Limited	A-25 1St Flr, Tejpur Pahari Badarpur, New Delhi, South Delhi, Delhi	India	S2-957059838	122	263	Ranked at position 122 in pool of 263 candidates
S1-119458643	Lotus Consultants Private Limited	A-25 1St Flr, Tejpur Pahari Badarpur, New Delhi, South Delhi, Delhi	India	S2-691203276	127	263	Ranked at position 127 in pool of 263 candidates
S1-196821991	Black Golden Foundation Private Limited	Near Old Telephone Exchange Gulab Bagh, Karauli, Rajasthan	India	S2-324915497	123	234	Ranked at position 123 in pool of 234 candidates
S1-957687608	Fortune Power Associates	House No.35 Block A Pkt7, Sector 18, North West Delhi, Delhi	India	S2-238519372	168	324	Ranked at position 168 in pool of 324 candidates
S1-102806263	Maid Hypnosis	3 Barnhart Road, Westminster, MD	US	S2-90052584	108	296	Ranked at position 108 in pool of 296 candidates
S1-998340088	Wilhelmine's Medical Group	6216 Vanderslice Road, Fort Mohave, AZ	US	S3-152895965	188	262	Ranked at position 188 in pool of 262 candidates
S1-695917325	Chiropractic Medicine	271 Index Avenue, Renton, WA	US	S3-347557908	129	227	Ranked at position 129 in pool of 227 candidates
S1-744140360	Ram Trading Limited	B-1902 Krishraj Tower Chs Ltd Padma Nagar Chickuwadi Borivali West, Mumbai, Mumbai City, Maharashtra	India	S3-882150554	111	132	Ranked at position 111 in pool of 132 candidates
S1-356964664	White International School	Flat No. 205, Ganga Block G-3, Sector-D, Pkt-6, Vasant Kunj, New Delhi, South Delhi, Delhi	India	S3-3894602	119	120	Ranked at position 119 in pool of 120 candidates
S1-824502786	Midwest Fellowship Inc	2003 W Oak Highway, Westminster, SC	US	S3-25978231	160	187	Ranked at position 160 in pool of 187 candidates
S1-241307698	Candy Schwartz Paloma PC	500 Valley Drive, Naperville, IL	US	S3-168240961	176	192	Ranked at position 176 in pool of 192 candidates
S1-132193346	Tatech Inc	68 Whipperwill Lane, Greenville, AL	US	S3-272377158	102	109	Ranked at position 102 in pool of 109 candidates
S1-747973935	Lynne Tilley Platinum Associated Inc	108 School Street, Spillville, IA	US	S3-326798115	138	294	Ranked at position 138 in pool of 294 candidates
S1-568106836	Lyrora Eureka Clinic	5617 Downtown Lane, Town Of Underhill, WI	US	S3-451551288	153	294	Ranked at position 153 in pool of 294 candidates
S1-442178131	Vision Services Pvt Ltd	House No. 35-A Adarshpuram, Kunj Vihar Colony, Gwalior, Madhya Pradesh	India	S3-749039336	277	358	Ranked at position 277 in pool of 358 candidates
S1-442178131	Vision Services Pvt Ltd	House No. 35-A Adarshpuram, Kunj Vihar Colony, Gwalior, Madhya Pradesh	India	S3-351558811	332	358	Ranked at position 332 in pool of 358 candidates
S1-553802698	Ibarra and Parmer Inc	123 Shoveler Court, Sneads Ferry, NC	US	S3-110520263	136	155	Ranked at position 136 in pool of 155 candidates
S1-702868476	Micheline Seguin Audio Installation Group	324 Prairie Street, Greenville, IL	US	S3-831828893	236	294	Ranked at position 236 in pool of 294 candidates
S1-574137829	Miix Interests Inc	Scottsdale, Fl 1, AZ, 10166 Rising Sun Drive	US	S2-185613357	163	322	Ranked at position 163 in pool of 322 candidates
S1-344744007	Milano & Sons LLP	C/O Sudhir Kumar, Bihar, Bhikhanpura, Ramdayalu Nagar, Near Sbi Bhikhanpura Branch, Mushahari, Muzaffarpur	India	S3-797245337	118	126	Ranked at position 118 in pool of 126 candidates
S1-344744007	Milano & Sons LLP	C/O Sudhir Kumar, Bihar, Bhikhanpura, Ramdayalu Nagar, Near Sbi Bhikhanpura Branch, Mushahari, Muzaffarpur	India	S3-208494485	113	126	Ranked at position 113 in pool of 126 candidates
S1-640116870	Sumeet Institute of Technology	Door No 28/179-A, Puttekkad Road, Ambalangadi, Feroke(Po), Kozhikode, Kerala	India	S3-677540878	109	116	Ranked at position 109 in pool of 116 candidates
S1-112698887	Shree Finance Private Limited	No.118-E, Building-B, Velachery Main Road, Guindy, Chennai, Tamil Nadu	India	S2-49117955	140	218	Ranked at position 140 in pool of 218 candidates
S1-112698887	Shree Finance Private Limited	No.118-E, Building-B, Velachery Main Road, Guindy, Chennai, Tamil Nadu	India	S2-814110934	130	218	Ranked at position 130 in pool of 218 candidates
S1-112698887	Shree Finance Private Limited	No.118-E, Building-B, Velachery Main Road, Guindy, Chennai, Tamil Nadu	India	S2-606751305	134	218	Ranked at position 134 in pool of 218 candidates
S1-65849923	Citadel	13647 Partridge Trail, Perry, IA	US	S3-187690142	207	242	Ranked at position 207 in pool of 242 candidates
S1-65849923	Citadel	13647 Partridge Trail, Perry, IA	US	S3-413244709	130	242	Ranked at position 130 in pool of 242 candidates
S1-354633628	Olanium Peoples LLC	N1803 Kennedy Road, Town Of Seven Mile Creek, WI	US	S3-595143182	215	238	Ranked at position 215 in pool of 238 candidates
S1-516773789	Manglam Sugar Limited	No.93, 3Rd Floor, Sai Arcade, 22Nd Main, Bsk 2Nd Stage, Bangalore, Karnataka	India	S3-334585599	303	345	Ranked at position 303 in pool of 345 candidates
S1-109461975	Mariejeanne Gasser Better Pyrophyte, LLC	169 Big Bear Resort Road, Leighton, AL	US	S3-784288529	194	301	Ranked at position 194 in pool of 301 candidates
S1-109461975	Mariejeanne Gasser Better Pyrophyte, LLC	169 Big Bear Resort Road, Leighton, AL	US	S3-368309913	201	301	Ranked at position 201 in pool of 301 candidates
S1-102669952	Chandresh Engineering Pvt. Ltd.	C/O Mahaveer Sah, Om Talkies Panch, Samastipur, Bihar	India	S3-420672751	153	259	Ranked at position 153 in pool of 259 candidates
S1-793851082	Saksham Five Private Limited	Shri Shiva Nagar 4, Sumitra Niketan 12-D, Rajasthan, Jaipur	India	S2-359784835	315	367	Ranked at position 315 in pool of 367 candidates
S1-519081093	Midwest Trust	5447 Barr Road, Amanda, OH	US	S3-596972205	126	159	Ranked at position 126 in pool of 159 candidates
S1-815293385	Rare & Sons Private Limited	Mumbai, 2Nd Floor, Anmol Chs, S M Haldankar Road, 201, Maharashtra, Mumbai	India	S3-35856216	244	285	Ranked at position 244 in pool of 285 candidates
S1-288066363	Rachele Gomez Chadwick	Unit POOL, TX, Irving, 4031 N Star Drive	US	S3-696338126	136	161	Ranked at position 136 in pool of 161 candidates
S1-431774934	Excellency & Sons Private Limited	Of N. 204 2 Floor C And E, Wing Pride Parmar Galaxy, Pune City, Pune, Maharashtra	India	S3-319666889	101	102	Ranked at position 101 in pool of 102 candidates
S1-53765121	Siddhi Saree	As-5, 28/481, 5Th Floor, Heavenly Plaza, Civil Lane Road, Padamugal, Kakkanad, Kochi, Ernakulam, Kerala	India	S3-469873828	169	397	Ranked at position 169 in pool of 397 candidates
S1-56362648	Dynamic Technologies Private Limited	Unit No. 201 & 202, Bldg No.1 (61), Sector Ii, Mahape, Rabale, Thane, Maharashtra	India	S3-624477636	227	281	Ranked at position 227 in pool of 281 candidates
S1-56362648	Dynamic Technologies Private Limited	Unit No. 201 & 202, Bldg No.1 (61), Sector Ii, Mahape, Rabale, Thane, Maharashtra	India	S3-473513398	240	281	Ranked at position 240 in pool of 281 candidates
S1-56362648	Dynamic Technologies Private Limited	Unit No. 201 & 202, Bldg No.1 (61), Sector Ii, Mahape, Rabale, Thane, Maharashtra	India	S3-400759401	238	281	Ranked at position 238 in pool of 281 candidates
S1-728223702	Ace Human Private Limited	A-104, 1St Floor, A Wing, Plot 355/357, Florentine Dosti Acres, Shaikh Misree Road, Antop Hill Bus Terminal, Antop Hill, Mumbai, Maharashtra	India	S2-267953199	121	297	Ranked at position 121 in pool of 297 candidates
S1-728223702	Ace Human Private Limited	A-104, 1St Floor, A Wing, Plot 355/357, Florentine Dosti Acres, Shaikh Misree Road, Antop Hill Bus Terminal, Antop Hill, Mumbai, Maharashtra	India	S2-669320356	135	297	Ranked at position 135 in pool of 297 candidates
S1-728223702	Ace Human Private Limited	A-104, 1St Floor, A Wing, Plot 355/357, Florentine Dosti Acres, Shaikh Misree Road, Antop Hill Bus Terminal, Antop Hill, Mumbai, Maharashtra	India	S3-64774118	214	297	Ranked at position 214 in pool of 297 candidates
S1-805336245	Anchor Farmers Pvt Ltd	C-42, Sector-34, Noida, Noida, Gautam Buddha Nagar, Uttar Pradesh	India	S2-737006151	171	288	Ranked at position 171 in pool of 288 candidates
S1-597479687	Jai (India) Solutions Private Limited	Lg-5, Sunrise Tower, 579, M.G. Road, Indore, Madhya Pradesh	India	S3-191310164	113	309	Ranked at position 113 in pool of 309 candidates
S1-597479687	Jai (India) Solutions Private Limited	Lg-5, Sunrise Tower, 579, M.G. Road, Indore, Madhya Pradesh	India	S2-563034176	179	309	Ranked at position 179 in pool of 309 candidates
S1-873299304	All Marketing Private Limited	A-62/5, Ground Floor, Back Side, G.T. Karnal Road, Industrial Area, Delhi, North West Delhi, Delhi	India	S3-834965210	248	256	Ranked at position 248 in pool of 256 candidates
S1-873299304	All Marketing Private Limited	A-62/5, Ground Floor, Back Side, G.T. Karnal Road, Industrial Area, Delhi, North West Delhi, Delhi	India	S2-271136051	154	256	Ranked at position 154 in pool of 256 candidates
S1-873299304	All Marketing Private Limited	A-62/5, Ground Floor, Back Side, G.T. Karnal Road, Industrial Area, Delhi, North West Delhi, Delhi	India	S3-998616941	245	256	Ranked at position 245 in pool of 256 candidates
S1-653172248	Sai Technologies LLP	Door No. 50-50-30/12/1, 3Rd Floor Vandana Plaza, Opp Gurudwara Bus Stop, N, H 5 Road, Visakhapatnam, Vishakhapatnam, Andhra Pradesh	India	S2-385463168	115	267	Ranked at position 115 in pool of 267 candidates
S1-972608002	Akira & Co	Plot No.285, Nn No63B/642, New Janta Colony, Agra, Uttar Pradesh	India	S2-283437051	102	140	Ranked at position 102 in pool of 140 candidates
S1-852731564	Melange Urban Limited	706, Bldg No 1 Wing 2 Gaikwad Ngr, Malvani, Madha Layout, Malad West, Mumbai City, Maharashtra	India	S3-876699032	116	125	Ranked at position 116 in pool of 125 candidates
S1-559606358	Shraddha & Associates	Gopalpur Paschim, P.O. Bagnan P.S. Bagnan, Howrah, West Bengal	India	S3-659552814	255	298	Ranked at position 255 in pool of 298 candidates
S1-265276030	Reichel Academy PC	410 Deborah Street, Bono, AR	US	S3-128107737	126	205	Ranked at position 126 in pool of 205 candidates
S1-117525650	Whitley Quasaredge, Inc	1809 Morena Street, Unit 317, Nashville, TN	US	S3-230664101	117	179	Ranked at position 117 in pool of 179 candidates
S1-958506826	Treasure & Associates	Mirzapur, Village Mawaiya Mawaiya, Uttar Pradesh, Mirzapur	India	S3-359317765	106	196	Ranked at position 106 in pool of 196 candidates
S1-449095812	Choice Property Union LLC	2816 29th St, Bettendorf, IA	US	S2-115107205	137	264	Ranked at position 137 in pool of 264 candidates
S1-353202458	Rosabelle Bodine Realty	11464 Lori Lane, Tyler, TX	US	S3-896371786	257	326	Ranked at position 257 in pool of 326 candidates
S1-714922663	Moon Synthetic Ltd	A 2/137 Raj Lakshmi Complex Above Jalaram Assessory, Old Padra Road, Baroda, Gujarat	India	S3-564532311	214	279	Ranked at position 214 in pool of 279 candidates
S1-324353196	Bharatiya Association Corporation	Kothi No. 3, Old Mata Gujri Enclave Mandi Kharar, Teh. Kharar, Mohali, Punjab	India	S3-908213961	118	123	Ranked at position 118 in pool of 123 candidates
S1-719529249	Advanced Security Associates LLC	Colden, NY, 8645 Stanfield Road	US	S3-654370945	107	120	Ranked at position 107 in pool of 120 candidates
S1-108326575	GG Ventures Private Limited	Office 103 Ground Floor, Rupasolitaire, Sec-2 Mbp, Thane, Maharashtra	India	S3-482718209	183	268	Ranked at position 183 in pool of 268 candidates
S1-581924464	Surya Business Limited	H No 8-3-210/2, Srinivasa Colony Maithrivanam, Hyderabad, Telangana	India	S3-737684599	107	360	Ranked at position 107 in pool of 360 candidates
S1-581924464	Surya Business Limited	H No 8-3-210/2, Srinivasa Colony Maithrivanam, Hyderabad, Telangana	India	S3-653329425	118	360	Ranked at position 118 in pool of 360 candidates
S1-581924464	Surya Business Limited	H No 8-3-210/2, Srinivasa Colony Maithrivanam, Hyderabad, Telangana	India	S3-66365395	117	360	Ranked at position 117 in pool of 360 candidates
S1-399029343	Polaris LLC	322 Grand Avenue, Coeburn Town, VA	US	S3-524123930	155	281	Ranked at position 155 in pool of 281 candidates
S1-392229488	High Ventures Private Limited	Unit No. 301 301A, Sr. No 1412 To 1424, 4Th Floor, Fortune Plaza, Thube Park, Haveli, Pune, Maharashtra	India	S3-779294120	163	218	Ranked at position 163 in pool of 218 candidates
S1-147388490	Friedman & Spring	16111 319th Street, Auburn, WA	US	S3-629881157	252	279	Ranked at position 252 in pool of 279 candidates
S1-148756584	Blue Association LLC	1208 Clearwood Court, Allen, TX	US	S2-623153418	179	285	Ranked at position 179 in pool of 285 candidates
S1-548228684	Devora Exim Pvt. Ltd.	Bangalore, No.1, Bangalore North, 1St Floor, 6Th Cross, Nanjareddy Colony, Jeevanbhimanagar, Banglore, Karnataka	India	S3-192937232	112	171	Ranked at position 112 in pool of 171 candidates
S1-548228684	Devora Exim Pvt. Ltd.	Bangalore, No.1, Bangalore North, 1St Floor, 6Th Cross, Nanjareddy Colony, Jeevanbhimanagar, Banglore, Karnataka	India	S3-411289651	149	171	Ranked at position 149 in pool of 171 candidates
S1-358530421	I 7 Choice Resolution	6201 Olive Avenue, Unit 3025, Glendale, AZ	US	S3-324843203	126	150	Ranked at position 126 in pool of 150 candidates
S1-887389939	Insta Food Private Limited	Sln Terminus 8Th Floor, Ss Tech Park, Survey No 126, Beside Botanical Gardens, Seri Lingampally, K.V.Rangareddy, Telangana	India	S2-96274449	123	255	Ranked at position 123 in pool of 255 candidates
S1-11776038	Seven Construction Pvt Ltd	Office G 208, R. K. Casta, B/H Patel Super Market, Bharuch, Gujarat	India	S3-638908974	196	256	Ranked at position 196 in pool of 256 candidates
S1-11776038	Seven Construction Pvt Ltd	Office G 208, R. K. Casta, B/H Patel Super Market, Bharuch, Gujarat	India	S2-787082465	156	256	Ranked at position 156 in pool of 256 candidates
S1-11776038	Seven Construction Pvt Ltd	Office G 208, R. K. Casta, B/H Patel Super Market, Bharuch, Gujarat	India	S2-848049426	155	256	Ranked at position 155 in pool of 256 candidates
S1-11776038	Seven Construction Pvt Ltd	Office G 208, R. K. Casta, B/H Patel Super Market, Bharuch, Gujarat	India	S3-724011801	227	256	Ranked at position 227 in pool of 256 candidates
S1-11776038	Seven Construction Pvt Ltd	Office G 208, R. K. Casta, B/H Patel Super Market, Bharuch, Gujarat	India	S2-363723456	138	256	Ranked at position 138 in pool of 256 candidates
S1-11776038	Seven Construction Pvt Ltd	Office G 208, R. K. Casta, B/H Patel Super Market, Bharuch, Gujarat	India	S3-325834339	208	256	Ranked at position 208 in pool of 256 candidates
S1-11776038	Seven Construction Pvt Ltd	Office G 208, R. K. Casta, B/H Patel Super Market, Bharuch, Gujarat	India	S3-341730622	233	256	Ranked at position 233 in pool of 256 candidates
S1-7764007	Evershine Biogreen Limited	Plot No-854, Flat No-303, Surendra Enclave Madhusudan Nagar, Bhubaneswar, Khordha, Orissa	India	S3-881467569	186	378	Ranked at position 186 in pool of 378 candidates
S1-889763196	United Constructions Private Limited	Flat No 1305, Ekta Terrace, Tower A Mahavir Nagar Near Kamla Vihar, Kandivali West, Mumbai, Mumbai City, Maharashtra	India	S3-55607963	134	156	Ranked at position 134 in pool of 156 candidates
S1-828529367	Kishore Trading Private Limited	C/O- Ramful Devi Jha, Beraberi, Ghoshpara, P.O-Gopalpur, Rajarhat, Parganas North, West Bengal	India	S3-141940411	284	304	Ranked at position 284 in pool of 304 candidates
S1-849149040	Mais Corp	1930 Blossom Breeze Lane, Richmond, TX	US	S3-879370905	137	176	Ranked at position 137 in pool of 176 candidates
S1-542919676	Solium Kochav	66 Croton Avenue, Unit Apartment 5, Ossining, NY	US	S3-301649224	306	317	Ranked at position 306 in pool of 317 candidates
S1-34292661	Rishabh Island Care	Flat No 203, 2Nd Floor, Underhill Road Civil Line, New Delhi, South Delhi, Delhi	India	S2-226604093	129	182	Ranked at position 129 in pool of 182 candidates
S1-432374	Nieto Animal Hospital	1019 Hard Rock Road, Somers, MT	US	S3-649008066	197	228	Ranked at position 197 in pool of 228 candidates
S1-374242157	Jai Properties Pvt Ltd	A-408, 4Th Flr Casagrand, Amethyst, Saidapet, Kanchipuram, Tamil Nadu	India	S3-308749696	177	211	Ranked at position 177 in pool of 211 candidates
S1-374242157	Jai Properties Pvt Ltd	A-408, 4Th Flr Casagrand, Amethyst, Saidapet, Kanchipuram, Tamil Nadu	India	S3-566759547	149	211	Ranked at position 149 in pool of 211 candidates
S1-374242157	Jai Properties Pvt Ltd	A-408, 4Th Flr Casagrand, Amethyst, Saidapet, Kanchipuram, Tamil Nadu	India	S3-975943810	165	211	Ranked at position 165 in pool of 211 candidates
S1-676294630	Corner Seafood! PC	415 Morrissey Drive, Village Of North Prairie, WI	US	S2-11462125	125	274	Ranked at position 125 in pool of 274 candidates
S1-94578048	Julianna Ortiz Best Metal LLC	4257 Hopewell Street, North Richland Hills, TX	US	S2-107845340	120	138	Ranked at position 120 in pool of 138 candidates
S1-33211137	Red (India) Renewable Limited	Sn. 51/1, 51/3, P-34, 2 Flr, Frontside, Bhagu Nagar Soc, Surat City, Surat, Gujarat	India	S3-503716482	130	225	Ranked at position 130 in pool of 225 candidates
S1-101352599	Drummond Reliable News Inc.	750 Sanjay Court, Kenai Peninsula Borough, AK	US	S3-500249727	149	289	Ranked at position 149 in pool of 289 candidates
S1-926721643	Sanket Developers LLP	H. No. 642, S. No. 29, Keshavnagar, Opp Krb Engg, Pune City, Pune, Maharashtra	India	S3-942728326	101	120	Ranked at position 101 in pool of 120 candidates
S1-891669118	Godavari Agro	238 Agcr Enclave, New Delhi, East Delhi, Delhi	India	S2-496743487	117	236	Ranked at position 117 in pool of 236 candidates
S1-335367173	Hooper & Carwile	745 16th Street, Salem, OR	US	S2-456681374	204	225	Ranked at position 204 in pool of 225 candidates
S1-613659910	Gujarat Global Limited	403, Sarthik Square, Nr. Gnfc Tower, S.G. Highway, Bodakdev, Ahmedabad, Gujarat	India	S3-248714966	189	260	Ranked at position 189 in pool of 260 candidates
S1-613659910	Gujarat Global Limited	403, Sarthik Square, Nr. Gnfc Tower, S.G. Highway, Bodakdev, Ahmedabad, Gujarat	India	S3-600494680	181	260	Ranked at position 181 in pool of 260 candidates
S1-802012324	Community Program	NY, 103 Porto Road, Catskill	US	S2-334540704	105	211	Ranked at position 105 in pool of 211 candidates
S1-973738537	Lakshmi Consulting Private Limited	Sai Sadan, Shop No. 7, Ground Floor Bldg-A Sr No 56/2 Sant Nagar Aranyeshwar, Pune, Maharashtra	India	S3-225758235	213	248	Ranked at position 213 in pool of 248 candidates
S1-604811207	Apnapan Food Pvt. Ltd.	Flat 1503, Klassic A10 Jaypee Green Wishtown, Sector 134, Noida, Gautam Buddha Nagar, Uttar Pradesh	India	S3-213067388	116	124	Ranked at position 116 in pool of 124 candidates
S1-702779349	Annis Hwang Global Best Inc	8608 Kittama Drive, MD, Clinton	US	S3-444067160	117	375	Ranked at position 117 in pool of 375 candidates
S1-56671537	Vats & Sons Pvt Ltd	Sonbarsa, Sitamarhi, Bihar, Sitamarhi	India	S3-246299924	120	131	Ranked at position 120 in pool of 131 candidates
S1-457711764	Vision Group	Burkesville, KY, 834 Green Grove Road	US	S3-766157080	154	290	Ranked at position 154 in pool of 290 candidates
S1-381286473	Drayance Software LLC	3442 Mary Avenue, Murfreesboro, TN	US	S3-575052326	155	227	Ranked at position 155 in pool of 227 candidates
S1-934781673	Zirain Nidhi Pvt. Ltd.	20 Industrial Area, Behind New Power House, Jodhpur, Rajasthan	India	S3-95008227	122	218	Ranked at position 122 in pool of 218 candidates
S1-687982489	Stag LLC	New Carlisle, 207 Clay Street, OH	US	S3-726621495	208	248	Ranked at position 208 in pool of 248 candidates
S1-608345788	Indranth Construction LLP	C44, 11Th Floor, Sai Baba Enclave No 3, Goregaon West, Mumbai, Maharashtra	India	S3-69351275	110	167	Ranked at position 110 in pool of 167 candidates
S1-225385782	First Synagogue	New Caney, 2631 Michaelangelo, TX	US	S3-3200234	205	224	Ranked at position 205 in pool of 224 candidates
S1-225385782	First Synagogue	New Caney, 2631 Michaelangelo, TX	US	S2-165455759	188	224	Ranked at position 188 in pool of 224 candidates
S1-225385782	First Synagogue	New Caney, 2631 Michaelangelo, TX	US	S2-245152536	125	224	Ranked at position 125 in pool of 224 candidates
S1-225385782	First Synagogue	New Caney, 2631 Michaelangelo, TX	US	S2-750674645	106	224	Ranked at position 106 in pool of 224 candidates
S1-565604644	Crimson Communications Private Limited	K V 40, 27/387, 9Th Cross Road Panampilly Nagar, Cochin, Kerala	India	S3-927069481	177	188	Ranked at position 177 in pool of 188 candidates
S1-457643846	Mediatech Agro Public Limited	North West Delhi, Plot No. 2, 3Rd Floor, Azadpur Commercial Complex, Delhi, Office No. 305, Delhi	India	S3-668375490	168	198	Ranked at position 168 in pool of 198 candidates
S1-716799579	Twisted Massage	6868 Beech Grove Road, Martinsville, IN	US	S2-296196140	137	276	Ranked at position 137 in pool of 276 candidates
S1-538274103	Maa Media Private Limited	Killa No-11/1(2-B) Jharsa Village, Gugraon, Gurgaon, Haryana	India	S2-88185606	109	133	Ranked at position 109 in pool of 133 candidates
S1-538274103	Maa Media Private Limited	Killa No-11/1(2-B) Jharsa Village, Gugraon, Gurgaon, Haryana	India	S2-169397098	110	133	Ranked at position 110 in pool of 133 candidates
S1-658178083	Ear Nose & Throat Clinic of Islip	17 Fulton Street, NY, Islip	US	S3-487729999	189	222	Ranked at position 189 in pool of 222 candidates
S1-444909190	Pioneer Industries Private Limited	Apis, Innovation Valley, Hill-3, It Sez, Visakhapatnam (Rural), Visakhapatnam, Vishakhapatnam, Andhra Pradesh	India	S3-851487910	119	122	Ranked at position 119 in pool of 122 candidates
S1-784242881	Consulting Maps Creations Private Limited	Ernakulam, Idukki, Kerala, Saniya Plaza Iind Floord 3 Cc/No 41/298 Mahakavi Bharathiyar Road	India	S3-90854590	213	273	Ranked at position 213 in pool of 273 candidates
S1-480381026	Cure Pizza	AR, 2340 Ridgewood Lane, Fayetteville	US	S2-282377311	152	308	Ranked at position 152 in pool of 308 candidates
S1-322912139	Acme Digi Pvt Ltd	Gi-3, G.T.K. Industrial Area Azadpur, Delhi	India	S3-106361088	133	140	Ranked at position 133 in pool of 140 candidates
S1-792347633	Granite LLC	7690 Hickory Lane, Chandlersville, OH	US	S3-375539150	111	176	Ranked at position 111 in pool of 176 candidates
S1-163216207	Good Finance Private Limited	1St Fr. 201E, 16 Strand, Road, Diamond Heritage, Kolkata, Kolkata, Howrah, West Bengal	India	S3-508356338	108	112	Ranked at position 108 in pool of 112 candidates
S1-827255762	Sumeet & Brothers Private Limited	Jaipur, 178 Rail Nagar, Kings Road Ajmer Road, Rajasthan	India	S3-134259200	121	121	Ranked at position 121 in pool of 121 candidates
S1-827255762	Sumeet & Brothers Private Limited	Jaipur, 178 Rail Nagar, Kings Road Ajmer Road, Rajasthan	India	S3-475542417	118	121	Ranked at position 118 in pool of 121 candidates
S1-307682447	Pratibha Group Corporation	Plot No. 20, Kh No. 728, Shyam Vihar Phase-B Ext. Dinpur, Nagafgarh, Delhi, South West Delhi, Delhi	India	S3-809588183	158	245	Ranked at position 158 in pool of 245 candidates
S1-852563334	Eye Partners	1619 Tower Street, Decatur, AL	US	S3-68026174	257	286	Ranked at position 257 in pool of 286 candidates
S1-852563334	Eye Partners	1619 Tower Street, Decatur, AL	US	S3-697665267	224	286	Ranked at position 224 in pool of 286 candidates
S1-291615942	Sovue Reliable Health Partners	Albuquerque, 10409 Florence Avenue, NM	US	S3-600771579	147	161	Ranked at position 147 in pool of 161 candidates
S1-291615942	Sovue Reliable Health Partners	Albuquerque, 10409 Florence Avenue, NM	US	S3-456635569	122	161	Ranked at position 122 in pool of 161 candidates
S1-574607489	Piedmont Institute of Technology Inc	504 Seven Peaks Boulevard, Provo, UT	US	S3-743134375	225	254	Ranked at position 225 in pool of 254 candidates
S1-814387751	Jennica Smith United Perimeter Inc.	Lexington, IN, 5311 Split Stump Road	US	S3-998741185	193	202	Ranked at position 193 in pool of 202 candidates
S1-814387751	Jennica Smith United Perimeter Inc.	Lexington, IN, 5311 Split Stump Road	US	S2-384266595	172	202	Ranked at position 172 in pool of 202 candidates
S1-491951039	Vision Builders	F-60/3-A New F-200, Kh No 60, East Delhi, Delhi	India	S2-838062355	219	332	Ranked at position 219 in pool of 332 candidates
S1-491951039	Vision Builders	F-60/3-A New F-200, Kh No 60, East Delhi, Delhi	India	S3-743286280	273	332	Ranked at position 273 in pool of 332 candidates
S1-582337255	Senthil (gujarat)	Door No 15/224 Ezzan Plaza, Koolikattuppadi, Nilambur, Malappuram, Malapuram, Kerala	India	S2-56986351	119	151	Ranked at position 119 in pool of 151 candidates
S1-582337255	Senthil (gujarat)	Door No 15/224 Ezzan Plaza, Koolikattuppadi, Nilambur, Malappuram, Malapuram, Kerala	India	S3-50831706	139	151	Ranked at position 139 in pool of 151 candidates
S1-634152028	Interfaith League	MA, Cambridge, Unit 8, 35 Harvey Street	US	S3-945620009	162	202	Ranked at position 162 in pool of 202 candidates
S1-257752252	Delta Initiative Corp	4903 Miami River Road, Cleves, OH	US	S3-535504877	179	193	Ranked at position 179 in pool of 193 candidates
S1-257752252	Delta Initiative Corp	4903 Miami River Road, Cleves, OH	US	S3-362352937	117	193	Ranked at position 117 in pool of 193 candidates
S1-756722968	Funderburk's Golden Communications	4921 Woods Edge Drive, Wilmington, NC	US	S3-497830487	109	168	Ranked at position 109 in pool of 168 candidates
S1-472910122	Infinity Trading Corporation	No.23, 1St Cross, 1St Stage, Kumarswamy Layout, Bangalore, Karnataka	India	S3-130841368	214	294	Ranked at position 214 in pool of 294 candidates
S1-398718199	Intellect (india) Pvt. Ltd.	51, Shamshet Street, Near Zaveri Bazar Near Zaveri Bazar, Mumbai, Maharashtra	India	S3-486577342	137	305	Ranked at position 137 in pool of 305 candidates
S1-951545232	Dream Solutions Private Limited	Office No 401 Cts No 131 S No 32/1 Pl No 4 Near Mehendale Garage Erandwane, Pune, Maharashtra	India	S2-482145755	158	350	Ranked at position 158 in pool of 350 candidates
S1-131839362	Foot & Ankle Care of Round Lake Beach LLC	1998 Comanche Trail, Round Lake Beach, IL	US	S3-441395187	232	293	Ranked at position 232 in pool of 293 candidates
S1-396386541	Good Care Limited	Ward No-13, Bikaner Chowk, Circular Road, Jhajjar, Haryana	India	S2-158219888	119	309	Ranked at position 119 in pool of 309 candidates
S1-396386541	Good Care Limited	Ward No-13, Bikaner Chowk, Circular Road, Jhajjar, Haryana	India	S3-82684345	244	309	Ranked at position 244 in pool of 309 candidates
S1-396386541	Good Care Limited	Ward No-13, Bikaner Chowk, Circular Road, Jhajjar, Haryana	India	S2-361002904	175	309	Ranked at position 175 in pool of 309 candidates
S1-396386541	Good Care Limited	Ward No-13, Bikaner Chowk, Circular Road, Jhajjar, Haryana	India	S3-179193048	236	309	Ranked at position 236 in pool of 309 candidates
S1-602602584	Ujjaendra Agency Limited	16-11-16/238/A, Amberpet, Hyderabad, Malakpet, Telangana	India	S3-373871103	184	318	Ranked at position 184 in pool of 318 candidates
S1-995989300	Bureau of Transportation	22357 Langford Lane, Lewes, DE	US	S3-402233404	106	117	Ranked at position 106 in pool of 117 candidates
S1-525038311	Agencies Trusteeship Pvt Ltd	Delhi, Punja Sharif Kashmere Gate, 325/3	India	S3-60818815	165	167	Ranked at position 165 in pool of 167 candidates
S1-924148803	Mariejeanne Delong Plains	67 Bolero Drive, Tempe, AZ	US	S2-563637900	219	410	Ranked at position 219 in pool of 410 candidates
S1-608781404	Super Trading Limited	C-43, Block -C, First Floor Dsidc Community Work Centre, Jhilmil Col, Ony, Delhi, East Delhi, Delhi	India	S2-499065824	267	368	Ranked at position 267 in pool of 368 candidates
S1-961950008	Bir Tradelink	1, Floor- Grd, 121A, Bdd, Chawl, Ganpat Jadhav Marg, Mumbai, Maharashtra	India	S2-263272477	105	218	Ranked at position 105 in pool of 218 candidates
S1-328853830	Velasco Blue Republic Inc	Unit 2, Westfield, MA, 6 Conner Avenue	US	S3-120271138	143	207	Ranked at position 143 in pool of 207 candidates
S1-513198302	Supreme Laxmi Consulting Private Limited	Kodungallur, Kerala, Thrissur, P.Kalthikat H, Mayooreswaram Temple Rd, 6/545C	India	S3-954340342	235	277	Ranked at position 235 in pool of 277 candidates
S1-974645096	Corissa Hawley Prairie Line LLC	1704 Vaughn Avenue, Pine Bluff, AR	US	S2-304458167	122	502	Ranked at position 122 in pool of 502 candidates
S1-244420475	Pearle Tharp Agnc Inc	52093 Clover Trail, Granger, IN	US	S2-5071747	119	333	Ranked at position 119 in pool of 333 candidates
S1-36263128	Cruz and Keaton	815 52nd Street, Unit 1210, Phoenix, AZ	US	S2-118169594	149	234	Ranked at position 149 in pool of 234 candidates
S1-60414159	Nagora Services LLP	A-216, Sagar Tech Plaza Chs Ltd, Andheri Kurla Road, Sakinaka Junction, Andheri East, Mumbai, Maharashtra	India	S3-43129601	138	257	Ranked at position 138 in pool of 257 candidates
S1-590796950	Bay Association	2801 195th Street, Bldg 17 & 18, Lake Forest Park, WA	US	S2-287460484	134	197	Ranked at position 134 in pool of 197 candidates
S1-590796950	Bay Association	2801 195th Street, Bldg 17 & 18, Lake Forest Park, WA	US	S3-422954009	135	197	Ranked at position 135 in pool of 197 candidates
S1-309558535	Beth Fellowship	2019 Lemon Tree Place, Unit 1162, Chandler, AZ	US	S3-703113137	192	307	Ranked at position 192 in pool of 307 candidates
S1-890446999	Blue Yoga LLC	3110 Kercheval Drive, Indianapolis, IN	US	S3-933143011	188	270	Ranked at position 188 in pool of 270 candidates
S1-327788855	Anita Telecom	Tamil Nadu, Chennai, Pancharathna Apartments, Welcome Colony, Anna Nagar West Extn., Flat No.3/13	India	S3-574064644	105	152	Ranked at position 105 in pool of 152 candidates
S1-874221974	Saint Community Church	3791 Captains Way, Wheatfield, NY	US	S3-108144743	218	252	Ranked at position 218 in pool of 252 candidates
S1-874221974	Saint Community Church	3791 Captains Way, Wheatfield, NY	US	S3-521984592	220	252	Ranked at position 220 in pool of 252 candidates
S1-121664621	Golden Massage	2067 Broadwater, Whiteford, MD	US	S2-903156273	166	253	Ranked at position 166 in pool of 253 candidates
S1-121664621	Golden Massage	2067 Broadwater, Whiteford, MD	US	S3-455673002	102	253	Ranked at position 102 in pool of 253 candidates
S1-508360624	Tech Products Private Limited	C/O Ishan Agrawal Narmada, Ji Ward Near Navin Press, Mandla, Madhya Pradesh	India	S3-215573914	112	163	Ranked at position 112 in pool of 163 candidates
S1-508360624	Tech Products Private Limited	C/O Ishan Agrawal Narmada, Ji Ward Near Navin Press, Mandla, Madhya Pradesh	India	S3-8052928	119	163	Ranked at position 119 in pool of 163 candidates
S1-796794939	Prabhu Foundation	Plot No- 2935, Khata No.1345/1519 Arei, Bhadrak, Orissa	India	S3-419391491	157	363	Ranked at position 157 in pool of 363 candidates
S1-254346741	United Estate Limited	Office No 302, S. No. 230/A/3/1 Town Square, Pune, Maharashtra	India	S3-124707047	194	303	Ranked at position 194 in pool of 303 candidates
S1-254346741	United Estate Limited	Office No 302, S. No. 230/A/3/1 Town Square, Pune, Maharashtra	India	S2-461514143	121	303	Ranked at position 121 in pool of 303 candidates
S1-874294629	Panchshil Traders Clinic	C/O Abhishek Batra, House No- 208F/F Paryavaran Complex, Near Saket Metro St, Ation, New Delhi, South Delhi, Delhi	India	S3-140264495	287	296	Ranked at position 287 in pool of 296 candidates
S1-154837922	Oswal Hospitals Ltd	D 35/223, 3Rd Floor Jangambari, Varanasi, Uttar Pradesh	India	S3-657154894	104	105	Ranked at position 104 in pool of 105 candidates
S1-980635432	Jaipur Consultants Private Limited	Plot No. H.E 231, Saryu Marg, Hanuman Nagar Extension, Sirsi Road, Jaipur, Rajasthan	India	S3-225422051	345	378	Ranked at position 345 in pool of 378 candidates
S1-180111202	Loree's Direct Roofing LLC	1000 Aventine Drive, Unit 226, Arden, NC	US	S3-350654648	112	179	Ranked at position 112 in pool of 179 candidates
S1-138909017	Super Solutions Limited	No. 162 (P), 163(P), 164(P), 165(P) Epip Industrial Area, Whitefield, Bangalore, Karnataka	India	S3-32875685	108	110	Ranked at position 108 in pool of 110 candidates
S1-310432118	Shiv Energy Private Limited	Plot No.100 Panchmukhi Vishwakarma Tower 4Th Floor New Power House Road Section-7, Jodhpur, Rajasthan	India	S2-912389738	148	364	Ranked at position 148 in pool of 364 candidates
S1-310432118	Shiv Energy Private Limited	Plot No.100 Panchmukhi Vishwakarma Tower 4Th Floor New Power House Road Section-7, Jodhpur, Rajasthan	India	S2-521625755	140	364	Ranked at position 140 in pool of 364 candidates
S1-297706124	Community League PC	Tucson, AZ, 811 47th Street	US	S3-449838886	130	133	Ranked at position 130 in pool of 133 candidates
S1-612041681	Boia Parts LLC	7116 802, TX, Burleson	US	S2-196909926	123	204	Ranked at position 123 in pool of 204 candidates
S1-76003975	Bedford Assets Inc	4253 Stableford Lane, Naperville, IL	US	S3-246710822	136	157	Ranked at position 136 in pool of 157 candidates
S1-528531241	Blue Bakery	1261 Dalemont Way, Dyer, IN	US	S2-254468639	269	282	Ranked at position 269 in pool of 282 candidates
S1-288974022	Rap Solutions Private Limited	Office No. 04 First Floor Flora, Galaxy Apt North Solapur, North Solapur, Solapur, Maharashtra	India	S3-88116422	149	152	Ranked at position 149 in pool of 152 candidates
S1-618662942	Om Technologies (India) Private Limited	Block A, S.F. 22, 23, 43, 44, Amrapali Shopping Mall, Amblibopalcross Road, Ambli, Ahmedabad, Gujarat	India	S2-987907320	248	491	Ranked at position 248 in pool of 491 candidates
S1-234174270	Gomez and Curran	Bloomington, IL, 1223 Kim Drive	US	S2-725681359	324	467	Ranked at position 324 in pool of 467 candidates
S1-876013063	Maa Products Private Limited	Birendra Singh Nirbhay 78, Officers Campus, Sirsi Rd, Kalwad, Jaipur, Rajasthan	India	S2-945628302	101	185	Ranked at position 101 in pool of 185 candidates
S1-876013063	Maa Products Private Limited	Birendra Singh Nirbhay 78, Officers Campus, Sirsi Rd, Kalwad, Jaipur, Rajasthan	India	S3-695524392	102	185	Ranked at position 102 in pool of 185 candidates
S1-876013063	Maa Products Private Limited	Birendra Singh Nirbhay 78, Officers Campus, Sirsi Rd, Kalwad, Jaipur, Rajasthan	India	S3-314785598	103	185	Ranked at position 103 in pool of 185 candidates
S1-220825875	Rev It Up Ice Cream	3203 Guion Road, Indianapolis, IN	US	S3-310059946	161	255	Ranked at position 161 in pool of 255 candidates
S1-781931293	Gulf Committee Associates	11894 Eagle Valley Road, Taylor Twp, PA	US	S2-404544694	174	197	Ranked at position 174 in pool of 197 candidates
S1-781931293	Gulf Committee Associates	11894 Eagle Valley Road, Taylor Twp, PA	US	S2-537001016	163	197	Ranked at position 163 in pool of 197 candidates
S1-307290160	Padmavati & Co	Plot Cts 195, Flat 1003, Floor 10, Wing C, New Dn Nagar, Chs Union Ltd., New Link Road, Near Juhu Circle, Mumbai, Maharashtra	India	S2-897613440	272	494	Ranked at position 272 in pool of 494 candidates
S1-307290160	Padmavati & Co	Plot Cts 195, Flat 1003, Floor 10, Wing C, New Dn Nagar, Chs Union Ltd., New Link Road, Near Juhu Circle, Mumbai, Maharashtra	India	S3-666067778	164	494	Ranked at position 164 in pool of 494 candidates
S1-101477220	Shree Elevators Ltd	Unit No. 207, 2Nd Floor, Prestige Copper Arch, No. 83, Infantry Road, Bangalore, Karnataka	India	S3-410073146	129	144	Ranked at position 129 in pool of 144 candidates
S1-420921475	Mumbai Agro Ltd	84, 8Th Floor, Plot-223, Maker Chambers Iii, Jamnalal Bajaj Marg, Mumbai, Maharashtra	India	S3-130397657	138	299	Ranked at position 138 in pool of 299 candidates
S1-420921475	Mumbai Agro Ltd	84, 8Th Floor, Plot-223, Maker Chambers Iii, Jamnalal Bajaj Marg, Mumbai, Maharashtra	India	S3-529807789	144	299	Ranked at position 144 in pool of 299 candidates
S1-91480582	Millicent Torres, L.C.S.W. LLC	12201 Paiute Street, Phoenix, AZ	US	S3-541056430	136	148	Ranked at position 136 in pool of 148 candidates
S1-91480582	Millicent Torres, L.C.S.W. LLC	12201 Paiute Street, Phoenix, AZ	US	S3-30068611	125	148	Ranked at position 125 in pool of 148 candidates
S1-879957116	Guru Builders Private Limited	A Block, Gf 41, Avichal Sho, Daskroi, Ahmedabad, Gujarat	India	S3-814415447	107	357	Ranked at position 107 in pool of 357 candidates
S1-879957116	Guru Builders Private Limited	A Block, Gf 41, Avichal Sho, Daskroi, Ahmedabad, Gujarat	India	S3-350517123	301	357	Ranked at position 301 in pool of 357 candidates
S1-235704116	Gene Wozniak Apex Steel Inc	12115 Trailing Twilight Drive, Cypress, TX	US	S3-962265575	227	241	Ranked at position 227 in pool of 241 candidates
S1-235704116	Gene Wozniak Apex Steel Inc	12115 Trailing Twilight Drive, Cypress, TX	US	S3-592056468	189	241	Ranked at position 189 in pool of 241 candidates
S1-578201761	Corner Tattoo! Inc.	803 Lee Street, Blacksburg Town, VA	US	S3-88604261	157	223	Ranked at position 157 in pool of 223 candidates
S1-578201761	Corner Tattoo! Inc.	803 Lee Street, Blacksburg Town, VA	US	S3-491493608	205	223	Ranked at position 205 in pool of 223 candidates
S1-946642446	Arihant Power Private Limited	R S No.148/E, Plot No.17, Shri Ram Bhanjar Bhavan, Gadag, Karnataka	India	S2-525824004	127	249	Ranked at position 127 in pool of 249 candidates
S1-764005774	Big Tattoo	11 Echo Court, Unit APARTMENT 18, Vernon Hills, IL	US	S3-107227200	257	284	Ranked at position 257 in pool of 284 candidates
S1-764005774	Big Tattoo	11 Echo Court, Unit APARTMENT 18, Vernon Hills, IL	US	S2-121293640	252	284	Ranked at position 252 in pool of 284 candidates
S1-950785629	Eye Gulf Partners	47 Lake Flats Drive, Champlain, NY	US	S3-499924815	157	175	Ranked at position 157 in pool of 175 candidates
S1-352623064	Twin Services Pvt Ltd	Plot No. 53, Sy. No. 153, H. No. 13-198/13/Klr/53, Ground Floor, Klrs Vijaya Nagar, Road No. 2, Medchal Village, Medchal Mandal, Rangareddy, K.V.Rangareddy, Telangana	India	S3-501925808	147	233	Ranked at position 147 in pool of 233 candidates
S1-944478146	Safe Commosales Limited	P-60, 2Nd Flr, Bldg C-2, Shree Mahavir Jain Chsl Shankar Lane, Kandivali (West), Mumbai, Bandra Suburban, Maharashtra	India	S3-86276602	139	142	Ranked at position 139 in pool of 142 candidates
S1-268199608	Urban Hospitality Pvt Ltd	8-2-684/119 N B T Nagar, Hyderabad, Telangana	India	S2-477714737	148	397	Ranked at position 148 in pool of 397 candidates
S1-268199608	Urban Hospitality Pvt Ltd	8-2-684/119 N B T Nagar, Hyderabad, Telangana	India	S3-28023540	216	397	Ranked at position 216 in pool of 397 candidates
S1-268199608	Urban Hospitality Pvt Ltd	8-2-684/119 N B T Nagar, Hyderabad, Telangana	India	S3-454453332	222	397	Ranked at position 222 in pool of 397 candidates
S1-939787179	All Investments Limited	98/99 Oshiwara Coommercialcomplex Near Oshiwara Police Station Jogeshwari West, Mumbai, Mumbai City, Maharashtra	India	S2-394197030	154	182	Ranked at position 154 in pool of 182 candidates
S1-435339766	Temple Methodist Church	8066 Lake Haven Drive, Hanover County, VA	US	S3-754873067	186	229	Ranked at position 186 in pool of 229 candidates
S1-435339766	Temple Methodist Church	8066 Lake Haven Drive, Hanover County, VA	US	S3-637631635	160	229	Ranked at position 160 in pool of 229 candidates
S1-435339766	Temple Methodist Church	8066 Lake Haven Drive, Hanover County, VA	US	S3-229052685	184	229	Ranked at position 184 in pool of 229 candidates
S1-506578606	Secure Cloud Brands LLC	321 6th Street, Duluth, MN	US	S3-908635145	175	241	Ranked at position 175 in pool of 241 candidates
S1-506578606	Secure Cloud Brands LLC	321 6th Street, Duluth, MN	US	S2-374438992	101	241	Ranked at position 101 in pool of 241 candidates
S1-589457852	Shetkari & Sons Private Limited	B21 Aashirwad Complex, Near Shirke Cottage Maruti Mandir, Ratnagiri, Ratnagiri, Maharashtra	India	S3-33754049	171	193	Ranked at position 171 in pool of 193 candidates
S1-312468980	Cascade Fund	5645 Pardee Smith Road, Arcadia, NY	US	S3-386529355	121	161	Ranked at position 121 in pool of 161 candidates
S1-282277625	Unified Robotics Partners Co	1117 Flannigan Creek Road, Viola, ID	US	S3-978389006	101	108	Ranked at position 101 in pool of 108 candidates
S1-275609629	Niti India Private Limited	206, Second Floor, Gm Tower E-4/29, 10 No Market, Arera Colony, Bhopal, Madhya Pradesh	India	S3-389169923	133	166	Ranked at position 133 in pool of 166 candidates
S1-275609629	Niti India Private Limited	206, Second Floor, Gm Tower E-4/29, 10 No Market, Arera Colony, Bhopal, Madhya Pradesh	India	S3-198858609	135	166	Ranked at position 135 in pool of 166 candidates
S1-280525219	Beth Cathedral LLC	2608 2nd Avenue, Seattle, WA	US	S2-344151773	109	263	Ranked at position 109 in pool of 263 candidates
S1-751442901	Sun Foods	Survey No. 1589, Bangali Falia, Valsad, Gujarat	India	S3-787527812	108	195	Ranked at position 108 in pool of 195 candidates
S1-545750994	Sarasiya Travel Limited	Chennai, Raja Bather Street T Nagar, Tamil Nadu, No 52	India	S2-723722216	281	305	Ranked at position 281 in pool of 305 candidates
S1-545750994	Sarasiya Travel Limited	Chennai, Raja Bather Street T Nagar, Tamil Nadu, No 52	India	S3-185637653	296	305	Ranked at position 296 in pool of 305 candidates
S1-487189073	Carole's Management	142 Elmwood Avenue, Syracuse, NY	US	S2-88098154	156	309	Ranked at position 156 in pool of 309 candidates
S1-755207460	Amber, LLC	2405 Maywood Drive, Lenoir, NC	US	S3-164702856	243	248	Ranked at position 243 in pool of 248 candidates
S1-153680800	Granite LLC	386 D Street, Salt Lake City, UT	US	S3-673149942	177	179	Ranked at position 177 in pool of 179 candidates
S1-798361803	Sand Mechanicals	15Th Floor, Block A2 & A3, Dlf World Tech Park, Silokhera, Nh-8, Sector-30, Sector -45, Gurgaon, Haryana	India	S3-89012585	221	298	Ranked at position 221 in pool of 298 candidates
S1-442397151	Roopansh Solutions Private Limited	Maharashtra, Garden Lane, Sher-E-Punjab Soc, 29/5 Lotus Building, Mumbai, Andheri East	India	S3-302226511	286	287	Ranked at position 286 in pool of 287 candidates
S1-287654159	Scholarship Project	2315 Sharpsburg Road, Knoxville, TN	US	S3-29609893	122	159	Ranked at position 122 in pool of 159 candidates
S1-466689023	Verrari Interactive Partners	221 Pershing Avenue, Massillon, OH	US	S3-558983464	265	289	Ranked at position 265 in pool of 289 candidates
S1-33141764	Sach Cosmetics Partners	Plot No. 32, Back Portion, Block A, Naraina Inustrial Area, New Delhi, South West Delhi, Delhi	India	S3-981599627	130	177	Ranked at position 130 in pool of 177 candidates
S1-449111526	Youth Fund	2 Long Hill Terrace, New Haven, CT	US	S3-299243970	122	131	Ranked at position 122 in pool of 131 candidates
S1-727141313	Marylee Lin Bay Asset L.L.C.	7117 Archibald Avenue, Unit UNIT 57, Rancho Cucamonga, CA	US	S3-416386193	122	126	Ranked at position 122 in pool of 126 candidates
S1-42301056	Shackelford, Pruitt & French Bright L.L.C.	Fl 12431, Trempealeau, N13257 Larkspur Road, WI	US	S3-933451266	122	183	Ranked at position 122 in pool of 183 candidates
S1-477256579	Mount Church	100 Trinity Drive, New Bern, NC	US	S2-923546590	261	290	Ranked at position 261 in pool of 290 candidates
S1-581565440	Ss Infotech Private Limited	15, Ganesh Chandra Avenue, Kolkata, Howrah, West Bengal	India	S3-561171955	102	116	Ranked at position 102 in pool of 116 candidates
S1-302822730	Bharat Heart (India) Pvt Ltd	Plot No. 210, Phase - 1, Gidc Industrial Estate, Chhatral, Taluka Kalol, Gujarat	India	S3-971178298	206	458	Ranked at position 206 in pool of 458 candidates
S1-582327231	Animal Welfare Guild LLC	111 Main Street, Topsfield, MA	US	S3-220066063	148	163	Ranked at position 148 in pool of 163 candidates
S1-175107354	Aviva Ellis Tri-State Coastal Clinic	3950 Fairsted Drive, Unit 327, Raleigh, NC	US	S3-809377327	178	190	Ranked at position 178 in pool of 190 candidates
S1-522334317	Orion LLC	2530 Mango Court, League City, TX	US	S3-657264778	133	253	Ranked at position 133 in pool of 253 candidates
S1-942977436	Jay City Foods Private Limited	Plot No. 129, Shiv Sundar Nagar, Near Noble School, Bhilwara, Bhilwara, Rajasthan	India	S3-773860975	171	213	Ranked at position 171 in pool of 213 candidates
S1-942977436	Jay City Foods Private Limited	Plot No. 129, Shiv Sundar Nagar, Near Noble School, Bhilwara, Bhilwara, Rajasthan	India	S3-975140639	194	213	Ranked at position 194 in pool of 213 candidates
S1-706559967	Anand Services Private Limited	104, 1St Floor, Elemental #337, Sy No 337 Partly, Puppalaguda Village, Financial District, Nanakramguda, Seri Lingampally, K.V.Rangareddy, Telangana	India	S2-469945970	166	409	Ranked at position 166 in pool of 409 candidates
S1-821007067	Solstice	31 Maple Lane, Monticello, NY	US	S3-54675927	213	214	Ranked at position 213 in pool of 214 candidates
S1-184332804	Unique Media Private Limited	Flat No. B/903, Megh Malhar & Raga, Bavdhan Khurd, Pune, Maharashtra	India	S3-402489518	236	283	Ranked at position 236 in pool of 283 candidates
S1-453231993	Aditya Energy Limited	No. 2, Bangalore, Karnataka, Bangalore, Ii Floor, R. R. Chambers, 11Th Main Road, Vasanth Nagar	India	S3-823460667	268	290	Ranked at position 268 in pool of 290 candidates
S1-864351797	Mayuresh Traders Pvt. Ltd.	C/Orameshc.Patelronakfarm, Nr.Arbudanagar Talod Gam, Talod, Sabarkantha, Gujarat	India	S3-736164941	125	136	Ranked at position 125 in pool of 136 candidates
S1-740092988	Red Investment Private Limited	Shakti Vihar Pittam Pura, 120, Delhi, New Delhi	India	S2-795220140	135	149	Ranked at position 135 in pool of 149 candidates
S1-740092988	Red Investment Private Limited	Shakti Vihar Pittam Pura, 120, Delhi, New Delhi	India	S3-958821902	140	149	Ranked at position 140 in pool of 149 candidates
S1-771165668	Rocky Alliance, Corp	77 South Street, Unit 2, New Bedford, MA	US	S2-24059592	189	255	Ranked at position 189 in pool of 255 candidates
S1-429533736	India Quad Bharat Private Limited	Flat No 104, 1St Floor, Sai Chandra Residency Vinayaka Nagara Road, Immadihalli, Whitef, Ield Post, Bangalore, Karnataka	India	S3-369173524	148	170	Ranked at position 148 in pool of 170 candidates
S1-648695822	Coimbatore Vastra Pvt. Ltd.	Coimbatore, Tamil Nadu, Coimbatore, 3, Rajaharsh, K.S.Gardens, Saravana Nagar, Tvs Nagar	India	S3-228906591	108	211	Ranked at position 108 in pool of 211 candidates
S1-605302995	Tirumalagiri (india) Private Limited	208, Block 1, Tshb Hig, Sampoornam Flats, Kphb-15, Tirumalagiri, Hyderabad, Telangana	India	S3-310177980	119	121	Ranked at position 119 in pool of 121 candidates
S1-177764089	Lila Shyam Private Limited	Haryana, Faridabad, H.No 11 Sector 31, Faridabad	India	S3-157037385	105	121	Ranked at position 105 in pool of 121 candidates
S1-649411676	Proify LLC	OH, Vandalia, 314 Marview Avenue	US	S3-821955662	196	200	Ranked at position 196 in pool of 200 candidates
S1-183461698	Maid Pizza	351 Villa Drive, Seymour, TN	US	S2-18379364	124	299	Ranked at position 124 in pool of 299 candidates
S1-183461698	Maid Pizza	351 Villa Drive, Seymour, TN	US	S3-190770701	103	299	Ranked at position 103 in pool of 299 candidates
S1-183461698	Maid Pizza	351 Villa Drive, Seymour, TN	US	S3-630309874	104	299	Ranked at position 104 in pool of 299 candidates
S1-967223914	Better Payroll Corporation	7104 Dodge Circle, Prescott Valley, AZ	US	S3-419433889	192	251	Ranked at position 192 in pool of 251 candidates
S1-967223914	Better Payroll Corporation	7104 Dodge Circle, Prescott Valley, AZ	US	S3-977189172	204	251	Ranked at position 204 in pool of 251 candidates
S1-924768035	Golden Pub!	41 Regency Square, Newport News City, VA	US	S3-53143769	201	241	Ranked at position 201 in pool of 241 candidates
S1-810141255	Lewis Melar Inc	211 Champion Avenue, Unit 425, Columbus, OH	US	S3-969318653	256	270	Ranked at position 256 in pool of 270 candidates
S1-449472592	Cypress Inc.	9660 Atherton Drive, Dallas, TX	US	S3-788793372	146	203	Ranked at position 146 in pool of 203 candidates
S1-449472592	Cypress Inc.	9660 Atherton Drive, Dallas, TX	US	S2-628062902	144	203	Ranked at position 144 in pool of 203 candidates
S1-449472592	Cypress Inc.	9660 Atherton Drive, Dallas, TX	US	S2-85827410	145	203	Ranked at position 145 in pool of 203 candidates
S1-449472592	Cypress Inc.	9660 Atherton Drive, Dallas, TX	US	S3-280631581	147	203	Ranked at position 147 in pool of 203 candidates
S1-704867541	Guillemette Coleman Crane Corp	184 Suzanne Drive, Bastrop, TX	US	S3-279755415	134	174	Ranked at position 134 in pool of 174 candidates
S1-144863457	Mora Tech Limited	62/15, First Floor, Wea, East Park Road, Karol Bagh, Delhi, Central Delhi, Delhi	India	S3-566128519	136	140	Ranked at position 136 in pool of 140 candidates
S1-524573021	Agni Classes Private Limited	723, Jaina Tower 1 District Centre, Janakpuri, New Delhi, Delhi	India	S3-597264713	222	476	Ranked at position 222 in pool of 476 candidates
S1-333304824	First Infrastructure Private Limited	Flat No 100, The La Casa Bonita H.No 1-65/20/105, Ravindra Layout, Madha, Pur, Hyderabad, Telangana	India	S2-603808422	247	341	Ranked at position 247 in pool of 341 candidates
S1-333304824	First Infrastructure Private Limited	Flat No 100, The La Casa Bonita H.No 1-65/20/105, Ravindra Layout, Madha, Pur, Hyderabad, Telangana	India	S3-943744044	325	341	Ranked at position 325 in pool of 341 candidates
S1-855106705	Melange Pages Private Limited	Rh1-15K, Sunrise Symphony, Action Area -2B, Salt Lake City, Parganas North, West Bengal	India	S3-323551025	127	161	Ranked at position 127 in pool of 161 candidates
S1-182354386	Beulah Keleher Signature Drugs	300 Pine Lake Road, Unit 8, Collinsville, IL	US	S3-757586801	101	246	Ranked at position 101 in pool of 246 candidates
S1-887697090	North Premier Global Private Limited	Delhi, West Shalimar Bagh, Bm-50	India	S3-226038327	129	174	Ranked at position 129 in pool of 174 candidates
S1-434271575	J & A Ellington LLC	N12509 79, Town Of New Haven, WI	US	S3-181297770	142	185	Ranked at position 142 in pool of 185 candidates
S1-948046243	Equinox LLC	321 Retreat Ridge Way, Woodfin, NC	US	S2-281397881	172	291	Ranked at position 172 in pool of 291 candidates
S1-948046243	Equinox LLC	321 Retreat Ridge Way, Woodfin, NC	US	S3-731363872	175	291	Ranked at position 175 in pool of 291 candidates
S1-631122305	Blue Infra Private Limited	D No.40-15/2-2, Vyshali Towers, Tf-2, Vijayawada (Urban), Krishna, Andhra Pradesh	India	S3-522734201	155	170	Ranked at position 155 in pool of 170 candidates
S1-751681405	Cardiology Associates	1121 Greenwood Avenue, Ponca City, OK	US	S3-645243598	241	251	Ranked at position 241 in pool of 251 candidates
S1-810785334	Turbo Institute of Technology	Shop No-4, 1St Floor City Plaza, Agra Gate, Firozabad, Uttar Pradesh	India	S2-967510261	111	219	Ranked at position 111 in pool of 219 candidates
S1-376110886	Guru Technology Private Limited	Site No 677, 1St Floor, 27, 13Th Cross Road Hsr Lt, Bangalore South, Bangalore, Karnataka	India	S2-963904280	257	281	Ranked at position 257 in pool of 281 candidates
S1-376110886	Guru Technology Private Limited	Site No 677, 1St Floor, 27, 13Th Cross Road Hsr Lt, Bangalore South, Bangalore, Karnataka	India	S3-394615560	281	281	Ranked at position 281 in pool of 281 candidates
S1-376110886	Guru Technology Private Limited	Site No 677, 1St Floor, 27, 13Th Cross Road Hsr Lt, Bangalore South, Bangalore, Karnataka	India	S2-537052662	252	281	Ranked at position 252 in pool of 281 candidates
S1-376110886	Guru Technology Private Limited	Site No 677, 1St Floor, 27, 13Th Cross Road Hsr Lt, Bangalore South, Bangalore, Karnataka	India	S3-433192214	260	281	Ranked at position 260 in pool of 281 candidates
S1-715156488	Shyam Global Private Limited	Door No.17, Spk Nagar, Kalveerampalayam, Coimbatore, Tamil Nadu	India	S3-34925845	177	201	Ranked at position 177 in pool of 201 candidates
S1-780317817	Bay Charities LP	362 Scott Street, Hubbard, OH	US	S3-9903792	121	251	Ranked at position 121 in pool of 251 candidates
S1-780317817	Bay Charities LP	362 Scott Street, Hubbard, OH	US	S3-57830494	120	251	Ranked at position 120 in pool of 251 candidates
S1-707048164	Prachi Center LLP	208-209 2Nd Floor New Sonal Link Industrial Estate Bldg No-2, Link Road Malad W, Mumbai, Mumbai City, Maharashtra	India	S3-13793616	137	463	Ranked at position 137 in pool of 463 candidates
S1-157953247	Atlas Inc	137 Main Avenue, Rockford, IA	US	S2-268957741	188	259	Ranked at position 188 in pool of 259 candidates
S1-157953247	Atlas Inc	137 Main Avenue, Rockford, IA	US	S3-663757574	232	259	Ranked at position 232 in pool of 259 candidates
S1-66698016	Jay Construction Pvt Ltd	Ss-Ii/13, Second Floor, Sector-15, Koperkhairane, Navimumbai, Thane, Maharashtra	India	S2-491701889	226	293	Ranked at position 226 in pool of 293 candidates
S1-66698016	Jay Construction Pvt Ltd	Ss-Ii/13, Second Floor, Sector-15, Koperkhairane, Navimumbai, Thane, Maharashtra	India	S2-208050611	200	293	Ranked at position 200 in pool of 293 candidates
S1-128371993	Guru Foods Private Limited	Ghaziabad, Uttar Pradesh, Shop No. 1 & 2, Ghaziabad, Plot No. 506, Sector-1, Vashundra, Ghaziabad	India	S2-502600452	102	250	Ranked at position 102 in pool of 250 candidates
S1-857492811	Arpit Industries Group	105 Rohit House Tolstoy Marg, Connaught Place, New Delhi, Delhi	India	S3-475703585	116	137	Ranked at position 116 in pool of 137 candidates
S1-389074539	Urology Care Associates	3936 Dickens Avenue, Hope Mills, NC	US	S3-57267792	141	145	Ranked at position 141 in pool of 145 candidates
S1-556368452	Baba Jain Engineering	House No. 78, Kangaon, Taluka-Daund, Pune, Maharashtra	India	S3-53999282	123	135	Ranked at position 123 in pool of 135 candidates
S1-629253122	Shree Constructions Pvt Ltd	Door No. 156, Palli Ward 14, Mararikulam North Grama Panchayath, Cherthala, Alappuzha, Kerala	India	S2-85354820	152	229	Ranked at position 152 in pool of 229 candidates
S1-787303229	Premier Management Private Limited	Unit-33, Sayona Silver Estate, Silver Oke Club, Daskroi, Ahmedabad, Gujarat	India	S2-105459531	143	174	Ranked at position 143 in pool of 174 candidates
S1-787303229	Premier Management Private Limited	Unit-33, Sayona Silver Estate, Silver Oke Club, Daskroi, Ahmedabad, Gujarat	India	S3-47715437	156	174	Ranked at position 156 in pool of 174 candidates
S1-787303229	Premier Management Private Limited	Unit-33, Sayona Silver Estate, Silver Oke Club, Daskroi, Ahmedabad, Gujarat	India	S3-923896772	106	174	Ranked at position 106 in pool of 174 candidates
S1-773547559	O 5 Premier Auto LLC	7419 B 4th Avenue, Seattle, WA	US	S3-105862099	192	205	Ranked at position 192 in pool of 205 candidates
S1-218490190	7-Corners LP	3312 Caraway Commons, Bldg Bldg G, Jonesboro, AR	US	S2-46157573	170	191	Ranked at position 170 in pool of 191 candidates
S1-998446528	IPU Budha LLP	11, 3Rd Floor, Plot No. 236/238, Mukti Chaitanya Hazrat Abbas Road, Samuel Street Vadgadi, Mandvi Mumbai, Mumbai City, Maharashtra	India	S3-652281539	341	346	Ranked at position 341 in pool of 346 candidates
S1-998446528	IPU Budha LLP	11, 3Rd Floor, Plot No. 236/238, Mukti Chaitanya Hazrat Abbas Road, Samuel Street Vadgadi, Mandvi Mumbai, Mumbai City, Maharashtra	India	S2-111009511	105	346	Ranked at position 105 in pool of 346 candidates
S1-998446528	IPU Budha LLP	11, 3Rd Floor, Plot No. 236/238, Mukti Chaitanya Hazrat Abbas Road, Samuel Street Vadgadi, Mandvi Mumbai, Mumbai City, Maharashtra	India	S3-177955747	208	346	Ranked at position 208 in pool of 346 candidates
S1-218000907	Beth Emanuel	CA, Redding, 205 Woodhill Drive	US	S3-858477617	121	197	Ranked at position 121 in pool of 197 candidates
S1-609865733	Sun Estate	C-83, Block-C, Duggal Colony, Khan Pur, New Delhi, Delhi	India	S2-986781244	106	249	Ranked at position 106 in pool of 249 candidates
S1-226399186	Dugan Ventures	4868 Covered Bridge Road, Unit APT C, Indianapolis, IN	US	S3-339033657	161	203	Ranked at position 161 in pool of 203 candidates
S1-502852493	Joline Hines Metro Blue Inc	4923 Karington Place Drive, Fl 0, Saint Louis, MO	US	S2-239639808	117	130	Ranked at position 117 in pool of 130 candidates
S1-468762582	Blue Holding Company LLC	5540 Clark State Road, Gahanna, OH	US	S2-112803727	105	167	Ranked at position 105 in pool of 167 candidates
S1-630579476	Seven Foundation Private Limited	M-165 Ground Floor Greater Kailash, New Delhi, South Delhi, Delhi	India	S3-698175858	112	127	Ranked at position 112 in pool of 127 candidates
S1-630579476	Seven Foundation Private Limited	M-165 Ground Floor Greater Kailash, New Delhi, South Delhi, Delhi	India	S3-146819213	125	127	Ranked at position 125 in pool of 127 candidates
S1-380619529	My Exports LLP	No. B 86/47, 2Nd Floor, Rajajinagar Industrial Estate, Rajajinag, Ar, Bangalore, Karnataka	India	S3-293116668	151	168	Ranked at position 151 in pool of 168 candidates
S1-380619529	My Exports LLP	No. B 86/47, 2Nd Floor, Rajajinagar Industrial Estate, Rajajinag, Ar, Bangalore, Karnataka	India	S2-4124447	131	168	Ranked at position 131 in pool of 168 candidates
S1-185557895	Ram Ventures Pvt Ltd	Office No 809 Plot 2, Kamdhenu Commerz Sec 14 K, Panvel, Raigarh(Mh), Maharashtra	India	S2-866780648	120	147	Ranked at position 120 in pool of 147 candidates
S1-210245110	Green Global Private Limited	C-44 Fourth Floor, Kh-568, Flat No D1 Ekta Apartment, South Delhi, Delhi	India	S3-172795864	105	146	Ranked at position 105 in pool of 146 candidates
S1-210245110	Green Global Private Limited	C-44 Fourth Floor, Kh-568, Flat No D1 Ekta Apartment, South Delhi, Delhi	India	S2-465633324	101	146	Ranked at position 101 in pool of 146 candidates
S1-23259130	Staten Island Literacy Frontier League	192 Virginia Avenue, Staten Island, NY	US	S3-13672564	102	227	Ranked at position 102 in pool of 227 candidates
S1-23259130	Staten Island Literacy Frontier League	192 Virginia Avenue, Staten Island, NY	US	S3-796536069	101	227	Ranked at position 101 in pool of 227 candidates
S1-870040435	Dazzle Enterprises LLP	Opp Indian Red Cross Society, Nr Old Vadaj Circle, Ashram Road, Gujarat, Ahmedabad, Sagar House	India	S3-308817535	124	140	Ranked at position 124 in pool of 140 candidates
S1-520421085	Global Estate Private Limited	Plot No:226/1456, F.M Nagar, Karanjia, Sadar, Balasore, Orissa	India	S2-612204111	166	259	Ranked at position 166 in pool of 259 candidates
S1-628997689	Kestyx Investments	114 Lincoln Avenue, Waddington, NY	US	S3-851603383	152	286	Ranked at position 152 in pool of 286 candidates
S1-628997689	Kestyx Investments	114 Lincoln Avenue, Waddington, NY	US	S3-119726974	201	286	Ranked at position 201 in pool of 286 candidates
S1-586851970	Vkr Biofuel Private Limited	Howrah, 2Nd Floor, Kolkata, 3A Hindustan Road, West Bengal, Kolkata	India	S3-721036715	105	107	Ranked at position 105 in pool of 107 candidates
S1-738533060	Dermatology Metro Care Associates	Temple, TX, 2711 Canyon Oaks Court	US	S3-389001138	121	149	Ranked at position 121 in pool of 149 candidates
S1-15020282	Downtown Barbershop	1000 S Capitol Street, Unit 805, Washington, DC	US	S2-211139216	102	310	Ranked at position 102 in pool of 310 candidates
S1-331722877	St. Cathedral	1286 837, KY, Yosemite	US	S3-688199574	126	186	Ranked at position 126 in pool of 186 candidates
S1-452987540	Blue Seafood LP	MD, 5 Welty Avenue, Emmitsburg	US	S3-61215742	153	248	Ranked at position 153 in pool of 248 candidates
S1-258027295	Prime Brothers Associates	H. No : 2-133 (V & M) Chinthapally, Nalgonda, Telangana	India	S3-771016563	101	124	Ranked at position 101 in pool of 124 candidates
S1-348817052	Forge LLC	1280 Mohave Drive, Unit 24a, Bullhead City, AZ	US	S3-583168946	133	257	Ranked at position 133 in pool of 257 candidates
S1-348817052	Forge LLC	1280 Mohave Drive, Unit 24a, Bullhead City, AZ	US	S3-476365721	144	257	Ranked at position 144 in pool of 257 candidates
S1-253492384	Blue Enterprises Pvt Ltd	404 Bldg 25/A Nr. N N P 1&2 New Dindoshi, Malad East, Mumbai, Mumbai City, Maharashtra	India	S3-492959805	128	359	Ranked at position 128 in pool of 359 candidates
S1-253492384	Blue Enterprises Pvt Ltd	404 Bldg 25/A Nr. N N P 1&2 New Dindoshi, Malad East, Mumbai, Mumbai City, Maharashtra	India	S2-190055058	108	359	Ranked at position 108 in pool of 359 candidates
S1-378535168	Gold Products	N-7, Saket Nagar, Extension, Indore, Madhya Pradesh	India	S3-471925731	114	197	Ranked at position 114 in pool of 197 candidates
S1-650727552	Eleanor's Brewing	WI, City Of Stoughton, 316 Prairie Street	US	S3-361156843	233	233	Ranked at position 233 in pool of 233 candidates
S1-526964139	Poonam Fund Limited	No. 60, 1St Floor, Tata Silk Farm Basavangudi, Bangalore, Karnataka	India	S2-632224426	121	308	Ranked at position 121 in pool of 308 candidates
S1-607169532	Leanna Ochoa Devices LLC	144 Damron Street, Grayson, KY	US	S2-671797042	129	142	Ranked at position 129 in pool of 142 candidates
S1-376155102	Devita Investment Private Limited	5/678/A, 5/980/A, 5/980/B, C, D, Kattangal, Mukkam Road, Kozhikode, Kerala	India	S3-618247444	203	203	Ranked at position 203 in pool of 203 candidates
S1-305343094	Bay Association Group	742 Washington Street, Braintree, MA	US	S2-194473920	134	200	Ranked at position 134 in pool of 200 candidates
S1-305343094	Bay Association Group	742 Washington Street, Braintree, MA	US	S3-700467416	137	200	Ranked at position 137 in pool of 200 candidates
S1-809913071	Quva Senior, Inc	Bonifay, 3174 Rucker Lane, FL	US	S3-818129773	151	153	Ranked at position 151 in pool of 153 candidates
S1-809913071	Quva Senior, Inc	Bonifay, 3174 Rucker Lane, FL	US	S3-58778445	140	153	Ranked at position 140 in pool of 153 candidates
S1-264533506	Personal Services (India) Private Limited	25/40, Everest Co-Op Housing Society, D Road, Dombivli, Thane, Maharashtra	India	S3-278874926	132	222	Ranked at position 132 in pool of 222 candidates
S1-294434057	Urban Ventures Private Limited	Shiv Samruddhi Arcade, Office#A-32, 6Th Floor, Katraj-Kondhwa Road, Opp. Rmd School, Pune City, Pune, Maharashtra	India	S3-263713053	129	148	Ranked at position 129 in pool of 148 candidates
S1-862776192	Systems Manav Building	Sarojini Naidu Sarani 706, Shubham Building, 7Th Floor, Kolkata, Howrah, Kolkata, West Bengal, 1	India	S3-267188752	382	467	Ranked at position 382 in pool of 467 candidates
S1-337669498	Bright Business Private Limited	403 Floor 4Th Vishaldeep Chs Bandu Gokhle Path, Mugbhat Kandewadi, Mumbai, Maharashtra	India	S3-783596167	140	166	Ranked at position 140 in pool of 166 candidates
S1-913926543	Kamala Hospital	Ct-5-906B, Floor-9Th, Lodha, Supremus, New Cuff Parede, Mumbai, Maharashtra	India	S2-799918155	168	206	Ranked at position 168 in pool of 206 candidates
S1-139720010	Great Council Inc	310 Adams Avenue, Kiefer, OK	US	S2-611391620	179	194	Ranked at position 179 in pool of 194 candidates
S1-210805484	Zephyr It Corp	Plot No. Pap-93, Midc, Panvel, Raigarh(Mh), Maharashtra	India	S3-157878066	110	123	Ranked at position 110 in pool of 123 candidates
S1-210805484	Zephyr It Corp	Plot No. Pap-93, Midc, Panvel, Raigarh(Mh), Maharashtra	India	S3-487626850	113	123	Ranked at position 113 in pool of 123 candidates
S1-78437133	Alpha Producer Private Limited	Pune, Srno16 17 18 J1-08 Jai, Maharashtra, Jawan Awas Yojana, Pune	India	S3-31872230	212	440	Ranked at position 212 in pool of 440 candidates
S1-55615857	Laxmi Infra	8-3-969/1/104 Park View Gs Sri Nagar Colony, Hyderabad, Telangana	India	S3-264111205	124	282	Ranked at position 124 in pool of 282 candidates
S1-55615857	Laxmi Infra	8-3-969/1/104 Park View Gs Sri Nagar Colony, Hyderabad, Telangana	India	S3-604882722	123	282	Ranked at position 123 in pool of 282 candidates
S1-948062742	Sunrise Industries Private Limited	Office No. A-403, Nand Dham, Plot No 59, Sector 11, Cbd Belapur Navi Mumbai, Thane, Maharashtra	India	S3-29674604	186	239	Ranked at position 186 in pool of 239 candidates
S1-635565918	Little Deli	1287 Bailey Road, Cuyahoga Falls, OH	US	S2-614602842	276	304	Ranked at position 276 in pool of 304 candidates
S1-635565918	Little Deli	1287 Bailey Road, Cuyahoga Falls, OH	US	S2-554444755	146	304	Ranked at position 146 in pool of 304 candidates
S1-321343020	Physical Therapy Group of Middletown Group	2629 Ruby Lane, Middletown, OH	US	S3-37474859	213	262	Ranked at position 213 in pool of 262 candidates
S1-314633099	Mireille Blohm Great Universal, Inc	1120 Highland Avenue, Redlands, CA	US	S3-762392128	133	225	Ranked at position 133 in pool of 225 candidates
S1-992030929	Sierra & Sons LLP	5/188, Gopal Street, Madipakkam, Chennai, Tamil Nadu	India	S3-977133763	145	181	Ranked at position 145 in pool of 181 candidates
S1-318948293	Shyam Builders Private Limited	Ms-73, Sector-D Aliganj, Lucknow, Uttar Pradesh	India	S2-65471065	102	323	Ranked at position 102 in pool of 323 candidates
S1-103733388	Marchelle Cain, Ph.D.	255 Snowhaven Court, Unit 31, Merced, CA	US	S2-641423476	124	209	Ranked at position 124 in pool of 209 candidates
S1-164451300	Mcmillan and Hernandez Corp	7873 Dakota Circle, West Des Moines, IA	US	S3-817416781	212	251	Ranked at position 212 in pool of 251 candidates
S1-844305494	Botello, Oden and Smith	102 Underwood Drive, NC, Mount Holly	US	S3-812231355	119	282	Ranked at position 119 in pool of 282 candidates
S1-68603920	Scorpio & Co	Hyderabad, Vanitha Co-Operative Society Beside Sail Colony, Bowenpally, Telangana, Plot No. 7, Secunderabad	India	S2-604033420	113	140	Ranked at position 113 in pool of 140 candidates
S1-206315514	Blue Cafe	835 90th Street, Seattle, WA	US	S3-894076895	235	289	Ranked at position 235 in pool of 289 candidates
S1-206315514	Blue Cafe	835 90th Street, Seattle, WA	US	S2-532978846	128	289	Ranked at position 128 in pool of 289 candidates
S1-931749596	Delta Society II	1234 Soaring Silo Way, Apex, NC	US	S3-866748222	119	167	Ranked at position 119 in pool of 167 candidates
S1-997806407	Origin Real Pvt. Ltd.	1-A/604, Rang Rasayan Appartments Rohini, Sector-13, New Delhi, Delhi	India	S2-421315100	297	365	Ranked at position 297 in pool of 365 candidates
S1-612317385	Gardner's Tax Group	116 Ledgelawn Avenue, Bar Harbor, ME	US	S3-624051673	149	200	Ranked at position 149 in pool of 200 candidates
S1-24927956	Ridgeline LLC	1813 Westerham Street, Albemarle County, VA	US	S3-180760969	183	200	Ranked at position 183 in pool of 200 candidates
S1-24927956	Ridgeline LLC	1813 Westerham Street, Albemarle County, VA	US	S3-896252831	128	200	Ranked at position 128 in pool of 200 candidates
S1-24927956	Ridgeline LLC	1813 Westerham Street, Albemarle County, VA	US	S3-644855252	122	200	Ranked at position 122 in pool of 200 candidates
S1-439983658	Aditya Software Private Limited	Rz-233, C/10, Khasra Number-64/17 Palam Colony Raj Nagar Part-1, New Delhi, Delhi	India	S3-130090052	160	238	Ranked at position 160 in pool of 238 candidates
S1-588360895	Urban Bakery LLC	3343 J F Scott Drive, Aztec, NM	US	S2-86401923	115	279	Ranked at position 115 in pool of 279 candidates
S1-588360895	Urban Bakery LLC	3343 J F Scott Drive, Aztec, NM	US	S3-572663387	270	279	Ranked at position 270 in pool of 279 candidates
S1-814688183	Butterfly Charitable Trust	Flat No.-35, Ground Floor Radhika Aptartment, Pkt-I, Sec.-14, Dwarka, South West Delhi, Delhi	India	S2-255425842	321	338	Ranked at position 321 in pool of 338 candidates
S1-957856782	Deonne Mitchell, L.C.S.W.	7121 Laverne Lane, Tinley Park, IL	US	S3-118984638	101	199	Ranked at position 101 in pool of 199 candidates
S1-961491290	Ram Consultancy Pvt Ltd	C/O Ram Krishan Pal Mohammad Pur, Bithoor, Kanpur, Uttar Pradesh	India	S3-153949561	105	129	Ranked at position 105 in pool of 129 candidates
S1-363886975	Jay Super Builders Private Limited	Room No.414, 4Th Floor, 11, New Seal Lane, Howrah, West Bengal	India	S3-963720266	103	120	Ranked at position 103 in pool of 120 candidates
S1-763024223	Aguilar and Blythe Inc	152 Shoshone Street, Buffalo, NY	US	S2-171416737	347	508	Ranked at position 347 in pool of 508 candidates
S1-423241562	Jernigan Games Company	432 Columbus Street, Unit 2, Houma, LA	US	S3-902009557	190	223	Ranked at position 190 in pool of 223 candidates
S1-847206152	Chicky Costa Better Tire Shop	3824 Gazola Street, Texarkana, TX	US	S3-177773338	146	158	Ranked at position 146 in pool of 158 candidates
S1-824373227	Surgical Group	2630 Prairie Avenue, Unit 105, South Bend, IN	US	S3-436886359	150	271	Ranked at position 150 in pool of 271 candidates
S1-725958862	Sree Global Builders Private Limited	7 Friends Society, 1St Floor, Ganesh Nagar, Powai A S Marg, Opp I I T, Nr Ganesh Mandir, Mumbai, Maharashtra	India	S2-287196385	115	144	Ranked at position 115 in pool of 144 candidates
S1-725958862	Sree Global Builders Private Limited	7 Friends Society, 1St Floor, Ganesh Nagar, Powai A S Marg, Opp I I T, Nr Ganesh Mandir, Mumbai, Maharashtra	India	S3-636299901	101	144	Ranked at position 101 in pool of 144 candidates
S1-956857592	Soul Poultary Private Limited	To A-204, Crystal Plaza, Link Road, Andheri (West), Mumbai, Mumbai City, Maharashtra	India	S3-161070075	261	299	Ranked at position 261 in pool of 299 candidates
S1-777887678	Tushar Public School Pvt Ltd	Be-77, Salt Lake City Sector-1, Kolkata, Parganas North, West Bengal	India	S2-126880797	161	174	Ranked at position 161 in pool of 174 candidates
S1-338182161	Sweet Bakery	620 Green Valley Road, Unit 105, Greensboro, NC	US	S3-489451671	226	258	Ranked at position 226 in pool of 258 candidates
S1-338182161	Sweet Bakery	620 Green Valley Road, Unit 105, Greensboro, NC	US	S2-896676604	222	258	Ranked at position 222 in pool of 258 candidates
S1-338182161	Sweet Bakery	620 Green Valley Road, Unit 105, Greensboro, NC	US	S3-147635172	225	258	Ranked at position 225 in pool of 258 candidates
S1-280398669	Cure Bakery!	46372 58, Unit Space 6, Westfir, OR	US	S2-16044863	130	259	Ranked at position 130 in pool of 259 candidates
S1-280398669	Cure Bakery!	46372 58, Unit Space 6, Westfir, OR	US	S2-158741055	140	259	Ranked at position 140 in pool of 259 candidates
S1-418182410	Silver Diner	2001 Cheryl Drive, Pearland, TX	US	S2-61677376	170	290	Ranked at position 170 in pool of 290 candidates
S1-418182410	Silver Diner	2001 Cheryl Drive, Pearland, TX	US	S2-753589453	153	290	Ranked at position 153 in pool of 290 candidates
S1-418182410	Silver Diner	2001 Cheryl Drive, Pearland, TX	US	S2-134405648	112	290	Ranked at position 112 in pool of 290 candidates
S1-302045989	Campbell and Obi LLC	15115 Glen Oak Road, Oregon City, OR	US	S3-944665277	129	150	Ranked at position 129 in pool of 150 candidates
S1-328713969	Cozy Barbershop	7675 Wryneck Drive, Dublin, OH	US	S3-233508449	101	281	Ranked at position 101 in pool of 281 candidates
S1-328713969	Cozy Barbershop	7675 Wryneck Drive, Dublin, OH	US	S3-85233159	219	281	Ranked at position 219 in pool of 281 candidates
S1-627335278	Smg Traders Private Limited	205 & 206, 2Nd Floor, Vardhman Master Plaza Plot No. 2, Dda, Lsc, Gazipur, Delhi, East Delhi, Delhi	India	S2-788930522	111	301	Ranked at position 111 in pool of 301 candidates
S1-627335278	Smg Traders Private Limited	205 & 206, 2Nd Floor, Vardhman Master Plaza Plot No. 2, Dda, Lsc, Gazipur, Delhi, East Delhi, Delhi	India	S3-141625888	219	301	Ranked at position 219 in pool of 301 candidates
S1-622916148	Meenavi Labs Public Limited	No100/ 1 A Pollachi Main Roadtamaraikulam Post Kinathukadavu Via, Pollachi Taluk Coimbatore District, Coimbatore, Tamil Nadu	India	S3-676283440	260	262	Ranked at position 260 in pool of 262 candidates
S1-399982129	Sarita Brown Innovations, L.L.C.	2765 Cookscreek Place, Unit 202, Farmers Branch, TX	US	S3-842149491	155	156	Ranked at position 155 in pool of 156 candidates
S1-225724094	Goldina Stewart Superior Music Corp	2301 Wesleyan Ct, Bancroft, KY	US	S3-666825671	190	190	Ranked at position 190 in pool of 190 candidates
S1-225724094	Goldina Stewart Superior Music Corp	2301 Wesleyan Ct, Bancroft, KY	US	S3-224010523	179	190	Ranked at position 179 in pool of 190 candidates
S1-254857985	Dream & Brothers Private Limited	A-40, Sector 2, Greater Noida West, Gautam Buddha Nagar, Dadri, Gautam Buddha Nagar, Uttar Pradesh	India	S2-974250879	104	192	Ranked at position 104 in pool of 192 candidates
S1-574245796	Anne-Marie Plunkett Spacsphere L.L.C.	309 Ranlo Avenue, Ranlo, NC	US	S3-680218011	204	325	Ranked at position 204 in pool of 325 candidates
S1-361936191	Aditavi Point Care	Chennai, Sai Genesh Nagar, Pallikaranai, Sozhinganalur, Chennai, Tamil Nadu, No 1306	India	S3-194877028	110	266	Ranked at position 110 in pool of 266 candidates
S1-706683564	Kritaksh Trading Private Limited	Jamnagar, Gujarat, House Number 32, Jamnagar, Park Colony Near Vallabh Vatika	India	S3-726002189	217	224	Ranked at position 217 in pool of 224 candidates
S1-847970712	Shakti Foundation Private Limited	R-90, T. T. C. Industrial Area, Rabale, M. I. D. C., Thane Belapur Road, Navi Mumbai, Maharashtra	India	S3-549542172	107	280	Ranked at position 107 in pool of 280 candidates
S1-847970712	Shakti Foundation Private Limited	R-90, T. T. C. Industrial Area, Rabale, M. I. D. C., Thane Belapur Road, Navi Mumbai, Maharashtra	India	S2-320490243	104	280	Ranked at position 104 in pool of 280 candidates
S1-243289622	Suyog (India) India Pvt Ltd	Myscape Weave Building, 2Nd Floor, Sy. No. 322(P), Isb Road, Financial District, Gachibowli, Rangareddy, Seri Lingampally, K.V.Rangareddy, Telangana	India	S3-63891523	143	221	Ranked at position 143 in pool of 221 candidates
S1-548612251	Analytics & Sons LLP	Room No 4/271-I, J, K, L Kadungathukund, P.O, Valavannur, Malappuram, Kerala, Malappuram, Ain Plaza, Malapuram	India	S3-230712905	142	157	Ranked at position 142 in pool of 157 candidates
S1-548612251	Analytics & Sons LLP	Room No 4/271-I, J, K, L Kadungathukund, P.O, Valavannur, Malappuram, Kerala, Malappuram, Ain Plaza, Malapuram	India	S3-975731723	129	157	Ranked at position 129 in pool of 157 candidates
S1-505938783	Avishkar India Pvt Ltd	G And J(U) Block Flat No-131 Pitampura, Delhi, North Delhi, Delhi	India	S2-190844216	145	235	Ranked at position 145 in pool of 235 candidates
S1-505938783	Avishkar India Pvt Ltd	G And J(U) Block Flat No-131 Pitampura, Delhi, North Delhi, Delhi	India	S3-757934670	115	235	Ranked at position 115 in pool of 235 candidates
S1-899559030	Maex Farms P.C.	305 Southerly Drive, Moorefield, WV	US	S3-705871510	112	211	Ranked at position 112 in pool of 211 candidates
S1-434775435	Gold & Sons Pvt. Ltd.	Site No. 1, 2 & 3, Survey No. 52/2, Nagasandra Village, Yeswantpur Hobli, Bengaluru North Taluk, Bangalore, Karnataka	India	S3-944789963	118	337	Ranked at position 118 in pool of 337 candidates
S1-434775435	Gold & Sons Pvt. Ltd.	Site No. 1, 2 & 3, Survey No. 52/2, Nagasandra Village, Yeswantpur Hobli, Bengaluru North Taluk, Bangalore, Karnataka	India	S3-610586062	105	337	Ranked at position 105 in pool of 337 candidates
S1-496888913	Baba Impex Limited	Karnataka, S.T Bed Layout, 1St Main 4Th Block, Kormangala, Bangalore, No.44	India	S3-92035047	136	143	Ranked at position 136 in pool of 143 candidates
S1-496888913	Baba Impex Limited	Karnataka, S.T Bed Layout, 1St Main 4Th Block, Kormangala, Bangalore, No.44	India	S2-755862072	130	143	Ranked at position 130 in pool of 143 candidates
S1-205997046	Shiv Products Private Limited	No-23/1, 2Nd Floor, Coles Road, Frazer Town, Bangalore, Karnataka	India	S3-569801244	125	137	Ranked at position 125 in pool of 137 candidates
S1-927093288	Isha Food Private Limited	Chennai City Corporation, New No. 13, 14Th Street, Nandanam Extn, Tamil Nadu, Old No. 19, Chennai	India	S3-949404383	435	515	Ranked at position 435 in pool of 515 candidates
S1-189776996	Khurana & Partners Pvt. Ltd.	Gala No.301, Shri Guru Gobindsingh Indl. Premises Co.Op Society, Weh, Goregaon, Mumbai, Mumbai City, Maharashtra	India	S2-62413394	125	153	Ranked at position 125 in pool of 153 candidates
S1-226817070	Sai Consultantprivate Pvt Ltd	2Nd Floor, Pranava The Business Park, Adjacent To Harsha Toyota, Serilingampally, K.V.Rangareddy, Telangana	India	S3-993643399	176	303	Ranked at position 176 in pool of 303 candidates
S1-333939668	Swasti Institute of Technology Co	Plot No 652, Sa Society Khanamet, Kukatpally, Hyderabad, Telangana	India	S2-432958620	151	207	Ranked at position 151 in pool of 207 candidates
S1-205035970	TXS Biosciences Private Limited	H.No. 532 G/F Near Chajju, Ram School, Adarsh Nagar, Ballabgarh, Faridabad, Haryana	India	S3-9250847	148	208	Ranked at position 148 in pool of 208 candidates
S1-68327405	Meify Rate Ltd	1021 Juneberry Place, Oxnard, CA	US	S3-797513478	169	235	Ranked at position 169 in pool of 235 candidates
S1-414328577	Ivenay Cambridge LLC	848 Packard Drive, Arlington, TX	US	S3-502786683	152	206	Ranked at position 152 in pool of 206 candidates
S1-882274864	Hannis Collazo Safe Corp	6638 Alamo Avenue, Fl 0, Saint Louis, MO	US	S3-83396641	135	328	Ranked at position 135 in pool of 328 candidates
S1-401976544	Zephyr L.L.C.	193 Seitz Drive, NC, Forest City	US	S2-655017842	220	272	Ranked at position 220 in pool of 272 candidates
S1-22551393	Rythu Lubricants Private Limited	Andhra Pradesh, Kovur, H.No.11-1-137 Shantinagar, 3Rd Lane, Nellore	India	S3-359774419	168	172	Ranked at position 168 in pool of 172 candidates
S1-968953787	Happy Book Store	57653 36960 Road, Terlton, OK	US	S2-84147279	111	296	Ranked at position 111 in pool of 296 candidates
S1-99208842	Bright Yoga!	9512 Snow Heights Boulevard, Albuquerque, NM	US	S2-796881691	113	226	Ranked at position 113 in pool of 226 candidates
S1-194899929	Arnav Foundation Private Limited	G.No-111/1, Plot No-56, Ashirwad Colony, Near Ram-Laxman Nagar, Jaysingpur, Kolhapur, Maharashtra	India	S3-858483782	158	199	Ranked at position 158 in pool of 199 candidates
S1-609861135	Historical Network, Inc	Richmond City, VA, Unit UNIT 5, 2735 Grace Street	US	S3-248998398	133	153	Ranked at position 133 in pool of 153 candidates
S1-992799437	Freda Kanagy Secure Farmers LLC	6043 Stanaford Road, Prince, WV	US	S2-339378804	129	226	Ranked at position 129 in pool of 226 candidates
S1-948645160	Vasavi Marine Company	H/O Shashikant Kumar, Shivpuri Moh. Ramchanderpur, Biharsharif, Biharsharif, Nalanda, Bihar	India	S3-115950122	115	236	Ranked at position 115 in pool of 236 candidates
S1-625630736	Touchwood Common Limited	B2/103, Paras Hermitage, Hoshangabad Road, Bhopal, Madhya Pradesh	India	S3-794248530	206	263	Ranked at position 206 in pool of 263 candidates
S1-986740072	Al International School Pvt Ltd	C-202 Vrundavan Soc Nr Devngr Sai Baba Ngr Borsapada Rd Kandivali (West), Mumbai, Maharashtra	India	S2-754895901	107	140	Ranked at position 107 in pool of 140 candidates
S1-986740072	Al International School Pvt Ltd	C-202 Vrundavan Soc Nr Devngr Sai Baba Ngr Borsapada Rd Kandivali (West), Mumbai, Maharashtra	India	S3-199054534	114	140	Ranked at position 114 in pool of 140 candidates
S1-986740072	Al International School Pvt Ltd	C-202 Vrundavan Soc Nr Devngr Sai Baba Ngr Borsapada Rd Kandivali (West), Mumbai, Maharashtra	India	S3-442729111	124	140	Ranked at position 124 in pool of 140 candidates
S1-362629018	Raj Logistics Limited	No.95 1St Main, 4Th Cross Byrasandra Jayanagar East Chitramala Aprt Jayanagar, Iii Block Bengaluru, Bangalore, Karnataka	India	S2-170405888	116	147	Ranked at position 116 in pool of 147 candidates
S1-99770210	Jimenez's Cleaning	Raleigh, NC, 2204 Heathrowe Place	US	S3-368606050	117	218	Ranked at position 117 in pool of 218 candidates
S1-187690902	Housing Charities	Pineville, WV, 10542 Welch-pineville Road	US	S3-411687354	105	156	Ranked at position 105 in pool of 156 candidates
S1-271767113	Shir Vice, D.O.	2052 Arthur Avenue, WI, City Of Racine	US	S2-741035907	136	242	Ranked at position 136 in pool of 242 candidates
S1-64428159	Parag Impex Private Limited	S-38G/F Back Side, Kh 85, & 86, Hargovind Enclave, South Delhi, Delhi	India	S3-167329862	175	185	Ranked at position 175 in pool of 185 candidates
S1-866981551	Community Institute	971 Cool Branch Road, Sneedville, TN	US	S2-763772293	102	147	Ranked at position 102 in pool of 147 candidates
S1-415419392	Downtown Deli!	Lake Villa, IL, 615 Roselle Court	US	S2-606757016	115	237	Ranked at position 115 in pool of 237 candidates
S1-642006247	Maid Bistro	116583 4263 Road, Checotah, OK	US	S2-819267883	109	202	Ranked at position 109 in pool of 202 candidates
S1-919545462	Deoria Lakshmi (India) Pvt Ltd	Plot No. 22, Padmajay Near Vare Hospital, New Osmanpura, Aurangabad, Maharashtra	India	S3-686744133	146	151	Ranked at position 146 in pool of 151 candidates
S1-189663295	Foot & Ankle Partners	200 Perkins Drive, Unit 310, Chapel Hill, NC	US	S3-926573176	117	170	Ranked at position 117 in pool of 170 candidates
S1-492038	Noor Inc	Portland, OR, 8100 Lombard Street	US	S3-656207473	147	185	Ranked at position 147 in pool of 185 candidates
S1-141809825	Global Anchor Spring LLC	8333 Plainwood Avenue, Stonewood, WV	US	S3-225693524	146	165	Ranked at position 146 in pool of 165 candidates
S1-575149228	Hight Montessori School	Olympia, Fl 1, WA, 317 Rogers Street	US	S3-186149204	123	137	Ranked at position 123 in pool of 137 candidates
S1-243675239	High Trading Private Limited	B-205, Indraprastha, Indralok Chs Ltd., Sector-4, Pot Nos 27/76/77, New Panvel, Mumbai, Mumbai City, Maharashtra	India	S2-337975052	103	157	Ranked at position 103 in pool of 157 candidates
S1-342032611	Better Modern Ave, LLC	25 Wilson Avenue, Kingston, NY	US	S3-664149803	225	236	Ranked at position 225 in pool of 236 candidates
S1-129914450	Suzanna Mclin, M.D., M.D., P.C.	144 Harrison Street, Buffalo, NY	US	S3-331181339	182	190	Ranked at position 182 in pool of 190 candidates
S1-926322589	Happy Diner	31 Tate Lane, Butler, KY	US	S3-25121543	195	227	Ranked at position 195 in pool of 227 candidates
S1-787181232	Silver Technologies Private Limited	Property No.A212C Gali No1, Tirupati Plaza, Shakarpur, East Delhi, Delhi, Private Office No.5, Delhi	India	S3-874315350	330	338	Ranked at position 330 in pool of 338 candidates
S1-853510117	Apv Trust	H. No. 63, Ground Floor Manglapuri, New Delhi, Delhi	India	S3-632839027	109	120	Ranked at position 109 in pool of 120 candidates
S1-531783233	Dodyne Inc	1001 Pasadena, Unit 99, Mesa, AZ	US	S3-859384749	148	148	Ranked at position 148 in pool of 148 candidates
S1-696348684	Tivue Family Office Inc	2041 Clayton Place, Germantown, TN	US	S3-963298171	176	177	Ranked at position 176 in pool of 177 candidates
S1-560422033	Basalt	1355 St Lukes Church Road, Salisbury, NC	US	S3-601299262	208	211	Ranked at position 208 in pool of 211 candidates
S1-874937140	Ridgeline	5758 Ironwood Drive, Fl 1, Scottsdale, AZ	US	S3-76936783	220	230	Ranked at position 220 in pool of 230 candidates
S1-836929588	Manipal Farmer Limited	Ak-86, Delhi, North West Delhi, Delhi	India	S3-891747284	165	389	Ranked at position 165 in pool of 389 candidates
S1-952031448	Quantis Iii LLC	384 Sandy Creek Drive, 75182, TX	US	S3-666365132	170	189	Ranked at position 170 in pool of 189 candidates
S1-21569949	AL Tech Private Limited	25 Kembros Indl.Estatesonapur Road Opp L B S Marg Bhandup West, Maharashtra, Mumbai	India	S3-572582215	218	227	Ranked at position 218 in pool of 227 candidates
S1-679491304	Metro Initiative LLC	163-59 25 Avenue, Flushing, NY	US	S3-66589365	212	257	Ranked at position 212 in pool of 257 candidates
S1-199048304	Heart Association	230 Chicago Street, Seattle, WA	US	S3-184960995	171	207	Ranked at position 171 in pool of 207 candidates
S1-890154000	Beckman, Tillett & Rosenthal	2322 Bethshire Lane, Denver, NC	US	S3-249331796	103	404	Ranked at position 103 in pool of 404 candidates
S1-154083999	Guru Foods Private Limited	4-Raj Residency, 4Th Floor, Gajjar Lane, Off S V Road, Santa Cruz Wes, T, Mumbai, Mumbai City, Maharashtra	India	S2-44475872	175	297	Ranked at position 175 in pool of 297 candidates
S1-154083999	Guru Foods Private Limited	4-Raj Residency, 4Th Floor, Gajjar Lane, Off S V Road, Santa Cruz Wes, T, Mumbai, Mumbai City, Maharashtra	India	S3-153227759	189	297	Ranked at position 189 in pool of 297 candidates
S1-236324398	Nagendra Healthcare Private Limited	221, 2Nd Floor Heena Arcade, Char Rasta Gidc, Vapi, Valsad, Gujarat	India	S3-281931908	117	339	Ranked at position 117 in pool of 339 candidates
S1-236324398	Nagendra Healthcare Private Limited	221, 2Nd Floor Heena Arcade, Char Rasta Gidc, Vapi, Valsad, Gujarat	India	S3-144195038	109	339	Ranked at position 109 in pool of 339 candidates
S1-236324398	Nagendra Healthcare Private Limited	221, 2Nd Floor Heena Arcade, Char Rasta Gidc, Vapi, Valsad, Gujarat	India	S2-720926145	221	339	Ranked at position 221 in pool of 339 candidates
S1-236324398	Nagendra Healthcare Private Limited	221, 2Nd Floor Heena Arcade, Char Rasta Gidc, Vapi, Valsad, Gujarat	India	S2-814302835	320	339	Ranked at position 320 in pool of 339 candidates
S1-872476214	Culver Silver Reserve Inc	49 County Road 3703, Splendora, TX	US	S2-289363589	202	317	Ranked at position 202 in pool of 317 candidates
S1-349516029	Intercontinental Elite Private Limited	Madhya Pradesh, 7Th Floor, Aditya Gateway, Plot No. 42 Scheme No. 139, Indore, B704, Indore	India	S2-85795074	218	288	Ranked at position 218 in pool of 288 candidates
S1-776098265	Gertruda Morgan, DPM, M.D., P.C. Corp	MA, North Andover, 198 Massachusetts Avenue, Unit 102	US	S2-308180536	144	175	Ranked at position 144 in pool of 175 candidates
S1-776098265	Gertruda Morgan, DPM, M.D., P.C. Corp	MA, North Andover, 198 Massachusetts Avenue, Unit 102	US	S3-180802013	142	175	Ranked at position 142 in pool of 175 candidates
S1-428161632	Astral Solutions Co	Mohan Park, Shahdara, Delhi, A-24 Sf Gali No-5	India	S3-398748105	215	235	Ranked at position 215 in pool of 235 candidates
S1-428161632	Astral Solutions Co	Mohan Park, Shahdara, Delhi, A-24 Sf Gali No-5	India	S2-497902936	197	235	Ranked at position 197 in pool of 235 candidates
S1-928940810	Bothra Agro Private Limited	Unit 305 Plaza 3, Central Square, Delhi, North Delhi, Delhi	India	S3-482699494	140	175	Ranked at position 140 in pool of 175 candidates
S1-547247429	Om Food Private Limited	Building No. 34/569 (Old No. 27/428) Nh-47, Edappally Toll Junction, Edappally, Ernakulam, Kerala	India	S3-532917410	145	195	Ranked at position 145 in pool of 195 candidates
S1-415074536	Maa Infrastructure Limited	702 Onyx, S. No. 37/3 & 37/4, North Main Road, Koregaon Park, Pune City, Pune, Maharashtra	India	S2-140539198	111	296	Ranked at position 111 in pool of 296 candidates
S1-201921456	Mango Multitrade Private Limited	Shop No-1, Plot No-100 Old Najafgarh Road Near Shiv Mandir Chow, K, Rajiv Nagar, Gurgaon, Haryana	India	S3-427919661	202	217	Ranked at position 202 in pool of 217 candidates
S1-201921456	Mango Multitrade Private Limited	Shop No-1, Plot No-100 Old Najafgarh Road Near Shiv Mandir Chow, K, Rajiv Nagar, Gurgaon, Haryana	India	S3-15997592	124	217	Ranked at position 124 in pool of 217 candidates
S1-546373760	Patriot Program	733 Liberty Road, Delaware, OH	US	S3-428289951	119	160	Ranked at position 119 in pool of 160 candidates
S1-143389602	Jessamine Black Keystone Coastal Inc	81 Atlantic Coast Street, Cameron, NC	US	S3-997723808	220	222	Ranked at position 220 in pool of 222 candidates
S1-983719787	Anilva Infotech Ltd	Building No. 46/540/B, Ground Floor, Nkm Arcade6, Ernakulam, Kerala	India	S3-125635736	214	344	Ranked at position 214 in pool of 344 candidates
S1-604792531	United Foundation	2793 Bridgestone Circle, Kokomo, IN	US	S3-772142259	239	256	Ranked at position 239 in pool of 256 candidates
S1-448778808	Classic Energy Private Limited	108, 1St Floor, South City Arcade South City, Phase-I, Gurgaon, Haryana	India	S2-373880937	128	239	Ranked at position 128 in pool of 239 candidates
S1-888063706	Manju Solutions Private Limited	B 4/61Safdarjung Enclave, New Delhi, South Delhi, Delhi	India	S3-911957672	208	217	Ranked at position 208 in pool of 217 candidates
S1-190705285	Shiva Infrastructure Private Limited	C/O Vinodkumar Omprakash, Bharuka Cement Road, Hingoli, Maharashtra	India	S3-579048521	219	256	Ranked at position 219 in pool of 256 candidates
S1-444029018	Maharishi Academy	Office No: 308, Shivai Plaza Premises, Mumbai, Maharashtra	India	S3-977426242	159	248	Ranked at position 159 in pool of 248 candidates
S1-971293452	Lovue Inc	657 Fordsbush Road, Minden, NY	US	S3-968522510	112	126	Ranked at position 112 in pool of 126 candidates
S1-296844905	Empire Society LLC	1213 Minor Court, Grandview, WA	US	S3-866464873	155	266	Ranked at position 155 in pool of 266 candidates
S1-125012286	Andheri (W) Labour Private Limited	E-409, Crystal Plaza, New Link Road, Andheri (W), Mumbai, Maharashtra	India	S2-75899355	101	286	Ranked at position 101 in pool of 286 candidates
S1-693611543	Gulf Committee Care	4390 Brushy Creek Road, Unit A, Round Rock, TX	US	S3-616127609	166	204	Ranked at position 166 in pool of 204 candidates
S1-693611543	Gulf Committee Care	4390 Brushy Creek Road, Unit A, Round Rock, TX	US	S2-129878659	160	204	Ranked at position 160 in pool of 204 candidates
S1-103525674	Voyages Ideas Company	L-222, G/F And Basement Mahipalpur Extn., Delhi, South West Delhi, Delhi	India	S3-122703754	478	509	Ranked at position 478 in pool of 509 candidates
S1-101650418	Adams and West Machine Works P.C.	10838 Miami Avenue, Tolleson, AZ	US	S3-539924607	186	254	Ranked at position 186 in pool of 254 candidates
S1-709997257	Temple Fellowship	Oak Park, 5625 Foxwood Drive, CA, Unit D	US	S3-711703071	260	272	Ranked at position 260 in pool of 272 candidates
S1-709997257	Temple Fellowship	Oak Park, 5625 Foxwood Drive, CA, Unit D	US	S2-104783313	138	272	Ranked at position 138 in pool of 272 candidates
S1-709997257	Temple Fellowship	Oak Park, 5625 Foxwood Drive, CA, Unit D	US	S2-487504081	235	272	Ranked at position 235 in pool of 272 candidates
S1-639075524	Sriperumbudur Bio LLP	No. 2/407 First Cross Street, Ambedkar Nagar, Sriperumbudur, Kanchipuram, Tamil Nadu	India	S2-334100357	219	282	Ranked at position 219 in pool of 282 candidates
S1-639075524	Sriperumbudur Bio LLP	No. 2/407 First Cross Street, Ambedkar Nagar, Sriperumbudur, Kanchipuram, Tamil Nadu	India	S2-11526457	224	282	Ranked at position 224 in pool of 282 candidates
S1-593947474	Shiva Ventures Pvt Ltd	No.601, Telangana, K.V.Rangareddy, Serilingampally, C-Block, Trendset Rythme, White Field Road, Kondapur	India	S3-286290688	114	125	Ranked at position 114 in pool of 125 candidates
S1-593947474	Shiva Ventures Pvt Ltd	No.601, Telangana, K.V.Rangareddy, Serilingampally, C-Block, Trendset Rythme, White Field Road, Kondapur	India	S3-127753821	110	125	Ranked at position 110 in pool of 125 candidates
S1-125407792	Drayis Gesher LLC	14826 Cindywood Drive, Houston, TX	US	S3-585490054	195	207	Ranked at position 195 in pool of 207 candidates
S1-774275125	County Of	456 Lake Shore Road, Town Of Grafton, WI	US	S3-480586424	264	299	Ranked at position 264 in pool of 299 candidates
S1-44576269	Fresh Hypnosis LLC	3440 Whaley Road, TN, Sevierville	US	S3-321775584	240	314	Ranked at position 240 in pool of 314 candidates
S1-450445240	White It Private Limited	4Th Floor, 55 B Mirza Ghalib Street, Kolkata, Kolkata, Howrah, West Bengal	India	S3-34135420	106	109	Ranked at position 106 in pool of 109 candidates
S1-422172852	Physical Therapy Group	164 Coolidge Street, Swan, IA	US	S3-45428165	157	175	Ranked at position 157 in pool of 175 candidates
S1-386627167	Saptarshi Nursing Home	Kh. No.34/25/2, 3, 4 Ground Floor, Sabali Road Main Road Street No.2 Sanjay Colony, Delhi, North West Delhi, Delhi	India	S2-846970802	262	283	Ranked at position 262 in pool of 283 candidates
S1-327960284	Best Telecom Products	6573 Strathcona Avenue, Dublin, OH	US	S3-137262703	185	191	Ranked at position 185 in pool of 191 candidates
S1-742346343	Automotive College	1St Floor, City Palace, Durga Badi, Surajkund Road, Gorakhpur, Uttar Pradesh	India	S3-381065115	112	236	Ranked at position 112 in pool of 236 candidates
S1-90837186	Cozy Bakery	9601 Morgan Mill Road, Monroe, NC	US	S2-307520883	239	245	Ranked at position 239 in pool of 245 candidates
S1-897917612	Hiland Light Ltd	Flat 704 Tuxedo Apartment, 176 Inner Ring Road, Velachery, Chennai City Corporation, Chennai, Tamil Nadu	India	S3-740730291	209	236	Ranked at position 209 in pool of 236 candidates
S1-97617272	Blithe Sandefur Great Pharmaceuticals Inc	14405 Hubbard Road, Burton, OH	US	S3-532428740	132	212	Ranked at position 132 in pool of 212 candidates
S1-3869508	Nexial Spartacus LLC	WA, Spokane, 2128 Post Street	US	S3-629351850	123	262	Ranked at position 123 in pool of 262 candidates
S1-959681673	Modern Marketing Private Limited	H No. 58/L New Colony, Malik Nursing Home Palwal, Palwal, Faridabad, Haryana	India	S3-581692104	321	331	Ranked at position 321 in pool of 331 candidates
S1-959681673	Modern Marketing Private Limited	H No. 58/L New Colony, Malik Nursing Home Palwal, Palwal, Faridabad, Haryana	India	S3-117087984	317	331	Ranked at position 317 in pool of 331 candidates
S1-266170402	East Consulting Private Limited	No 93/391, 1St Main Road, Near Hegganahalli Govt School, Hegganahalli, Viswaneedam Post, Bangalore North, Bangalore, Karnataka	India	S2-468990423	102	124	Ranked at position 102 in pool of 124 candidates
S1-840097184	Bastion, Inc	517 Pleasant Hil Lane, Royse City, TX	US	S2-134855355	138	181	Ranked at position 138 in pool of 181 candidates
S1-687499299	Great Healthcare Limited	8/0947, Vikas Nagar, Sec - 8, Lucknow, Uttar Pradesh	India	S2-35569629	114	285	Ranked at position 114 in pool of 285 candidates
S1-596393912	Maa Agro Private Limited	C-22/3 Second Floor Sector-57, Noida, Uttar Pradesh	India	S3-588654557	149	197	Ranked at position 149 in pool of 197 candidates
S1-694290463	Downtown Deli	AR, Van Buren, 1211 11th Street	US	S2-730594478	120	244	Ranked at position 120 in pool of 244 candidates
S1-80091614	Dhanvantri (india) Private Limited	47-9-36/3, Dwarakanagar, Beside Visakha Ent Hospital, Near Diamond Park, Visakhapatnam, Vishakhapatnam, Andhra Pradesh	India	S2-240901245	147	149	Ranked at position 147 in pool of 149 candidates
S1-367288519	Ivenex Nevada LP	403 2nd Street N, Morristown, TN	US	S3-156173769	171	208	Ranked at position 171 in pool of 208 candidates
S1-367288519	Ivenex Nevada LP	403 2nd Street N, Morristown, TN	US	S3-833978803	128	208	Ranked at position 128 in pool of 208 candidates
S1-947882618	Blue Seafood	691 Kiff Brook Road, Kortright, NY	US	S3-499917423	174	248	Ranked at position 174 in pool of 248 candidates
S1-947882618	Blue Seafood	691 Kiff Brook Road, Kortright, NY	US	S2-257586870	115	248	Ranked at position 115 in pool of 248 candidates
S1-819900904	Bay Program	2080 Twp 7, West Liberty, OH	US	S3-930138003	114	250	Ranked at position 114 in pool of 250 candidates
S1-819900904	Bay Program	2080 Twp 7, West Liberty, OH	US	S3-614312529	113	250	Ranked at position 113 in pool of 250 candidates
S1-819900904	Bay Program	2080 Twp 7, West Liberty, OH	US	S2-288027787	112	250	Ranked at position 112 in pool of 250 candidates
S1-497997494	Tirupati Tech Private Limited	No.6/60, Gandhi Bazaar, Madakasira, Anantpur, Madakasira, Ananthapur, Andhra Pradesh	India	S2-983399609	114	164	Ranked at position 114 in pool of 164 candidates
S1-497997494	Tirupati Tech Private Limited	No.6/60, Gandhi Bazaar, Madakasira, Anantpur, Madakasira, Ananthapur, Andhra Pradesh	India	S3-166030131	123	164	Ranked at position 123 in pool of 164 candidates
S1-53002088	Sai Brothers Pvt. Ltd.	4, B Wing, Sita Estate, Mahul Road, Near Rcf Police Station, Chembur (E), Mumbai, Mumbai City, Maharashtra	India	S3-218475732	439	476	Ranked at position 439 in pool of 476 candidates
S1-53002088	Sai Brothers Pvt. Ltd.	4, B Wing, Sita Estate, Mahul Road, Near Rcf Police Station, Chembur (E), Mumbai, Mumbai City, Maharashtra	India	S2-932943517	227	476	Ranked at position 227 in pool of 476 candidates
S1-25258185	Rocky International LLC	7402 Coastal Highway, Unit 301, Ocean City, MD	US	S3-267621311	114	180	Ranked at position 114 in pool of 180 candidates
S1-298753013	L 7 Safe Kochav Inc	12 Bonnie Lane, Houston, AR	US	S3-582133500	107	127	Ranked at position 107 in pool of 127 candidates
S1-982121857	Sai Producer Private Limited	National Highway No. 8, Rajsamand, Rajasthan	India	S2-280577478	262	313	Ranked at position 262 in pool of 313 candidates
S1-982121857	Sai Producer Private Limited	National Highway No. 8, Rajsamand, Rajasthan	India	S3-976107838	295	313	Ranked at position 295 in pool of 313 candidates
S1-982121857	Sai Producer Private Limited	National Highway No. 8, Rajsamand, Rajasthan	India	S2-345834943	103	313	Ranked at position 103 in pool of 313 candidates
S1-982121857	Sai Producer Private Limited	National Highway No. 8, Rajsamand, Rajasthan	India	S2-94795319	247	313	Ranked at position 247 in pool of 313 candidates
S1-55296934	Optimum Finance Company	Maharashtra, Floor - 8Th, Plot No-113, Dani Sadan, Walkeshwar Road, Malabar Hill, 30, Mumbai City, Mumbai	India	S3-53394423	309	336	Ranked at position 309 in pool of 336 candidates
S1-55296934	Optimum Finance Company	Maharashtra, Floor - 8Th, Plot No-113, Dani Sadan, Walkeshwar Road, Malabar Hill, 30, Mumbai City, Mumbai	India	S2-827242109	299	336	Ranked at position 299 in pool of 336 candidates
S1-842984836	Optimal Genetics	6821 Bear Ridge Road, Pendleton, NY	US	S2-899605446	115	269	Ranked at position 115 in pool of 269 candidates
S1-525309212	Sree Trade Pvt Ltd	180A Jawaharpuram, Shyam Nagar, New Pac Lines, Kanpur Nagar, Uttar Pradesh	India	S3-370224665	226	226	Ranked at position 226 in pool of 226 candidates
S1-428236547	A Vanguard Battery, Inc	75 High Street, Gloucester, MA	US	S3-167985164	152	173	Ranked at position 152 in pool of 173 candidates
S1-428236547	A Vanguard Battery, Inc	75 High Street, Gloucester, MA	US	S3-688174193	153	173	Ranked at position 153 in pool of 173 candidates
S1-428236547	A Vanguard Battery, Inc	75 High Street, Gloucester, MA	US	S3-685685959	154	173	Ranked at position 154 in pool of 173 candidates
S1-648168094	Heredia Veterinary Clinic	Lowell, Unit 6, 430 Wilder Street, MA	US	S3-828680118	119	264	Ranked at position 119 in pool of 264 candidates
S1-648168094	Heredia Veterinary Clinic	Lowell, Unit 6, 430 Wilder Street, MA	US	S2-230957045	213	264	Ranked at position 213 in pool of 264 candidates
S1-762806945	Shakti Hospitality Private Limited	11 4Th Main, Mallasandra T Dasarall, Bangalore North, Bangalore, Karnataka	India	S3-36828743	165	199	Ranked at position 165 in pool of 199 candidates
S1-189254015	Trinity Emanuel	Unit 2, Washington, DC, 2506 14th Street	US	S2-95529889	118	271	Ranked at position 118 in pool of 271 candidates
S1-189254015	Trinity Emanuel	Unit 2, Washington, DC, 2506 14th Street	US	S3-589839653	260	271	Ranked at position 260 in pool of 271 candidates
S1-457298537	Sonni Smith Supreme Spruce Inc.	3102 River Grove Circle, West Memphis, AR	US	S3-412169081	129	135	Ranked at position 129 in pool of 135 candidates
S1-119957871	Collins and Williams Publishing	9950 100, Knox, IN	US	S3-340880793	103	278	Ranked at position 103 in pool of 278 candidates
S1-519181142	Trinity Israel	162 Orchard Lane, Santaquin City (utah Co), UT	US	S2-849386959	211	240	Ranked at position 211 in pool of 240 candidates
S1-519181142	Trinity Israel	162 Orchard Lane, Santaquin City (utah Co), UT	US	S3-440346896	163	240	Ranked at position 163 in pool of 240 candidates
S1-519181142	Trinity Israel	162 Orchard Lane, Santaquin City (utah Co), UT	US	S3-943475222	164	240	Ranked at position 164 in pool of 240 candidates
S1-162446572	Kaufman Rock	577 Syracuse Avenue, Oyster Bay, NY	US	S3-29894423	232	287	Ranked at position 232 in pool of 287 candidates
S1-634913594	Lakshmi Galaxy Technologies Private Limited	Jagdamba Colony, Nayaghar Nai Basti Gulab Bari, Ajmer, Rajasthan	India	S3-412709357	101	143	Ranked at position 101 in pool of 143 candidates
S1-560997894	Bison LLC	415 Lakeview Road, Unit K25, Lynnwood, WA	US	S2-339104736	194	281	Ranked at position 194 in pool of 281 candidates
S1-560997894	Bison LLC	415 Lakeview Road, Unit K25, Lynnwood, WA	US	S3-623954889	240	281	Ranked at position 240 in pool of 281 candidates
S1-175524404	Dashmesh & Brothers	Grand Central, Edachira, Logistic Park Ix/483, Ernakulam, Kerala	India	S2-706565833	130	190	Ranked at position 130 in pool of 190 candidates
S1-175524404	Dashmesh & Brothers	Grand Central, Edachira, Logistic Park Ix/483, Ernakulam, Kerala	India	S3-241418227	119	190	Ranked at position 119 in pool of 190 candidates
S1-784120053	Global Media Pvt Ltd	House No. 151, Gulmohar Apartment, Madan Mohan Malviya Marg, Hazratganj, Lucknow, Uttar Pradesh	India	S3-656049491	146	174	Ranked at position 146 in pool of 174 candidates
S1-487032061	Indo Healthcare Private Limited	16 India Exchange Place, Kolkata, Calcutta, West Bengal	India	S2-427214427	126	183	Ranked at position 126 in pool of 183 candidates
S1-229106235	Drusilla Jarvi Btc LLC	WA, 18020 Erickson Road, Longbranch	US	S2-804817950	102	136	Ranked at position 102 in pool of 136 candidates
S1-229106235	Drusilla Jarvi Btc LLC	WA, 18020 Erickson Road, Longbranch	US	S3-557317313	108	136	Ranked at position 108 in pool of 136 candidates
S1-671651678	Bunny Jones Data	5153 St Paul Boulevard, Irondequoit, NY	US	S3-87859674	121	154	Ranked at position 121 in pool of 154 candidates
S1-112045460	All Exports Pvt Ltd	Pune, Maharashtra, Nr. Republic School, Dehuroad, H. No. 58, Pune	India	S2-788467307	102	173	Ranked at position 102 in pool of 173 candidates
S1-112045460	All Exports Pvt Ltd	Pune, Maharashtra, Nr. Republic School, Dehuroad, H. No. 58, Pune	India	S3-336365174	160	173	Ranked at position 160 in pool of 173 candidates
S1-112045460	All Exports Pvt Ltd	Pune, Maharashtra, Nr. Republic School, Dehuroad, H. No. 58, Pune	India	S3-133280269	169	173	Ranked at position 169 in pool of 173 candidates
S1-272204225	Life Estate LLP	House No. 309 Bank Wali Gali, Azadpur Gaon, Delhi, North Delhi, Delhi	India	S2-577389643	125	142	Ranked at position 125 in pool of 142 candidates
S1-281045740	Indore Research Pvt Ltd	9/5, Vijay Nagar, A.B. Road, Indore, Madhya Pradesh	India	S3-524524782	113	118	Ranked at position 113 in pool of 118 candidates
S1-830574336	Bombay Construction Pvt Ltd	Ward No-10, Vill + Panch-, Muzaffarpur, Block-Musahri, Muzaffarpur, Bihar	India	S3-26527673	351	366	Ranked at position 351 in pool of 366 candidates
S1-830574336	Bombay Construction Pvt Ltd	Ward No-10, Vill + Panch-, Muzaffarpur, Block-Musahri, Muzaffarpur, Bihar	India	S2-780693763	148	366	Ranked at position 148 in pool of 366 candidates
S1-830574336	Bombay Construction Pvt Ltd	Ward No-10, Vill + Panch-, Muzaffarpur, Block-Musahri, Muzaffarpur, Bihar	India	S3-493555900	250	366	Ranked at position 250 in pool of 366 candidates
S1-882119947	Glyphial Ethereum Inc	15538 35, Bigfork, MT	US	S3-195332417	159	174	Ranked at position 159 in pool of 174 candidates
S1-698482082	Nathan Group	F-91 Ground Vikash Puri, New Delhi, West Delhi, Delhi	India	S3-495109186	145	181	Ranked at position 145 in pool of 181 candidates
S1-601961985	Stoll Principal of Worcester Corp	Worcester, MA, 71 Commonwealth Avenue	US	S2-91584948	223	383	Ranked at position 223 in pool of 383 candidates
S1-564986694	Bastion LLC	4804 Horton Road, Memphis, TN	US	S3-983274847	185	215	Ranked at position 185 in pool of 215 candidates
S1-821397907	Rudransh Consultancy Limited	16A/19, S-4 Second Floor, (Barsati) W.E.A Karol Bagh, New Delhi, Central Delhi, Delhi	India	S3-549008173	115	242	Ranked at position 115 in pool of 242 candidates
S1-674771355	Jarlic Muniholdings L.L.C.	IL, Ottawa, 125 Allen Street	US	S3-595408815	140	225	Ranked at position 140 in pool of 225 candidates
S1-392640139	Suryaora Outsourcing Private Limited	Delhi, G/F, Angoori Bagh, Red Fort, Hanuman Mandir, S.No- 7, North Delhi, Delhi	India	S3-946050959	274	286	Ranked at position 274 in pool of 286 candidates
S1-219369192	Golden Massage	AZ, Sedona, 15 Rim Trail Court	US	S3-909034057	223	252	Ranked at position 223 in pool of 252 candidates
S1-513245267	Smart Business Private Limited	F-40, N.D.S.E - I, New Delhi, Delhi	India	S2-708684156	121	389	Ranked at position 121 in pool of 389 candidates
S1-994080826	Rachana & Co	4-B/8, Ii Floor, Tilak Nagar Near City X-Ray Clinic, New Delhi, West Delhi, Delhi	India	S3-160139345	171	242	Ranked at position 171 in pool of 242 candidates
S1-994080826	Rachana & Co	4-B/8, Ii Floor, Tilak Nagar Near City X-Ray Clinic, New Delhi, West Delhi, Delhi	India	S2-157503607	165	242	Ranked at position 165 in pool of 242 candidates
S1-19372843	Sweet Seafood	177 Edgewood Drive, Orangetown, NY	US	S2-416752129	119	282	Ranked at position 119 in pool of 282 candidates
S1-241010130	Frontier Program	326 Berry Street, Brooklyn, NY	US	S3-372737574	152	183	Ranked at position 152 in pool of 183 candidates
S1-407074441	Silver Energy Private Limited	Fl. 203, Plot. 28A, Sec. 09, Ulwe, New Mumbai, Mumbai City, Maharashtra	India	S2-320956359	345	483	Ranked at position 345 in pool of 483 candidates
S1-407074441	Silver Energy Private Limited	Fl. 203, Plot. 28A, Sec. 09, Ulwe, New Mumbai, Mumbai City, Maharashtra	India	S3-670093140	400	483	Ranked at position 400 in pool of 483 candidates
S1-407074441	Silver Energy Private Limited	Fl. 203, Plot. 28A, Sec. 09, Ulwe, New Mumbai, Mumbai City, Maharashtra	India	S3-969536496	468	483	Ranked at position 468 in pool of 483 candidates
S1-555218009	Tatva (India) Rubber Limited	H. No. 66, Manewadi Kaij Bid Kalam Amba, Beed, Bid, Maharashtra	India	S3-84765655	129	147	Ranked at position 129 in pool of 147 candidates
S1-616003763	Scholarship Fellowship	7113 Circlet Way, Citrus Heights, CA	US	S3-575023962	201	247	Ranked at position 201 in pool of 247 candidates
S1-76273822	Tejaya Mascot Ltd	Plot No. N-4/243, Irc Village Nayapally, Jayadev Vihar, Bhubaneswar, Khordha, Orissa	India	S3-853982386	192	468	Ranked at position 192 in pool of 468 candidates
S1-686282239	Khanna Foods Limited	No 9, 2Nd Floor, 8Th Main, 8Th Cross, Malleshwaram, Bangalore North, Bangalore, Karnataka	India	S3-107747570	194	255	Ranked at position 194 in pool of 255 candidates
S1-560072030	Dynamic Infra Private Limited	E Block, No.114 Peddagantyada (Gangavaram Port Road), Visakhapatnam, Vishakhapatnam, Andhra Pradesh	India	S2-499871943	131	191	Ranked at position 131 in pool of 191 candidates
S1-560072030	Dynamic Infra Private Limited	E Block, No.114 Peddagantyada (Gangavaram Port Road), Visakhapatnam, Vishakhapatnam, Andhra Pradesh	India	S2-925724126	114	191	Ranked at position 114 in pool of 191 candidates
S1-560072030	Dynamic Infra Private Limited	E Block, No.114 Peddagantyada (Gangavaram Port Road), Visakhapatnam, Vishakhapatnam, Andhra Pradesh	India	S3-608275737	176	191	Ranked at position 176 in pool of 191 candidates
S1-49000875	Siddhivinayak (India) Precast Private Limited	S. No-222/2/1, Plot No-47 Talera Park Soc, Kalyani Pune (Cb), Pune City, Pune, Maharashtra	India	S2-482920307	230	314	Ranked at position 230 in pool of 314 candidates
S1-154383948	Mount Ministries Center	Tiffin, OH, 448 Miami Street	US	S3-401757254	237	246	Ranked at position 237 in pool of 246 candidates
S1-154383948	Mount Ministries Center	Tiffin, OH, 448 Miami Street	US	S3-207031273	127	246	Ranked at position 127 in pool of 246 candidates
S1-801412497	Aditan Developers Private Limited	Andhra Pradesh, Door No. 8-108 Konakondla Vajrakarur, Anantapur	India	S3-167688975	124	216	Ranked at position 124 in pool of 216 candidates
S1-48588890	Heart Charities	24017 279th Place, Maple Valley, WA	US	S2-181324912	163	194	Ranked at position 163 in pool of 194 candidates
S1-48588890	Heart Charities	24017 279th Place, Maple Valley, WA	US	S3-157305649	164	194	Ranked at position 164 in pool of 194 candidates
S1-981705666	Cozy Auto Body!	8872 Lake View Drive, Kingston, OK	US	S3-181302433	250	275	Ranked at position 250 in pool of 275 candidates
S1-981705666	Cozy Auto Body!	8872 Lake View Drive, Kingston, OK	US	S2-242892624	249	275	Ranked at position 249 in pool of 275 candidates
S1-616551707	Red Diner	1805 Eastwood Court, Mansfield, TX	US	S2-288445092	171	298	Ranked at position 171 in pool of 298 candidates
S1-111821207	Urban Tavern LLC	2 Homestead Drive, Unit APARTMENT B, Owings Mills, MD	US	S3-597200788	181	295	Ranked at position 181 in pool of 295 candidates
S1-226408668	Sasoft Interests P.C.	Chardon, 12648 Auburn Road, OH	US	S3-75617768	118	119	Ranked at position 118 in pool of 119 candidates
S1-226408668	Sasoft Interests P.C.	Chardon, 12648 Auburn Road, OH	US	S3-919957355	115	119	Ranked at position 115 in pool of 119 candidates
S1-244131135	Doan, Janina, M.D.	Garner, 144 Fablewood Trail, NC	US	S3-264240585	371	389	Ranked at position 371 in pool of 389 candidates
S1-311868916	Shiv International Private Limited	Block No .103 Sai Homes, Near Aditya Nagar, Solapur South, Solapur, Maharashtra	India	S2-159603922	102	234	Ranked at position 102 in pool of 234 candidates
S1-875772914	Nippon Clinic	Ground Flr, Plot 314, Fair Land, Chhatrapati Shivaji Maharaj Marg, New Mogal Lane, Mahim, Mumbai, Mumbai City, Maharashtra	India	S3-474574252	253	258	Ranked at position 253 in pool of 258 candidates
S1-274890127	Shyam Agro Pvt. Ltd.	No.43/1927 (Old No.32/1577) - C, Ii Floor, Springs Cascade, Peringat Road, Palariva, Ttom, Kochi, Ernakulam, Kerala	India	S2-246843760	129	201	Ranked at position 129 in pool of 201 candidates
S1-237421053	Ji, Mavra, M.D.	Unit 3W, TX, 502 Linden Street, Bastrop	US	S3-533093057	132	178	Ranked at position 132 in pool of 178 candidates
S1-404162302	Arihant Foods Private Limited	Plot J-241, Supa Parner Industrial Park, Village Waghunde Budrukh, Ahmednagar, Parner, Ahmed Nagar, Maharashtra	India	S2-181580654	142	233	Ranked at position 142 in pool of 233 candidates
S1-404162302	Arihant Foods Private Limited	Plot J-241, Supa Parner Industrial Park, Village Waghunde Budrukh, Ahmednagar, Parner, Ahmed Nagar, Maharashtra	India	S3-118448978	182	233	Ranked at position 182 in pool of 233 candidates
S1-902363626	Red Communications Company	House No. 90, Patel Nagar, Topdara, Ajmer, Rajasthan	India	S3-917951823	118	123	Ranked at position 118 in pool of 123 candidates
S1-833952232	A Cure 6 IT	5243 Burton Drive, Portland, OR	US	S3-836433934	113	164	Ranked at position 113 in pool of 164 candidates
S1-833952232	A Cure 6 IT	5243 Burton Drive, Portland, OR	US	S3-450271743	115	164	Ranked at position 115 in pool of 164 candidates
S1-501714057	Brandais Wisely, O.D.	6534 Lankford Highway, Northampton County, VA	US	S2-404994308	113	215	Ranked at position 113 in pool of 215 candidates
S1-562714634	Global Foundation LLC	1401 Wassall Street, Fl 0, Wichita, KS	US	S3-96034243	128	188	Ranked at position 128 in pool of 188 candidates
S1-731545152	Drayyn Westin LLC	Elon, 4005 Birkdale Court, NC	US	S2-893393591	194	211	Ranked at position 194 in pool of 211 candidates
S1-165754019	Technologies Xtreme Trendz Private Limited	Sripadham Building, 1St Floor, Room No Vii/392(1.A) Near Irattambalam Siva Temble, Kallipada, M, Shoranur, Palakkad, Kerala	India	S2-408769166	120	256	Ranked at position 120 in pool of 256 candidates
S1-710835351	Volga Real Private Limited	Tulip Homes, Flat No B/702, Gat No 93, 198, 199, Chakan, (Ct), Pune, Maharashtra	India	S3-902851753	115	122	Ranked at position 115 in pool of 122 candidates
S1-746625138	Seven Producer Pvt Ltd	Unit 12 Basement, Nand Ghanshyam Indl Premises Co-Op Soc., Off Mahakali Caves Rd, Andhe, Ri-E, Mumbai, Bandra Suburban, Maharashtra	India	S3-436366931	436	474	Ranked at position 436 in pool of 474 candidates
S1-428249785	Heritage Ministries	159 Meadow Street, Fayetteville, AR	US	S3-98425645	148	157	Ranked at position 148 in pool of 157 candidates
S1-721571073	Ss Consultants Private Limited	Office No 29, 3Rd Floor, Vega Chsl, Hiranandani Estate, Patlipada Road, Thane, Maharashtra	India	S2-639518826	273	380	Ranked at position 273 in pool of 380 candidates
S1-431220641	Toinette's Delta Industries LLC	N426 Cc, Town Of Maiden Rock, WI	US	S3-461301004	132	164	Ranked at position 132 in pool of 164 candidates
S1-894916221	Caldora Research Inc	Unit Apartment 1, 30 Spruce Street, NY, New Rochelle	US	S2-306646355	109	256	Ranked at position 109 in pool of 256 candidates
S1-894916221	Caldora Research Inc	Unit Apartment 1, 30 Spruce Street, NY, New Rochelle	US	S3-488233805	150	256	Ranked at position 150 in pool of 256 candidates
S1-524430320	Baba Alloys Private Limited	1St Floor, Moolchand Towers I Block, Sector 22, Noida, Gautam Buddha Nagar, Uttar Pradesh	India	S3-443657144	232	283	Ranked at position 232 in pool of 283 candidates
S1-178663742	New Delhi Therapeutics Private Limited	C-12 Greater Kailash Part-1, New Delhi, South Delhi, Delhi	India	S2-159242288	116	214	Ranked at position 116 in pool of 214 candidates
S1-178663742	New Delhi Therapeutics Private Limited	C-12 Greater Kailash Part-1, New Delhi, South Delhi, Delhi	India	S2-152917352	115	214	Ranked at position 115 in pool of 214 candidates
S1-452015353	St. Catholic Church	Peoria, IL, 6337 Devonshire Drive	US	S3-31813555	149	162	Ranked at position 149 in pool of 162 candidates
S1-452015353	St. Catholic Church	Peoria, IL, 6337 Devonshire Drive	US	S3-915484173	133	162	Ranked at position 133 in pool of 162 candidates
S1-452015353	St. Catholic Church	Peoria, IL, 6337 Devonshire Drive	US	S3-371087018	126	162	Ranked at position 126 in pool of 162 candidates
S1-205797027	Eddi's Patriot Boutique	314 Nevada Street, Ontario, CA	US	S3-701445766	128	134	Ranked at position 128 in pool of 134 candidates
S1-702288542	Pediatric Partners	4725 F, Vale, OR	US	S3-377589828	249	259	Ranked at position 249 in pool of 259 candidates
S1-702288542	Pediatric Partners	4725 F, Vale, OR	US	S3-799305059	230	259	Ranked at position 230 in pool of 259 candidates
S1-559447695	Lower Healthcare	150 Barrister Drive, Hartford, VT	US	S2-479134858	157	289	Ranked at position 157 in pool of 289 candidates
S1-468793707	Blue (India) Devi Company	10/248College Road, Palakkad, Kerala	India	S3-379294335	192	265	Ranked at position 192 in pool of 265 candidates
S1-138807231	United Enterprises Private Limited	S-531, Ground Floor School Block Shakarpur Near Red Light, Delhi, East Delhi, Delhi	India	S3-749044931	125	254	Ranked at position 125 in pool of 254 candidates
S1-138807231	United Enterprises Private Limited	S-531, Ground Floor School Block Shakarpur Near Red Light, Delhi, East Delhi, Delhi	India	S3-828432773	147	254	Ranked at position 147 in pool of 254 candidates
S1-259011562	City Industries LLP	Plot No-380/887, Delta Square, Near Keshari Palace, Barmunda, Bhubaneswar, Khordha, Orissa	India	S2-568353077	159	206	Ranked at position 159 in pool of 206 candidates
S1-259011562	City Industries LLP	Plot No-380/887, Delta Square, Near Keshari Palace, Barmunda, Bhubaneswar, Khordha, Orissa	India	S2-731109788	133	206	Ranked at position 133 in pool of 206 candidates
S1-69178873	Isha & Brothers Limited	Maharashtra, Pune, Pune City, Bldg C, 404 Sirocco Grande, Chsl Tathawade Rd	India	S2-914199227	230	391	Ranked at position 230 in pool of 391 candidates
S1-69178873	Isha & Brothers Limited	Maharashtra, Pune, Pune City, Bldg C, 404 Sirocco Grande, Chsl Tathawade Rd	India	S3-56539920	315	391	Ranked at position 315 in pool of 391 candidates
S1-149289528	Hotel Advisory LLP	5/1, Clive Row, 2Nd Floor., Kolkata, Howrah, West Bengal	India	S3-141560020	364	369	Ranked at position 364 in pool of 369 candidates
S1-7381669	Aurora	1910 Bridges Street, Morehead City, NC	US	S3-602351894	131	194	Ranked at position 131 in pool of 194 candidates
S1-888397684	American Committee	8580 Shea Boulevard, Unit STE 120, Scottsdale, AZ	US	S3-469866690	115	138	Ranked at position 115 in pool of 138 candidates
S1-555781157	Niharika Marketing (India) Private Limited	No. 73, 3Rd Main, 13Th Cross Vijayanagar 2Nd Stage, Mysore, Karnataka	India	S2-299315860	112	202	Ranked at position 112 in pool of 202 candidates
S1-952959244	Northwind LLC	WI, Town Of Germantown, W5667 Sunshine Court	US	S3-435793332	122	208	Ranked at position 122 in pool of 208 candidates
S1-164960260	Madhusudan Systems Private Limited	Krishna Kunj, Ward No.21 Wardhman Nagar (East), Nagpur, Maharashtra, Nagpur, Plot No. 228	India	S3-23244097	138	327	Ranked at position 138 in pool of 327 candidates
S1-164960260	Madhusudan Systems Private Limited	Krishna Kunj, Ward No.21 Wardhman Nagar (East), Nagpur, Maharashtra, Nagpur, Plot No. 228	India	S3-644570993	311	327	Ranked at position 311 in pool of 327 candidates
S1-606068532	Green Agro Private Limited	1St Floor, Block No.165, Plot No. 8, Royal Township Puna Kumbhariya Road, Near Balaji Transp, Ort Saroli, Surat, Gujarat	India	S2-43750397	120	146	Ranked at position 120 in pool of 146 candidates
S1-17001556	Connect Traders Private Limited	Flat No. 38, Plot No. 112, N D M C Cghs Engineering, Delhi, East Delhi, Delhi	India	S3-787478153	119	412	Ranked at position 119 in pool of 412 candidates
S1-567062771	Piedra Insurance PC	697 Lake View Drive, Lakehills/pipe Creek, TX	US	S3-557508939	101	101	Ranked at position 101 in pool of 101 candidates
S1-198144608	Miller, Rafaela, D.O., P.C. LLC	4122 Mullen Road, Middlesex, NC	US	S2-186054139	145	220	Ranked at position 145 in pool of 220 candidates
S1-560208824	Rsk (India) Associate LLP	146, Chinnamman Kovil Street, 146, Chinnamman Kovil Street, Ambattur, Tiruvallur, Tamil Nadu	India	S3-797186503	216	273	Ranked at position 216 in pool of 273 candidates
S1-560208824	Rsk (India) Associate LLP	146, Chinnamman Kovil Street, 146, Chinnamman Kovil Street, Ambattur, Tiruvallur, Tamil Nadu	India	S2-623649662	134	273	Ranked at position 134 in pool of 273 candidates
S1-179891617	Integrated Retail Labs	989 Woodhaven Forest Drive, Winston-salem, NC	US	S3-234159302	120	130	Ranked at position 120 in pool of 130 candidates
S1-967860256	Silverman & Urias	2112 Knox Road 1950N, Fl 1, Williamsfield, IL	US	S2-440631325	187	278	Ranked at position 187 in pool of 278 candidates
S1-384165	Forest & Sons Pvt Ltd	1216, Bhavani Peth, Palakhi Vithoba Chowk, Bhavani Peth, Pune, Maharashtra	India	S3-518055411	162	231	Ranked at position 162 in pool of 231 candidates
S1-939881093	Yards Trading Private Limited	Room No A01 C/O Cosmonaut, International School, Sirsa, Haryana	India	S3-781040152	131	137	Ranked at position 131 in pool of 137 candidates
S1-939881093	Yards Trading Private Limited	Room No A01 C/O Cosmonaut, International School, Sirsa, Haryana	India	S3-869643597	126	137	Ranked at position 126 in pool of 137 candidates
S1-582182140	Oncology Partners	Houston, TX, 9214 Bassoon Drive	US	S3-350332664	245	249	Ranked at position 245 in pool of 249 candidates
S1-526343083	Al Food Private Limited	408, 4Th Floor, Landmark Building Opp. Raheja Classic Complex, New Link Ro, Ad, Andheri, Mumbai, Mumbai City, Maharashtra	India	S2-425763259	118	318	Ranked at position 118 in pool of 318 candidates
S1-322621669	Happy Book Store PLLC	29 Endicott Street, Lynn, MA	US	S2-718450162	109	291	Ranked at position 109 in pool of 291 candidates
S1-322621669	Happy Book Store PLLC	29 Endicott Street, Lynn, MA	US	S3-486873473	251	291	Ranked at position 251 in pool of 291 candidates
S1-658758977	Gulf Red LLC	1289 1300, Pleasant Grove, UT	US	S3-862243695	115	149	Ranked at position 115 in pool of 149 candidates
S1-419297150	Guillema Brummitt National Eqv Inc	1200 Luzerne Avenue, Baltimore, MD	US	S3-619676835	101	155	Ranked at position 101 in pool of 155 candidates
S1-389832922	Services Ashtvinayak Steel Pvt Ltd	16, India Exchange Place 1St Floor, Room No. 26, Kolkata, Howrah, West Bengal	India	S2-649240822	123	143	Ranked at position 123 in pool of 143 candidates
S1-977844794	Ear Nose & Throat Group	629 Sundance Drive, Bolingbrook, IL	US	S3-426543291	112	213	Ranked at position 112 in pool of 213 candidates
S1-640746766	Deco Steel Limited	Sco 7, First Floor, Metro City Plaza Market, Rajpura, Mohali, Punjab	India	S3-61354912	175	185	Ranked at position 175 in pool of 185 candidates
S1-389059160	Diix	556 Batterman Road, Pittsylvania County, VA	US	S3-31772133	129	148	Ranked at position 129 in pool of 148 candidates
S1-796091373	Fresh Nails	20746 1430 Road, Lone Wolf, OK	US	S2-913996967	182	297	Ranked at position 182 in pool of 297 candidates
S1-696446811	Rajkamal Farmer Private Limited	No.402, Block-A, Alpine Heights Gulmoharavenue, Rajbhavan Road, Hyderabad, Telangana	India	S3-421284316	224	226	Ranked at position 224 in pool of 226 candidates
S1-239414283	Bombay Construction Private Limited	A-1-Gf-06, White Pearl Appt Sangma, Padra, Vadodara, Gujarat	India	S3-912369021	110	112	Ranked at position 110 in pool of 112 candidates
S1-239414283	Bombay Construction Private Limited	A-1-Gf-06, White Pearl Appt Sangma, Padra, Vadodara, Gujarat	India	S2-361765611	104	112	Ranked at position 104 in pool of 112 candidates
S1-5556228	Prime Food Private Limited	H.No.2-53, Bhavani Nagar, Tennuboddavara, S Kota, Vizianagaram, Andhra Pradesh	India	S3-693867714	110	208	Ranked at position 110 in pool of 208 candidates
S1-5556228	Prime Food Private Limited	H.No.2-53, Bhavani Nagar, Tennuboddavara, S Kota, Vizianagaram, Andhra Pradesh	India	S3-153060873	109	208	Ranked at position 109 in pool of 208 candidates
S1-5556228	Prime Food Private Limited	H.No.2-53, Bhavani Nagar, Tennuboddavara, S Kota, Vizianagaram, Andhra Pradesh	India	S3-470312711	112	208	Ranked at position 112 in pool of 208 candidates
S1-511533807	North Vanguard Bio LLC	14 Naples Drive, Poughkeepsie, NY	US	S3-897898986	155	220	Ranked at position 155 in pool of 220 candidates
S1-500261908	Vp Liability Private Limited	89-90-91 New Dlf Industrial Area, Faridabad, Haryana	India	S3-107189177	121	155	Ranked at position 121 in pool of 155 candidates
S1-286661549	Jagat & Co	H No -938, At-Wanikond, Mahad, Raigarh(Mh), Maharashtra	India	S3-958437687	197	198	Ranked at position 197 in pool of 198 candidates
S1-286661549	Jagat & Co	H No -938, At-Wanikond, Mahad, Raigarh(Mh), Maharashtra	India	S3-621625654	191	198	Ranked at position 191 in pool of 198 candidates
S1-728726148	Kamla (india) Private Limited	A-35 Pandav Nagar, Delhi, East Delhi, Delhi	India	S2-731037187	122	265	Ranked at position 122 in pool of 265 candidates
S1-561850604	Vaayuva Dealtrade	Mata Chouk Jaswadi Road, Hotel Madhuban K Samne, Khandwa, East Nimar, Madhya Pradesh	India	S3-376967287	111	227	Ranked at position 111 in pool of 227 candidates
S1-486444769	Shivam Energy Private Limited	Office No. 3 And 4, Brilliant Chambers, Mayur Colony, Opp. Jog High School, Kot, Hrud, Pune, Maharashtra	India	S3-20700101	232	272	Ranked at position 232 in pool of 272 candidates
S1-845194472	Foresight Consulting LLP	Thane, Flat 202, Thane, Maharashtra, Floor 2, Wing 84, Kalpavruksha Chsl Vasant Vihar Pokhran Rd No2 Thane W	India	S3-453179481	109	219	Ranked at position 109 in pool of 219 candidates
S1-473375664	Lakshmi Products Pvt Ltd	House No 45 Omaxe Anandam, Omaxe City 1 Baliyakheda, Indore, Madhya Pradesh	India	S3-545569934	186	253	Ranked at position 186 in pool of 253 candidates
S1-613859137	Coast Charitable Trust	8-2-672/5&6, 6Th Floor, Ilyas Mohammed Khan Estate Road No.1, Banjara Hills, Hyderabad, Telangana	India	S3-668087829	221	337	Ranked at position 221 in pool of 337 candidates
S1-814036193	Legacy Legacy Encore LLC	91 Main Street, Fountain, MN	US	S3-994565271	147	194	Ranked at position 147 in pool of 194 candidates
S1-850019522	Kestiq Gabelli Corporation	61 Windmere Circle, Tyngsborough, MA	US	S3-633090755	200	200	Ranked at position 200 in pool of 200 candidates
S1-448658734	Response Mega Limited	5, Vinayak Smruti Apt, Prabhat Road, Near Hotel Royalty, Ghodke Chowk, Deccan, Pune, Maharashtra	India	S2-86714148	133	155	Ranked at position 133 in pool of 155 candidates
S1-899041842	Madhusudan Brothers Co	Flno 1 Amrapali Apartment, Right Bhusari Colony, Pune City, Pune, Maharashtra	India	S3-222073216	189	315	Ranked at position 189 in pool of 315 candidates
S1-899041842	Madhusudan Brothers Co	Flno 1 Amrapali Apartment, Right Bhusari Colony, Pune City, Pune, Maharashtra	India	S2-796419568	280	315	Ranked at position 280 in pool of 315 candidates
S1-899041842	Madhusudan Brothers Co	Flno 1 Amrapali Apartment, Right Bhusari Colony, Pune City, Pune, Maharashtra	India	S3-963681068	183	315	Ranked at position 183 in pool of 315 candidates
S1-899041842	Madhusudan Brothers Co	Flno 1 Amrapali Apartment, Right Bhusari Colony, Pune City, Pune, Maharashtra	India	S3-912976397	145	315	Ranked at position 145 in pool of 315 candidates
S1-899041842	Madhusudan Brothers Co	Flno 1 Amrapali Apartment, Right Bhusari Colony, Pune City, Pune, Maharashtra	India	S2-775371434	130	315	Ranked at position 130 in pool of 315 candidates
S1-273873311	Aarvanth Imports Private Limited	29/2, 2Nd Floor, G.K. Manor Nehru Circle, Seshadripuram, Bangalore, Karnataka	India	S3-747945241	188	447	Ranked at position 188 in pool of 447 candidates
S1-811156021	Vaayuesh Dairy Pvt. Ltd.	Barashiv Hanuman Nagar, At Po Jawala Bazar Tq Aundha Nagnath Hingoli, Hingoli, Maharashtra	India	S3-631324789	169	271	Ranked at position 169 in pool of 271 candidates
S1-85884557	Dorothea's Liberty Law Group	1382 Underpass Road, Advance, NC	US	S3-423564840	121	136	Ranked at position 121 in pool of 136 candidates
S1-590545086	Shivalik Developers Group	Flat-B/301, Sssp Oshiwara, Chs Ltd, Opp Millat Nagar, Mumbai, Maharashtra	India	S3-7295609	278	287	Ranked at position 278 in pool of 287 candidates
S1-375429514	Preet Iron Private Limited	Flat 53, Lotus Block, L&T Serene County, Telecom Nagar, Gachibowli, Hyderabad, Telangana	India	S2-661619611	207	384	Ranked at position 207 in pool of 384 candidates
S1-375429514	Preet Iron Private Limited	Flat 53, Lotus Block, L&T Serene County, Telecom Nagar, Gachibowli, Hyderabad, Telangana	India	S3-717145799	339	384	Ranked at position 339 in pool of 384 candidates
S1-147676645	Digital Peace Limited	C/O Inderjit Singh, Village Satiyewala, Firozepur, Firozpur, Punjab	India	S3-670430152	134	200	Ranked at position 134 in pool of 200 candidates
S1-147676645	Digital Peace Limited	C/O Inderjit Singh, Village Satiyewala, Firozepur, Firozpur, Punjab	India	S3-919770709	189	200	Ranked at position 189 in pool of 200 candidates
S1-636596425	Snider Comstock Partners	Boston, MA, 109 Beach Street, Unit 2H	US	S3-713085355	164	257	Ranked at position 164 in pool of 257 candidates
S1-636596425	Snider Comstock Partners	Boston, MA, 109 Beach Street, Unit 2H	US	S3-953596820	188	257	Ranked at position 188 in pool of 257 candidates
S1-156028688	Sky Services Private Limited	Shyam Business Hub, Mukesh Industries, Isanpur Narol Highway, Ahmedabad, Ahmadabad City, Gujarat, Office- T.F.-309	India	S3-166793724	107	113	Ranked at position 107 in pool of 113 candidates
S1-753666948	Metro Foundation LLC	68412 Evans Road, Wallowa, OR	US	S3-525155629	117	132	Ranked at position 117 in pool of 132 candidates
S1-573054822	Ashirwad Brothers Private Limited	# 209, Bangalore, 4Th Cross Road Near Raghavendra Temple, Srinivasa Colon, Y, Karnataka, Bangalore	India	S2-527506840	249	305	Ranked at position 249 in pool of 305 candidates
S1-573054822	Ashirwad Brothers Private Limited	# 209, Bangalore, 4Th Cross Road Near Raghavendra Temple, Srinivasa Colon, Y, Karnataka, Bangalore	India	S3-399294164	267	305	Ranked at position 267 in pool of 305 candidates
S1-573054822	Ashirwad Brothers Private Limited	# 209, Bangalore, 4Th Cross Road Near Raghavendra Temple, Srinivasa Colon, Y, Karnataka, Bangalore	India	S3-353764245	264	305	Ranked at position 264 in pool of 305 candidates
S1-996003368	Sun Ventures Private Limited	Flat E 532 Begur Main Rd, Aratt Vivera Apartments, Bangalore South, Bangalore, Karnataka	India	S3-122988055	120	129	Ranked at position 120 in pool of 129 candidates
S1-595454070	Green (India) Financing Care	D-115, Kalpataru Park Society, Zundal, Opp Gurukul, Zundal, Gandhinagar, Gandhinagar, Gandhi Nagar, Gujarat	India	S3-825684638	108	117	Ranked at position 108 in pool of 117 candidates
S1-737053525	Verreon Development Inc	1324 Taylor Street, City Of Green Bay, WI, Unit Apartment	US	S3-237190069	222	227	Ranked at position 222 in pool of 227 candidates
S1-316857324	Pediatric Dentistry Specialists	1104 Bear Track Loop, Georgetown, TX	US	S3-54696426	125	139	Ranked at position 125 in pool of 139 candidates
S1-87682778	Quantium Travel	N88W13600 Main Street, Village Of Menomonee Falls, WI	US	S3-656110073	126	183	Ranked at position 126 in pool of 183 candidates
S1-35199219	Supreme Agro Private Limited	Kolkata, Camacstreet, Azimganjhouse, 1Stfloor, Kolkata, Howrah, 7, West Bengal	India	S3-266597612	103	409	Ranked at position 103 in pool of 409 candidates
S1-744043142	High Engineering Private Limited	No.2/504, Front Side First Floor, Ambedkar Nagar Main Road, Manapakkam, Chennai, Tamil Nadu	India	S3-682430691	145	381	Ranked at position 145 in pool of 381 candidates
S1-744043142	High Engineering Private Limited	No.2/504, Front Side First Floor, Ambedkar Nagar Main Road, Manapakkam, Chennai, Tamil Nadu	India	S3-725695094	142	381	Ranked at position 142 in pool of 381 candidates
S1-179904554	Bozeman, Ortman & Nichols Verde Inc.	312 Main Street, Stockport, IA	US	S3-872105458	107	355	Ranked at position 107 in pool of 355 candidates
S1-48818265	Baird & Salcido Apple LLC	10 Dupuis Avenue, Lewiston, ME	US	S3-888121772	124	126	Ranked at position 124 in pool of 126 candidates
S1-715122774	Jacinda M. Fleming, DO	8345 Bent Oak Drive, Indianapolis, IN	US	S3-88649533	108	149	Ranked at position 108 in pool of 149 candidates
S1-459735113	Multi India (India) of Cuddapah Private Limited	2-144 Gudipadu Village, Duvvur Mandal, Cuddapah, Andhra Pradesh	India	S3-443369323	128	175	Ranked at position 128 in pool of 175 candidates
S1-714840452	Everest	2902 Sam Houston Drive, Garland, TX	US	S3-19619859	163	197	Ranked at position 163 in pool of 197 candidates
S1-714840452	Everest	2902 Sam Houston Drive, Garland, TX	US	S3-20312601	194	197	Ranked at position 194 in pool of 197 candidates
S1-87359874	Sitaram Concepts Private Limited	T-5, 3Rd Floor, Girnar, Complex, Indrapuri, Sec-A, Huzur, Bhopal, Madhya Pradesh	India	S3-79063342	241	255	Ranked at position 241 in pool of 255 candidates
S1-87359874	Sitaram Concepts Private Limited	T-5, 3Rd Floor, Girnar, Complex, Indrapuri, Sec-A, Huzur, Bhopal, Madhya Pradesh	India	S2-693343621	218	255	Ranked at position 218 in pool of 255 candidates
S1-156650830	Paque Trust LP	8846 Ash Meadows Circle, Unit #722, Wilsonville, OR	US	S3-637999170	143	200	Ranked at position 143 in pool of 200 candidates
S1-55719902	Aryavart Traders Pvt Ltd	New No.5/1, Malligai Street, Plot No.40, Tamil Nadu, Madurai, Madurai North	India	S2-866165270	154	173	Ranked at position 154 in pool of 173 candidates
S1-55719902	Aryavart Traders Pvt Ltd	New No.5/1, Malligai Street, Plot No.40, Tamil Nadu, Madurai, Madurai North	India	S3-553825989	156	173	Ranked at position 156 in pool of 173 candidates
S1-228893963	Thai Epr LLC	WI, City Of Mayville, 273 John Street	US	S3-799664301	122	136	Ranked at position 122 in pool of 136 candidates
S1-271495468	Avie Hileman, DMD, M.D., P.C.	Kannapolis, NC, 1450 Christina Court	US	S3-66927091	199	302	Ranked at position 199 in pool of 302 candidates
S1-537417002	Steels Institute Limited	C/O Bharat Lal Arnoda, Mangrol, Chittorgarh, Rajasthan	India	S3-570327902	139	196	Ranked at position 139 in pool of 196 candidates
S1-792866873	Dattatray Trading LLP	A/P Wathar, Taluka Karad, Satara, Maharashtra	India	S2-936395075	125	126	Ranked at position 125 in pool of 126 candidates
S1-792866873	Dattatray Trading LLP	A/P Wathar, Taluka Karad, Satara, Maharashtra	India	S2-12647094	122	126	Ranked at position 122 in pool of 126 candidates
S1-114229458	Trinity Lutheran Church	611 Fingerboard Road, Staten Island, NY	US	S3-395111563	146	217	Ranked at position 146 in pool of 217 candidates
S1-549321163	Eugene Regional Church	OR, Eugene, 730 Louis Street	US	S3-586534078	120	168	Ranked at position 120 in pool of 168 candidates
S1-310249535	White Foundation Pvt Ltd	4Th Street, Subbalakshmi Nagar Korattur, Chennai, 42, Tamil Nadu	India	S2-764986192	124	165	Ranked at position 124 in pool of 165 candidates
S1-310249535	White Foundation Pvt Ltd	4Th Street, Subbalakshmi Nagar Korattur, Chennai, 42, Tamil Nadu	India	S2-154373458	101	165	Ranked at position 101 in pool of 165 candidates
S1-310249535	White Foundation Pvt Ltd	4Th Street, Subbalakshmi Nagar Korattur, Chennai, 42, Tamil Nadu	India	S2-313636718	125	165	Ranked at position 125 in pool of 165 candidates
S1-985316356	Georgina Mcneil Sterling Coca	325 Insider Loop, Elgin, TX	US	S2-918752766	106	122	Ranked at position 106 in pool of 122 candidates
S1-427017439	Sree Software Private Limited	Delhi, Madhuban, Delhi, 142	India	S2-81600229	121	363	Ranked at position 121 in pool of 363 candidates
S1-63969520	Kesteus Rothschild LLC	1711 Queensbury, Mesa, AZ	US	S3-655676413	184	212	Ranked at position 184 in pool of 212 candidates
S1-441425953	Modern Systems Limited	Plot No-Mig-I-203 Satyasahi Enclave, Aiginia, Bhubaneswar, Khordha, Orissa	India	S3-937608856	240	310	Ranked at position 240 in pool of 310 candidates
S1-441425953	Modern Systems Limited	Plot No-Mig-I-203 Satyasahi Enclave, Aiginia, Bhubaneswar, Khordha, Orissa	India	S3-77284061	245	310	Ranked at position 245 in pool of 310 candidates
S1-103924907	Services Laila Research Private Limited	Ahmedabad, Shed No - 12 / A, Ahmedabad, Keshavam Estate, Nr. Dhaval Industries, Ring Road, Nikol, Gujarat	India	S3-955710939	231	250	Ranked at position 231 in pool of 250 candidates
S1-171730535	Nerita Park Dynamic Sky Inc	9362 Cady Court, Omaha, NE	US	S3-715799955	127	141	Ranked at position 127 in pool of 141 candidates
S1-455370524	Global Agro Pvt Ltd	31/A Lemin Sarahi, Kolkata, Calcutta, West Bengal	India	S3-899591053	102	103	Ranked at position 102 in pool of 103 candidates
S1-623976560	Acumen Trading Private Limited	501-506 5Th Floor, B-Zone Business, Space Above Reliance Mart Nipania Road, Indore, Madhya Pradesh	India	S3-627756866	115	200	Ranked at position 115 in pool of 200 candidates
S1-592420611	Worlds Developers Private Limited	Sriranga Nilaya, Bmg Layout, Near Govt. Hospital, Varthur, Bengaluru, Bangalore, Karnataka	India	S3-848884246	107	111	Ranked at position 107 in pool of 111 candidates
S1-3968144	Hic Clinic	Office No-103, Building Sai Prasad, Akruti Nirman, Midc Marol, Pocket No-10, Road No-7, Near E S I C Office, Andheri (East), Mumbai, Maharashtra	India	S3-884870200	225	267	Ranked at position 225 in pool of 267 candidates
S1-615275487	Jay (India) Instruments Private Limited	A-69, Fiee Complex Phase-Ii, Okhla, South Delhi, Delhi	India	S3-193902031	114	222	Ranked at position 114 in pool of 222 candidates
S1-976374545	Coffey, Lee and Dyson	TX, Houston, 4114 Anice Street	US	S3-729402984	153	364	Ranked at position 153 in pool of 364 candidates
S1-339937401	Pitambara Infosol Private Limited	Lucknow, Plot No B 140 H Khasra No 180 Madhav Green Terakhash Laulai Mall, Uttar Pradesh	India	S2-105732518	107	293	Ranked at position 107 in pool of 293 candidates
S1-339937401	Pitambara Infosol Private Limited	Lucknow, Plot No B 140 H Khasra No 180 Madhav Green Terakhash Laulai Mall, Uttar Pradesh	India	S3-233401499	108	293	Ranked at position 108 in pool of 293 candidates
S1-802288346	Little Pub	1546 18th Avenue, New Brighton, MN	US	S3-604938627	182	253	Ranked at position 182 in pool of 253 candidates
S1-868592856	Sai Trading Private Limited	Plot No 204-205, Ugf, Blk, D-Pkt 16, Sec 3, Delhi, North West Delhi, Delhi	India	S2-224372701	279	445	Ranked at position 279 in pool of 445 candidates
S1-226671933	Emerald Cambridge Inc	2220 Seneca Drive, Town Of Grand Chute, WI	US	S3-82239324	119	190	Ranked at position 119 in pool of 190 candidates
S1-422209265	Vsquare Mill Private Limited	H.No.16-2-753/A/2, Sri Sri House 4Th Floor, Revenue Board Colony, Dilsukhnagar, Hyderabad, Telangana	India	S3-949823145	157	164	Ranked at position 157 in pool of 164 candidates
S1-422209265	Vsquare Mill Private Limited	H.No.16-2-753/A/2, Sri Sri House 4Th Floor, Revenue Board Colony, Dilsukhnagar, Hyderabad, Telangana	India	S3-663476557	161	164	Ranked at position 161 in pool of 164 candidates
S1-217399179	Scarlet Publishing	1St Floor, 29/2 Dnyanesh Hsg Soc Warje Malwadi, Pune, Maharashtra	India	S3-332923273	259	270	Ranked at position 259 in pool of 270 candidates
S1-46993078	Jayshree Trading Private Limited	1001, 10Th Floor, Dev Corpora Panch Pakhadi, Thane, Maharashtra	India	S3-647241013	107	391	Ranked at position 107 in pool of 391 candidates
S1-46993078	Jayshree Trading Private Limited	1001, 10Th Floor, Dev Corpora Panch Pakhadi, Thane, Maharashtra	India	S2-488447861	166	391	Ranked at position 166 in pool of 391 candidates
S1-290923889	(india) Samta Investments	Flat 208, Om Maa Bambleshwari App., Nagpur, Maharashtra	India	S3-138846434	450	475	Ranked at position 450 in pool of 475 candidates
S1-716053494	Dental Center L.L.C.	143 Chases Mill Road, East Machias, ME	US	S2-474122752	108	130	Ranked at position 108 in pool of 130 candidates
S1-716053494	Dental Center L.L.C.	143 Chases Mill Road, East Machias, ME	US	S3-689923492	112	130	Ranked at position 112 in pool of 130 candidates
S1-846738032	New Industries Private Limited	Plot- 190/1, Ground Floor, Kh No 25/11 Rishal Garden, New Delhi, West Delhi, Delhi	India	S3-609623945	207	270	Ranked at position 207 in pool of 270 candidates
S1-846738032	New Industries Private Limited	Plot- 190/1, Ground Floor, Kh No 25/11 Rishal Garden, New Delhi, West Delhi, Delhi	India	S2-234052417	158	270	Ranked at position 158 in pool of 270 candidates
S1-413227746	Orthopedic Health	3529 3100, West Haven, UT	US	S3-322256024	109	204	Ranked at position 109 in pool of 204 candidates
S1-540439534	Metro Society	3133 Jarlath Street, IL, Chicago	US	S2-113663111	113	126	Ranked at position 113 in pool of 126 candidates
S1-847187523	Royal (India) Synergy Private Limited	Flat No 3B Third Floor, 3 No Umesh Mukherjee Road, North 24 Parganas, West Bengal	India	S3-769735109	212	322	Ranked at position 212 in pool of 322 candidates
S1-859993873	Bombay Management Pvt Ltd	402, F Wing, Kailash Industrial Complex Off Park Site, Hiranadani Link Road, Vikhr, Oli (West), Mumbai, Mumbai City, Maharashtra	India	S2-261037088	191	277	Ranked at position 191 in pool of 277 candidates
S1-859993873	Bombay Management Pvt Ltd	402, F Wing, Kailash Industrial Complex Off Park Site, Hiranadani Link Road, Vikhr, Oli (West), Mumbai, Mumbai City, Maharashtra	India	S2-143563825	221	277	Ranked at position 221 in pool of 277 candidates
S1-571420311	(india) Leader Agro Care	Meerut Roadmuzaffarnagar Muzaffarnagar, Uttar Pradesh	India	S3-151715797	143	176	Ranked at position 143 in pool of 176 candidates
S1-794100950	Indraya Services Private Limited	Block Ii, 6C, Ceebros Shyamala Garden, 136, Arcot Road, Saligramam, Chennai, Tamil Nadu	India	S3-760081745	229	311	Ranked at position 229 in pool of 311 candidates
S1-794100950	Indraya Services Private Limited	Block Ii, 6C, Ceebros Shyamala Garden, 136, Arcot Road, Saligramam, Chennai, Tamil Nadu	India	S2-755106908	137	311	Ranked at position 137 in pool of 311 candidates
S1-541418443	Planet Industries Private Limited	House No 53, Street No-3, Chunni Mohammadpurazampur, Hapur, Ghaziabad, Uttar Pradesh	India	S3-8714401	166	217	Ranked at position 166 in pool of 217 candidates
S1-198101753	Lyrify Crumrine LLC	300 Water Street, Unit 311, Mobile, AL	US	S3-143124361	217	226	Ranked at position 217 in pool of 226 candidates
S1-718829318	Allied Piedmont Workshop	117 Lincoln Avenue, Ada, OH	US	S3-965502412	118	129	Ranked at position 118 in pool of 129 candidates
S1-293316136	Queen Morgan LLC	1725 V Street, Unit APT 3, Sacramento, CA	US	S3-855431441	215	292	Ranked at position 215 in pool of 292 candidates
S1-928716344	Resource Hospitality (India) Pvt Ltd	E-56, Main Vikas Marg Laxmi Nagar, Near Heera Sweets, Delhi, East Delhi, Delhi	India	S3-478962909	218	222	Ranked at position 218 in pool of 222 candidates
S1-855137328	Wilkerson, Appolonia, M.D.	Dallas, 1615 Dragon Street, TX	US	S3-658625869	125	144	Ranked at position 125 in pool of 144 candidates
S1-526229447	Waldrop and Blanding Thunder Inc	1434 Vine Street, Norman, OK	US	S2-994362670	209	258	Ranked at position 209 in pool of 258 candidates
S1-300070334	Jain Technologies Private Limited	Kunja Venkatesh, H No : 2- 43 Main Road, Maddikonda, Khammam, Telangana	India	S2-218134529	127	295	Ranked at position 127 in pool of 295 candidates
S1-968919596	Raj Tech Private Limited	H.No. 6-3-1186, A And B, Shop No. 05 & 105, Raj Bhavan Road, Somajiguda, Hyderabad, Telangana	India	S3-704437148	127	327	Ranked at position 127 in pool of 327 candidates
S1-968919596	Raj Tech Private Limited	H.No. 6-3-1186, A And B, Shop No. 05 & 105, Raj Bhavan Road, Somajiguda, Hyderabad, Telangana	India	S3-958980111	108	327	Ranked at position 108 in pool of 327 candidates
S1-907537271	Mark Acquisition LLC	TX, Amarillo, 3218 Villa Place	US	S3-475201390	181	197	Ranked at position 181 in pool of 197 candidates
S1-599737664	Pacific Federation VI	7400 Whitehall Colonial Lane, Unit UNIT 419, Saint Louis, MO	US	S3-365227725	113	160	Ranked at position 113 in pool of 160 candidates
S1-734904795	Navya Consulting (India) Private Limited	Shop No. 3, Wing C, Agarwal Pride, 1308, Kasba Peth, Pune City, Pune, Maharashtra	India	S3-179971116	350	408	Ranked at position 350 in pool of 408 candidates
S1-104451692	Melissa's Distribution	Logan Township, 213 Marjorie Road, PA	US	S2-585871796	210	229	Ranked at position 210 in pool of 229 candidates
S1-398871307	Bay Federation	8150 River Course Drive, Pulaski County, VA	US	S3-173622380	167	227	Ranked at position 167 in pool of 227 candidates
S1-203497386	Cypress Inc.	30527 417th Avenue W, Depew, OK	US	S2-432513323	162	199	Ranked at position 162 in pool of 199 candidates
S1-855846245	Red Pizza!	2820 Prairie Road, Lincoln, NE	US	S3-248147117	232	298	Ranked at position 232 in pool of 298 candidates
S1-855846245	Red Pizza!	2820 Prairie Road, Lincoln, NE	US	S3-256010128	102	298	Ranked at position 102 in pool of 298 candidates
S1-360471795	Southern Media	Second Floor Mahalakshmi Flats, At Block G, Door No.6/28, (Part) Old No.43 New No.3, Harrington Road, 5Th Avenue, Chetpet, Tamil Nadu, Chennai, Egmore Nungambakkam, Flat No.G-6	India	S2-743721428	131	328	Ranked at position 131 in pool of 328 candidates
S1-774049047	Flamingo It Private Limited	Hno.C-125, Street No.4, Rajiv Nagar West, Sadar Bazar, Gurgaon, Haryana	India	S3-200080609	196	217	Ranked at position 196 in pool of 217 candidates
S1-774049047	Flamingo It Private Limited	Hno.C-125, Street No.4, Rajiv Nagar West, Sadar Bazar, Gurgaon, Haryana	India	S2-380329439	186	217	Ranked at position 186 in pool of 217 candidates
S1-394400964	Terrie Costello Dominion LLC	TN, Goodlettsville, 712 Space Park	US	S3-855723104	157	181	Ranked at position 157 in pool of 181 candidates
S1-900135353	Great Galaxy Healthcare Private Limited	No 1091, 12Th Main, 2Nd Stage West Of Chord Road, Mahalakshmipuram, Bangalore, Karnataka	India	S3-314386551	164	255	Ranked at position 164 in pool of 255 candidates
S1-415984408	Arham On Private Limited	303/A, Mumbai Agra Road, Manas Resort, Igatpuri, Nashik, Maharashtra	India	S3-421122822	257	267	Ranked at position 257 in pool of 267 candidates
S1-437544884	Jain Energy Private Limited	Houseno.6, Blockno.A, 7Thcross, Giranvankar Colonyring, Nearsolapurroad, Mbpatilnagar, Vijayapura, Bijapur, Karnataka	India	S3-623156234	250	286	Ranked at position 250 in pool of 286 candidates
S1-991409551	Kestrel	2831 Lakeland Drive, Nashville, TN	US	S2-944696059	102	234	Ranked at position 102 in pool of 234 candidates
S1-314875238	Fresh Bike Shop	1786 Woodpine Lane, Cincinnati, OH	US	S3-959300654	223	259	Ranked at position 223 in pool of 259 candidates
S1-257608117	Solyn Aegon LLC	7622 Kelly Drive, Dublin, OH	US	S3-245261941	109	176	Ranked at position 109 in pool of 176 candidates
S1-127957931	Galaxy Tech Private Limited	Level 10 & 11, Prestige Khoday Tower 5 Raj Bhavan Road, Bangalore, Karnataka	India	S2-231704037	110	308	Ranked at position 110 in pool of 308 candidates
S1-43723961	Premier Foods	Pune, Bng.No.12, Mussadik Complex, 2Nd Floor, Lane No 15 B, Sayyednagar, Handewadi Rd, Hadapsar, Maharashtra, Pune	India	S3-473198548	289	308	Ranked at position 289 in pool of 308 candidates
S1-332298886	Ss Investments Private Limited	No 5/77, Gangai Nagar, Steel Plant Maramangalathupatty, Salem, Tamil Nadu	India	S2-74020958	149	163	Ranked at position 149 in pool of 163 candidates
S1-424174916	Modern Business Private Limited	Shop No 341 3F Block A, Chandigarh City Center, Rajpura, Mohali, Punjab	India	S2-638403598	192	244	Ranked at position 192 in pool of 244 candidates
S1-424174916	Modern Business Private Limited	Shop No 341 3F Block A, Chandigarh City Center, Rajpura, Mohali, Punjab	India	S3-595161653	217	244	Ranked at position 217 in pool of 244 candidates
S1-377859768	Satnam Property Limited	Aditya, B/H Sardar Patel Seva Samaj Hall, Nr. Mithakhali Six Roads, Navrangpura, Ahmedabad, Gujarat, 304	India	S3-358504033	119	224	Ranked at position 119 in pool of 224 candidates
S1-381233875	Classic Producer LLP	Office In 23/3, F/F East Patel Ngar, Delhi, West Delhi, Delhi	India	S3-886955356	198	238	Ranked at position 198 in pool of 238 candidates
S1-345818850	My Logistics Pvt Ltd	Flat No. B/1501, Dosti Oak, Dosti West County, Balkum, Thane, Maharashtra	India	S3-688125885	138	146	Ranked at position 138 in pool of 146 candidates
S1-727625092	Saint Ministries	Boston, 2 Blaban Place, MA	US	S2-209968807	134	305	Ranked at position 134 in pool of 305 candidates
S1-727625092	Saint Ministries	Boston, 2 Blaban Place, MA	US	S2-312175979	139	305	Ranked at position 139 in pool of 305 candidates
S1-689908278	New Delhi Shakti Private Limited	44, 2Nd Floor, New Delhi, Central Delhi, Delhi	India	S3-283214368	109	138	Ranked at position 109 in pool of 138 candidates
S1-429715071	Orion LLC	214 Morgan Street, Suisun City, CA	US	S2-221839323	192	257	Ranked at position 192 in pool of 257 candidates
S1-429715071	Orion LLC	214 Morgan Street, Suisun City, CA	US	S3-297605462	137	257	Ranked at position 137 in pool of 257 candidates
S1-152457941	Womens Health Group	6250 Mimi Mountain Road, Hillsboro, MO	US	S3-545245450	158	169	Ranked at position 158 in pool of 169 candidates
S1-596951959	Inland & Brothers Pvt Ltd	19-B-2, Gali No-30, Block F, Madhu Vihar, Delhi, East Delhi, Delhi	India	S2-110569766	182	308	Ranked at position 182 in pool of 308 candidates
S1-13111658	Gusto Power (India) Private Limited	House No. 29/9, Ward No.7, Infront Of Jeening Complex, Makdi Mata Road, Teh- Shamgarh, Mandsaur, Madhya Pradesh	India	S2-86333843	123	364	Ranked at position 123 in pool of 364 candidates
S1-13111658	Gusto Power (India) Private Limited	House No. 29/9, Ward No.7, Infront Of Jeening Complex, Makdi Mata Road, Teh- Shamgarh, Mandsaur, Madhya Pradesh	India	S2-772438457	114	364	Ranked at position 114 in pool of 364 candidates
S1-757122705	Nashik India Pvt. Ltd.	Ahmedabad, B-37, Ahmedabad, Gujarat, Shivalik Bunglows, Ratanpura Gam, Vastaral Road	India	S3-718882498	125	157	Ranked at position 125 in pool of 157 candidates
S1-564854916	Heart Project	196 1743, Fl 0, Chico, TX	US	S2-598753726	107	174	Ranked at position 107 in pool of 174 candidates
S1-193114843	Kerrin Ware, O.D., DDS PC	7239 Caspian Drive, Fairview, TN	US	S3-152270640	178	183	Ranked at position 178 in pool of 183 candidates
S1-849605358	Lucky Nails LLC	167 Bourn Avenue, Somerset, MA	US	S3-879253112	136	301	Ranked at position 136 in pool of 301 candidates
S1-232383675	Lucky Yoga PC	601 County Road 3921, TX, Cleveland	US	S3-176508229	136	265	Ranked at position 136 in pool of 265 candidates
S1-665234047	Vanguard LLC	1321 Division Street, Oregon City, OR	US	S3-283733107	221	224	Ranked at position 221 in pool of 224 candidates
S1-222086753	Indi Bunkering Limited	Kalyanpur, Maina Rameshwar Bhawan Ashok Town Hall Road, Jamui, Bihar	India	S3-730703615	199	217	Ranked at position 199 in pool of 217 candidates
S1-481406384	Lucky Deli	3845 Avenel Way, Bldg 15, Groveport, OH	US	S3-446471655	124	146	Ranked at position 124 in pool of 146 candidates
S1-481406384	Lucky Deli	3845 Avenel Way, Bldg 15, Groveport, OH	US	S3-74310028	107	146	Ranked at position 107 in pool of 146 candidates
S1-602251580	Sirohi Fish Corp	Rajasthan, Sirohi, Plot No.13/A, Khasara No.556 Adarsh Colony, Village Mordu	India	S3-470821740	204	254	Ranked at position 204 in pool of 254 candidates
S1-625687645	Indo Agro Private Limited	39/2475-B1, Suite#248, Lr Towers, Sjrra 104 S Janatha Rd Palarivattom, Kochi, Ernakulam, Kerala	India	S2-83729108	142	273	Ranked at position 142 in pool of 273 candidates
S1-612738959	Rodyne Family Office LLC	5153 Hamlin Avenue, Chicago, IL	US	S3-34562858	130	138	Ranked at position 130 in pool of 138 candidates
S1-458263711	Verryn Communications Inc	15 Ditmar Street, Quincy, MA	US	S3-510502384	120	189	Ranked at position 120 in pool of 189 candidates
S1-233271176	Stauffer Rocky Eye Care	Unit APT 1, Roanoke City, 815 Day Avenue, VA	US	S3-784529688	219	229	Ranked at position 219 in pool of 229 candidates
S1-301004277	Maid Book Store!	Gallatin, 422 Ryan Avenue, TN	US	S3-56574442	148	277	Ranked at position 148 in pool of 277 candidates
S1-301004277	Maid Book Store!	Gallatin, 422 Ryan Avenue, TN	US	S3-362649535	165	277	Ranked at position 165 in pool of 277 candidates
S1-216798356	Lotus Finance Private Limited	Satghara, Serampore Mallickpara, Serampore, Hooghly, West Bengal	India	S3-464541130	112	114	Ranked at position 112 in pool of 114 candidates
S1-142623819	Dermatology Medicine	2930 Tidewater Drive, Houston, TX	US	S3-993516095	149	212	Ranked at position 149 in pool of 212 candidates
S1-600969603	Nirmit Clinic Limited	S 8/129-4, Sudhakar Road Khajuri, Varanasi, Uttar Pradesh	India	S3-561373479	109	114	Ranked at position 109 in pool of 114 candidates
S1-600969603	Nirmit Clinic Limited	S 8/129-4, Sudhakar Road Khajuri, Varanasi, Uttar Pradesh	India	S3-950726743	113	114	Ranked at position 113 in pool of 114 candidates
S1-132614283	Aguilar, Frank N., MD LP	4 Pine Tree Drive, Unit Unit 223, Arden Hills, MN	US	S3-94599149	153	170	Ranked at position 153 in pool of 170 candidates
S1-268432255	Bertha Trejo Neuberger, Inc	MD, 3909 Nicholson Street, Hyattsville	US	S3-124983537	118	123	Ranked at position 118 in pool of 123 candidates
S1-483352659	Arts Fund	GA, 2370 Metropolitan Parkway, Atlanta, Unit L6	US	S3-540445540	153	175	Ranked at position 153 in pool of 175 candidates
S1-299104211	First Presbyterian Church	Canton, 66 Oakdale Road, MA	US	S3-449292332	264	266	Ranked at position 264 in pool of 266 candidates
S1-720791036	Red Nails LLC	CT, 22 Goodrich Road, Glastonbury	US	S3-198357654	265	282	Ranked at position 265 in pool of 282 candidates
S1-720791036	Red Nails LLC	CT, 22 Goodrich Road, Glastonbury	US	S3-792079716	223	282	Ranked at position 223 in pool of 282 candidates
S1-940655665	Saravana Resources	Plot No B-9, Near Nirlep Industries, Midc, Railway Station, Chawani, Aurangabad, Maharashtra	India	S3-905280244	121	156	Ranked at position 121 in pool of 156 candidates
S1-632245405	ZIX Metal Private Limited	House No. 38, Sfs Flats, Block-Bu Pitampura, New Delhi, Delhi	India	S3-807593505	232	242	Ranked at position 232 in pool of 242 candidates
S1-824680240	Varma Field Center	C-5/A/264 T/F Janak Puri Near Mandir, Delhi, West Delhi, Delhi	India	S3-350961739	156	200	Ranked at position 156 in pool of 200 candidates
S1-285842810	Womens Health Specialists	172-19 129 Avenue, Jamaica, NY	US	S2-67695675	155	177	Ranked at position 155 in pool of 177 candidates
S1-860111323	Harbor Ministries, LLC	36 Back Street, Newfane, VT	US	S3-101134491	251	280	Ranked at position 251 in pool of 280 candidates
S1-829350937	BHP Consulting Pvt Ltd	2Nd Floor, Unique House, 25, S A Brelvi Road, Fort, Mumbai, Maharashtra	India	S3-106760748	222	272	Ranked at position 222 in pool of 272 candidates
S1-225318115	Rogers and Rafferty Machine Works, Inc	2810 9th Street, Muncie, IN	US	S2-841016419	201	258	Ranked at position 201 in pool of 258 candidates
S1-236648945	Shanmuga Softech Limited	H No. 93, Swami, Vivekananda Nagar, Kota, Rajasthan	India	S3-50967498	146	155	Ranked at position 146 in pool of 155 candidates
S1-535074222	Modern Foundation Private Limited	40-B Dda Flats Masjid Moth1, New Delhi, South Delhi, Delhi	India	S3-590040198	253	254	Ranked at position 253 in pool of 254 candidates
S1-222341225	Gold Builders LLP	Unit No.402, Psr Prime Towers Beside Dlf Building, Gachibowli, Hyderabad, Telangana	India	S3-85503964	172	238	Ranked at position 172 in pool of 238 candidates
S1-222341225	Gold Builders LLP	Unit No.402, Psr Prime Towers Beside Dlf Building, Gachibowli, Hyderabad, Telangana	India	S2-456317470	117	238	Ranked at position 117 in pool of 238 candidates
S1-892803444	Classic Infrastructure Private Limited	Plot No. 665/1 Newsri Nagar, Lucknow, Uttar Pradesh	India	S2-587666160	120	148	Ranked at position 120 in pool of 148 candidates
S1-892803444	Classic Infrastructure Private Limited	Plot No. 665/1 Newsri Nagar, Lucknow, Uttar Pradesh	India	S3-519177728	124	148	Ranked at position 124 in pool of 148 candidates
S1-652633566	First Investment Private Limited	O No.104, N No.9A, 1St Main Road, Gopalapuram, Poonamallee, Tiruvallur, Tamil Nadu	India	S3-447131041	355	466	Ranked at position 355 in pool of 466 candidates
S1-652633566	First Investment Private Limited	O No.104, N No.9A, 1St Main Road, Gopalapuram, Poonamallee, Tiruvallur, Tamil Nadu	India	S3-572248214	391	466	Ranked at position 391 in pool of 466 candidates
S1-814443680	Mathilde Mcnab Horizon Vision Corp	2307 Farington Road, Wichita Falls, TX	US	S3-840993671	139	233	Ranked at position 139 in pool of 233 candidates
S1-814443680	Mathilde Mcnab Horizon Vision Corp	2307 Farington Road, Wichita Falls, TX	US	S2-246318936	137	233	Ranked at position 137 in pool of 233 candidates
S1-745224989	Urban Auto Body	IL, Vernon Hills, 411 Sycamore Street	US	S2-120047620	144	287	Ranked at position 144 in pool of 287 candidates
S1-745224989	Urban Auto Body	IL, Vernon Hills, 411 Sycamore Street	US	S3-443248477	209	287	Ranked at position 209 in pool of 287 candidates
S1-745224989	Urban Auto Body	IL, Vernon Hills, 411 Sycamore Street	US	S2-936077155	133	287	Ranked at position 133 in pool of 287 candidates
S1-745224989	Urban Auto Body	IL, Vernon Hills, 411 Sycamore Street	US	S3-297293450	204	287	Ranked at position 204 in pool of 287 candidates
S1-745224989	Urban Auto Body	IL, Vernon Hills, 411 Sycamore Street	US	S2-15473380	122	287	Ranked at position 122 in pool of 287 candidates
S1-250141992	County Of	9518 23rd Court, Vancouver, WA	US	S2-127220578	133	299	Ranked at position 133 in pool of 299 candidates
S1-221175497	Hunger Alliance	103 Prospect Street, Mount Vernon, OH	US	S3-528648555	153	194	Ranked at position 153 in pool of 194 candidates
S1-701228145	Aryans & Co Company	Plot No. 304 Sisupalgarh, Phase-1, Bhubaneswar, Khordha, Orissa	India	S3-282320351	325	335	Ranked at position 325 in pool of 335 candidates
S1-823271642	Vantelle Trading Inc	143 Kilbourne Road, Cheektowaga, NY	US	S3-85962955	117	192	Ranked at position 117 in pool of 192 candidates
S1-295020706	Uptown Deli	7250 45th Street, Tucson, AZ	US	S3-991031941	176	242	Ranked at position 176 in pool of 242 candidates
S1-568248556	Glow Polytechnic Limited	At Post- Khekoda, Taluka- Navapur, Dist- Nandurbar, Nandurbar, Maharashtra	India	S3-970996722	123	216	Ranked at position 123 in pool of 216 candidates
S1-646701374	Niti Coldstorage Private Limited	102 Plot-15/16, Cts-545, 545/1 To 5, Anand Bhuvan, Amrut Dham, Tps-Iv, Iv A, Tejpal Road, Vile, Parle (E), Mumbai, Mumbai City, Maharashtra	India	S3-566756705	134	135	Ranked at position 134 in pool of 135 candidates
S1-678156522	Goodshine Fund LLP	A - 201, Second Floor, Parshwa Thobha Sheri, Mahidharpura, Surat, Gujarat	India	S3-510579807	204	205	Ranked at position 204 in pool of 205 candidates
S1-373957888	Anilaya Garments Ltd	Hyderabad, No. 6/2/231Kukatpally, Telangana, Andhra Pradesh	India	S2-459957879	144	151	Ranked at position 144 in pool of 151 candidates
S1-653167737	Quantium Bancshares Inc.	1109 Lincoln Avenue, Farmington, NM	US	S3-242427302	156	189	Ranked at position 156 in pool of 189 candidates
S1-700407993	Aditya Builders Private Limited	W-43-B S/F B/P W Block Road Greater Kailash-Ii, New Delhi, South Delhi, Delhi	India	S3-210229054	374	394	Ranked at position 374 in pool of 394 candidates
S1-11179501	Vj Africa (India) Co	H No.7-4-25/A, Second Floor, Omkar Nagar Bairamalguda, Hyderabad, Telangana	India	S3-37849234	196	272	Ranked at position 196 in pool of 272 candidates
S1-916457572	Zephyr It LLP	Madhya Pradesh, Dewas, Bunglow Main Road, 111 Moti	India	S3-94734418	116	125	Ranked at position 116 in pool of 125 candidates
S1-916457572	Zephyr It LLP	Madhya Pradesh, Dewas, Bunglow Main Road, 111 Moti	India	S2-922654608	106	125	Ranked at position 106 in pool of 125 candidates
S1-132651583	Tech (India) Merchants Private Limited	H.No 154, 3Rd Floor, Vinoba Puri, New Delhi, South Delhi, Delhi	India	S3-732129408	103	146	Ranked at position 103 in pool of 146 candidates
S1-847096293	Sanskruti Process Center	H. No. 210, Lot No. 2, Jaiswal School, Mughalsarai, Chandauli, Uttar Pradesh	India	S3-220626257	317	338	Ranked at position 317 in pool of 338 candidates
S1-258440092	Anjaneya Chemicals Private Limited	Plot No. K-86 1St Floor, Pkt-N Sec-1 Dsidc, Delhi, North West Delhi, Delhi	India	S3-115863108	257	290	Ranked at position 257 in pool of 290 candidates
S1-258440092	Anjaneya Chemicals Private Limited	Plot No. K-86 1St Floor, Pkt-N Sec-1 Dsidc, Delhi, North West Delhi, Delhi	India	S3-399258315	271	290	Ranked at position 271 in pool of 290 candidates
S1-594512770	Mize American LLC	2600 Glenwood Avenue, Unit 422, Raleigh, NC	US	S3-389547335	124	180	Ranked at position 124 in pool of 180 candidates
S1-635380294	Reex Real Inc	1905 University Drive, Unit 161, Tempe, AZ	US	S2-951132003	122	265	Ranked at position 122 in pool of 265 candidates
S1-134615368	Lynx LLC	138 S Park Way, Sanford, NC	US	S2-888051062	110	234	Ranked at position 110 in pool of 234 candidates
S1-773720122	Kannur Dwellers Private Limited	49/491, Second Floor, Royal Oak Thana, Kannur, Kerala	India	S3-384741769	103	416	Ranked at position 103 in pool of 416 candidates
S1-545946325	Bay Council V Inc	2150 Bell Road, Unit 1086, Phoenix, AZ	US	S3-264093929	175	191	Ranked at position 175 in pool of 191 candidates
S1-545946325	Bay Council V Inc	2150 Bell Road, Unit 1086, Phoenix, AZ	US	S2-589402549	173	191	Ranked at position 173 in pool of 191 candidates
S1-791649043	Panchmahal Trading Private Limited	0-4, Floor-2, Plot-807, D, Im, Perialmahal, Drbabasahebrd, Mumbai, Maharashtra	India	S2-485405165	236	420	Ranked at position 236 in pool of 420 candidates
S1-529034977	Taransh Holdings	A-14, Gautam Buddha Nagar, Hudco Karmchari, Sas, Plot- F-01, Sector-33, Uttar Pradesh, Noida	India	S3-986518412	281	281	Ranked at position 281 in pool of 281 candidates
S1-712200425	Blue Hypnosis!	872 Loch Haven Boulevard, Maumee, OH	US	S3-256094180	288	288	Ranked at position 288 in pool of 288 candidates
S1-712200425	Blue Hypnosis!	872 Loch Haven Boulevard, Maumee, OH	US	S3-308273142	101	288	Ranked at position 101 in pool of 288 candidates
S1-54874176	Yamuansh Enterprises Limited	No.34, P.Shunmugam Road, Kumbakonam. Kumbakonam., Kumbakonam., Tamil Nadu	India	S3-443932248	124	163	Ranked at position 124 in pool of 163 candidates
S1-742804628	Dynamic Trading Inc	4769 Hugo Reyes Street, City Of El Paso, TX	US	S3-426781571	118	122	Ranked at position 118 in pool of 122 candidates
S1-458089375	Downtown Diner LLC	OR, Bend, 103 Oregon Avenue	US	S3-483401274	156	226	Ranked at position 156 in pool of 226 candidates
S1-520357461	Wilson Complete Applied LLC	12015 Marine Drive, Unit CAMPSITE 823, Marysville, WA	US	S2-880281357	255	305	Ranked at position 255 in pool of 305 candidates
S1-748553984	Priscella Hoover, O.D.	75 Chestnut Street, MA, Lee	US	S3-659455665	124	163	Ranked at position 124 in pool of 163 candidates
S1-124308942	Noor & Co	Pune, Maharashtra, Oxford Village, Ph-Iii, Bl-B, Sn. 61/62/63, Wanawadi, Pune, Fl-1106	India	S3-351461556	189	193	Ranked at position 189 in pool of 193 candidates
S1-124308942	Noor & Co	Pune, Maharashtra, Oxford Village, Ph-Iii, Bl-B, Sn. 61/62/63, Wanawadi, Pune, Fl-1106	India	S2-351243203	104	193	Ranked at position 104 in pool of 193 candidates
S1-581881231	Global Global Private Limited	Ernakulam, 33/1964 Devankulangaraedappally P O, Idukki, Kerala	India	S3-424224209	173	198	Ranked at position 173 in pool of 198 candidates
S1-14306813	Newway (India) Mills Private Limited	No. 10, Karnataka, Old No C 26, 3Rd Main Road K S I D C Industrial Estate, Rajajinagar, Bangalore	India	S2-230859029	125	136	Ranked at position 125 in pool of 136 candidates
S1-14306813	Newway (India) Mills Private Limited	No. 10, Karnataka, Old No C 26, 3Rd Main Road K S I D C Industrial Estate, Rajajinagar, Bangalore	India	S3-33963196	134	136	Ranked at position 134 in pool of 136 candidates
S1-135594079	Happy Tattoo	48 Lockhart Lane, Lillington, NC	US	S3-536748048	174	275	Ranked at position 174 in pool of 275 candidates
S1-842571256	Daffodils & Sons Private Limited	24/P, Raghavendra Nagar, New Malkapur, Sangareddy, Medak, Telangana	India	S3-440630755	160	163	Ranked at position 160 in pool of 163 candidates
S1-766825893	Pollyanna's Beacon Ice Cream	147 Hunters Glen Drive, San Marcos, TX	US	S3-827270458	113	126	Ranked at position 113 in pool of 126 candidates
S1-813205952	Dahl Unified Armada Inc	102 R South Street, Cuba, NY	US	S3-745753278	145	295	Ranked at position 145 in pool of 295 candidates
S1-813205952	Dahl Unified Armada Inc	102 R South Street, Cuba, NY	US	S3-941390280	253	295	Ranked at position 253 in pool of 295 candidates
S1-395899155	Dharti Infrastructure Limited	No.41, Raju Towers, Cauvery Nagar South, Pudukkottai Road, Thanjavur, Tamil Nadu	India	S3-111713306	112	136	Ranked at position 112 in pool of 136 candidates
S1-395899155	Dharti Infrastructure Limited	No.41, Raju Towers, Cauvery Nagar South, Pudukkottai Road, Thanjavur, Tamil Nadu	India	S3-27834999	115	136	Ranked at position 115 in pool of 136 candidates
S1-407233428	Halceus Regency, Inc	207 Pine Street, Dayton, TX	US	S3-18726698	255	255	Ranked at position 255 in pool of 255 candidates
S1-785973509	Star Startup Ltd	Indore, Skye Corporate Park, Flat No. 1316, Madhya Pradesh, Indore	India	S2-356087942	169	265	Ranked at position 169 in pool of 265 candidates
S1-604431451	Friederike Mullally Platinum Payments Center	849 Flat Creek Road, Gilboa, NY	US	S2-677010507	200	283	Ranked at position 200 in pool of 283 candidates
S1-796199937	Radhe Nursing Home	H No-12-C G/F L/P Madanpur Khadar, New Delhi, Delhi	India	S3-539764137	221	288	Ranked at position 221 in pool of 288 candidates
S1-148790352	Ganapati Solutions Public Limited	16/344, First Floor, Ananya, Mukkath House Near Govt. High School, Muppathadom, Kerala	India	S2-538286788	166	290	Ranked at position 166 in pool of 290 candidates
S1-148790352	Ganapati Solutions Public Limited	16/344, First Floor, Ananya, Mukkath House Near Govt. High School, Muppathadom, Kerala	India	S3-558760025	104	290	Ranked at position 104 in pool of 290 candidates
S1-81883958	Jain It Private Limited	2Nd Floor, Amrapali Bazar, Sector-22, Indira Nagar, Lucknow, Uttar Pradesh	India	S3-169514775	280	289	Ranked at position 280 in pool of 289 candidates
S1-399784604	Poddar Tours Ltd	No.459, First Floor, Freedom Road, Viduthalai Ngr, Kolathur, Kovilambakkam, Chennai, Tamil Nadu	India	S3-936936649	120	252	Ranked at position 120 in pool of 252 candidates
S1-142091117	Dynamic Trading	2/12, 5Th Cross Road Maruti Nagar, Madiwala, Bangalore, Karnataka	India	S3-354835788	254	312	Ranked at position 254 in pool of 312 candidates
S1-142091117	Dynamic Trading	2/12, 5Th Cross Road Maruti Nagar, Madiwala, Bangalore, Karnataka	India	S3-643550135	294	312	Ranked at position 294 in pool of 312 candidates
S1-142091117	Dynamic Trading	2/12, 5Th Cross Road Maruti Nagar, Madiwala, Bangalore, Karnataka	India	S3-604669932	264	312	Ranked at position 264 in pool of 312 candidates
S1-142091117	Dynamic Trading	2/12, 5Th Cross Road Maruti Nagar, Madiwala, Bangalore, Karnataka	India	S2-490504806	126	312	Ranked at position 126 in pool of 312 candidates
S1-791781775	Seven Trading Pvt. Ltd.	House No. 17, Sector - 12A Dwarka, Delhi, South West Delhi, Delhi	India	S3-293261801	113	144	Ranked at position 113 in pool of 144 candidates
S1-503162036	Eastern Foods	34/585, 1St Floor, Krishna Towers, Civil Line Road, Opposite P.O.C, Edapally P.O, Padivattom, Kochi, Ernakulam, Kerala	India	S3-834709688	183	258	Ranked at position 183 in pool of 258 candidates
S1-627896481	St. Emanuel	159 137, Cullman, AL	US	S3-482849351	200	232	Ranked at position 200 in pool of 232 candidates
S1-627896481	St. Emanuel	159 137, Cullman, AL	US	S3-159412547	201	232	Ranked at position 201 in pool of 232 candidates
S1-367641586	Kusum Projects Private Limited	Punjab, Ghagga, Ward No. 9, Vpo Ghagga, Tehsil Patran, House No. 118, Patiala	India	S2-835606720	104	270	Ranked at position 104 in pool of 270 candidates
S1-737357401	Yamuanth Design Pvt Ltd	8/1A, Sir William Jones Sarani, 5Th Floor, Room No : 5, Kolkata, Howrah, West Bengal	India	S3-872638219	126	217	Ranked at position 126 in pool of 217 candidates
S1-737357401	Yamuanth Design Pvt Ltd	8/1A, Sir William Jones Sarani, 5Th Floor, Room No : 5, Kolkata, Howrah, West Bengal	India	S3-611659705	141	217	Ranked at position 141 in pool of 217 candidates
S1-737357401	Yamuanth Design Pvt Ltd	8/1A, Sir William Jones Sarani, 5Th Floor, Room No : 5, Kolkata, Howrah, West Bengal	India	S3-765378299	142	217	Ranked at position 142 in pool of 217 candidates
S1-890750354	Sargam Ventures Private Limited	1 New Anupama Flatsbehind Oxford Towers Opp Gurukul Tower Memnagar, Ahmedabad, Gujarat	India	S3-103028706	123	139	Ranked at position 123 in pool of 139 candidates
S1-632433603	Honesty Energy (India) LLP	Coimbatore, D.No T-83 Shop No.4&5, Tamil Nadu, Coimbatore South, Sri Vignesh Building	India	S2-492377899	214	243	Ranked at position 214 in pool of 243 candidates
S1-13173234	Fresh Seafood Associates	133 Forest Park Drive, NC, Thomasville	US	S3-558668460	143	324	Ranked at position 143 in pool of 324 candidates
S1-852537473	City Alpha Consultancy Limited	Rangareddy, 1-3-130, Flat No.702, Alphine Towers, Bagya Lakshmi Nagar, Kavadiguda, Telangana, Hyderabad	India	S3-459767153	185	306	Ranked at position 185 in pool of 306 candidates
S1-515493614	Super Ventures Private Limited	A-27 First Floor, Dsidc Complex, Kalyanpuri, East Delhi, Delhi	India	S2-869100708	262	381	Ranked at position 262 in pool of 381 candidates
S1-515493614	Super Ventures Private Limited	A-27 First Floor, Dsidc Complex, Kalyanpuri, East Delhi, Delhi	India	S3-862806723	348	381	Ranked at position 348 in pool of 381 candidates
S1-297551474	Deepa Memorial Trust	10A, Chapel Road, Hasting, Kolkata, Kolkata, Howrah, West Bengal	India	S3-500713892	199	205	Ranked at position 199 in pool of 205 candidates
S1-297551474	Deepa Memorial Trust	10A, Chapel Road, Hasting, Kolkata, Kolkata, Howrah, West Bengal	India	S3-612428412	193	205	Ranked at position 193 in pool of 205 candidates
S1-136390461	Cure Massage!	12003 Adams Street, Yucaipa, CA	US	S2-521480234	105	260	Ranked at position 105 in pool of 260 candidates
S1-136390461	Cure Massage!	12003 Adams Street, Yucaipa, CA	US	S2-323379506	103	260	Ranked at position 103 in pool of 260 candidates
S1-515101654	Janki Luxury Center	Front Side, L-4 Majnu Ka Tilla, Delhi, North East, Delhi	India	S3-217421264	144	228	Ranked at position 144 in pool of 228 candidates
S1-515101654	Janki Luxury Center	Front Side, L-4 Majnu Ka Tilla, Delhi, North East, Delhi	India	S3-784876156	214	228	Ranked at position 214 in pool of 228 candidates
S1-617633241	Hunger Fellowship	6979 Jeremiah Court, Prince William County, VA	US	S3-705709419	134	162	Ranked at position 134 in pool of 162 candidates
S1-400827567	Sanganer Waste Pvt Ltd	Sanganer, Jaipur, Block-A, Rampura, Shop No. 17 Ground Floor, Rajasthan	India	S3-666060298	230	235	Ranked at position 230 in pool of 235 candidates
S1-400827567	Sanganer Waste Pvt Ltd	Sanganer, Jaipur, Block-A, Rampura, Shop No. 17 Ground Floor, Rajasthan	India	S3-14771468	222	235	Ranked at position 222 in pool of 235 candidates
S1-939473147	Unnao Clinics LLP	Unnao, 148, Uttar Pradesh, Unnao	India	S2-925391198	129	242	Ranked at position 129 in pool of 242 candidates
S1-416496812	Westman Choice Rre Inc	58 Robbins Street, Unit 2R, Waltham, MA	US	S2-801388721	147	154	Ranked at position 147 in pool of 154 candidates
S1-341963283	Auro International School	203, Plot No. 319/320, Vindhya Vihar Chs Sector 6, Sarsole, Nerul, Navimumbai, Thane, Maharashtra	India	S2-441920994	320	524	Ranked at position 320 in pool of 524 candidates
S1-593328581	Kerianne Mandel Voya	179 Westwood Drive, Elkview, WV	US	S3-830906466	122	311	Ranked at position 122 in pool of 311 candidates
S1-543240598	Big Technology Private Limited	A-3, Landmark Society, Opp Gaondevi Mandir Sector 14, Vashi, Navi Mumbai, Thane, Maharashtra	India	S2-289115999	162	243	Ranked at position 162 in pool of 243 candidates
S1-543240598	Big Technology Private Limited	A-3, Landmark Society, Opp Gaondevi Mandir Sector 14, Vashi, Navi Mumbai, Thane, Maharashtra	India	S2-539890080	161	243	Ranked at position 161 in pool of 243 candidates
S1-543240598	Big Technology Private Limited	A-3, Landmark Society, Opp Gaondevi Mandir Sector 14, Vashi, Navi Mumbai, Thane, Maharashtra	India	S3-705604588	172	243	Ranked at position 172 in pool of 243 candidates
S1-448412488	Lotus Consulting Limited	323, 3Rd Flr, Pl-21, Panchratna Bldg Girgaon, Mumbai, Maharashtra	India	S2-475827436	101	147	Ranked at position 101 in pool of 147 candidates
S1-84773725	Trinity Methodist Church	157 Sabattus Street, Unit APT 2, Lewiston, ME	US	S3-552923234	152	202	Ranked at position 152 in pool of 202 candidates
S1-890371167	Anand Tech Private Limited	S. No 176, Flat No 801, Shivom Regency, Baner Road, Haveli, Pune, Maharashtra	India	S3-45170629	117	271	Ranked at position 117 in pool of 271 candidates
S1-218393221	Cardiology Center LLC	Washington, 450 K Street, DC, Unit 818	US	S3-125840127	113	117	Ranked at position 113 in pool of 117 candidates
S1-85463413	Bright Pilates	406 Putters Court, Church Hill, TN	US	S3-211333607	198	258	Ranked at position 198 in pool of 258 candidates
S1-368300999	Jay Engineering Private Limited	Sfs-3 1St Floor, Nehru Place Tonk Road, Jaipur, Rajasthan	India	S2-660408311	105	137	Ranked at position 105 in pool of 137 candidates
S1-743005862	ODY Services	27/29 2Nd Cross Maruthinagar Doddaballapur, Bangalore, Karnataka	India	S3-406821643	130	218	Ranked at position 130 in pool of 218 candidates
S1-743005862	ODY Services	27/29 2Nd Cross Maruthinagar Doddaballapur, Bangalore, Karnataka	India	S3-872519339	142	218	Ranked at position 142 in pool of 218 candidates
S1-644680233	Vivekananda Traders Private Limited	35, (170), 6Th Cross Gandhinagar, Bangalore, Karnataka	India	S3-10070310	125	224	Ranked at position 125 in pool of 224 candidates
S1-644680233	Vivekananda Traders Private Limited	35, (170), 6Th Cross Gandhinagar, Bangalore, Karnataka	India	S2-992421601	124	224	Ranked at position 124 in pool of 224 candidates
S1-753490453	Ace Care Private Limited	Bangalore, 4Th Main, Hanuma Hills Layout, Karnataka, No 248, Bangalore South	India	S3-676917296	117	147	Ranked at position 117 in pool of 147 candidates
S1-378475107	Maruthi Advisors	House No-243, Village Najiapur, Delhi, North Delhi, Delhi	India	S3-823107853	162	356	Ranked at position 162 in pool of 356 candidates
S1-584835729	Bombay Enterprises Private Limited	Xxv/1731Market Road Thrissur Head P O, Thrissur, Kerala	India	S3-888728155	219	287	Ranked at position 219 in pool of 287 candidates
S1-613946326	Jeanette Marshall Prairie Kensington LLC	11323 8th Avenue Court, Unit #E3, Tacoma, WA	US	S2-711411526	115	129	Ranked at position 115 in pool of 129 candidates
S1-737676202	Sriram India Private Limited	F/F Shop No-F-2 Plot No-5, Manish Chamber-Ii Lsc, New Delhi, South West Delhi, Delhi	India	S3-413807307	105	130	Ranked at position 105 in pool of 130 candidates
S1-715300046	Roopendra Projects Ltd	62/68 Kanoria House, No 2, Ground Floor, Vithalwadi, Kalbadevi Road, Mumbai, Maharashtra	India	S3-814776906	167	265	Ranked at position 167 in pool of 265 candidates
S1-356015500	Clean Wholesale Industries LLC	261 141 Street, Rockaway Park, NY	US	S3-465038524	236	248	Ranked at position 236 in pool of 248 candidates
S1-356015500	Clean Wholesale Industries LLC	261 141 Street, Rockaway Park, NY	US	S3-695383066	210	248	Ranked at position 210 in pool of 248 candidates
S1-94479349	Bhanu Systems Pvt. Ltd.	Bangalore, No.302, Bangalore North, Karnataka, 2 Nd Floor, 1200 Sqft, 5 Th D Main Road, 3 Rd Cross2 Nd Block, Hrbr Layout, Kalyan Nagar Bangalore	India	S3-25592293	273	274	Ranked at position 273 in pool of 274 candidates
S1-399822902	Swastik Infrastructure Private Limited	Plot No.373, Road U, Khirasara Industrial Estate, Khirasara, Taluka-Lodhika, Lodhika, Rajkot, Gujarat	India	S3-489310463	144	158	Ranked at position 144 in pool of 158 candidates
S1-293797841	Polygon (India) Technology Private Limited	Bldg.No.21 & 23, Shop No.G-29, Rainbow Arcade, Sir Thiyagaraya Road, Pondy Bazzar, T.Na, Gar, Chennai, Tamil Nadu	India	S2-131273058	113	177	Ranked at position 113 in pool of 177 candidates
S1-980296939	Adroit & Brothers Private Limited	Abhishek Business Centred-248 Ist Floor Gali No-10 Laxmi Nagar, Delhi, East Delhi, Delhi	India	S3-723318978	144	245	Ranked at position 144 in pool of 245 candidates
S1-4316207	First Community Church	7520 Gold Rush Court, Camby, IN	US	S2-233036814	124	254	Ranked at position 124 in pool of 254 candidates
S1-4316207	First Community Church	7520 Gold Rush Court, Camby, IN	US	S3-98629424	125	254	Ranked at position 125 in pool of 254 candidates
S1-522910380	Bright Bike Shop	6984 Beechmont Avenue, Cincinnati, OH	US	S2-640976120	103	278	Ranked at position 103 in pool of 278 candidates
S1-446851623	Jacquelynn's Catering	315 Kingscote Way, King, NC	US	S3-88879742	160	218	Ranked at position 160 in pool of 218 candidates
S1-47125165	Ksp College LLP	Ground Floor, Rajeshwari Apartment, 20, Bijay Kumar Mukherjee Road, P.O.-Sal, Kia, Howrah, West Bengal	India	S2-361805700	106	264	Ranked at position 106 in pool of 264 candidates
S1-47125165	Ksp College LLP	Ground Floor, Rajeshwari Apartment, 20, Bijay Kumar Mukherjee Road, P.O.-Sal, Kia, Howrah, West Bengal	India	S3-221211960	264	264	Ranked at position 264 in pool of 264 candidates
S1-961135845	Shree Engineering Pvt Ltd	Maharashtra, Pune, Fl No 401 Crystel Royal S No.39/11 Nr Pacific Ambegaon Bk, Pune	India	S2-582328437	140	348	Ranked at position 140 in pool of 348 candidates
S1-293441859	Redwood Inc	36 Main Street, Unit Apartment 4, Leroy, NY	US	S3-361458504	289	316	Ranked at position 289 in pool of 316 candidates
S1-359892791	Tiruchirappalli Hospitals Private Limited	No. 1/1, Ground Floor, Panju Kidangu Lane New St, Tiruchirappalli, Tamil Nadu	India	S3-300477955	223	262	Ranked at position 223 in pool of 262 candidates
S1-533850942	Worlds Innovations Private Limited	S/O Lt Balram Singh, Beur Road Chitkohra, Anisabad, Patna, Bihar	India	S2-328171345	105	111	Ranked at position 105 in pool of 111 candidates
S1-533850942	Worlds Innovations Private Limited	S/O Lt Balram Singh, Beur Road Chitkohra, Anisabad, Patna, Bihar	India	S3-346007638	111	111	Ranked at position 111 in pool of 111 candidates
S1-868463096	Tech Properties Private Limited	B 101/4 Gali No 8 Punjabi Basti Baljeet Nagar, New Delhi, Central Delhi, Delhi	India	S3-3155628	110	116	Ranked at position 110 in pool of 116 candidates
S1-439110883	Abhiram Engineering Pvt Ltd	C-178, Vivek Vihar Ph-1 Axis Bank, Iti Vivke Vihar, Delhi, New Delhi, Delhi	India	S2-701081316	144	152	Ranked at position 144 in pool of 152 candidates
S1-895359902	Herron Smart of West Des Moines	1278 Maycomb Drive, West Des Moines, IA	US	S3-942698833	117	186	Ranked at position 117 in pool of 186 candidates
S1-814580291	Andromeda Tech Private Limited	Shop No:2, Plot No:286/1, Sadanand Palace, Near Signal Point, Chalisgaon, Jalgaon, Maharashtra	India	S2-223642857	122	159	Ranked at position 122 in pool of 159 candidates
S1-814580291	Andromeda Tech Private Limited	Shop No:2, Plot No:286/1, Sadanand Palace, Near Signal Point, Chalisgaon, Jalgaon, Maharashtra	India	S2-854248959	123	159	Ranked at position 123 in pool of 159 candidates
S1-814580291	Andromeda Tech Private Limited	Shop No:2, Plot No:286/1, Sadanand Palace, Near Signal Point, Chalisgaon, Jalgaon, Maharashtra	India	S3-501390463	115	159	Ranked at position 115 in pool of 159 candidates
S1-814580291	Andromeda Tech Private Limited	Shop No:2, Plot No:286/1, Sadanand Palace, Near Signal Point, Chalisgaon, Jalgaon, Maharashtra	India	S2-261518239	119	159	Ranked at position 119 in pool of 159 candidates
S1-111842483	Community Center	4712 Bowman Road, Hickory, NC	US	S3-399111517	147	211	Ranked at position 147 in pool of 211 candidates
S1-111842483	Community Center	4712 Bowman Road, Hickory, NC	US	S3-543144933	198	211	Ranked at position 198 in pool of 211 candidates
S1-477021579	Jordan and Seid Nuclear LLC	311 Detroit Street, Unit A, West Liberty, OH	US	S3-23711166	113	116	Ranked at position 113 in pool of 116 candidates
S1-125769042	Chacon Harbor Power	47828 Saulty Drive, Loudoun County, VA	US	S2-13966508	204	297	Ranked at position 204 in pool of 297 candidates
S1-719307026	Zenith LLC	709 Richland Bluff Court, Wake Forest, NC	US	S2-821021833	219	291	Ranked at position 219 in pool of 291 candidates
S1-719307026	Zenith LLC	709 Richland Bluff Court, Wake Forest, NC	US	S2-61103778	218	291	Ranked at position 218 in pool of 291 candidates
S1-719307026	Zenith LLC	709 Richland Bluff Court, Wake Forest, NC	US	S3-836443037	220	291	Ranked at position 220 in pool of 291 candidates
S1-719307026	Zenith LLC	709 Richland Bluff Court, Wake Forest, NC	US	S3-672386616	221	291	Ranked at position 221 in pool of 291 candidates
S1-516233078	Vaayuaksh Consultants Limited	Panchasakha Nagar, Plot-841/3533 Khata-432/2576, Bhubaneswar, Khordha, Orissa	India	S3-830846210	107	178	Ranked at position 107 in pool of 178 candidates
S1-516233078	Vaayuaksh Consultants Limited	Panchasakha Nagar, Plot-841/3533 Khata-432/2576, Bhubaneswar, Khordha, Orissa	India	S2-879362042	158	178	Ranked at position 158 in pool of 178 candidates
S1-516233078	Vaayuaksh Consultants Limited	Panchasakha Nagar, Plot-841/3533 Khata-432/2576, Bhubaneswar, Khordha, Orissa	India	S3-835002060	122	178	Ranked at position 122 in pool of 178 candidates
S1-23447075	Blue Initiative III Center	713 Benton Lane, Georgetown, TX	US	S3-341597830	142	172	Ranked at position 142 in pool of 172 candidates
S1-569324949	Onyx Quantum	1797 Raccoon Road, Robinson, KS	US	S3-492708660	166	276	Ranked at position 166 in pool of 276 candidates
S1-240902157	Choice Securities LLC	11713 Nyanza Road, WA, Lakewood	US	S3-372275679	172	220	Ranked at position 172 in pool of 220 candidates
S1-484326657	Ganpat (India) Consultants Pvt Ltd	#34, First Floor, 2Nd Cross Laxmipura Layout, K.R. Puram, Bangalore, Karnataka	India	S3-72655669	193	234	Ranked at position 193 in pool of 234 candidates
S1-244915536	Scholarship Institute	13521 James Garfield Street, Manor, TX	US	S3-889338158	135	169	Ranked at position 135 in pool of 169 candidates
S1-916119318	Family League	3713 Hillwood Way, Bedford, TX	US	S3-975040283	107	235	Ranked at position 107 in pool of 235 candidates
S1-446823902	Young Peak Procap	503 Peebles Point Road, Cape Fair, MO	US	S3-956128788	257	269	Ranked at position 257 in pool of 269 candidates
S1-499025489	Indo Technologies Private Limited	Old - T C 66/1038(2), New - T C 58/1138, Ghazal West Poonkulam, Kadayattu Road, Thiruvananthapuram, Thiruvananthapuram, Trivandrum, Kerala	India	S2-723962450	297	337	Ranked at position 297 in pool of 337 candidates
S1-499025489	Indo Technologies Private Limited	Old - T C 66/1038(2), New - T C 58/1138, Ghazal West Poonkulam, Kadayattu Road, Thiruvananthapuram, Thiruvananthapuram, Trivandrum, Kerala	India	S3-467677699	313	337	Ranked at position 313 in pool of 337 candidates
S1-776993114	Dee Woodson Aegon	OR, Unit Apartment 210, 1601 Olive Street, Eugene	US	S3-100770446	194	289	Ranked at position 194 in pool of 289 candidates
S1-5681092	Sunrise Media Private Limited	Plot No. 187, Kh No. 16/6, Nangli Vihar, Arjun Park, 1St Floor, Pole No. A840, Najafgarh, South West Delhi, Delhi	India	S3-233487561	399	426	Ranked at position 399 in pool of 426 candidates
S1-226275475	All Agro	House No 31 B S A Block 2, Double Storey, Vijay Nagar, New Delhi, North West, Delhi	India	S3-797180109	302	311	Ranked at position 302 in pool of 311 candidates
S1-226275475	All Agro	House No 31 B S A Block 2, Double Storey, Vijay Nagar, New Delhi, North West, Delhi	India	S3-30113734	218	311	Ranked at position 218 in pool of 311 candidates
S1-226275475	All Agro	House No 31 B S A Block 2, Double Storey, Vijay Nagar, New Delhi, North West, Delhi	India	S2-40660032	105	311	Ranked at position 105 in pool of 311 candidates
S1-226275475	All Agro	House No 31 B S A Block 2, Double Storey, Vijay Nagar, New Delhi, North West, Delhi	India	S3-947399076	275	311	Ranked at position 275 in pool of 311 candidates
S1-857534208	Falcon	OH, 11244 Westfall Road, Chillicothe	US	S3-813846321	129	215	Ranked at position 129 in pool of 215 candidates
S1-355037149	Nicoline G. Garrett, DO	164 Thornton Ferry Road, Unit Unit A9, Hot Springs National Park, AR	US	S2-121412625	104	115	Ranked at position 104 in pool of 115 candidates
S1-620886415	Timmons Charter, Inc.	IL, Algonquin, 2721 Harnish Drive	US	S3-120920526	274	300	Ranked at position 274 in pool of 300 candidates
S1-976578795	A Ace Currencyshares L.L.C.	87515 440th Avenue, Lakefield, MN	US	S3-240225760	126	191	Ranked at position 126 in pool of 191 candidates
S1-976578795	A Ace Currencyshares L.L.C.	87515 440th Avenue, Lakefield, MN	US	S3-159897211	175	191	Ranked at position 175 in pool of 191 candidates
S1-899039476	Family Care Associates	7919 Glenheath Street, Houston, TX	US	S3-902418777	115	145	Ranked at position 115 in pool of 145 candidates
S1-107778647	Holy Emanuel LLC	2526 Archer Street, Tulsa, OK	US	S3-685238448	212	254	Ranked at position 212 in pool of 254 candidates
S1-865908516	White International Pvt Ltd	A/404, Bldg No 29, Wing A Subhash Nagar, Chembur, Mumbai, Mumbai City, Maharashtra	India	S3-766916568	178	186	Ranked at position 178 in pool of 186 candidates
S1-865908516	White International Pvt Ltd	A/404, Bldg No 29, Wing A Subhash Nagar, Chembur, Mumbai, Mumbai City, Maharashtra	India	S2-165952023	149	186	Ranked at position 149 in pool of 186 candidates
S1-865908516	White International Pvt Ltd	A/404, Bldg No 29, Wing A Subhash Nagar, Chembur, Mumbai, Mumbai City, Maharashtra	India	S3-376789172	170	186	Ranked at position 170 in pool of 186 candidates
S1-651632326	4-Corners	6596 Wilderness Road, Pulaski County, VA	US	S2-214538224	108	121	Ranked at position 108 in pool of 121 candidates
S1-651632326	4-Corners	6596 Wilderness Road, Pulaski County, VA	US	S3-540528988	109	121	Ranked at position 109 in pool of 121 candidates
S1-969457187	Palomares, Bryant and Tucker Spac L.L.C.	Raleigh, NC, 7829 Foxwood Drive	US	S3-758005276	238	245	Ranked at position 238 in pool of 245 candidates
S1-21717444	Clark Midwest Vance PLLC	3805 Oak Pointe Road, Montegut, LA	US	S3-600606597	144	226	Ranked at position 144 in pool of 226 candidates
S1-69869810	Lucky Auto Body	702 Hidden Woods Lane, Friendswood, TX	US	S2-450076683	138	297	Ranked at position 138 in pool of 297 candidates
S1-710282015	Frost Marketing Pvt Ltd	301, A Wing, Shri Sai Samarth Chs Ltd, Mumbai, Maharashtra	India	S2-542027431	130	175	Ranked at position 130 in pool of 175 candidates
S1-814069711	Little Hypnosis	129 Grace Lane, Maryland, NY	US	S3-574511426	102	300	Ranked at position 102 in pool of 300 candidates
S1-289168245	Hedy Cortez Games	400 114th Street, Kansas City, MO	US	S3-25083419	123	176	Ranked at position 123 in pool of 176 candidates
S1-423235147	Karr Portfolio Inc	1435 Avondale Avenue, Toledo, OH	US	S3-258514750	144	144	Ranked at position 144 in pool of 144 candidates
S1-740720437	Ranee Salgado Properties	OH, Cincinnati, 5859 Gold Dust Drive	US	S3-906987193	159	164	Ranked at position 159 in pool of 164 candidates
S1-666076445	Sai Ventures Pvt Ltd	Milkat No.2, Nilgaon Rode, Bidkin Paithan, Paithan, Aurangabad, Maharashtra	India	S2-951799986	108	140	Ranked at position 108 in pool of 140 candidates
S1-705778030	Hari Industries Private Limited	Plot No 1004/2200 By Pass, Chorda, S/S - 11, Jajpur Road, Jajpur, Orissa	India	S3-947389925	113	126	Ranked at position 113 in pool of 126 candidates
S1-497758363	Red Technologies Private Limited	12Th Floor, Delhi, Unit No.-1204, Best Sky Tower, Netaji Subhash Place, Pitampura, North West Delhi, Delhi	India	S2-170998920	159	288	Ranked at position 159 in pool of 288 candidates
S1-497758363	Red Technologies Private Limited	12Th Floor, Delhi, Unit No.-1204, Best Sky Tower, Netaji Subhash Place, Pitampura, North West Delhi, Delhi	India	S2-36754084	154	288	Ranked at position 154 in pool of 288 candidates
S1-987005689	Metro Center LLC	1506 30th Street, Topeka, KS	US	S3-222272591	226	259	Ranked at position 226 in pool of 259 candidates
S1-550655081	Gangtech (i) of Mumbai	Floor 3, Plot 278, Jeevan Udyog Building, Dadabhai Nawroji, Road, Siddharth Colleg, E, Fort, Mumbai, Mumbai City, Maharashtra	India	S3-925099907	173	177	Ranked at position 173 in pool of 177 candidates
S1-534449384	Big Pizza	823 150, Hardinsburg, IN	US	S2-315960241	106	307	Ranked at position 106 in pool of 307 candidates
S1-765893375	Aircon Consultancy Private Limited	C/O Uday Shankar Kumar, Ground Floor, Bd Convent, Sampatchak, Patna, Bihar	India	S3-674295305	159	214	Ranked at position 159 in pool of 214 candidates
S1-684046321	Nicoline's Tax	2066 Judge Brown Road, Valley, AL	US	S3-98016571	105	124	Ranked at position 105 in pool of 124 candidates
S1-551235283	Frontier Ministries	1139 Fond Du Lac Street, City Of Ripon, WI	US	S3-130320305	140	141	Ranked at position 140 in pool of 141 candidates
S1-969580854	Tirupati Healthcare Pvt Ltd	1-Ka-17, Housing Board Shastri Nagar, Jaipur, Rajasthan	India	S3-879899218	136	159	Ranked at position 136 in pool of 159 candidates
S1-969580854	Tirupati Healthcare Pvt Ltd	1-Ka-17, Housing Board Shastri Nagar, Jaipur, Rajasthan	India	S2-746647061	125	159	Ranked at position 125 in pool of 159 candidates
S1-304894691	Desert Trust	13550 195th Street, Hastings, MN	US	S3-955087716	116	294	Ranked at position 116 in pool of 294 candidates
S1-304894691	Desert Trust	13550 195th Street, Hastings, MN	US	S2-295004755	194	294	Ranked at position 194 in pool of 294 candidates
S1-38229568	Silver Yoga	2113 Marshall Street, Benwood, WV	US	S2-184989724	212	235	Ranked at position 212 in pool of 235 candidates
S1-777486164	Nutech Hospital	502, 5Th Floor, Ss Omnia, Sector-86, Gurugram, Haryana, Garhi Harsaru, Gurgaon, Haryana	India	S3-194518644	424	435	Ranked at position 424 in pool of 435 candidates
S1-149077807	Gold Foods Private Limited	Office No 912 & 912/A Shreeji Signature, Sargasan, Opp.Ashka Hospital, Shree Ji Infracon Gandhinagar, Gujarat, Gandhinagar, Gandhi Nagar, Gujarat	India	S3-741375088	193	291	Ranked at position 193 in pool of 291 candidates
S1-622306119	Chiropractic Associates	5926 Innovation Court, Dublin, OH	US	S3-781336306	131	278	Ranked at position 131 in pool of 278 candidates
S1-622306119	Chiropractic Associates	5926 Innovation Court, Dublin, OH	US	S3-859895721	227	278	Ranked at position 227 in pool of 278 candidates
S1-595199733	Prantech Strategy Limited	3Rd Floor Suite No. 302, 39A Jorapukur Square Lane, Kolkata, Kolkata, Howrah, West Bengal	India	S2-632249449	220	495	Ranked at position 220 in pool of 495 candidates
S1-595199733	Prantech Strategy Limited	3Rd Floor Suite No. 302, 39A Jorapukur Square Lane, Kolkata, Kolkata, Howrah, West Bengal	India	S3-307752126	112	495	Ranked at position 112 in pool of 495 candidates
S1-931289110	Magee Bright Two	1205 Loma Linda Avenue, Orono, MN	US	S2-394595152	109	282	Ranked at position 109 in pool of 282 candidates
S1-433812224	Quanteus Floating Inc	Belleville, IL, 20 Covered Bridge Lane	US	S2-187851885	216	235	Ranked at position 216 in pool of 235 candidates
S1-644716548	Black Constructions Private Limited	Office No 211, Skylark Building, Plot No 63, Sector 11, Cbd Belapur, Navi Mumbai, Thane, Maharashtra	India	S3-942822356	186	224	Ranked at position 186 in pool of 224 candidates
S1-644716548	Black Constructions Private Limited	Office No 211, Skylark Building, Plot No 63, Sector 11, Cbd Belapur, Navi Mumbai, Thane, Maharashtra	India	S2-396243836	144	224	Ranked at position 144 in pool of 224 candidates
S1-644716548	Black Constructions Private Limited	Office No 211, Skylark Building, Plot No 63, Sector 11, Cbd Belapur, Navi Mumbai, Thane, Maharashtra	India	S3-160449680	181	224	Ranked at position 181 in pool of 224 candidates
S1-852958228	Super Food Private Limited	Hyderabad, Telangana, # 2-38 / 4, Hyderabad, Pillar No. C1721, Sreerama Colony Guttala Begumpet, Hi-Tec City	India	S3-705669442	131	156	Ranked at position 131 in pool of 156 candidates
S1-768900141	Tech Constructions Private Limited	Plot No. 1004-A, G. I. D. C., Opp. Dsp Office, Sector - 28, Gandhinagar, Gandhi Nagar, Gujarat	India	S2-783760059	107	128	Ranked at position 107 in pool of 128 candidates
S1-768900141	Tech Constructions Private Limited	Plot No. 1004-A, G. I. D. C., Opp. Dsp Office, Sector - 28, Gandhinagar, Gandhi Nagar, Gujarat	India	S3-176028336	122	128	Ranked at position 122 in pool of 128 candidates
S1-560135500	Vaidehi Distribution Private Limited	44 First Floor Satyam Enclave G T Road, Sahibabad, Ghaziabad, Uttar Pradesh	India	S3-256195977	214	247	Ranked at position 214 in pool of 247 candidates
S1-85584984	Lotus White Engineering Pvt Ltd	Old No. 12, New No. 2, Kamal-Lok Building, Ground Floor, Front Portion, Gajapathy Road, Kil, Pauk, Chennai, Tamil Nadu	India	S3-525032722	212	294	Ranked at position 212 in pool of 294 candidates
S1-85584984	Lotus White Engineering Pvt Ltd	Old No. 12, New No. 2, Kamal-Lok Building, Ground Floor, Front Portion, Gajapathy Road, Kil, Pauk, Chennai, Tamil Nadu	India	S3-573438289	249	294	Ranked at position 249 in pool of 294 candidates
S1-195750897	Silver Auto Body	Seattle, 5409 Denver Avenue, WA	US	S3-255583291	231	261	Ranked at position 231 in pool of 261 candidates
S1-951639383	Prosper Infrastructures Private Limited	Saltlake, Suite 1302 13 Floor Sec-V, North 24 Parganas, West Bengal, Plot No G-2 Bl-Gp Tower-1	India	S3-160094434	291	301	Ranked at position 291 in pool of 301 candidates
S1-229858811	Atlantic Association Corp	2595 28th Street, Fort Worth, TX	US	S3-79141832	125	125	Ranked at position 125 in pool of 125 candidates
S1-194956648	Kochi Foods Co	H No 32/928 2Nd Flr Tipu Chowk Mangammanapalya Bommanahalli, Bangalore, Karnataka	India	S3-342784533	138	201	Ranked at position 138 in pool of 201 candidates
S1-871061162	Cruz, Bride, Esq.	263 Corlear Drive, Unit Lot 2, Willsboro, NY	US	S3-572198162	131	142	Ranked at position 131 in pool of 142 candidates
S1-905529651	Blue Trust	1906 35, San Marcos, TX	US	S2-939172057	153	305	Ranked at position 153 in pool of 305 candidates
S1-428591199	Heartland Ministries LLC	307 3rd Street, Tuscumbia, AL	US	S3-157272713	172	175	Ranked at position 172 in pool of 175 candidates
S1-988081583	First Lutheran Church	13360 Hughes Court, Apple Valley, MN	US	S2-540073287	112	266	Ranked at position 112 in pool of 266 candidates
S1-801069705	Renu Sangh	Karnataka, Bangalore, #535/ 122, Amruthalli Village, Yelahanka Hobli, Bangalore	India	S2-397869718	120	242	Ranked at position 120 in pool of 242 candidates
S1-801069705	Renu Sangh	Karnataka, Bangalore, #535/ 122, Amruthalli Village, Yelahanka Hobli, Bangalore	India	S3-734582808	201	242	Ranked at position 201 in pool of 242 candidates
S1-777926888	Om Global Limited	1857/31, Near Double Railway Crossing Circular Road, Rohtak, Haryana	India	S2-77983593	109	121	Ranked at position 109 in pool of 121 candidates
S1-803421408	Community Committee	35375 Schafer Ranch Road, Yucaipa, CA	US	S3-713520787	140	192	Ranked at position 140 in pool of 192 candidates
S1-808936959	Traex	7942 Congo Road, Benton, AR	US	S3-695787747	253	298	Ranked at position 253 in pool of 298 candidates
S1-186252362	Winonah Park Regional House Inc.	7951 Lariat Circle, Broken Arrow, OK	US	S2-519506244	276	290	Ranked at position 276 in pool of 290 candidates
S1-651962224	Hadley Delta Rent	28019 Fm 1488, Hockley, TX	US	S3-832633533	157	198	Ranked at position 157 in pool of 198 candidates
S1-75178340	Subham Builders Pvt. Ltd.	C-203, Chandrakala Apt, Laxmiben Chheda Marg, Vasai, Thane, Maharashtra	India	S3-418547148	268	299	Ranked at position 268 in pool of 299 candidates
S1-214429155	Family Services	14244 Windrose Drive, Surprise, AZ	US	S3-402615503	128	131	Ranked at position 128 in pool of 131 candidates
S1-697832787	Harris and Schwimmer Partners	Mamaroneck, Unit Apartment 4W, NY, 35 Chatsworth Avenue	US	S3-942151073	220	291	Ranked at position 220 in pool of 291 candidates
S1-352587298	Green Brothers Limited	22/49-Devangar Streetjakkamanickanpatti Bodinaikanur Post, Tamil Nadu	India	S2-944512661	177	212	Ranked at position 177 in pool of 212 candidates
S1-352587298	Green Brothers Limited	22/49-Devangar Streetjakkamanickanpatti Bodinaikanur Post, Tamil Nadu	India	S2-444120909	176	212	Ranked at position 176 in pool of 212 candidates
S1-352587298	Green Brothers Limited	22/49-Devangar Streetjakkamanickanpatti Bodinaikanur Post, Tamil Nadu	India	S3-360976649	180	212	Ranked at position 180 in pool of 212 candidates
S1-352587298	Green Brothers Limited	22/49-Devangar Streetjakkamanickanpatti Bodinaikanur Post, Tamil Nadu	India	S3-634996184	179	212	Ranked at position 179 in pool of 212 candidates
S1-352587298	Green Brothers Limited	22/49-Devangar Streetjakkamanickanpatti Bodinaikanur Post, Tamil Nadu	India	S2-490028881	178	212	Ranked at position 178 in pool of 212 candidates
S1-427323703	Aquatech Rahul Private Limited	House No. 373, Near Shanti Hotel, Nabinabag, Khordha, Khurda, Khordha, Orissa	India	S3-851322623	111	211	Ranked at position 111 in pool of 211 candidates
S1-288967379	North Engineering Private Limited	Plot No. 321/8, Imt Manesar, Nsg Camp Manesar, Gurgaon, Haryana	India	S3-921031217	201	213	Ranked at position 201 in pool of 213 candidates
S1-288967379	North Engineering Private Limited	Plot No. 321/8, Imt Manesar, Nsg Camp Manesar, Gurgaon, Haryana	India	S2-204621470	152	213	Ranked at position 152 in pool of 213 candidates
S1-288967379	North Engineering Private Limited	Plot No. 321/8, Imt Manesar, Nsg Camp Manesar, Gurgaon, Haryana	India	S2-729961347	125	213	Ranked at position 125 in pool of 213 candidates
S1-358274818	North Technologies Limited	Samastipur, Village- Chak Salem, Tola- Chak Salem, Panch- Chaksalem, Block- Patori, Samastipur, Bihar	India	S3-785319590	245	261	Ranked at position 245 in pool of 261 candidates
S1-621453199	Unnati Service Private Limited	196/3 M G Roadjaysingpur, Kolhapur, Maharashtra	India	S3-641331235	176	260	Ranked at position 176 in pool of 260 candidates
S1-771489086	New Developmentprivate Private Limited	Door No 5, Ward 25, Kallara Kadavu, Kozhencherry, Pathanamthitta, Kerala	India	S3-27472195	252	323	Ranked at position 252 in pool of 323 candidates
S1-764129222	Kwality Logistics Private Limited	1St Floor Nos. 46/B And 47, 1St Main Road, 3Rd Phase J.P.Nagar, Bengaluru, Bangalore, Karnataka	India	S2-314873506	335	414	Ranked at position 335 in pool of 414 candidates
S1-33991297	Jmd India Limited	Plot- 115, Kakatiya Nagar, Beside Srigayathri College, Bachupally, K.V.Rangareddy, Qutubullapur, Telangana, Qutubullapur, K.V.Rangareddy, Telangana	India	S3-610925651	277	281	Ranked at position 277 in pool of 281 candidates
S1-58752008	Holy Lutheran Church	Milton, 14506 Workman Circle, DE	US	S3-249917606	206	243	Ranked at position 206 in pool of 243 candidates
S1-584808654	Jain Trading Private Limited	No.4, Rajiv Gandhi Nagar, Chruch Nagar Hsr Layout Sector 7 Bangalore, Banaglore, Bangalore, Karnataka	India	S2-752519069	101	142	Ranked at position 101 in pool of 142 candidates
S1-312351947	Superfine Technologies Public Limited	#632, 1 Floor, Ist Cross, I Main, Indiranagar, Ist Stage, Bangalore, Karnataka	India	S3-473058601	107	199	Ranked at position 107 in pool of 199 candidates
S1-109618252	A Quality Outdoor	311 Hart Avenue, Winston, OR	US	S3-798864004	128	139	Ranked at position 128 in pool of 139 candidates
S1-191339256	Shreehari Welfare Society	West Delhi, Delhi, 202 Kirti Deep 2 Nangalraya Business Centre, New Delhi	India	S2-105551736	190	206	Ranked at position 190 in pool of 206 candidates
S1-191339256	Shreehari Welfare Society	West Delhi, Delhi, 202 Kirti Deep 2 Nangalraya Business Centre, New Delhi	India	S2-429482673	192	206	Ranked at position 192 in pool of 206 candidates
S1-389638026	Saptha Foundation	296, Sumati Smruti Chs, Swatantrya Veer Savarkar Marg, Catering College, Da, Dar (W), Mumbai, Mumbai City, Maharashtra	India	S3-689014042	102	103	Ranked at position 102 in pool of 103 candidates
S1-500026447	Medeiros Signature Catalyst, Inc	35 Poplar Court, Fletcher, NC	US	S3-808112600	106	202	Ranked at position 106 in pool of 202 candidates
S1-772206043	Global Sheena Services Associates	C/O Rafiq Ahamad S/O Safiq Ahamad, Marrium Nagar, Ghaziabad, Uttar Pradesh	India	S3-304728850	177	217	Ranked at position 177 in pool of 217 candidates
S1-772206043	Global Sheena Services Associates	C/O Rafiq Ahamad S/O Safiq Ahamad, Marrium Nagar, Ghaziabad, Uttar Pradesh	India	S3-453559195	208	217	Ranked at position 208 in pool of 217 candidates
S1-740907560	Highlands Global LLP	Egmore Nungambakkam, Chennai, Tamil Nadu, Sheik Mesthri Street, 104 (74/3)	India	S3-915715606	215	243	Ranked at position 215 in pool of 243 candidates
S1-464464507	Hotel Construction Limited	Plot No. 175, 177/1 P.P Plaza, Mangal Pandey Nagar Meerut, Meerut, Uttar Pradesh	India	S2-358535062	109	206	Ranked at position 109 in pool of 206 candidates
S1-700444937	Bangalore Foundation Pvt Ltd	6, 5Th Cross. H.S. Road Wilson Garden, Bangalore, Karnataka	India	S3-117148764	159	201	Ranked at position 159 in pool of 201 candidates
S1-48324905	Literacy Coalition	110 24 Avenue, Saint Cloud, MN	US	S3-564044954	111	231	Ranked at position 111 in pool of 231 candidates
S1-772561948	First Emanuel	652 Old Liverpool Road, Unit Suite C, Salina, NY	US	S3-215629843	127	181	Ranked at position 127 in pool of 181 candidates
S1-111650357	Silver Pub	46 Firetower, Louisburg, NC	US	S2-300672951	154	308	Ranked at position 154 in pool of 308 candidates
S1-485586903	Vevay Barr, DPM	233 Warwick Street, Brooklyn, NY	US	S3-830462691	121	147	Ranked at position 121 in pool of 147 candidates
S1-934209535	Red Business Private Limited	Suite C-2, Enviro Commerce Building, 34, Deonar Ancillary Industrial Complex, G, Ovandi (W), Mumbai, Maharashtra	India	S2-870133221	121	140	Ranked at position 121 in pool of 140 candidates
S1-934209535	Red Business Private Limited	Suite C-2, Enviro Commerce Building, 34, Deonar Ancillary Industrial Complex, G, Ovandi (W), Mumbai, Maharashtra	India	S3-815084929	136	140	Ranked at position 136 in pool of 140 candidates
S1-426448332	Gold Services Private Limited	C/O Subhash Chand Bhura, Plot No. Ga- 29(P) A & B, Satya Nagar, Bhubaneswar, Khordha, Orissa	India	S3-391206769	126	154	Ranked at position 126 in pool of 154 candidates
S1-426448332	Gold Services Private Limited	C/O Subhash Chand Bhura, Plot No. Ga- 29(P) A & B, Satya Nagar, Bhubaneswar, Khordha, Orissa	India	S3-943737272	127	154	Ranked at position 127 in pool of 154 candidates
S1-426448332	Gold Services Private Limited	C/O Subhash Chand Bhura, Plot No. Ga- 29(P) A & B, Satya Nagar, Bhubaneswar, Khordha, Orissa	India	S2-409783265	124	154	Ranked at position 124 in pool of 154 candidates
S1-426448332	Gold Services Private Limited	C/O Subhash Chand Bhura, Plot No. Ga- 29(P) A & B, Satya Nagar, Bhubaneswar, Khordha, Orissa	India	S3-722880715	125	154	Ranked at position 125 in pool of 154 candidates
S1-747521890	Balaji Services Private Limited	Pune City, Pune, S No 287/8 Flat S/2, Dafodills Apt Near Baner, Maharashtra	India	S3-804917471	152	170	Ranked at position 152 in pool of 170 candidates
S1-587681015	Cardiology Medicine	5270 Mckendree Church Road, Tarboro, NC	US	S2-322781238	108	274	Ranked at position 108 in pool of 274 candidates
S1-569595420	Minerals Developers (India) Private Limited	51/101 Dhani Ram Market, Naya Ganj, Kanpur, Kanpur Dehat, Uttar Pradesh	India	S3-798750144	102	136	Ranked at position 102 in pool of 136 candidates
S1-760737194	Fresh Ice Cream	3538 Davis Stuart Road, Unit 9, Lewisburg, WV	US	S3-123011618	243	298	Ranked at position 243 in pool of 298 candidates
S1-760737194	Fresh Ice Cream	3538 Davis Stuart Road, Unit 9, Lewisburg, WV	US	S3-811159777	224	298	Ranked at position 224 in pool of 298 candidates
S1-43799080	United Guild	23072 Annabelle Drive, Smithsburg, MD	US	S2-260088250	127	165	Ranked at position 127 in pool of 165 candidates
S1-487844751	Sylvester Sierra	11416 227th Street, Blanchard, OK	US	S3-369881320	216	268	Ranked at position 216 in pool of 268 candidates
S1-239069693	Guru Foods	No.173, 2Nd Floor, 3-2, Brm Complex Bilekahalli, Bannerghatta Road, Bangalore, Karnataka	India	S3-261950656	188	280	Ranked at position 188 in pool of 280 candidates
S1-819358459	Viex LLC	2912 14th Court, Rogers, AR	US	S3-516980101	165	243	Ranked at position 165 in pool of 243 candidates
S1-890746322	Zephyr	23199 Cornerstone Drive, AL, Loxley	US	S3-115558719	175	202	Ranked at position 175 in pool of 202 candidates
S1-258303193	N 3 Integrated Idaho Group	1062 Henhawk Road, Hempstead, NY	US	S3-83296621	113	141	Ranked at position 113 in pool of 141 candidates
S1-7644542	Trudey Shipman Fresh Metals LLC	1206 Spring Creek Drive, Allen, TX	US	S3-70108022	125	298	Ranked at position 125 in pool of 298 candidates
S1-239389289	Krittech Services	117 F/F Plot No.-1, Lsc Vardhman Sunrise Plaza Vasundhara Enclave, Near Abhyant Appt., Delhi, East Delhi, Delhi	India	S3-742332484	140	402	Ranked at position 140 in pool of 402 candidates
S1-538305927	Reinhardt Collective Inc	1942 Fairfax Avenue, Cincinnati, OH	US	S2-219796287	203	220	Ranked at position 203 in pool of 220 candidates
S1-67352393	Baba Tech Private Limited	Hall No. 2, Third Floor, Radhey Corner Complex, Daskroi, Ahmedabad, Gujarat	India	S2-931516527	290	332	Ranked at position 290 in pool of 332 candidates
S1-67352393	Baba Tech Private Limited	Hall No. 2, Third Floor, Radhey Corner Complex, Daskroi, Ahmedabad, Gujarat	India	S2-613269765	264	332	Ranked at position 264 in pool of 332 candidates
S1-376262970	Mount Zion	7004 Woodbend Drive, Unit N, Raleigh, NC	US	S3-898571457	191	281	Ranked at position 191 in pool of 281 candidates
S1-51128653	Big Pub	Hoffman Estates, 1175 Valley Lane, IL	US	S2-248503043	136	261	Ranked at position 136 in pool of 261 candidates
S1-51128653	Big Pub	Hoffman Estates, 1175 Valley Lane, IL	US	S3-464706319	240	261	Ranked at position 240 in pool of 261 candidates
S1-588948552	Big Pub	1471 22nd Avenue, Apache Junction, AZ	US	S3-673779673	238	261	Ranked at position 238 in pool of 261 candidates
S1-815843853	Vaex Heritage Alternative LLC	CA, Watsonville, 109 Hastings Lane	US	S3-529554530	230	232	Ranked at position 230 in pool of 232 candidates
S1-815843853	Vaex Heritage Alternative LLC	CA, Watsonville, 109 Hastings Lane	US	S3-852209758	156	232	Ranked at position 156 in pool of 232 candidates
S1-668946146	Pediatric Partners	208 Westside Street, Rockingham, NC	US	S3-738438967	164	279	Ranked at position 164 in pool of 279 candidates
