source1_id	s1_name	s1_address	country	false_candidate_id	candidate_name	candidate_address	candidate_rank	ranking_score	hard_negative_cause
S1-925783039	Orelee's Barbershop	1795 Westchester Drive, High Point, NC	US	S2-335180728	Orelee's Barbershop Downtown	1799 WESTCHESTER DR, HIGH POINT, NC	4	0.8025	SHARED_NAME_AND_LOCATION_TOKENS
S1-925783039	Orelee's Barbershop	1795 Westchester Drive, High Point, NC	US	S2-544837895	Orelee's Group	14 CHEROKEE AVE, FAIRLAND, OK	5	0.4350	SHARED_STEM_OR_PREFIX
S1-925783039	Orelee's Barbershop	1795 Westchester Drive, High Point, NC	US	S2-490045451	ORELEE'S DIRECT PÁRTNERS	1377 TWENTIETH STREET, DOUGLAS, AZ	6	0.4350	SHARED_STEM_OR_PREFIX
S1-925783039	Orelee's Barbershop	1795 Westchester Drive, High Point, NC	US	S3-199218661	Orelee's	14 Cherokee Avenue, Fairland, OK	9	0.4350	SHARED_STEM_OR_PREFIX
S1-773889195	Prime Money	17560 Ellis Road, Tahlequah, OK	US	S2-368303033	PRIME MONEY SUMMIT SERVICES	7830 DALEWOOD PKWY, WOODRIDGE, IL	6	0.5485	SHARED_STEM_OR_PREFIX
S1-773889195	Prime Money	17560 Ellis Road, Tahlequah, OK	US	S3-158745057	Prime  Money Inc	8917 River Crescent, Suffolk City, Virginia	7	0.5485	SHARED_STEM_OR_PREFIX
S1-773889195	Prime Money	17560 Ellis Road, Tahlequah, OK	US	S2-756724672	Ltd Prime Money	8918 RIVER CRESCENT, SUFFOLK CITY, VA	10	0.3161	SHARED_STEM_OR_PREFIX
S1-377745466	B+ Retail Inc	1712 Montebello Avenue, Phoenix, AZ	US	S2-144682432	B+  Retail	301 1/2 GROVER ST, DEEP RIVER, IA	2	0.5348	SHARED_STEM_OR_PREFIX
S1-377745466	B+ Retail Inc	1712 Montebello Avenue, Phoenix, AZ	US	S3-782681980	B+ [Retail]	301 Grover Street, Deep River, Iowa	7	0.5348	SHARED_STEM_OR_PREFIX
S1-377745466	B+ Retail Inc	1712 Montebello Avenue, Phoenix, AZ	US	S3-210453584	B+ Retail	301 Grover Saint, Deep River, Iowa	8	0.5348	SHARED_STEM_OR_PREFIX
S1-377745466	B+ Retail Inc	1712 Montebello Avenue, Phoenix, AZ	US	S3-569058042	B+ Retail	Colonial Dr, # APT B, Harrisonburg City, Virginia	9	0.5348	SHARED_STEM_OR_PREFIX
S1-133037285	Christ Chapel	2100 Cameron Drive, Unit APARTMENT G, Dundalk, MD	US	S2-980137130	Christ Chapel	3565 BAXTER DR, MT, HELNA	3	0.3243	SHARED_STEM_OR_PREFIX
S1-133037285	Christ Chapel	2100 Cameron Drive, Unit APARTMENT G, Dundalk, MD	US	S2-387504930	Christ  Chapel	3730 Rodesco Dr, PUYALLUP, WA	4	0.3243	SHARED_STEM_OR_PREFIX
S1-133037285	Christ Chapel	2100 Cameron Drive, Unit APARTMENT G, Dundalk, MD	US	S2-513555420	Christ Chapel	3282 MALCOLM RD, BRANDYWINE, MD	5	0.3243	SHARED_NAME_AND_LOCATION_TOKENS
S1-133037285	Christ Chapel	2100 Cameron Drive, Unit APARTMENT G, Dundalk, MD	US	S2-184402475	CHRIST CHAPEL	449 BRIDGE STREET, WESTBROOK, ME	7	0.3243	SHARED_STEM_OR_PREFIX
S1-755362802	Prabhav Business Center	797, Lake Town Block A, Kolkata, Howrah, West Bengal	India	S2-241952155	Prabhav Business Private Limited	FLAT NO. S-13, PLOT NO. 115, 116, 117 SUDHA SAROVER COLONY NEAR C BLOCK, GOVINDPURAM, GHAZIABAD, Uttar Pradesh	1	1.2020	SHARED_NAME_AND_LOCATION_TOKENS
S1-755362802	Prabhav Business Center	797, Lake Town Block A, Kolkata, Howrah, West Bengal	India	S2-886233797	Prabhav Prívate Limited Services	4-1754, 2ND FLOOR, SUBBULAKSHMI-COMPLEX, TRCHY ROAD, OLUMBUS, COIMBATORE, Tamil Nadu	3	0.0776	SHARED_STEM_OR_PREFIX
S1-755362802	Prabhav Business Center	797, Lake Town Block A, Kolkata, Howrah, West Bengal	India	S2-570279932	Prabhav Cárgo Ltd	D/1 NIL APP., MAHAD, Maharashtra	4	0.0776	SHARED_STEM_OR_PREFIX
S1-755362802	Prabhav Business Center	797, Lake Town Block A, Kolkata, Howrah, West Bengal	India	S2-37926855	PRABHAV YATRA  (INDIA)	PLOT NO 4, LEVEL 8, MILLENNIUM TOWERS SECTOR 47, GURGAON, Haryana	5	0.0776	SHARED_STEM_OR_PREFIX
S1-755362802	Prabhav Business Center	797, Lake Town Block A, Kolkata, Howrah, West Bengal	India	S2-308151397	... Builders Prabhav Orient Private Límited	BHIWANI, हरियाणा, UNIT NO. 109	6	0.0776	SHARED_STEM_OR_PREFIX
S1-755362802	Prabhav Business Center	797, Lake Town Block A, Kolkata, Howrah, West Bengal	India	S2-345674564	Prabhav  & Partners	महाराष्ट्र, PLOT 00251 SHOP NO-12, 2ND FLOOR, AMAN HOUSE, DR MM MARG, MUMBAI	7	0.0776	SHARED_STEM_OR_PREFIX
S1-851869949	Custom Wealth Services LLC	OH, Columbus, 5559 Orville Avenue	US	S2-747508529	Custom Wealth Worldwide Midtown L.L.C.	5607-A IVYGATE LANE, CHARLOTTECITY, NC	3	0.3171	SHARED_STEM_OR_PREFIX
S1-851869949	Custom Wealth Services LLC	OH, Columbus, 5559 Orville Avenue	US	S2-503025448	Custom Wealth Studios Ltd	##10 Anne Marie Cir, ONA CDP, WV	5	0.3171	SHARED_STEM_OR_PREFIX
S1-851869949	Custom Wealth Services LLC	OH, Columbus, 5559 Orville Avenue	US	S2-841202304	Custom Wealth	COUNTRY CREEK LN, FORT WORTH, TX	6	0.3171	SHARED_STEM_OR_PREFIX
S1-851869949	Custom Wealth Services LLC	OH, Columbus, 5559 Orville Avenue	US	S2-983197241	Custom  Wealth Enterprises	GENESEE, 968 VALLEY VIEW ROAD, NY	9	0.3171	SHARED_STEM_OR_PREFIX
S1-851869949	Custom Wealth Services LLC	OH, Columbus, 5559 Orville Avenue	US	S2-849353877	CUSTOM WEALTH VENTURES, L.L.C.	626 MAPLEWOOD AVENUE, TULSA, OK	10	0.3171	SHARED_STREET_OR_ADDRESS
S1-785847572	Consulting Nyasa Nursing Private Limited	2505, Tower 1, Oakwood, Runwal Greens, Mulund Goreagon Link Road, Near Fortis Hospital, Bhandup West, Mumbai, Maharashtra	India	S2-395389219	Consulting Nyasa Nursing-Private Limited	NO 1098/100 , MDLIYAR LAYOUT, NAGPUR, महाराष्ट्र	2	0.7080	SHARED_STEM_OR_PREFIX
S1-785847572	Consulting Nyasa Nursing Private Limited	2505, Tower 1, Oakwood, Runwal Greens, Mulund Goreagon Link Road, Near Fortis Hospital, Bhandup West, Mumbai, Maharashtra	India	S2-316187589	Consulting Nyasa Nursing Private  Limited	DOOR NO 173 B 1/26 BRAHMAPUR NORTHERN PARK MEGHDOOT APPARTMENT, FLR 1ST, KOLKATA, KOLKATA, West Bengal	3	0.7080	SHARED_NAME_AND_LOCATION_TOKENS
S1-785847572	Consulting Nyasa Nursing Private Limited	2505, Tower 1, Oakwood, Runwal Greens, Mulund Goreagon Link Road, Near Fortis Hospital, Bhandup West, Mumbai, Maharashtra	India	S2-89751190	Consulting  Nyasa Nursing Private Limited	H.NO.84, KANCHANPUR MATIYARI CHINHAT, LUCKNOW, Uttar Pradesh	4	0.7080	SHARED_STEM_OR_PREFIX
S1-785847572	Consulting Nyasa Nursing Private Limited	2505, Tower 1, Oakwood, Runwal Greens, Mulund Goreagon Link Road, Near Fortis Hospital, Bhandup West, Mumbai, Maharashtra	India	S2-996736676	CONSULTING  NYASA NURSING PRIVATE LIMITED	HOUSE NO-68 ASAUDHA TODRAN, BAHADURGARH, Haryana	5	0.7080	SHARED_STEM_OR_PREFIX
S1-785847572	Consulting Nyasa Nursing Private Limited	2505, Tower 1, Oakwood, Runwal Greens, Mulund Goreagon Link Road, Near Fortis Hospital, Bhandup West, Mumbai, Maharashtra	India	S3-117071366	Consulting Nyasa Nursing  Private Limited	C-006, Gf East Jyoti Nagar, Shahdara, New Delhi, East Delhi, दिल्ली	6	0.7080	SHARED_STEM_OR_PREFIX
S1-785847572	Consulting Nyasa Nursing Private Limited	2505, Tower 1, Oakwood, Runwal Greens, Mulund Goreagon Link Road, Near Fortis Hospital, Bhandup West, Mumbai, Maharashtra	India	S2-164190611	Consulting Nyasa Nursing Private	HN 680 C-6, GF EAST JYOTI NAGAR, SHAHDARA, NEW DELHI, Delhi	10	0.3137	SHARED_STEM_OR_PREFIX
S1-27541239	Nexus Anchor Rain	1111 Church Street, Unit 2007, Nashville, TN	US	S2-755366621	Nexus Anchor Rn	#255 GRAND BOULEVARD, LONG BEACH, NY	7	0.6403	SHARED_STEM_OR_PREFIX
S1-27541239	Nexus Anchor Rain	1111 Church Street, Unit 2007, Nashville, TN	US	S2-110242163	Nexus Anchor Rain Corp	1118 CHURCH ST, NASHVILLE, TN	8	0.6403	SHARED_NAME_AND_LOCATION_TOKENS
S1-27541239	Nexus Anchor Rain	1111 Church Street, Unit 2007, Nashville, TN	US	S3-865973721	Nexus Anchor Rain Riverside	22 King Pihlip Avenue, South Deerfield CITY, Massachusetts	9	0.6403	SHARED_STEM_OR_PREFIX
S1-629417405	Moore Bitwise Inc	337 Oakland Avenue, Michigan City, IN	US	S3-437157648	Moore Bitwise Midtown LLC	3172 Schilling Road, Marion, New York	3	0.7320	SHARED_STEM_OR_PREFIX
S1-629417405	Moore Bitwise Inc	337 Oakland Avenue, Michigan City, IN	US	S2-750351001	Inc Moore Bitwise North	346 OAKLAND AVENUE, MICHIGAN CITY, IN	5	0.3740	SHARED_STREET_OR_ADDRESS
S1-629417405	Moore Bitwise Inc	337 Oakland Avenue, Michigan City, IN	US	S2-735064475	... Moore Bitcoin	FALMOUTH, ME, 32- BROOK RD	7	0.3580	SHARED_STEM_OR_PREFIX
S1-629417405	Moore Bitwise Inc	337 Oakland Avenue, Michigan City, IN	US	S3-219674188	Moore Bitcoin		10	0.3580	SHARED_STEM_OR_PREFIX
S1-22305073	Dermatology Green Medicine	294 Meadowcreek Drive, Unit Unit 2, Village Of Pewaukee, WI	US	S2-322045646	Dermatology Green Specialists East (LLC)	DALLAS, 5063 CEDAR SPRINGS ROAD, TX	6	0.1702	SHARED_STEM_OR_PREFIX
S1-22305073	Dermatology Green Medicine	294 Meadowcreek Drive, Unit Unit 2, Village Of Pewaukee, WI	US	S2-792696839	Dermatology Green Associates		10	0.1702	SHARED_STEM_OR_PREFIX
S1-504790211	Crystal Lending PC	11643 Prosperity Road, South Jordan, UT	US	S2-458293831	Crystal Lending Partners Inc	N WOODS ROAD, CANTON, NY	7	0.2391	SHARED_STREET_OR_ADDRESS
S1-504790211	Crystal Lending PC	11643 Prosperity Road, South Jordan, UT	US	S2-277524240	CRYSTAL LENDING	11 OLDHAM ROAD, WETHERSFIELD, CT	10	0.2391	SHARED_STREET_OR_ADDRESS
S1-564729135	Dream Construction Limited	H.No.16-11-23/37/A, 2Nd Floor, Flat No.207, Sagar Hotel Building, Opp.Rta Office, Mo, Osarambagh, Hyderabad, Telangana	India	S3-699224826	Dream-Construction Limited	Bearing No. 6-20, Berlie Street, 2Nd Cross, Corporation Quarters, Shantinagar, Bangalore North, Bangalore, KA	1	0.9538	SHARED_NAME_AND_LOCATION_TOKENS
S1-564729135	Dream Construction Limited	H.No.16-11-23/37/A, 2Nd Floor, Flat No.207, Sagar Hotel Building, Opp.Rta Office, Mo, Osarambagh, Hyderabad, Telangana	India	S2-376140921	dream construction private límited	HN 05 4/4217, VENMANI LEISURE VALLEY LLP, NEAR DOWN MALL, JUBILEE ROAD, THALASSERY, Kerala	2	0.1652	SHARED_STEM_OR_PREFIX
S1-564729135	Dream Construction Limited	H.No.16-11-23/37/A, 2Nd Floor, Flat No.207, Sagar Hotel Building, Opp.Rta Office, Mo, Osarambagh, Hyderabad, Telangana	India	S2-189292473	Dream Construction Public Limited	C-50, PARYAVARAN COMPLEX, IGNIU ROAD, SAIDULAJAB VI, NEW DELHI, दिल्ली	3	0.1652	SHARED_STEM_OR_PREFIX
S1-564729135	Dream Construction Limited	H.No.16-11-23/37/A, 2Nd Floor, Flat No.207, Sagar Hotel Building, Opp.Rta Office, Mo, Osarambagh, Hyderabad, Telangana	India	S2-455679736	Dream-Construction Private Limited	SY NO 15, VADERA MANCHENAJHALLI VILLAGE, JIGANI HOBLI, ANEKAL TALUK, ANEKAL, Karnataka	6	0.1652	SHARED_NAME_AND_LOCATION_TOKENS
S1-564729135	Dream Construction Limited	H.No.16-11-23/37/A, 2Nd Floor, Flat No.207, Sagar Hotel Building, Opp.Rta Office, Mo, Osarambagh, Hyderabad, Telangana	India	S2-392417727	Dream Construction Private Ltd	VILL - MAJHARA FARM PO - NEORIA, PS - NEORIA, Uttar Pradesh	8	0.1652	SHARED_STEM_OR_PREFIX
S1-564729135	Dream Construction Limited	H.No.16-11-23/37/A, 2Nd Floor, Flat No.207, Sagar Hotel Building, Opp.Rta Office, Mo, Osarambagh, Hyderabad, Telangana	India	S2-669539870	Dream  Construction Steel Private Limited	PLOT 00538 SY NO 26, VADERA MANCHENAJHALLI VILLAGE, JIGANI HOBLI, ANEKAL TALUK, ANEKAL, Karnataka	9	0.1652	SHARED_NAME_AND_LOCATION_TOKENS
S1-236312382	Kelly Advisory, Inc	301 1st Street, Chokio, MN	US	S3-935869470	... Kelly Advisory South Inc. Partners	115 Road 56051, Cleveland, Texas	1	0.7268	SHARED_STEM_OR_PREFIX
S1-236312382	Kelly Advisory, Inc	301 1st Street, Chokio, MN	US	S3-312994211	Kelly Advisory [Corp]	32 1nd St, Chokio CITY, Minnesota	3	0.7268	SHARED_NAME_AND_LOCATION_TOKENS
S1-236312382	Kelly Advisory, Inc	301 1st Street, Chokio, MN	US	S2-368952346	kellyadvanced.com	9345 1/2 1ST VIEW STREET, PMB 2945, NORFOLK CITY, VA	5	0.2746	SHARED_STREET_OR_ADDRESS
S1-236312382	Kelly Advisory, Inc	301 1st Street, Chokio, MN	US	S2-688427703	Kelly Advertising	342 RATCLIFF ST, CAMDEN, AR	7	0.2746	SHARED_STEM_OR_PREFIX
S1-236312382	Kelly Advisory, Inc	301 1st Street, Chokio, MN	US	S2-898585506	KELLY-ADVANCED INC	9356 1ST VIEW STREET, N/A, NORFOLK, VA	8	0.2746	SHARED_STREET_OR_ADDRESS
S1-236312382	Kelly Advisory, Inc	301 1st Street, Chokio, MN	US	S3-107061608	KELLY ADVANCED	9345 1st View Streft, PO Box 5492, Norfolk City, Virginia	10	0.2746	SHARED_NAME_AND_LOCATION_TOKENS
S1-865131206	Helios	66 Edgewood Street, Bridgeport, CT	US	S2-618674884	JFR N0va LLC	66  EDGEWOOD ROAD, SARANAC LAKE, NY	3	0.2500	SAME_GEOGRAPHY_AND_GENERIC_KEY
S1-865131206	Helios	66 Edgewood Street, Bridgeport, CT	US	S2-502601226	JFR Nova	66  EDGEWOOD ROAD, SARANAC LAKE, NY	4	0.2500	SAME_GEOGRAPHY_AND_GENERIC_KEY
S1-865131206	Helios	66 Edgewood Street, Bridgeport, CT	US	S2-765153863	JFR Nova	66  EDGEWOOD RD, SARANAC LAKE, NY	5	0.2500	SAME_GEOGRAPHY_AND_GENERIC_KEY
S1-626914593	Unified Choice Dynamix	Unit BUILDING 3030, MD, 2701 Eastern Boulevard, Middle River	US	S3-328575343	Department óf Education	3030 7nd Street, Unit 2057, Osborn, Arizona	2	0.3230	SAME_GEOGRAPHY_AND_GENERIC_KEY
S1-626914593	Unified Choice Dynamix	Unit BUILDING 3030, MD, 2701 Eastern Boulevard, Middle River	US	S3-805541873	Martin, Girouard & Beatty, Holdings	3030 Cr 310, Unit 1, Brazoria, Texas	3	0.3230	SAME_GEOGRAPHY_AND_GENERIC_KEY
S1-626914593	Unified Choice Dynamix	Unit BUILDING 3030, MD, 2701 Eastern Boulevard, Middle River	US	S2-49878399	Unified Choice Corp	1335 78TH ST, KANSAS CITY, KS	4	0.2261	SHARED_STEM_OR_PREFIX
S1-626914593	Unified Choice Dynamix	Unit BUILDING 3030, MD, 2701 Eastern Boulevard, Middle River	US	S2-691741899	Unified-Choice Redwood LLC	1630 COCONINO ST, COTTONWOOD CITY, AZ	5	0.2261	SHARED_STEM_OR_PREFIX
S1-626914593	Unified Choice Dynamix	Unit BUILDING 3030, MD, 2701 Eastern Boulevard, Middle River	US	S2-259167573	UNIFIED CHOICE MOTOR	4348 FAIR OAKS RD, DAYTON, OH	10	0.2261	SHARED_STEM_OR_PREFIX
S1-765734254	Health Fellowship Partners	601 Oleander Circle, Virginia Beach City, VA	US	S2-137573744	Health Fellowship  (Partners)	1812 PEARL ST, NASHVILLE, TN	1	0.6786	SHARED_STEM_OR_PREFIX
S1-765734254	Health Fellowship Partners	601 Oleander Circle, Virginia Beach City, VA	US	S3-161097395	Health Fellowship Partners	3503- Paigewood Drive, Pearland, Texas	2	0.6786	SHARED_STEM_OR_PREFIX
S1-765734254	Health Fellowship Partners	601 Oleander Circle, Virginia Beach City, VA	US	S3-443541055	Health Fellowship Partners	71 Gould St, Wakefield, Massachusetts	3	0.6786	SHARED_STEM_OR_PREFIX
S1-765734254	Health Fellowship Partners	601 Oleander Circle, Virginia Beach City, VA	US	S2-920908655	Health-Fellowship	18971 81, HOBSON, TX	8	0.1403	SHARED_STEM_OR_PREFIX
S1-765734254	Health Fellowship Partners	601 Oleander Circle, Virginia Beach City, VA	US	S2-683690314	Health Fellowship	MIDDLE ST, MA, BRAINTREE	10	0.1403	SHARED_STEM_OR_PREFIX
S1-82053739	Smart Healthcare Private Limited	303, 3Rd Floor Sakar 5 B/H Natraj Cinema Ashram Road, Ahmedabad, Gujarat	India	S2-920195931	Smart Healthcare Private Limited	A9 (2ST FLOFR), BHAWANI MARKET ATTA, SECTOR-27, NOIDA, Uttar Pradesh	4	0.6839	SHARED_STEM_OR_PREFIX
S1-82053739	Smart Healthcare Private Limited	303, 3Rd Floor Sakar 5 B/H Natraj Cinema Ashram Road, Ahmedabad, Gujarat	India	S3-214241337	Smart Healthcare  Private Limited	Hn 911 Tower F-547, S.a.s.nagar (Mohali), N/A, PB	5	0.6839	SHARED_STEM_OR_PREFIX
S1-82053739	Smart Healthcare Private Limited	303, 3Rd Floor Sakar 5 B/H Natraj Cinema Ashram Road, Ahmedabad, Gujarat	India	S3-666211099	SMART HEALTHCARE PRIVATE LIMITED	C/o Geetabai Sunil Khandelwal Bhiwapur Ward, Chandrapur, Nandori, MH	7	0.6839	SHARED_STEM_OR_PREFIX
S1-82053739	Smart Healthcare Private Limited	303, 3Rd Floor Sakar 5 B/H Natraj Cinema Ashram Road, Ahmedabad, Gujarat	India	S3-948546478	Smart Healthcare Private Limited	House No: 23, Meloor, Keralam	9	0.6839	SHARED_STEM_OR_PREFIX
S1-221443075	Iris Advisors	House No-777 Raghubir Bhawanmadan Pur Khadar Sarita Vihar, Delhi, South Delhi, Delhi	India	S3-795349514	Iris Advisors Ventures	House No-7-88 Raghubir Bhawanmadan Pur Khadar Sarita Vihar, Delhi, दिल्ली	6	0.9146	SHARED_NAME_AND_LOCATION_TOKENS
S1-221443075	Iris Advisors	House No-777 Raghubir Bhawanmadan Pur Khadar Sarita Vihar, Delhi, South Delhi, Delhi	India	S2-159804083	Iris Enterprises  Advisors Private Limited	H / 75, SATELITE PARK NEW PRABHA PARK CO. OP. H. SOC, SATELLITE, AMBAWADI, AHMEDABAD, Gujarat	7	0.3312	SHARED_STEM_OR_PREFIX
S1-221443075	Iris Advisors	House No-777 Raghubir Bhawanmadan Pur Khadar Sarita Vihar, Delhi, South Delhi, Delhi	India	S2-196883913	सनराइज फूड एलएलपी	777 HOUSE NO 6 GAURI ASHRAM CINEMA ROAD, HARDOI, Uttar Pradesh	9	0.1735	SAME_GEOGRAPHY_AND_GENERIC_KEY
S1-341506266	Secunderabad Park Private Limited	Secunderabad, Hyderabad, Plot No.53, Flat No.402, Sr Estate-I Rainbow Colony, Ammuguda, Sainikpuri, Telangana, # 53/1	India	S2-312485470	గ్లోబల్ బిజినెస్ ప్రైవేట్ లిమిటెడ్	#53, SECUNDERABAD, HYDERABAD, Telangana	3	0.2901	SAME_GEOGRAPHY_AND_GENERIC_KEY
S1-341506266	Secunderabad Park Private Limited	Secunderabad, Hyderabad, Plot No.53, Flat No.402, Sr Estate-I Rainbow Colony, Ammuguda, Sainikpuri, Telangana, # 53/1	India	S3-391084602	లైఫ్ కన్సల్టింగ్ ప్రైవేట్ లిమిటెడ్	Sy No 53, Secunderabad, TG	6	0.2901	SAME_GEOGRAPHY_AND_GENERIC_KEY
S1-597762257	Green Logistics Private Limited	E-7, Second Floor, New Delhi, South Delhi, Delhi	India	S2-598489309	-- Green Logistics Private  Limited	FLAT NO D/405-406, SRI VENSAI PROJECTS VARUNA BLOCK, KOMPALLY, HYDERABAD, Telangana	2	0.6209	SHARED_STEM_OR_PREFIX
S1-597762257	Green Logistics Private Limited	E-7, Second Floor, New Delhi, South Delhi, Delhi	India	S2-868815425	GREEN LOGISTICS PRIVATE (LIMITED)	DOOR NO 853 C.P. MISSION COMPOUND OLD CIVIL LINE, JHANSI, उत्तर प्रदेश	3	0.6209	SHARED_STEM_OR_PREFIX
S1-597762257	Green Logistics Private Limited	E-7, Second Floor, New Delhi, South Delhi, Delhi	India	S2-538234477	Green  Logistics Private Limited	KALKAT BUILDING, BLOCK-C, AEROCITY, SAS NAGAR, S.A.S.NAGAR (MOHALI), Punjab	4	0.6209	SHARED_STEM_OR_PREFIX
S1-597762257	Green Logistics Private Limited	E-7, Second Floor, New Delhi, South Delhi, Delhi	India	S2-153725054	green logistics private limited	7-190/3/18 VENKATESWARA COMPLEX, MAIN ROAD, CHINNAM, USIIDWADA, VISAKHAPATNAM, Andhra Pradesh	5	0.6209	SHARED_NAME_AND_LOCATION_TOKENS
S1-597762257	Green Logistics Private Limited	E-7, Second Floor, New Delhi, South Delhi, Delhi	India	S3-478382439	Green Logistics Private  Limited	Parijat Media Ltd., Parijat Houe, 1076 Dr E Moses Road, Mumbai, Worli, महाराष्ट्र	9	0.6209	SHARED_NAME_AND_LOCATION_TOKENS
S1-597762257	Green Logistics Private Limited	E-7, Second Floor, New Delhi, South Delhi, Delhi	India	S3-580434530	Green Logistics Private Limited	Door No 16 C/o Devendar Jain Near Dav Public School, Saharanpur, UP	10	0.6209	SHARED_STEM_OR_PREFIX
S1-661315962	Scott Eagle Inc	4828 Hedges Avenue, Kansas City, MO	US	S2-149475298	Scott (Elite)	4521 105nd Avenue Court, PUYALLUP, WA	4	0.1252	SHARED_STREET_OR_ADDRESS
S1-661315962	Scott Eagle Inc	4828 Hedges Avenue, Kansas City, MO	US	S2-537863697	Scott Estate Inc	PHOENIX, 2214 82ND LANE, AZ	5	0.1252	SHARED_STEM_OR_PREFIX
S1-661315962	Scott Eagle Inc	4828 Hedges Avenue, Kansas City, MO	US	S2-557960647	SCOTT ESTATE PARTNERS	SPKANE, WAPITI LANE, WA	7	0.1252	SHARED_STEM_OR_PREFIX
S1-661315962	Scott Eagle Inc	4828 Hedges Avenue, Kansas City, MO	US	S2-118411203	Scott Exchange Inc	11677 MONROE ST, AVONDALE GOODYEAR, AZ	9	0.1252	SHARED_STEM_OR_PREFIX
S1-661315962	Scott Eagle Inc	4828 Hedges Avenue, Kansas City, MO	US	S2-775839754	Scott Enterprises	25 AUGUSTA CT, LITTLE ROCK, AR	10	0.1252	SHARED_STEM_OR_PREFIX
S1-716574008	Rajani Enterprises of Kannur	46/1106, Dhanalakshmi Road, Near Amani Auditorium, Kannur, Kerala	India	S2-649887903	RAJANI GROUP OF COMPANIES PRIVATE	HIG/030- BDA DUPLEX JAYDEV VIHAR, BHUBANESWAR, null, Odisha	4	0.5629	SHARED_STEM_OR_PREFIX
S1-716574008	Rajani Enterprises of Kannur	46/1106, Dhanalakshmi Road, Near Amani Auditorium, Kannur, Kerala	India	S3-581411789	Rajani Group of  Companies Private	Hig/30 Bda Duplex Jaydev Vihar, Bhubaneswar, Khordha, Orissa	5	0.5629	SHARED_STEM_OR_PREFIX
S1-716574008	Rajani Enterprises of Kannur	46/1106, Dhanalakshmi Road, Near Amani Auditorium, Kannur, Kerala	India	S2-677923160	RAJANI ENTERPRISES CO	Delhi, FLATNO.004C 4THFLOORVANDHNA, BUILDING 11 TALSTOY MARG, NEW DELHI	8	0.3865	SHARED_STEM_OR_PREFIX
S1-716574008	Rajani Enterprises of Kannur	46/1106, Dhanalakshmi Road, Near Amani Auditorium, Kannur, Kerala	India	S2-291286370	RAJANI  ENTERPRISES CARE LLP	184 C1002 ECO PARK CHS LTD MILITARY ROAD MAROL ANDHERI EAST MUMBAI, MUMBAI, Maharashtra	9	0.3865	SHARED_STREET_OR_ADDRESS
S1-985038901	Schaefer, Michael and Silver Associates	32876 Circle Drive, Millsboro, DE	US	S3-285755166	Schaefer, Michael and Silver Center	103 Delaware Ave, Orange City, Iowa	6	0.4475	SHARED_STEM_OR_PREFIX
S1-985038901	Schaefer, Michael and Silver Associates	32876 Circle Drive, Millsboro, DE	US	S3-196609831	Schaefer,  Michael	103 Delaware Ave, PMB 180, Orange City, Iowa	7	0.4475	SHARED_STEM_OR_PREFIX
S1-404435514	Colline Molitor Sea LLC	5620 Trinity Road, Unit 103, Raleigh, NC	US	S3-914396266	colline molitor sea llc	724. Saint Aubin Dr, Addison, Illinois	1	1.4148	SHARED_STEM_OR_PREFIX
S1-404435514	Colline Molitor Sea LLC	5620 Trinity Road, Unit 103, Raleigh, NC	US	S3-163265851	Colline Molitor Sea LLC		2	1.4148	SHARED_STEM_OR_PREFIX
S1-404435514	Colline Molitor Sea LLC	5620 Trinity Road, Unit 103, Raleigh, NC	US	S3-555266859	Colline Molitor Sea Midtown Llc	Raleigh, 5641 Trinity Rd, North Carolina, Unit 103	5	0.7898	SHARED_NAME_AND_LOCATION_TOKENS
S1-404435514	Colline Molitor Sea LLC	5620 Trinity Road, Unit 103, Raleigh, NC	US	S2-481885953	COLLINE M. FREEMAN, MD	FIRCREST, WA, 3911 78RD AVENUE COURT	6	0.3355	SHARED_STEM_OR_PREFIX
S1-404435514	Colline Molitor Sea LLC	5620 Trinity Road, Unit 103, Raleigh, NC	US	S3-854375204	Colline M. Freeman,	78nd Avenue Court, Unit #B104, Tacoma, Washington	9	0.3355	SHARED_NAME_AND_LOCATION_TOKENS
S1-252242682	Aggie E. Nagle, L.C.S.W.	11900 54th Avenue, Plymouth, MN	US	S3-183065224	Aggie E. Nagle, L.C.S.W. Inc	#11905 54st Avenue, Plymouth, Minnesota	2	1.1782	SHARED_STREET_OR_ADDRESS
S1-252242682	Aggie E. Nagle, L.C.S.W.	11900 54th Avenue, Plymouth, MN	US	S2-261110346	AGGIE AGGIE LIVERMAN, D.D.S. LLC	418A, PO BOX 7247, GRANDVIEW, TX	7	0.1374	SHARED_STEM_OR_PREFIX
S1-252242682	Aggie E. Nagle, L.C.S.W.	11900 54th Avenue, Plymouth, MN	US	S2-646284026	Nagle Direct Amc Llc		10	0.0691	SHARED_STEM_OR_PREFIX
S1-981440385	Angad Multitrade Ltd	Building No. 37/4, First Floor Opp Bharata Mata College, Vazhakkala, Thrikkakara, Ernakulam, Kerala	India	S3-208827228	Angad Mnowdr Pvt. [[Ltd.]]	5, Radhey Market, Ring Road, Surat, ગુજરાત	5	0.3428	SHARED_STEM_OR_PREFIX
S1-981440385	Angad Multitrade Ltd	Building No. 37/4, First Floor Opp Bharata Mata College, Vazhakkala, Thrikkakara, Ernakulam, Kerala	India	S2-148707778	Sri angad angad international school	#502 , PT:32, 33, SREE ARCADE, KONDAPUR, K.V.RANGAREDDY, Andhra Pradesh	7	0.1522	SHARED_STEM_OR_PREFIX
S1-981440385	Angad Multitrade Ltd	Building No. 37/4, First Floor Opp Bharata Mata College, Vazhakkala, Thrikkakara, Ernakulam, Kerala	India	S2-183761344	radhatraining.com	BLDG NO. B, SHOP NO.37, PATIL COMPLEX, AMBEDKAR CHOWK, AUNDH, PUNE, Maharashtra	8	0.1142	SAME_GEOGRAPHY_AND_GENERIC_KEY
S1-981440385	Angad Multitrade Ltd	Building No. 37/4, First Floor Opp Bharata Mata College, Vazhakkala, Thrikkakara, Ernakulam, Kerala	India	S2-557749182	Galaxy Sangh Limited	BUILDING NO-37/13, SANKARAMANGALAM, CHANGANASSERY, Kerala	10	0.1142	SHARED_STREET_OR_ADDRESS
S1-883973644	Global Hovnanian LLC	4024 39th Avenue, Seattle, WA	US	S2-868483637	Global Hovnanian	21 WHITE WILLOW CT, PO BOX 5316, OWINGS MILLS, MD	1	0.4174	SHARED_STEM_OR_PREFIX
S1-883973644	Global Hovnanian LLC	4024 39th Avenue, Seattle, WA	US	S2-111502659	Global Hovnanian Highland	28 WHITE WILLOW CT, OWINGS MILLS, MD	2	0.4174	SHARED_STEM_OR_PREFIX
S1-883973644	Global Hovnanian LLC	4024 39th Avenue, Seattle, WA	US	S2-111427874	Global Hovnanian West LLC	4045-4049 39TH AVE, SEATTLLE CITY, WA	3	0.4174	SHARED_NAME_AND_LOCATION_TOKENS
S1-883973644	Global Hovnanian LLC	4024 39th Avenue, Seattle, WA	US	S2-195723864	Global Hovnanian	4450 KINGS RUN DR, CINCINNATI, OH	4	0.4174	SHARED_STEM_OR_PREFIX
S1-883973644	Global Hovnanian LLC	4024 39th Avenue, Seattle, WA	US	S3-611212215	global hovnanian	21 White Willow Ct, Owings Mills, Maryland	5	0.4174	SHARED_STEM_OR_PREFIX
S1-883973644	Global Hovnanian LLC	4024 39th Avenue, Seattle, WA	US	S3-974046098	Global  Hovnanian PC	4450 Kings Run Drive, Cincinnati, Ohio	8	0.4174	SHARED_STEM_OR_PREFIX
S1-883973644	Global Hovnanian LLC	4024 39th Avenue, Seattle, WA	US	S3-752016919	Global Hovnanian  PC	4450 Kings Run Drive, Cincinnati, Ohio	9	0.4174	SHARED_STEM_OR_PREFIX
S1-883973644	Global Hovnanian LLC	4024 39th Avenue, Seattle, WA	US	S3-307292992	Global  Hovnanian [PC]	4450 Kings Run Dr, Cincinnati, Ohio	10	0.4174	SHARED_STEM_OR_PREFIX
S1-17666546	Pacific Learning Laboratories LLC	4810 Nassau Avenue, Sand Springs, OK	US	S2-378749655	Pacific Learning-Laboratories LLC	PORTLAND STREET, CHATTANOOGA, TN	3	0.6030	SHARED_STEM_OR_PREFIX
S1-17666546	Pacific Learning Laboratories LLC	4810 Nassau Avenue, Sand Springs, OK	US	S2-48970936	Pacific Learning Center	7790 CHURCHILL RD, MANHTATAN, MT	7	0.1577	SHARED_STEM_OR_PREFIX
S1-17666546	Pacific Learning Laboratories LLC	4810 Nassau Avenue, Sand Springs, OK	US	S2-647174004	Pacific  Learning Ventures	1513 SHERIDAN DRIVE, JACKSONVILLE, AR	8	0.1577	SHARED_STEM_OR_PREFIX
S1-17666546	Pacific Learning Laboratories LLC	4810 Nassau Avenue, Sand Springs, OK	US	S2-15033409	PACIFIC LEARNING PARTNERS	20 SOLOMON RD, KELSO, WA	9	0.1577	SHARED_STEM_OR_PREFIX
S1-17666546	Pacific Learning Laboratories LLC	4810 Nassau Avenue, Sand Springs, OK	US	S2-700055673	Pacific Learning Center Group	3986 BATES PIKE, CLEVELAND, TN	10	0.1577	SHARED_STEM_OR_PREFIX
S1-513115995	Thomas Calisa	126 D Street, Pittsfield, ME	US	S2-44508570	THOMAS INC CALISA	131 D ST, PITTSFIELD, ME	2	0.5250	SHARED_NAME_AND_LOCATION_TOKENS
S1-513115995	Thomas Calisa	126 D Street, Pittsfield, ME	US	S2-191174694	thomascalamosjoshua.com	VINTNER TRL, JOSHUA, TX	3	0.1530	SAME_GEOGRAPHY_AND_GENERIC_KEY
S1-513115995	Thomas Calisa	126 D Street, Pittsfield, ME	US	S2-745483720	THOMAS CANTOR L.L.C.	6718 OLD CHESTERBROOK RD, MC LEN, VA	4	0.1530	SHARED_STEM_OR_PREFIX
S1-513115995	Thomas Calisa	126 D Street, Pittsfield, ME	US	S2-433968001	Thomas, Cavender and Zirkle LLC	106-110 HOLLOWELL RD, PRESTON, CT	5	0.1530	SHARED_STEM_OR_PREFIX
S1-513115995	Thomas Calisa	126 D Street, Pittsfield, ME	US	S2-24155537	Thomas Calamos of Joshua Metro	6530 VINTNER TRL, JOSHUA, TX	6	0.1530	SHARED_STEM_OR_PREFIX
S1-513115995	Thomas Calisa	126 D Street, Pittsfield, ME	US	S2-975678356	Thomas, Caudillo & Camejo Llc	BROOKS ST, GASTONIA, NC	8	0.1530	SHARED_STEM_OR_PREFIX
S1-513115995	Thomas Calisa	126 D Street, Pittsfield, ME	US	S2-857540674	THOMASCARIN.COM	323 MADISON ST, KNIGHTSTOWN, IN	10	0.1530	SAME_GEOGRAPHY_AND_GENERIC_KEY
S1-791217329	Indian Brothers Private Limited	#17/1, Lower Ground Floor, 1St Cross, Lalbagh Road, Bangalore South, Bangalore, Karnataka	India	S2-903446816	indian brothers private limited	পশ্চিমবঙ্গ, DOOR NO 49 C/O SWARUP SAHA KALNA KALNA I SASHPUR KALNA KALNA P, BARDHAMAN	1	0.7502	SHARED_STEM_OR_PREFIX
S1-791217329	Indian Brothers Private Limited	#17/1, Lower Ground Floor, 1St Cross, Lalbagh Road, Bangalore South, Bangalore, Karnataka	India	S2-142970038	Indian Brothers Private Limited	WZ-160-D-31, KHAZAN BASTI (MAYA VIHAR), NEAR SANNTAN DHRM MANDIR, DELHI, Delhi	3	0.7502	SHARED_STEM_OR_PREFIX
S1-791217329	Indian Brothers Private Limited	#17/1, Lower Ground Floor, 1St Cross, Lalbagh Road, Bangalore South, Bangalore, Karnataka	India	S3-1488492	Indian Brothers Private  Limited	No 26 Usha Nagar, Indore, MP	4	0.7502	SHARED_STEM_OR_PREFIX
S1-791217329	Indian Brothers Private Limited	#17/1, Lower Ground Floor, 1St Cross, Lalbagh Road, Bangalore South, Bangalore, Karnataka	India	S3-193339936	Indian Brothers-Private [Limited]	Plot ##302 C/o Swarup Saha Kalna Kalna I Sashpur Kalna Kalna P, Bardhaman, Barddhaman, পশ্চিমবঙ্গ	5	0.7502	SHARED_STEM_OR_PREFIX
S1-791217329	Indian Brothers Private Limited	#17/1, Lower Ground Floor, 1St Cross, Lalbagh Road, Bangalore South, Bangalore, Karnataka	India	S2-387370436	Indian & Brothers Holdings Limited	24 SURYODAYA ESTATE 136 TARDEOROAD, MUMBAI, Maharashtra	9	0.3049	SHARED_STEM_OR_PREFIX
S1-791217329	Indian Brothers Private Limited	#17/1, Lower Ground Floor, 1St Cross, Lalbagh Road, Bangalore South, Bangalore, Karnataka	India	S2-367926140	Indian Brothers Industries Private Ltd	NO #16 C/O S H RAM KHEEL SH BHAGHWANA, SANJARWAS, Haryana	10	0.3049	SHARED_STEM_OR_PREFIX
S1-602913883	Cascade Allied Telecom LLC	165 Linden Street, Unit 106, Wellesley, MA	US	S2-195992158	CASCADE ALLIED  CENTRAL	7 ATKINSON STREET, LAWRNCE, MA	4	0.1923	SHARED_STREET_OR_ADDRESS
S1-602913883	Cascade Allied Telecom LLC	165 Linden Street, Unit 106, Wellesley, MA	US	S2-645208955	Cascade Allied Hddds LLC	02767 BROOKSHIRE CT, STOW, OH	6	0.1923	SHARED_STEM_OR_PREFIX
S1-602913883	Cascade Allied Telecom LLC	165 Linden Street, Unit 106, Wellesley, MA	US	S2-263487069	CASCADE ALLIED TMNECOM MIDTOWN [LLC]	178  LINDEN ST, WELLELEY CITY, MA	8	0.1923	SHARED_NAME_AND_LOCATION_TOKENS
S1-602913883	Cascade Allied Telecom LLC	165 Linden Street, Unit 106, Wellesley, MA	US	S2-872258263	Cascade Allied	#2919 28 MEADOWBROOK ROAD, SPRINGFIELD, IL	9	0.1923	SHARED_STEM_OR_PREFIX
S1-602913883	Cascade Allied Telecom LLC	165 Linden Street, Unit 106, Wellesley, MA	US	S2-173363113	CASCADE ALLIED	MA, LAWRNCE, 7 ATKINSON ST	10	0.1923	SHARED_NAME_AND_LOCATION_TOKENS
S1-401372098	Apex Inc	108 Richardson Street, Bethany, WV	US	S2-620702633	KINDLER, KACZMAREK & LAI	108 RICHARDSON LN, PALMRA, VA	5	0.2168	SAME_GEOGRAPHY_AND_GENERIC_KEY
S1-401372098	Apex Inc	108 Richardson Street, Bethany, WV	US	S2-998800184	Kindler, Kaczmarek-& Lai Inc.	108 RICHARDSON LN, PALMRA, VA	6	0.2168	SAME_GEOGRAPHY_AND_GENERIC_KEY
S1-401372098	Apex Inc	108 Richardson Street, Bethany, WV	US	S3-328432047	Canela Custom Oneim Corp	108 Richardson Lane, Palmyra, Virginia	8	0.2168	SAME_GEOGRAPHY_AND_GENERIC_KEY
S1-401372098	Apex Inc	108 Richardson Street, Bethany, WV	US	S3-828695127	holdings pediatric dentistry clinic	Richardson, Texas, 108 Coit Rd	9	0.2168	SAME_GEOGRAPHY_AND_GENERIC_KEY
S1-401372098	Apex Inc	108 Richardson Street, Bethany, WV	US	S2-970742178	Apex, Inc	24 EMS D18 LANE, SYRACUSE, IN	10	0.1794	SHARED_STEM_OR_PREFIX
S1-945437722	Joeann Hills Park Inc.	10101 Threave Road, Unit 301, Raleigh, NC	US	S3-805333154	Joeann Hills Cosmetics Inc.	North Carolina, Raleigh, 10122 Threave Road, Unit 301	2	1.1747	SHARED_STREET_OR_ADDRESS
S1-945437722	Joeann Hills Park Inc.	10101 Threave Road, Unit 301, Raleigh, NC	US	S2-156162384	Joeann'S Cafe	1228 EUREKA AVE, COLUMBUS, OH	4	0.1747	SHARED_STEM_OR_PREFIX
S1-945437722	Joeann Hills Park Inc.	10101 Threave Road, Unit 301, Raleigh, NC	US	S2-575081865	Joeann Elmore Big Westgate	1109 78th St, CLEVELAND, OH	5	0.1747	SHARED_STEM_OR_PREFIX
S1-945437722	Joeann Hills Park Inc.	10101 Threave Road, Unit 301, Raleigh, NC	US	S2-706036438	Joeann Watirs Keystone Aluminum, LLC	322 BIG PINE DRIVE, WEST LAFAYETTE, IN	6	0.1747	SHARED_STEM_OR_PREFIX
S1-945437722	Joeann Hills Park Inc.	10101 Threave Road, Unit 301, Raleigh, NC	US	S2-238206352	Joeann Allison Value Partners	341 BEDFORD RD, CARLISLE, MA	8	0.1747	SHARED_STEM_OR_PREFIX
S1-982210261	Mayur Hospital of Gondal	C/O Dwarkadhis Enterprise, C.M. Palace, Ist Floor, Shop 3, Vill: Gondal(Mog), Gondal, Rajkot, Gondal, Rajkot, Gujarat	India	S2-445288348	Mayur Hospital of Gondal Overseas	DOOR NO 92 C/O DWARKADHIS ENTERPRISE, C.M. PALACE, IST FLOOR, SHOP 3, VILL: GONDAL(MOG), GONDAL, RAJKOT, GONDAL, Gujarat	2	0.7324	SHARED_STREET_OR_ADDRESS
S1-982210261	Mayur Hospital of Gondal	C/O Dwarkadhis Enterprise, C.M. Palace, Ist Floor, Shop 3, Vill: Gondal(Mog), Gondal, Rajkot, Gondal, Rajkot, Gujarat	India	S2-981530348	Mayur Hospital	121, TOP FLOOR, GOLF LINK, SECTOR 118, TDI, S.A.S.NAGAR (MOHALI), Punjab	4	0.6606	SHARED_STREET_OR_ADDRESS
S1-982210261	Mayur Hospital of Gondal	C/O Dwarkadhis Enterprise, C.M. Palace, Ist Floor, Shop 3, Vill: Gondal(Mog), Gondal, Rajkot, Gondal, Rajkot, Gujarat	India	S2-31344574	Mayur  Hospital	00320/6, VALMIKI MARG, RAJA PARK, JAIPUR, Rajasthan	6	0.6606	SHARED_STEM_OR_PREFIX
S1-982210261	Mayur Hospital of Gondal	C/O Dwarkadhis Enterprise, C.M. Palace, Ist Floor, Shop 3, Vill: Gondal(Mog), Gondal, Rajkot, Gondal, Rajkot, Gujarat	India	S2-311267155	Mayur  Hospital	00320/6, VALMIKI MARG, RAJA PARK, JAIPUR, राजस्थान	7	0.6606	SHARED_STEM_OR_PREFIX
S1-982210261	Mayur Hospital of Gondal	C/O Dwarkadhis Enterprise, C.M. Palace, Ist Floor, Shop 3, Vill: Gondal(Mog), Gondal, Rajkot, Gondal, Rajkot, Gujarat	India	S2-685280693	Mayur Hospital	SHOP 49, OASIS SHOPPING MALL COMMR CHS L DEWAN CENTRE, S V ROAD, JOGESHWARI WEST, MUMBAI, Maharashtra	8	0.6606	SHARED_STEM_OR_PREFIX
S1-982210261	Mayur Hospital of Gondal	C/O Dwarkadhis Enterprise, C.M. Palace, Ist Floor, Shop 3, Vill: Gondal(Mog), Gondal, Rajkot, Gondal, Rajkot, Gujarat	India	S2-591823057	Mayur Hospital Private Limited	320/11, VALMIKI MARG, RAJA PARK, JAIPUR, Rajasthan	10	0.6606	SHARED_STEM_OR_PREFIX
S1-976369483	FUE Pgim Care	211 Dewey Road, IL, Rockton	US	S2-662865529	*** FUE  Pgim Clinic Corporation	CRISFIELD CITY, MD, 263- SOMERS CV	4	0.6180	SHARED_STEM_OR_PREFIX
S1-976369483	FUE Pgim Care	211 Dewey Road, IL, Rockton	US	S2-106027155	FUE  Pgim Corp	15449 25TH AVE, PHOENIX, AZ	5	0.6180	SHARED_STEM_OR_PREFIX
S1-976369483	FUE Pgim Care	211 Dewey Road, IL, Rockton	US	S2-328564069	Fue Pgim Center Partners	1838 CEDAR AVE, LEWISTON, ID	6	0.6180	SHARED_STEM_OR_PREFIX
S1-976369483	FUE Pgim Care	211 Dewey Road, IL, Rockton	US	S2-759636115	FUE-Pgim Center	MCKINNEY, TX, 8600 ESCALANTE TRL	7	0.6180	SHARED_STEM_OR_PREFIX
S1-976369483	FUE Pgim Care	211 Dewey Road, IL, Rockton	US	S2-330772737	FUE Pgim Corp.	15449 25TH AVE, PHOENIX, AZ	9	0.6180	SHARED_STEM_OR_PREFIX
S1-976369483	FUE Pgim Care	211 Dewey Road, IL, Rockton	US	S2-929035298	FUE PGIM CENTER	LEWISTON, 1825 CEDAR AVENUE, ID	10	0.6180	SHARED_STEM_OR_PREFIX
S1-370715897	Primary Care Physicians Inc.	53 Park Lane, Wellsville, NY	US	S2-113363527	Primary Care Physicians-Inc.	790 OLD DENNING ROAD, null, PRINCETON, NC	1	0.1945	SHARED_STEM_OR_PREFIX
S1-370715897	Primary Care Physicians Inc.	53 Park Lane, Wellsville, NY	US	S2-959897425	Primary Care Physicians Inc.	814-816 GILMAN RD, LYNDON CETNER, VT	4	0.1945	SHARED_STEM_OR_PREFIX
S1-370715897	Primary Care Physicians Inc.	53 Park Lane, Wellsville, NY	US	S2-192909287	primary care physicians inc	7575 WILSON AVE, BEAVERTON CDP, OR	7	0.1945	SHARED_STEM_OR_PREFIX
S1-370715897	Primary Care Physicians Inc.	53 Park Lane, Wellsville, NY	US	S2-186914000	PRIMARY CARE PHYSICIANS INC		8	0.1945	SHARED_STEM_OR_PREFIX
S1-27029362	Global Ministries	74 429, Stockdale, TX	US	S2-165707418	Global Ministries	315 BAYVIEW AVE, DEWEY BEACH, DE	2	0.5127	SHARED_STEM_OR_PREFIX
S1-27029362	Global Ministries	74 429, Stockdale, TX	US	S2-513982552	Global Ministries	13118 KCRA LN, SILVER SPING, MD	3	0.5127	SHARED_STEM_OR_PREFIX
S1-27029362	Global Ministries	74 429, Stockdale, TX	US	S2-595411337	Global Ministries	536 FITZGERALD STREET, EAST BERNARD, TX	5	0.5127	SHARED_NAME_AND_LOCATION_TOKENS
S1-27029362	Global Ministries	74 429, Stockdale, TX	US	S2-97000406	GLOBAL  MINISTRIES	BOSTON, MA, 692 TREMONT STREET	6	0.5127	SHARED_STEM_OR_PREFIX
S1-27029362	Global Ministries	74 429, Stockdale, TX	US	S2-795564883	... Global Ministries	608 BONNIE BRAE PL, RIVER FOREST, IL	10	0.5127	SHARED_STEM_OR_PREFIX
S1-145829425	North Storage Care	2804, Tower A, Sarova, Samata Nagar, Kandivali East, Mumbai, Maharashtra	India	S2-378412352	North Storage	DOOR NO 24-05/G/1 , GALA 1, GROUND FLOOR, ISHAN APT, BHIWANDI, Maharashtra	6	0.4628	SHARED_NAME_AND_LOCATION_TOKENS
S1-145829425	North Storage Care	2804, Tower A, Sarova, Samata Nagar, Kandivali East, Mumbai, Maharashtra	India	S2-811477180	North Storage Storage	H.NO 45 ICON, COWORKS BLOCK A, GROUND FLOOR, BANER ROAD, HAVELI, महाराष्ट्र	9	0.4628	SHARED_STEM_OR_PREFIX
S1-993527714	George Saul Inc	Unit UNIT 367, 1400 Great Wolf Drive, WI, Village Of Lake Delton	US	S3-420078852	Historical  Clean Alliance Associates #56338	367 3rd St, Unit Apartment 4, Fulton, New York	1	0.2672	SAME_GEOGRAPHY_AND_GENERIC_KEY
S1-993527714	George Saul Inc	Unit UNIT 367, 1400 Great Wolf Drive, WI, Village Of Lake Delton	US	S3-88158520	Synbrixarc doing business as Dena F. Keppler, MD, PC	Unit 367, 2600 Germann Road, AZ, Chandler	2	0.2672	SAME_GEOGRAPHY_AND_GENERIC_KEY
S1-993527714	George Saul Inc	Unit UNIT 367, 1400 Great Wolf Drive, WI, Village Of Lake Delton	US	S3-691238138	fap royal	Elm Ave, # UNIT 367, Rancho Cucamonga, California	3	0.2672	SAME_GEOGRAPHY_AND_GENERIC_KEY
S1-993527714	George Saul Inc	Unit UNIT 367, 1400 Great Wolf Drive, WI, Village Of Lake Delton	US	S3-81058297	Ltd Horizon Xcél	Unit 367, 625 Monroe St, Washington, District of Columbia	5	0.2672	SAME_GEOGRAPHY_AND_GENERIC_KEY
S1-993527714	George Saul Inc	Unit UNIT 367, 1400 Great Wolf Drive, WI, Village Of Lake Delton	US	S2-855631747	Georges and Savage, Ltd	757 CYPRESS STREET, ELMIRA, NY	8	0.2324	SAME_GEOGRAPHY_AND_GENERIC_KEY
S1-993527714	George Saul Inc	Unit UNIT 367, 1400 Great Wolf Drive, WI, Village Of Lake Delton	US	S2-127570111	GEORGE, & SANTIAGO  DOMINGUEZ	799 ARCHER ROAD, PO BOX 9737, LUTTRELL, TN	10	0.2324	SHARED_STEM_OR_PREFIX
S1-151608539	Orchid Renewable Ltd	House No.26-352, Kadavakollu Bhavanam, Bhuttaipeta, Near E.N.T Hospital, Machilipatanam, Krishna, Andhra Pradesh	India	S2-900810153	Orchid  Retail Private	NO 1 SRI SAI ISEC MAIN ROAD, 2ND CROSS NAGARBHAVI BENGALURU, BANGALORE NORTH, Karnataka	4	0.2860	SHARED_NAME_AND_LOCATION_TOKENS
S1-151608539	Orchid Renewable Ltd	House No.26-352, Kadavakollu Bhavanam, Bhuttaipeta, Near E.N.T Hospital, Machilipatanam, Krishna, Andhra Pradesh	India	S2-990826669	Orchid Retail	#1 SRI SAI ISEC MAIN ROAD, 2ND CRGSS NAGARBHAVI BENGALURU, BANGALORE NORTH, ಕರ್ನಾಟಕ	5	0.2860	SHARED_STEM_OR_PREFIX
S1-151608539	Orchid Renewable Ltd	House No.26-352, Kadavakollu Bhavanam, Bhuttaipeta, Near E.N.T Hospital, Machilipatanam, Krishna, Andhra Pradesh	India	S2-944927038	ORCHID REAL PRIVATE LTD	52 GANESH PURI COLONY, BHAWANI GANJ, Uttar Pradesh	6	0.2860	SHARED_NAME_AND_LOCATION_TOKENS
S1-151608539	Orchid Renewable Ltd	House No.26-352, Kadavakollu Bhavanam, Bhuttaipeta, Near E.N.T Hospital, Machilipatanam, Krishna, Andhra Pradesh	India	S3-262099488	Orchid Real Private Ltd	52 Ganesh Puri Colony, Bhawani Ganj, Lucknow, UP	8	0.2860	SHARED_STEM_OR_PREFIX
S1-151608539	Orchid Renewable Ltd	House No.26-352, Kadavakollu Bhavanam, Bhuttaipeta, Near E.N.T Hospital, Machilipatanam, Krishna, Andhra Pradesh	India	S3-8853891	ORCHID RETAIL PRIVATE LIMITED	No 1 Sri Sai Isec Main Road, Bangalore North, Bangalore, KA	9	0.2860	SHARED_NAME_AND_LOCATION_TOKENS
S1-134898809	Corner Hypnosis	26 Stone Street, Unit 3, Beverly, MA	US	S2-763227715	-- Board of Buildings Ltd	26 STONE HEDGE DRIVE, LEOMINSTER, MA	2	0.2168	SAME_GEOGRAPHY_AND_GENERIC_KEY
S1-134898809	Corner Hypnosis	26 Stone Street, Unit 3, Beverly, MA	US	S3-12243647	UNIFIED ABRDN LLC	26 Stone Forge Pike, Flora Otwnship, Illinois	5	0.2168	SAME_GEOGRAPHY_AND_GENERIC_KEY
S1-134898809	Corner Hypnosis	26 Stone Street, Unit 3, Beverly, MA	US	S3-890598360	The Davila's Electronics Inc	26 Stone Ridge Trail, Anniston, Alabama	6	0.2168	SAME_GEOGRAPHY_AND_GENERIC_KEY
S1-134898809	Corner Hypnosis	26 Stone Street, Unit 3, Beverly, MA	US	S2-605743649	Corner Hypnosis	1301 D16 PERSHING ST, TRUTH OR CONSEQUENCES, NM	10	0.1804	SHARED_STEM_OR_PREFIX
S1-855787505	Blue Steels Limited	12, Floor 2, Plot-750, 20, Satnam Nagar, Dr G D Marg, Mumbai, Maharashtra	India	S2-386734765	BLUE STEEL SYSTEMS	VI/56/4 A KILICKATTUTHOTTATHIL, THAZHUVAMKU VAZHAKULAM, KALLOORKKAD, ERNAKULAM, Kerala	3	0.4366	SHARED_STEM_OR_PREFIX
S1-855787505	Blue Steels Limited	12, Floor 2, Plot-750, 20, Satnam Nagar, Dr G D Marg, Mumbai, Maharashtra	India	S3-152462224	Blue Steel Limited Center	Sy No 139/23., Bangalore North, Bangalore, KA	4	0.4366	SHARED_STEM_OR_PREFIX
S1-855787505	Blue Steels Limited	12, Floor 2, Plot-750, 20, Satnam Nagar, Dr G D Marg, Mumbai, Maharashtra	India	S2-141952407	Bluestar Resorts Private Ltd	15-16, IIND FLOOR, SHAGUN COMPLEX, VIJAY NAGAR CHOURAHA, A.B.ROAD, INDORE, Madhya Pradesh	9	0.1199	SHARED_STREET_OR_ADDRESS
S1-855787505	Blue Steels Limited	12, Floor 2, Plot-750, 20, Satnam Nagar, Dr G D Marg, Mumbai, Maharashtra	India	S2-769581126	BLUESTAR SAMITI [(SERVICE)]	# 27/1, HEBBAL MAIN ROAD, LOKANAYAKANAGAR METAGALLI, MYSURU, Karnataka	10	0.1199	SAME_GEOGRAPHY_AND_GENERIC_KEY
S1-277072715	Shiva Management Private Limited	D No. 20-6-3/12, Dantuluri Vari Street, Ayodyanagar, Vijayawada (Urban), Krishna, Andhra Pradesh	India	S2-927450412	Shiva  Management Private Limited	PLOT NO. 1-A, GOKUL NAGAR, OPPOSITE KARDHANI PETROL PUMP, KALWAR ROAD, GOVINDPURA, JAIPUR, Rajasthan	2	0.6717	SHARED_NAME_AND_LOCATION_TOKENS
S1-277072715	Shiva Management Private Limited	D No. 20-6-3/12, Dantuluri Vari Street, Ayodyanagar, Vijayawada (Urban), Krishna, Andhra Pradesh	India	S2-446328301	shiva management private limited	603/38, THIRD FLOOR, ONKAR NAGAR-C TRI NAGAR, Delhi	3	0.6717	SHARED_STEM_OR_PREFIX
S1-277072715	Shiva Management Private Limited	D No. 20-6-3/12, Dantuluri Vari Street, Ayodyanagar, Vijayawada (Urban), Krishna, Andhra Pradesh	India	S3-968286433	Shiva Management Private Limited	10/3, Pune, MH	4	0.6717	SHARED_NAME_AND_LOCATION_TOKENS
S1-277072715	Shiva Management Private Limited	D No. 20-6-3/12, Dantuluri Vari Street, Ayodyanagar, Vijayawada (Urban), Krishna, Andhra Pradesh	India	S3-133613675	Shiva Management Private  Limited	4-1St Floor, Rayagada, Orissa	5	0.6717	SHARED_STEM_OR_PREFIX
S1-277072715	Shiva Management Private Limited	D No. 20-6-3/12, Dantuluri Vari Street, Ayodyanagar, Vijayawada (Urban), Krishna, Andhra Pradesh	India	S3-648220631	shiva management private limited	P. No. 103, Laxmi Nagar, Jaipur, Shahpura, RJ	6	0.6717	SHARED_NAME_AND_LOCATION_TOKENS
S1-277072715	Shiva Management Private Limited	D No. 20-6-3/12, Dantuluri Vari Street, Ayodyanagar, Vijayawada (Urban), Krishna, Andhra Pradesh	India	S3-226245624	Shiva Management Private  Limited	C-589 New Subzi Mandi, North West Delhi, Delhi, DL	7	0.6717	SHARED_STEM_OR_PREFIX
S1-277072715	Shiva Management Private Limited	D No. 20-6-3/12, Dantuluri Vari Street, Ayodyanagar, Vijayawada (Urban), Krishna, Andhra Pradesh	India	S3-685866787	Shiva Management Private Limited	No 70 Mig-ii, Bhubaneswar, Khordha, OD	8	0.6717	SHARED_NAME_AND_LOCATION_TOKENS
S1-269656551	Impetus Hotel Public Limited	Canal Road Wakdai Nagar, Mangaon, Raigarh, Maharashtra	India	S3-170574745	Impetus Hotel Enterprises Public Ltd	Door No 55 Canal Road Wakdai Nagar, Raigarh, Mangaon, महाराष्ट्र	1	1.3273	SHARED_STREET_OR_ADDRESS
S1-269656551	Impetus Hotel Public Limited	Canal Road Wakdai Nagar, Mangaon, Raigarh, Maharashtra	India	S2-103495458	IMPETUS SERVICES PVT LTD. LTD.	A-13, SECTOR-J, ALIGANJ, LUCKNOW, Uttar Pradesh	8	0.1898	SHARED_STEM_OR_PREFIX
S1-269656551	Impetus Hotel Public Limited	Canal Road Wakdai Nagar, Mangaon, Raigarh, Maharashtra	India	S2-221628843	impetus events pvt ltd	NO 3RD  FLOOR, BELVEDERE, RAJ BHAVAN ROAD, SOMAJIGUDA, HYDERABAD, Telangana	9	0.1898	SHARED_STREET_OR_ADDRESS
S1-356020591	Essy Reed Royal Internet LLC	9889 Kent Street, Elk Grove, CA	US	S2-896403118	Essy Garcia Generating Inc Center #16198	03016 4300, PMB 4189, OGDEN, UT	4	0.0703	SHARED_STEM_OR_PREFIX
S1-356020591	Essy Reed Royal Internet LLC	9889 Kent Street, Elk Grove, CA	US	S2-745092723	essy rister cascade ofs	1712- HOCKER AVENUE, INDEPENDENCE, MO	5	0.0703	SHARED_STEM_OR_PREFIX
S1-356020591	Essy Reed Royal Internet LLC	9889 Kent Street, Elk Grove, CA	US	S2-314993430	Essy Stewart Choice Beauty Incorporated	Hombre Viejo, SAHUARITA TOWSHIP, AZ	7	0.0703	SHARED_STEM_OR_PREFIX
S1-356020591	Essy Reed Royal Internet LLC	9889 Kent Street, Elk Grove, CA	US	S2-141287577	Essy Rdorsghhuez Manufacturing, Inc	406 17th St, NULL, ANKENY, IA	10	0.0703	SHARED_STEM_OR_PREFIX
S1-514155563	Horizon LLC	2025 Sterigere Street, West Norriton Township, PA	US	S2-252130764	HORIZON, LLC	WA, LILLIWAUP, 991 COLONY SURF DR	5	0.1587	SHARED_STEM_OR_PREFIX
S1-514155563	Horizon LLC	2025 Sterigere Street, West Norriton Township, PA	US	S2-541004230	horizon l.l.c.	GARY, IN, 1571 RUTLEDGE ST	6	0.1587	SHARED_STEM_OR_PREFIX
S1-514155563	Horizon LLC	2025 Sterigere Street, West Norriton Township, PA	US	S2-324109559	Horizon  LLC	05960 141nd Avenue, BEAVERTON, OR	7	0.1587	SHARED_STEM_OR_PREFIX
S1-514155563	Horizon LLC	2025 Sterigere Street, West Norriton Township, PA	US	S2-538812525	Horizon, LLC	320 NORTHGATE BOULEVARD, INDIAN TRAIL, NC	8	0.1587	SHARED_STEM_OR_PREFIX
S1-514155563	Horizon LLC	2025 Sterigere Street, West Norriton Township, PA	US	S2-668189279	Horizon Llc	7019 GEOGRIA AVE, WASHINGTON, DC	10	0.1587	SHARED_STEM_OR_PREFIX
S1-942221484	Healthcare Janki Nutrition Pvt. Ltd.	Kalasandesh, Bharatkunj - 2, 19/38, Erandwana, Pune, Maharashtra	India	S2-546821402	Healthcare Janki Real Pvt. Ltd.	NO 82 KALASANDESH, BHARATKUNJ - 2, 19/38, ERANDWANA, PUNE, Maharashtra	3	0.4712	SHARED_NAME_AND_LOCATION_TOKENS
S1-966462381	Abhushan & Brothers Co	Hig 28 1St Floor Indra Nagar, Kanpur, Uttar Pradesh	India	S2-179586633	Abhushan & Brothers Pvt.	OFFICE NO. 22, 4TH FLOOR, 75/76, LAXMI BUILDING, SIR P.M. ROAD, FO, RT, MUMBAI, Maharashtra	3	0.7839	SHARED_STREET_OR_ADDRESS
S1-966462381	Abhushan & Brothers Co	Hig 28 1St Floor Indra Nagar, Kanpur, Uttar Pradesh	India	S2-559190302	ABHUSHAN-BROTHERS PVT. LTD. [CENTER]	OFFICE NO. 22, 4TH FLOOR, 75/76, LAXMI BUILDING, SIR P.M. ROAD, FO, RT, MUMBAI, Maharashtra	4	0.7839	SHARED_STREET_OR_ADDRESS
S1-966462381	Abhushan & Brothers Co	Hig 28 1St Floor Indra Nagar, Kanpur, Uttar Pradesh	India	S2-639505905	Abhushan & Brothers Pvt Ltd	A-250, IIIRD FLOOR, THOKAR NO. 6 ABUL FAZAL ENCLAVE PART-II, JAMIA NAGAR, O, KHLA, NEW DELHI, दिल्ली	5	0.7839	SHARED_STREET_OR_ADDRESS
S1-966462381	Abhushan & Brothers Co	Hig 28 1St Floor Indra Nagar, Kanpur, Uttar Pradesh	India	S2-341800888	Abhushan & Brothers Pvt.	A-250, IIIRD FLOOR, THOKAR NO. 6 ABUL FAZAL ENCLAVE PART-II, JAMIA NAGAR, O, KHLA, NEW DELHI, Delhi	6	0.7839	SHARED_STREET_OR_ADDRESS
S1-966462381	Abhushan & Brothers Co	Hig 28 1St Floor Indra Nagar, Kanpur, Uttar Pradesh	India	S3-292489059	Abhushan & Brothers Holdings Pvt.  Ltd.	A-254, New Delhi, South Delhi, दिल्ली	7	0.7839	SHARED_STEM_OR_PREFIX
S1-966462381	Abhushan & Brothers Co	Hig 28 1St Floor Indra Nagar, Kanpur, Uttar Pradesh	India	S3-831464023	Abhushan & Brothers PVT. LTD.	Hn G-570 A-250, New Delhi, South Delhi, DL	8	0.7839	SHARED_STEM_OR_PREFIX
S1-966462381	Abhushan & Brothers Co	Hig 28 1St Floor Indra Nagar, Kanpur, Uttar Pradesh	India	S3-720048103	Abhushan & Brothers Pvt.	702 Office No. 22, Mumbai, Mumbai City, MH	9	0.7839	SHARED_STEM_OR_PREFIX
S1-966462381	Abhushan & Brothers Co	Hig 28 1St Floor Indra Nagar, Kanpur, Uttar Pradesh	India	S3-990346796	Abhushan &  Brothers Pvt. Ltd.	H.no 702 Office No. 22, 4Th Floor, 75/76, Laxmi Building, Sir P.m. Road, Fo, Rt, Mumbai, Mumbai City, MH	10	0.7839	SHARED_STREET_OR_ADDRESS
S1-681392030	Care Institute of Technology	West Bengal, Howrah, 229, Kolkata, Netaji Subhas Chandra Bose Road Vishnu Enclave, 3Rd Floor, Flat No.- 3A, Kolkata	India	S2-29954699	Care  Institute	NO. 354 PLOT NO.D-30, M.I.D.C SATPUR, NASHIK, महाराष्ट्र	2	0.7214	SHARED_NAME_AND_LOCATION_TOKENS
S1-681392030	Care Institute of Technology	West Bengal, Howrah, 229, Kolkata, Netaji Subhas Chandra Bose Road Vishnu Enclave, 3Rd Floor, Flat No.- 3A, Kolkata	India	S3-262099499	Care Institute Limited	Plot No.d-##30, Nashik, MH	5	0.7214	SHARED_NAME_AND_LOCATION_TOKENS
S1-681392030	Care Institute of Technology	West Bengal, Howrah, 229, Kolkata, Netaji Subhas Chandra Bose Road Vishnu Enclave, 3Rd Floor, Flat No.- 3A, Kolkata	India	S3-58710788	Care-Institute Overseas Corporation	Plot No.d-31, M.i.d.c Satpur, Nashik, MH	6	0.7214	SHARED_NAME_AND_LOCATION_TOKENS
S1-681392030	Care Institute of Technology	West Bengal, Howrah, 229, Kolkata, Netaji Subhas Chandra Bose Road Vishnu Enclave, 3Rd Floor, Flat No.- 3A, Kolkata	India	S2-97180475	careinstitute.com	NO. 354 PLOT NO.D-30, M.I.D.C SATPUR, NASHIK, Maharashtra	9	0.3901	SAME_GEOGRAPHY_AND_GENERIC_KEY
S1-492467148	Cure Bike Shop	1317 University City Boulevard, Unit APT 5, Blacksburg Town, VA	US	S2-432259596	CURE BIKE SHOP	207. COBBLE STONE CT, VICTORIA, TX	2	0.3370	SHARED_STEM_OR_PREFIX
S1-492467148	Cure Bike Shop	1317 University City Boulevard, Unit APT 5, Blacksburg Town, VA	US	S2-823077365	Cure Bike  Shop	0078 EDGEWOOD AVENUE, THOMASTON, CT	3	0.3370	SHARED_STEM_OR_PREFIX
S1-492467148	Cure Bike Shop	1317 University City Boulevard, Unit APT 5, Blacksburg Town, VA	US	S2-110261680	Cure-Bike Shop	216 HODGINS POND DR, RED SPRINGS, NC	6	0.3370	SHARED_STEM_OR_PREFIX
S1-492467148	Cure Bike Shop	1317 University City Boulevard, Unit APT 5, Blacksburg Town, VA	US	S2-75141004	CURE BIKE SHOP!,	21526 Coyote Trail, SAND SPRINGS TOWNSHIP, OK	8	0.3370	SHARED_STEM_OR_PREFIX
S1-492467148	Cure Bike Shop	1317 University City Boulevard, Unit APT 5, Blacksburg Town, VA	US	S2-863491418	Cure  Bike Shop	34083 SUMMER CROP LN, NC, APEX	9	0.3370	SHARED_STEM_OR_PREFIX
S1-791867209	WG Harbor Worldwide P.C.	101 Oak Street, Lohrville, IA	US	S2-37277696	WG Harbor	10013 130TH LN, KIRKLAND, WA	4	0.8580	SHARED_STEM_OR_PREFIX
S1-791867209	WG Harbor Worldwide P.C.	101 Oak Street, Lohrville, IA	US	S2-16223635	WG HARBOR	130TH LANE, KIRKLAND, WA	6	0.8580	SHARED_STEM_OR_PREFIX
S1-791867209	WG Harbor Worldwide P.C.	101 Oak Street, Lohrville, IA	US	S2-315615997	wgharbor.com	IA, 2023 W 3RD ST, DAVENPORT	8	0.5268	SAME_GEOGRAPHY_AND_GENERIC_KEY
S1-951599976	Unified Green Target LLC	1037 Cedar Grove Road, Halifax County, VA	US	S2-727037134	Unified-Green  Pineapple Corp		3	0.2688	SHARED_STEM_OR_PREFIX
S1-951599976	Unified Green Target LLC	1037 Cedar Grove Road, Halifax County, VA	US	S2-960079348	Unified Green-Wireless Inc	38 LEONARD STREET, GLOUCESTER, MA	4	0.2688	SHARED_STEM_OR_PREFIX
S1-951599976	Unified Green Target LLC	1037 Cedar Grove Road, Halifax County, VA	US	S2-86856404	Unified Green Wireless	LEONARD ST, GLOUCESTER, MA	5	0.2688	SHARED_STEM_OR_PREFIX
S1-951599976	Unified Green Target LLC	1037 Cedar Grove Road, Halifax County, VA	US	S3-359749976	Unified Green	38 Leonard St, Bldg. THE Annisquam Village Library, Gloucester, Massachusetts	9	0.2688	SHARED_STEM_OR_PREFIX
S1-315450523	Fleming Global Manufacturing Inc	2332 Hidden Brook Road, Finksburg, MD	US	S2-3224169	Fleming,  Godinez & Schauer	MD, 506 CASTLE DRIVE, GOVANS	2	0.2046	SHARED_NAME_AND_LOCATION_TOKENS
S1-315450523	Fleming Global Manufacturing Inc	2332 Hidden Brook Road, Finksburg, MD	US	S2-817894253	Fleming,-Gwen, DDS	##14 CANTON ST, BALDWINSVILLE, NY	3	0.2046	SHARED_STEM_OR_PREFIX
S1-315450523	Fleming Global Manufacturing Inc	2332 Hidden Brook Road, Finksburg, MD	US	S2-567999494	Fleming Gold	5955 WINDSTONE TRAIL, CAVE CREEK, AZ	4	0.2046	SHARED_STEM_OR_PREFIX
S1-315450523	Fleming Global Manufacturing Inc	2332 Hidden Brook Road, Finksburg, MD	US	S2-984259939	FLEMING GRAND VISTA MIDTOWN	13563 TIGER RD, TELL CITY, IN	5	0.2046	SHARED_STEM_OR_PREFIX
S1-315450523	Fleming Global Manufacturing Inc	2332 Hidden Brook Road, Finksburg, MD	US	S2-829984504	FLEMING  GRADE GROUP	#16755 ASTERBILT LN, LAKEVILLE, MN	8	0.2046	SHARED_STEM_OR_PREFIX
S1-666876590	Ss Systems Limited	A-1, Malad (West), Mumbai, Maharashtra, 401, Rahul Apartment, Marve Road	India	S3-991776952	Ss Systems Limited	পশ্চিমবঙ্গ, 2-10/15, Parganas North, Calcutta	1	0.9895	SHARED_STEM_OR_PREFIX
S1-666876590	Ss Systems Limited	A-1, Malad (West), Mumbai, Maharashtra, 401, Rahul Apartment, Marve Road	India	S2-915758902	Ss Systems Private Limited	406, 4TH FLOOR, 33-A, LOTUS HOUSE, NEW MARINE LINES, Maharashtra	4	0.4512	SHARED_NAME_AND_LOCATION_TOKENS
S1-666876590	Ss Systems Limited	A-1, Malad (West), Mumbai, Maharashtra, 401, Rahul Apartment, Marve Road	India	S2-553781442	Ss Systems Private	#43 BD NO. RKP 3/148 D; RS NO. 498/3 AIRPORT ROAD, PULINCHUVAD, RAMANATTUKAR, A POST, RAMANTATUKARA, കേരളം	6	0.4512	SHARED_STREET_OR_ADDRESS
S1-666876590	Ss Systems Limited	A-1, Malad (West), Mumbai, Maharashtra, 401, Rahul Apartment, Marve Road	India	S2-449730410	Ss Systems (L.L.P.)	#D/12 LEE ROAD GROUND FLOOR, KOLKATA, West Bengal	7	0.4512	SHARED_STREET_OR_ADDRESS
S1-666876590	Ss Systems Limited	A-1, Malad (West), Mumbai, Maharashtra, 401, Rahul Apartment, Marve Road	India	S2-310700992	- Ss Systems 9718227377	RHYTHM HOSPITAL AND ICU, 401 4TH FLOOR, RAJMAHEL BUILDING, NEAR MATUKI RESTAURANT, PUNITNAGAR, 80 FEET ROAD, RAJKOT, Gujarat	8	0.4512	SHARED_STREET_OR_ADDRESS
S1-666876590	Ss Systems Limited	A-1, Malad (West), Mumbai, Maharashtra, 401, Rahul Apartment, Marve Road	India	S2-258793919	Ss  Systems Private	C/O GOPAL CHANDRA BHUNIA VILL - MALLIKPUR PO- BALIGHAI PS - EGRA, MALLIKPUR, পশ্চিমবঙ্গ	10	0.4512	SHARED_STEM_OR_PREFIX
S1-913301865	Technologies Pratyaksh Finserve Limited	Village Kurali, Sabhapur Road Tehsil Bilaspur. Block Sadhoura, Tehsil Bilaspur, Yamuna Nagar, Haryana	India	S3-58853115	Technologies Pratyaksh Finserve Pvt Ltd	Door No 4 Village Kurali, Yamuna Nagar, हरियाणा	4	0.5307	SHARED_STREET_OR_ADDRESS
S1-913301865	Technologies Pratyaksh Finserve Limited	Village Kurali, Sabhapur Road Tehsil Bilaspur. Block Sadhoura, Tehsil Bilaspur, Yamuna Nagar, Haryana	India	S2-587259622	TECHNOLOGY OF PRATYAKSH CENTER	AT-PLOT NO 3-253, SURATH PATRA, SANASIREIPUR (TRILOCHANPUR), PO-BADASIRAIPUR, PS-BANPUR, KHORDHA, KHORDA, Odisha	9	0.0927	SHARED_STEM_OR_PREFIX
S1-913301865	Technologies Pratyaksh Finserve Limited	Village Kurali, Sabhapur Road Tehsil Bilaspur. Block Sadhoura, Tehsil Bilaspur, Yamuna Nagar, Haryana	India	S2-165343354	Pratyaksh Mills	बिहार, C/O BABAN TIWARI H NO 218 VILL TOLA KURANSARAE, PANCH KORANSARAI BLOCK DUMRAON, DUMRAON	10	0.0927	SHARED_NAME_AND_LOCATION_TOKENS
S1-216181354	United Consultants Private Limited	1/522A, Survey No 52, Rajput Associates, Kolkhe, Panvel, Raigarh(Mh), Maharashtra	India	S2-393523895	united consultants private limited	VILLAGE KOTLA AFGANA, KOTLA LUDHIANA BARMALIPUR, LUDHIANA, Punjab	2	0.3613	SHARED_STEM_OR_PREFIX
S1-216181354	United Consultants Private Limited	1/522A, Survey No 52, Rajput Associates, Kolkhe, Panvel, Raigarh(Mh), Maharashtra	India	S3-490653373	United Consultants Private-Limited	महाराष्ट्र, Tq. Dist. Osmanabad, Osmanabad, C/o Kazi Aref Zulfekhan Khaja Nagar	5	0.3613	SHARED_STEM_OR_PREFIX
S1-216181354	United Consultants Private Limited	1/522A, Survey No 52, Rajput Associates, Kolkhe, Panvel, Raigarh(Mh), Maharashtra	India	S3-22116727	United Consultants Private Limited	C-71, Road No.5, Ipia, Kota, RJ	7	0.3613	SHARED_NAME_AND_LOCATION_TOKENS
S1-216181354	United Consultants Private Limited	1/522A, Survey No 52, Rajput Associates, Kolkhe, Panvel, Raigarh(Mh), Maharashtra	India	S3-136614265	United Consultants Private [Limited]	Hn 789 306, Vadodara, GJ	9	0.3613	SHARED_STEM_OR_PREFIX
S1-454111437	Maa Research Private Limited	Flat No-702, Sapphire A, Gulmohur Tower, Chiranjeev Vihar, Sector, -6, Ghaziabad, Uttar Pradesh	India	S3-995588545	Maa Research Group Private Limited	Flt No-707, Ghaziabad, UP	5	0.9648	SHARED_NAME_AND_LOCATION_TOKENS
S1-454111437	Maa Research Private Limited	Flat No-702, Sapphire A, Gulmohur Tower, Chiranjeev Vihar, Sector, -6, Ghaziabad, Uttar Pradesh	India	S3-88852368	maa resources co	Wework Office 63Th Flr 250 Park Hindustan C Bus Stop, Lal Bahadur Shastri Rd Gandhi Nagar Vikhroli West, Bombay, Mumbai, MH	7	0.2524	SHARED_STEM_OR_PREFIX
S1-960158214	Tinoco Institute of Technology Inc	27418 Fairway Oaks Drive, Huffman, TX	US	S2-358996304	Tinoco Institute of Technology Corp	27427 FAIRWAY OAKS DRIVE, <NULL>, HUFFMAN, TX	2	1.0315	SHARED_STREET_OR_ADDRESS
S1-960158214	Tinoco Institute of Technology Inc	27418 Fairway Oaks Drive, Huffman, TX	US	S2-584475164	Tinoco & Robertson Biotherapeutics Co	#4189 68RD STREET, VILLAGE OF RAYMOND, WI	6	0.2118	SHARED_STEM_OR_PREFIX
S1-743171772	Ear Nose & Throat Group of Oberlin	94 Oberlin Road, Oberlin, OH	US	S2-985956753	Mildred Oberlin  Ridge Citigroup LLC	5304 STEEPLECHASE DR, VA, FREDERICKSBURG	2	0.1019	SHARED_STEM_OR_PREFIX
S1-743171772	Ear Nose & Throat Group of Oberlin	94 Oberlin Road, Oberlin, OH	US	S2-145963130	Cultural Society Of Oberlin	217-B COLLEGE ST, OBERLIN, OH	5	0.1019	SHARED_NAME_AND_LOCATION_TOKENS
S1-743171772	Ear Nose & Throat Group of Oberlin	94 Oberlin Road, Oberlin, OH	US	S2-978808297	Oberlin Roman	5933  WALLACE AVE, CHARLOTTE, NC	8	0.1019	SHARED_STEM_OR_PREFIX
S1-965549055	Wilson Toyo LLC	120 Lake Drive, Stevensville, MD	US	S2-46562462	@WILSONTOKYO	4738 GREENHOLME DR, SACRAMENTO, CA	4	0.1824	SAME_GEOGRAPHY_AND_GENERIC_KEY
S1-965549055	Wilson Toyo LLC	120 Lake Drive, Stevensville, MD	US	S2-664911369	Wilson Top	31 CENTER ST, WOLCOTT CITY, CT	5	0.1824	SHARED_STEM_OR_PREFIX
S1-965549055	Wilson Toyo LLC	120 Lake Drive, Stevensville, MD	US	S2-643932109	Wilson Total	CARTER LN, CLEARFIELD, UT	7	0.1824	SHARED_STEM_OR_PREFIX
S1-965549055	Wilson Toyo LLC	120 Lake Drive, Stevensville, MD	US	S2-51781056	Wilson Tokyo L.L.C.	4738 GREENHOLME DRIVE, FOOTHILL FARMS, CA	8	0.1824	SHARED_STREET_OR_ADDRESS
S1-965549055	Wilson Toyo LLC	120 Lake Drive, Stevensville, MD	US	S2-742106259	Wilson Top Llc	165 COTTAGE ST, LEWISTON, ME	9	0.1824	SHARED_STEM_OR_PREFIX
S1-965549055	Wilson Toyo LLC	120 Lake Drive, Stevensville, MD	US	S2-335503700	Wilson & Tolley	MN, ROSEMOUNT, 9592 152ND STREET	10	0.1824	SHARED_STEM_OR_PREFIX
S1-947119891	Prairie Initiative	15 Bellview Avenue, Brookhaven, NY	US	S2-834208402	prairie initiative	34 169TH DR, GOODEYAR, AZ	3	0.3569	SHARED_STEM_OR_PREFIX
S1-947119891	Prairie Initiative	15 Bellview Avenue, Brookhaven, NY	US	S2-518874157	Prairie Initiative	748 SUNSET LANE, CA, CRESTLINE	4	0.3569	SHARED_STEM_OR_PREFIX
S1-947119891	Prairie Initiative	15 Bellview Avenue, Brookhaven, NY	US	S2-456744133	Prairie Initiative	NY, NEWPORT, 402 Newport Gray Road	6	0.3569	SHARED_NAME_AND_LOCATION_TOKENS
S1-947119891	Prairie Initiative	15 Bellview Avenue, Brookhaven, NY	US	S2-167666915	Prairie Initiative	530-534 FONTAINE DR, N/A, MILON, VT	9	0.3569	SHARED_STEM_OR_PREFIX
S1-947119891	Prairie Initiative	15 Bellview Avenue, Brookhaven, NY	US	S2-55088977	Prairie [Initiative]	DULCINEA STREET, PLANADA, CA	10	0.3569	SHARED_STEM_OR_PREFIX
S1-511561869	JPY Energy Pvt. Ltd.	109 2 Floor 16 Cross Road, Jp Nagar Phase 4, Dollars, Bangalore South, Bangalore, Karnataka	India	S2-255021006	Balaji Limited Private Herbal	NO. 109, 3RD CROSS, GANESH LAYOUT, MS PALYA, VIDYARANYAPURA, BANGALORE, Karnataka	8	0.1474	SAME_GEOGRAPHY_AND_GENERIC_KEY
S1-511561869	JPY Energy Pvt. Ltd.	109 2 Floor 16 Cross Road, Jp Nagar Phase 4, Dollars, Bangalore South, Bangalore, Karnataka	India	S2-917642997	Sam Brothers  Ltd Pvt	##109 , 3RD CROSS, 1ST MAIN ARIKERE MICO LAYOUT, BANNERGHATTA ROAD, Karnataka	9	0.1474	SHARED_STREET_OR_ADDRESS
S1-302710833	Kial Weaver Signature Associates Halifax	NC, 6961 301, Halifax	US	S2-796987570	Kial Weaver  Signature Pizza Halifax	HALIFAX, NC, 6982 301	1	0.6617	SHARED_NAME_AND_LOCATION_TOKENS
S1-302710833	Kial Weaver Signature Associates Halifax	NC, 6961 301, Halifax	US	S2-953991950	Kial Weaver Signature Associates	101 CENTER PLACE, DUNDALK, MD	3	0.5789	SHARED_STEM_OR_PREFIX
S1-302710833	Kial Weaver Signature Associates Halifax	NC, 6961 301, Halifax	US	S2-843391341	Kial Weaver Sígnature Associates LLC	1224 WAVERLY ST, HOUSTON CITY, TX	4	0.5789	SHARED_STEM_OR_PREFIX
S1-302710833	Kial Weaver Signature Associates Halifax	NC, 6961 301, Halifax	US	S2-771309098	KIAL WEAVER SIGNATURE ASSOCIATES LLC	N/A, SYLVANIA CDP, OH, SYLVANIA AVE	5	0.5789	SHARED_STEM_OR_PREFIX
S1-302710833	Kial Weaver Signature Associates Halifax	NC, 6961 301, Halifax	US	S2-863228323	kial weaver signature associates pc	3916 N BEND RD, CINCINNATI, OH	7	0.5789	SHARED_STEM_OR_PREFIX
S1-302710833	Kial Weaver Signature Associates Halifax	NC, 6961 301, Halifax	US	S2-316885787	Kial Weaver Signature Associates	3916 NORTH BEND RD, CINCINNATI, OH	9	0.5789	SHARED_STEM_OR_PREFIX
S1-888660595	Raheja Estates Limited	Zahid Manzil, Maharashtra, Mumbai, Mumbai City, Plot No.2, Shop No.7, Kkg Marg, Off Juhu Road, Opp Royal Hotel	India	S2-671647566	Raheja Estates Group Limited	H.NO 51 ZAHID MANZIL, PLOT NO.2, SHOP NO.7, KKG MARG, OFF JUHU ROAD, OPP ROYAL HOTEL, MUMBAI, Maharashtra	3	0.9099	SHARED_STREET_OR_ADDRESS
S1-888660595	Raheja Estates Limited	Zahid Manzil, Maharashtra, Mumbai, Mumbai City, Plot No.2, Shop No.7, Kkg Marg, Off Juhu Road, Opp Royal Hotel	India	S2-114292730	Life Hari Construction LLP	ZAHID MANZIL, PLOT NO.2, ROOM NO. 7, JUHU ROAD, OPP. ROYAL HOTEL, KKG MARG, MUMBAI, महाराष्ट्र	7	0.2366	SHARED_STREET_OR_ADDRESS
S1-684656443	Green Ventures Ltd	P. O. Ranasan, Ta. Talod, Ranasan, Sabar Kantha, Gujarat	India	S2-778583863	Green Ventures Private Ltd	H.NO 9-4 PIYAJI MORE, BIBIGRAM ROAD, MALDAH, পশ্চিমবঙ্গ	2	0.2858	SHARED_STEM_OR_PREFIX
S1-684656443	Green Ventures Ltd	P. O. Ranasan, Ta. Talod, Ranasan, Sabar Kantha, Gujarat	India	S2-907253678	Green Ventures Associates	503 SILVER BILL NYATI ENCLAVE MOHAMADWADI, NEAR DPS, PUNE, महाराष्ट्र	4	0.2858	SHARED_STEM_OR_PREFIX
S1-684656443	Green Ventures Ltd	P. O. Ranasan, Ta. Talod, Ranasan, Sabar Kantha, Gujarat	India	S2-283470875	GREEN  VENTURES LIMITED	SHOLOAANA HOUSING COMPLEX 11 4TH FLOOR RECKJOANI HSPITAL ROAD, RAJARHAT, West Bengal	6	0.2858	SHARED_STEM_OR_PREFIX
S1-684656443	Green Ventures Ltd	P. O. Ranasan, Ta. Talod, Ranasan, Sabar Kantha, Gujarat	India	S2-150707196	green ventures infratech	H.NO 30 VPO - MOHANPURA JODHPURA, TEHSIL - KOTPUTLI, राजस्थान	7	0.2858	SHARED_STEM_OR_PREFIX
S1-684656443	Green Ventures Ltd	P. O. Ranasan, Ta. Talod, Ranasan, Sabar Kantha, Gujarat	India	S2-354177059	Green Ventures Private Ltd	C/O SARKAR ENTERPRISE, GOLF NAGAR MORE OPP-PUJA MATH, DURGAPUR, West Bengal	8	0.2858	SHARED_NAME_AND_LOCATION_TOKENS
S1-279914306	Jobst Royal Metal Works LLC	Grayson, 115 Paradise Hill, KY	US	S3-609158939	Veoonyx Formerly Lambert, Jobst and Gonzalez, Inc.	9182 Blue Star Lane, Unit APT 10, Sacramento, CA	2	0.1934	SHARED_STEM_OR_PREFIX
S1-279914306	Jobst Royal Metal Works LLC	Grayson, 115 Paradise Hill, KY	US	S3-384230413	Lambert, Jobst and Gonzalez, Incorporated	9182 Blue Star Lane, # APT 10, Sacramento, California	3	0.1934	SHARED_STEM_OR_PREFIX
S1-279914306	Jobst Royal Metal Works LLC	Grayson, 115 Paradise Hill, KY	US	S3-364867634	>> Lambert, Jobst Corp Gonzalez, &	9183 Blue Star Lane, Unit APT 10, Sarcamento, California	4	0.1934	SHARED_STEM_OR_PREFIX
S1-294547159	DBC Agricultural LLC	18646 Christanna Highway, Brunswick County, VA	US	S3-801779255	DBC Agricultural Holdings	Brunswick County, Virginia, 18653b Christanna Highway	5	0.9974	SHARED_NAME_AND_LOCATION_TOKENS
S1-208973592	Morgan Ameren Inc	LA, 266 Enterprise Drive, Houma	US	S2-780251533	Piedmont Ainmol-Hospital	266 ENTERPRISE DR, HOUMA, LA	5	0.2901	SAME_GEOGRAPHY_AND_GENERIC_KEY
S1-208973592	Morgan Ameren Inc	LA, 266 Enterprise Drive, Houma	US	S2-462036023	CARDINAL SERVICES	266 ENTERPRISE DRIVE, LA, HOUMA	6	0.2901	SHARED_STREET_OR_ADDRESS
S1-208973592	Morgan Ameren Inc	LA, 266 Enterprise Drive, Houma	US	S2-873557020	cardinalpartners.com	266 ENTERPRISE DR, HOUMA, LA	7	0.2901	SAME_GEOGRAPHY_AND_GENERIC_KEY
S1-208973592	Morgan Ameren Inc	LA, 266 Enterprise Drive, Houma	US	S2-181457340	MORGAN  AMERICAS	720 ROLLINGWOOD DR, CA, VALLEJO, N/A	9	0.2324	SHARED_STEM_OR_PREFIX
S1-859252896	Rev It Up Ice Cream	8304 Rolling Hills Drive, Nixa, MO	US	S2-172805619	Rev It Up Ice Cream		2	0.3312	SHARED_STEM_OR_PREFIX
S1-859252896	Rev It Up Ice Cream	8304 Rolling Hills Drive, Nixa, MO	US	S2-13064343	REV IT UP ICE CREAM	1185 FULTON ST, AMBOY, IL	4	0.3312	SHARED_STEM_OR_PREFIX
S1-859252896	Rev It Up Ice Cream	8304 Rolling Hills Drive, Nixa, MO	US	S2-258055913	REV IT UP ICE CREAM	IL, 1185 FULTON ST, AMBOY	5	0.3312	SHARED_STEM_OR_PREFIX
S1-859252896	Rev It Up Ice Cream	8304 Rolling Hills Drive, Nixa, MO	US	S2-469438033	Rev It Up Ice  Cream	1619 17TH STREET, LUBBOCK, TX	6	0.3312	SHARED_STEM_OR_PREFIX
S1-859252896	Rev It Up Ice Cream	8304 Rolling Hills Drive, Nixa, MO	US	S2-761626299	Rev It Up Ice Cream!	WHITE SALMON, 571 SPRING ST, WA, N/A	8	0.3312	SHARED_STEM_OR_PREFIX
S1-859252896	Rev It Up Ice Cream	8304 Rolling Hills Drive, Nixa, MO	US	S2-928520961	Rev  It Up Ice Cream	542 Lamar Avenue, CHARLOTTE, NC	9	0.3312	SHARED_STEM_OR_PREFIX
S1-859252896	Rev It Up Ice Cream	8304 Rolling Hills Drive, Nixa, MO	US	S2-924401387	REV IT UP ICE  CREAM!	1030 LONE OAK ROAD, EAGAN, MN	10	0.3312	SHARED_STEM_OR_PREFIX
S1-630223771	All International LLP	Office 105, Flr-1, Sujata Chambers, Abhaychand Gandhi Marg, Mirchi Gully Masjid Stn Man, Dvi, Mumbai, Mumbai City, Maharashtra	India	S2-859393404	ALL INTERNATIONAL GLOBAL PVT LTD	B1/706, DWARKA SAI, S.NO.42/2/7 8, PUNE CITY, Maharashtra	1	0.2761	SHARED_NAME_AND_LOCATION_TOKENS
S1-630223771	All International LLP	Office 105, Flr-1, Sujata Chambers, Abhaychand Gandhi Marg, Mirchi Gully Masjid Stn Man, Dvi, Mumbai, Mumbai City, Maharashtra	India	S2-816555319	All International Private		2	0.2761	SHARED_STEM_OR_PREFIX
S1-630223771	All International LLP	Office 105, Flr-1, Sujata Chambers, Abhaychand Gandhi Marg, Mirchi Gully Masjid Stn Man, Dvi, Mumbai, Mumbai City, Maharashtra	India	S2-33929897	ALL INTERNATIONAL INTERNATIONAL PVT LIMITED | www.allintern.com	PLOT 525 398, MANAVTA NAGAR, INDORE, Madhya Pradesh	3	0.2761	SHARED_STEM_OR_PREFIX
S1-630223771	All International LLP	Office 105, Flr-1, Sujata Chambers, Abhaychand Gandhi Marg, Mirchi Gully Masjid Stn Man, Dvi, Mumbai, Mumbai City, Maharashtra	India	S2-421985067	All International Pvt  Ltd.	H.NO 367 BLOCK G POCKET 6 SECTION 16 ROHINI, NEW DELHI, Delhi	4	0.2761	SHARED_STEM_OR_PREFIX
S1-630223771	All International LLP	Office 105, Flr-1, Sujata Chambers, Abhaychand Gandhi Marg, Mirchi Gully Masjid Stn Man, Dvi, Mumbai, Mumbai City, Maharashtra	India	S2-836081244	All International Private  Limited Center	7-02, ILD TRADE CENTRE, SECTOR-47, SOHNA ROAD, GURGAON, Haryana	5	0.2761	SHARED_STEM_OR_PREFIX
S1-630223771	All International LLP	Office 105, Flr-1, Sujata Chambers, Abhaychand Gandhi Marg, Mirchi Gully Masjid Stn Man, Dvi, Mumbai, Mumbai City, Maharashtra	India	S2-705205486	All International Trading	NO 20 R-BLOCK, 51-E DILSHAD GARDEN, DELHI, Delhi	6	0.2761	SHARED_STEM_OR_PREFIX
S1-630223771	All International LLP	Office 105, Flr-1, Sujata Chambers, Abhaychand Gandhi Marg, Mirchi Gully Masjid Stn Man, Dvi, Mumbai, Mumbai City, Maharashtra	India	S2-128300447	All International Pvt Ltd.	#5-178, ESWAR NARAYAN COLONY PALKONDA ROAD, RAJAM, ఆంధ్రప్రదేశ్	8	0.2761	SHARED_STEM_OR_PREFIX
S1-72918323	Nguyen Avalanche LLC	42 Cedar Circle, Crossville, TN	US	S2-214663972	BROOKS, REYNA PARTNERS RUND &	42 Cedar Bluff Road, KNOXVILLE TOWNSHIP, TN	6	0.1487	SAME_GEOGRAPHY_AND_GENERIC_KEY
S1-72918323	Nguyen Avalanche LLC	42 Cedar Circle, Crossville, TN	US	S2-470989003	White Better Spartacus Incorporated	42- CEDAR ST, BOSTON, MA	8	0.1487	SAME_GEOGRAPHY_AND_GENERIC_KEY
S1-72918323	Nguyen Avalanche LLC	42 Cedar Circle, Crossville, TN	US	S2-235932264	berlanga restaurants inc	42 Cedar St, QUILCENE CITY, WA	9	0.1487	SAME_GEOGRAPHY_AND_GENERIC_KEY
S1-72918323	Nguyen Avalanche LLC	42 Cedar Circle, Crossville, TN	US	S2-901101872	Betta's Freight	42 CEDAR HILL RD, <NULL>, ASHLAND, MA	10	0.1487	SAME_GEOGRAPHY_AND_GENERIC_KEY
S1-754175313	Alpha Media Private Limited	28-B, Chand Bihari Nagar Near Khatipura Bridge Khatipura, Jaipur, Rajasthan	India	S3-657717843	Alpha Media Private Limited	Hno. A-1/20 Basement Safadarjung Enclave Opp B-11 Block, New Delhi, South Delhi, DL	2	0.7868	SHARED_NAME_AND_LOCATION_TOKENS
S1-754175313	Alpha Media Private Limited	28-B, Chand Bihari Nagar Near Khatipura Bridge Khatipura, Jaipur, Rajasthan	India	S3-792427877	Alpha-Media Private Limited	C/o Ashish Jajoo, Gokuldham Kartik Colony, Bundi, RJ	3	0.7868	SHARED_STEM_OR_PREFIX
S1-754175313	Alpha Media Private Limited	28-B, Chand Bihari Nagar Near Khatipura Bridge Khatipura, Jaipur, Rajasthan	India	S3-122981629	Alpha Media Private  Limited	D/9-31-3/1, Maddilapalem, AP	5	0.7868	SHARED_STEM_OR_PREFIX
S1-754175313	Alpha Media Private Limited	28-B, Chand Bihari Nagar Near Khatipura Bridge Khatipura, Jaipur, Rajasthan	India	S3-677895069	Alpha  Media Private (Limited)	Delhi, 13Th Floor, Naurang House 21 Kg Marg, Connaught Place, 1301, Central Delhi, DL	7	0.7868	SHARED_STEM_OR_PREFIX
S1-754175313	Alpha Media Private Limited	28-B, Chand Bihari Nagar Near Khatipura Bridge Khatipura, Jaipur, Rajasthan	India	S3-675498226	ALPHA MEDIA PRIVATE LIMITED	Shop No. 5, Ghaziabad, उत्तर प्रदेश	8	0.7868	SHARED_STEM_OR_PREFIX
S1-754175313	Alpha Media Private Limited	28-B, Chand Bihari Nagar Near Khatipura Bridge Khatipura, Jaipur, Rajasthan	India	S2-876052646	Alpha Media	B-271 PLOT B-4 PARYATAM VIHAR CGHS, VASUNDHARA ENCLAVE, DELHI, दिल्ली	10	0.4254	SHARED_NAME_AND_LOCATION_TOKENS
S1-970518712	Trident Welfare Society	9/2113, Gali No.-7 Kailash Nagar, New Delhi, East Delhi, Delhi	India	S2-313791897	Trident Welfare Society Pvt Ltd	उत्तर प्रदेश, H.NO 184/4. MALLAHI TOLA WAZEER GANJ, LUCKNOW	3	0.7124	SHARED_NAME_AND_LOCATION_TOKENS
S1-970518712	Trident Welfare Society	9/2113, Gali No.-7 Kailash Nagar, New Delhi, East Delhi, Delhi	India	S2-382984512	Trident Welfare Scifeyt	H.NO 184/3- MALLAHI TOLA WAZEER GANJ, LUCKNWO, Uttar Pradesh	4	0.7124	SHARED_NAME_AND_LOCATION_TOKENS
S1-970518712	Trident Welfare Society	9/2113, Gali No.-7 Kailash Nagar, New Delhi, East Delhi, Delhi	India	S2-106256769	SUN DEVELOPERS PRIVATE LIMITED	H.NO 9 , GALI NO. -3, GOKARAN WARD NO.6, MARGHAT ROAD, GOLA GOKRAN NATH, Uttar Pradesh	7	0.0977	SAME_GEOGRAPHY_AND_GENERIC_KEY
S1-970518712	Trident Welfare Society	9/2113, Gali No.-7 Kailash Nagar, New Delhi, East Delhi, Delhi	India	S2-882574952	Shakti Impex Private Limited	GALI NO. 9, NEAR BALAJI MANDIR, JASWANT GARH, Rajasthan	10	0.0977	SAME_GEOGRAPHY_AND_GENERIC_KEY
S1-366329737	Silver Constructions LLP	101 Cts No, 917/18 F P No, Near British Library, Pune City, Pune, Maharashtra	India	S3-470752578	Silver Constructions LLP	S-10, Shree Gopal Nagar, Gopalpura Byepass, Jaipur, RJ	4	0.6078	SHARED_STEM_OR_PREFIX
S1-366329737	Silver Constructions LLP	101 Cts No, 917/18 F P No, Near British Library, Pune City, Pune, Maharashtra	India	S2-852786513	Silver Constructions Public Limited	Rajasthan, DOOR NO 75 JANGID BHAWAN, M.I. ROAD	6	0.1626	SHARED_NAME_AND_LOCATION_TOKENS
S1-366329737	Silver Constructions LLP	101 Cts No, 917/18 F P No, Near British Library, Pune City, Pune, Maharashtra	India	S2-167482637	Silver Constructions Private	NO 6-3 , VINAYAGA GARDENS, JOTHIPURAM POST, COIMBATORE, Tamil Nadu	7	0.1626	SHARED_NAME_AND_LOCATION_TOKENS
S1-366329737	Silver Constructions LLP	101 Cts No, 917/18 F P No, Near British Library, Pune City, Pune, Maharashtra	India	S2-732596135	SILVER (CONSTRUCTIONS)	DOOR NO 18 A, 1ST FLOOR 209 AJC BOSE ROAD, KOLKATA, West Bengal	8	0.1626	SHARED_NAME_AND_LOCATION_TOKENS
S1-366329737	Silver Constructions LLP	101 Cts No, 917/18 F P No, Near British Library, Pune City, Pune, Maharashtra	India	S2-719053636	SILVER  CONSTRUCTIONS PRIVATE LIMITED	A-56, P.C COLONY, PATNA, बिहार	10	0.1626	SHARED_NAME_AND_LOCATION_TOKENS
S1-708796012	Board of Consumer Affairs	122 Dayton Yellow Springs Road, Unit 4, Fairborn, OH	US	S2-590685339	Board of-Consumer [Affairs]	Briarwood Circle, CRYSTAL LAKE, IL	7	0.2083	SHARED_STEM_OR_PREFIX
S1-708796012	Board of Consumer Affairs	122 Dayton Yellow Springs Road, Unit 4, Fairborn, OH	US	S2-260948862	BOARD OF CONSUMER AFFAIRS	OH, UHRICHSVILLE, 313 MCCAULEY DR	8	0.2083	SHARED_NAME_AND_LOCATION_TOKENS
S1-708796012	Board of Consumer Affairs	122 Dayton Yellow Springs Road, Unit 4, Fairborn, OH	US	S2-559243217	Board of Consumer  Affairs	HAVENBROOK LANE, PROSPER, TX	10	0.2083	SHARED_STEM_OR_PREFIX
S1-935703127	Hartman & Hoang LLC	2694 -C Ih 45, New Waverly, TX	US	S2-172454579	Hartman Hoang Ltd  Center	2695 -C IH 45, TX, NEW WAVERLLY	4	0.6060	SHARED_NAME_AND_LOCATION_TOKENS
S1-935703127	Hartman & Hoang LLC	2694 -C Ih 45, New Waverly, TX	US	S2-149646510	Hartman & Haller P.C. Services	3427 25TH AVENUE, SEATTLE, WA	6	0.1998	SHARED_STEM_OR_PREFIX
S1-935703127	Hartman & Hoang LLC	2694 -C Ih 45, New Waverly, TX	US	S2-287325403	HARTMAN HARTMAN RAANG OF HOUSTON	11806 PROCTOR STREET, HOUSTON, TX	7	0.1998	SHARED_NAME_AND_LOCATION_TOKENS
S1-935703127	Hartman & Hoang LLC	2694 -C Ih 45, New Waverly, TX	US	S2-568841212	Hartman  & Hllfer Group	6420 MOJAVE RANCH RD, JOSHUA TREE, CA	10	0.1998	SHARED_STEM_OR_PREFIX
S1-981414798	Mendez Custom Morgan LLC	37197 Sandy Ridge Drive, North Ridgeville, OH	US	S2-467584146	A Cure 6 All LLC	37197 SANDY RIDGE DRIVE, N RIDGVILLE, OH	2	0.2500	SHARED_STREET_OR_ADDRESS
S1-424529930	Griffin International Center	536 College Avenue, City Of Waukesha, WI	US	S3-90005806	Chrissy K. Capps, DMD Corp	536 College Street, Upton, Kentucky	3	0.3750	SAME_GEOGRAPHY_AND_GENERIC_KEY
S1-424529930	Griffin International Center	536 College Avenue, City Of Waukesha, WI	US	S2-126754966	Griffin Intelligent Inc	#37 SHIELDS LANE, ADENA, OH	4	0.1467	SHARED_STEM_OR_PREFIX
S1-424529930	Griffin International Center	536 College Avenue, City Of Waukesha, WI	US	S2-2347622	Griffin Independence Inc.	37 DONALD TER, MYRTLE CREEK, OR	5	0.1467	SHARED_STEM_OR_PREFIX
S1-424529930	Griffin International Center	536 College Avenue, City Of Waukesha, WI	US	S2-259856657	Griffin Investments	33 DRUMMOND ST, AUBURRN, ME	6	0.1467	SHARED_STEM_OR_PREFIX
S1-424529930	Griffin International Center	536 College Avenue, City Of Waukesha, WI	US	S2-571760244	GRIFFIN INTERNATIONAL P.C.	17 MEADOW AVENUE, NY, GREENWOOD LAKE	7	0.1467	SHARED_STREET_OR_ADDRESS
S1-424529930	Griffin International Center	536 College Avenue, City Of Waukesha, WI	US	S2-223365954	Griffin Inc. Partners	128 FIRST SAINT, OK, PERKINS	8	0.1467	SHARED_STEM_OR_PREFIX
S1-424529930	Griffin International Center	536 College Avenue, City Of Waukesha, WI	US	S2-582815772	Griffin Inependnece Inc	37 DONALD TER, MYRTLE CREEK, OR	10	0.1467	SHARED_STEM_OR_PREFIX
S1-912508322	Shiv Technologies LLP	42, 16Th Cross, 8Th Main Road, Malleswaram, Bengaluru, Bangalore, Karnataka	India	S2-749136639	Shiv Technologies LLP	S.NO. 52/8A/8; NARHE, NR. DILOOOOOOOIWALA, GOTHA, PUNE, Maharashtra	2	0.7849	SHARED_STEM_OR_PREFIX
S1-912508322	Shiv Technologies LLP	42, 16Th Cross, 8Th Main Road, Malleswaram, Bengaluru, Bangalore, Karnataka	India	S2-361992349	Shiv Technologies L.L.P.	NULL, 198/3 TAPASYA BUILDINGBHAVANI SHANKAR ROAD DADAR, MMBAI, महाराष्ट्र	5	0.7849	SHARED_STREET_OR_ADDRESS
S1-912508322	Shiv Technologies LLP	42, 16Th Cross, 8Th Main Road, Malleswaram, Bengaluru, Bangalore, Karnataka	India	S3-471697968	Shiv Technologies  LLP	63649/1To3, Hyderabad, TG	6	0.7849	SHARED_STEM_OR_PREFIX
S1-912508322	Shiv Technologies LLP	42, 16Th Cross, 8Th Main Road, Malleswaram, Bengaluru, Bangalore, Karnataka	India	S3-164901300	Shiv Technologies  LLP	Mumbai, MH, 198/3 Tapasya Buildingbhavani Shankar Road Dadar, Mumbai	7	0.7849	SHARED_STREET_OR_ADDRESS
S1-912508322	Shiv Technologies LLP	42, 16Th Cross, 8Th Main Road, Malleswaram, Bengaluru, Bangalore, Karnataka	India	S2-604567745	Shiv Technologies [Private]	BLOCK 253/1 247 248 254, VILLAGE SHELLA TAL SANAND, DASKROI, Gujarat	9	0.3906	SHARED_STEM_OR_PREFIX
S1-912508322	Shiv Technologies LLP	42, 16Th Cross, 8Th Main Road, Malleswaram, Bengaluru, Bangalore, Karnataka	India	S2-263064259	SHIV  TECHNOLOGIES PRIVATE LTD	#144 KH.NO-181, ADARSH NAGAR, NANDGRAM, GHAZIABAD, Uttar Pradesh	10	0.3906	SHARED_STEM_OR_PREFIX
S1-846028981	Barbey Mclaughlin Oneim Group	8610 Ep True Parkway, Unit Unit 5001, West Des Moines, IA	US	S2-452477418	Barbey Mclaughlin Oneim ((Group))	1116 BROAD STREET, BRISTOL, TN	1	1.0924	SHARED_STEM_OR_PREFIX
S1-846028981	Barbey Mclaughlin Oneim Group	8610 Ep True Parkway, Unit Unit 5001, West Des Moines, IA	US	S3-277196848	Barbey Mclaughlin Oneim Group	1533 D 1/2 Highway 314, Isleta, New Mexico	2	1.0924	SHARED_STEM_OR_PREFIX
S1-846028981	Barbey Mclaughlin Oneim Group	8610 Ep True Parkway, Unit Unit 5001, West Des Moines, IA	US	S3-363878709	barbey mclaughlin oneim group	66 Antelope Dr, Layton, Utah	3	1.0924	SHARED_STEM_OR_PREFIX
S1-846028981	Barbey Mclaughlin Oneim Group	8610 Ep True Parkway, Unit Unit 5001, West Des Moines, IA	US	S2-557594507	Barbey Mclaughlin Oneim Corp.	4408 River Hill Drive, ALBUQUERQUE, NM	7	0.6088	SHARED_STEM_OR_PREFIX
S1-846028981	Barbey Mclaughlin Oneim Group	8610 Ep True Parkway, Unit Unit 5001, West Des Moines, IA	US	S2-814959068	Barbey Mclaughlin Oneim Care Corporation	8139 RFD, LAKE ZURICH CITY, IL	8	0.6088	SHARED_STEM_OR_PREFIX
S1-846028981	Barbey Mclaughlin Oneim Group	8610 Ep True Parkway, Unit Unit 5001, West Des Moines, IA	US	S2-550789674	Barbey Mclaughlin Corp Center	1522 D HIGHWAY 314, ISLETA, NM	10	0.6088	SHARED_STEM_OR_PREFIX
S1-318218643	Velix Charles LLC	1447 59 Street, Brooklyn, NY	US	S2-495540357	Velix Corp	291 DALE ST, WALTHAM, MA	9	0.2824	SHARED_STEM_OR_PREFIX
S1-970972284	Gujarat Guru Agro Private Limited	Bihar, Pakki Sarai Road, Muzaffarpur, Near Abbda High School Azad Market, 3Rd Floor, Mithanpura	India	S2-836252692	Gujarat Guru टेक्नोलॉजी Private Limited	B-203, 2ND FLOOR, NEW SHIVAM APARTMENT, KULUPWADI, BORIVALI (EAST), MUMBAI, Maharashtra	3	0.4352	SHARED_STREET_OR_ADDRESS
S1-970972284	Gujarat Guru Agro Private Limited	Bihar, Pakki Sarai Road, Muzaffarpur, Near Abbda High School Azad Market, 3Rd Floor, Mithanpura	India	S3-144803257	Gujarat Guru-Technology Private Ltd	B-203, 2Nd Floor, New Shivam Apartment, Kulupwadi, Borivali (East), Mumbai, Mumbai City, MH	6	0.4352	SHARED_STREET_OR_ADDRESS
S1-970972284	Gujarat Guru Agro Private Limited	Bihar, Pakki Sarai Road, Muzaffarpur, Near Abbda High School Azad Market, 3Rd Floor, Mithanpura	India	S3-175422535	Gujarat Guru Pvt Ltd Services	Unit No - C Wing 0402, Mumbai Region, Mumbai City, MH	8	0.4352	SHARED_STEM_OR_PREFIX
S1-970972284	Gujarat Guru Agro Private Limited	Bihar, Pakki Sarai Road, Muzaffarpur, Near Abbda High School Azad Market, 3Rd Floor, Mithanpura	India	S2-543415862	Gujarat Gujarat Builders Private	S. NO. ##134/1A/21, BHOSALENAGAR, SHIVAJINAGAR, PUNE, Maharashtra	10	0.1191	SHARED_STEM_OR_PREFIX
S1-435587816	Iraheta, Dacie, D.O.	77 Morrison Street, Struthers, OH	US	S3-915899709	Iraheta, Dsacie, DO Inc	Struthers, 86-D Morrison Street, Ohio	5	0.5808	SHARED_STREET_OR_ADDRESS
S1-435587816	Iraheta, Dacie, D.O.	77 Morrison Street, Struthers, OH	US	S2-872093231	Iraheta, Kenner & Woodruff	##82 NORTHFIELD RD, ROCHESTER, NY	10	0.2425	SHARED_STEM_OR_PREFIX
S1-544301808	Advanced Bright Intelligent	142 Hughes Drive, Plymouth, NC	US	S3-613643384	Ltd Advanced Bright Intelligent	Plymouth, North Carolina, 151 Hughes Dr	2	0.4522	SHARED_NAME_AND_LOCATION_TOKENS
S1-379918793	Peridola Schwab Center	207 Marley Neck Road, Fl 0, Glen Burnie, MD	US	S2-651319243	Peridola Schwab	00639 700, ST GEORGE, UT	2	0.4866	SHARED_STEM_OR_PREFIX
S1-379918793	Peridola Schwab Center	207 Marley Neck Road, Fl 0, Glen Burnie, MD	US	S2-232044783	Peridola  Schwab	009350 DESERT RD, BISMARCK, ND	3	0.4866	SHARED_STEM_OR_PREFIX
S1-379918793	Peridola Schwab Center	207 Marley Neck Road, Fl 0, Glen Burnie, MD	US	S2-976070849	Peridola  Schwab	2000 PRESTON STREET, RADCLIFF, KY	4	0.4866	SHARED_STEM_OR_PREFIX
S1-379918793	Peridola Schwab Center	207 Marley Neck Road, Fl 0, Glen Burnie, MD	US	S2-166804458	Peridola Schwab	2501 GARWOOD DRIVE, HOUSTON, TX	5	0.4866	SHARED_STEM_OR_PREFIX
S1-379918793	Peridola Schwab Center	207 Marley Neck Road, Fl 0, Glen Burnie, MD	US	S2-982284554	Peridola Schwab	2000 PRESTON STREET, RADCLIFF, KY	6	0.4866	SHARED_STEM_OR_PREFIX
S1-379918793	Peridola Schwab Center	207 Marley Neck Road, Fl 0, Glen Burnie, MD	US	S3-226696769	Peridola Schwab LLC	623-625 Wisteria, La Marque, Texas	9	0.4866	SHARED_STEM_OR_PREFIX
S1-106221717	Aditya Sun Consultants Private Limited	Sy.No.1009, Flat No.60206, Iind Floor, Maple Block Indufortune Fields, 13 Phase, Kphb Colony, Kukatpally, Hyderabad, Telangana	India	S2-752924996	Aditya Sun Infotech Private	FLAT NO.1207, MAPPLE PARAMOUNT SYMPHONY, CROSSING REPUBLIC, NEAR ABES SCHOOL, GHAZIABAD, Uttar Pradesh	3	0.4776	SHARED_NAME_AND_LOCATION_TOKENS
S1-106221717	Aditya Sun Consultants Private Limited	Sy.No.1009, Flat No.60206, Iind Floor, Maple Block Indufortune Fields, 13 Phase, Kphb Colony, Kukatpally, Hyderabad, Telangana	India	S2-169121087	ADITYA SUN CONSULTANTS LIMITED	SY.NO.1022, FLAT NO.60206, IIND FLOOR, MAPLE BLOCK INDUFORTUNE FIELDS, 13 PHASE, KPHB COLONY, KUKATPALLY, Andhra Pradesh	4	0.4776	SHARED_STREET_OR_ADDRESS
S1-106221717	Aditya Sun Consultants Private Limited	Sy.No.1009, Flat No.60206, Iind Floor, Maple Block Indufortune Fields, 13 Phase, Kphb Colony, Kukatpally, Hyderabad, Telangana	India	S3-769382042	Aditya Sun Infotech  Private Limited	1207, Ghaziabad, उत्तर प्रदेश	5	0.4776	SHARED_STEM_OR_PREFIX
S1-106221717	Aditya Sun Consultants Private Limited	Sy.No.1009, Flat No.60206, Iind Floor, Maple Block Indufortune Fields, 13 Phase, Kphb Colony, Kukatpally, Hyderabad, Telangana	India	S3-663594296	LLP Aditya Sun It	Door No Th Floor, Unit No 172, Building No.1 Solitaire Corporate Park, Andheri Kurla Road, Chakala, Andheri East, Mumbai, Mumbai, MH	8	0.3161	SHARED_STREET_OR_ADDRESS
S1-106221717	Aditya Sun Consultants Private Limited	Sy.No.1009, Flat No.60206, Iind Floor, Maple Block Indufortune Fields, 13 Phase, Kphb Colony, Kukatpally, Hyderabad, Telangana	India	S2-437570258	Aditya Sunrise Pvt Investments Ltd	VILL JARCHA, DADRI, DADRI, Uttar Pradesh	9	0.1615	SHARED_STEM_OR_PREFIX
S1-106221717	Aditya Sun Consultants Private Limited	Sy.No.1009, Flat No.60206, Iind Floor, Maple Block Indufortune Fields, 13 Phase, Kphb Colony, Kukatpally, Hyderabad, Telangana	India	S2-156718186	Aditya Suresh Ltd	FLAT NO D/1008, SAI RAJ BLDG-3, SECTOR: II, CHIKHAL, DONGARE, VIRAR:WEST, PALGHAR, Maharashtra	10	0.1615	SHARED_NAME_AND_LOCATION_TOKENS
S1-800482427	B+ Biotechnologies LLC	328 Buckingham Street, Unit 414, Columbus, OH	US	S2-486665478	-- B+ BIOTECHNOLOGIES LAKESIDE L.L.C.	330 BUCKINGHAM STREET, null, COLUMBUS, OH	3	1.0355	SHARED_STREET_OR_ADDRESS
S1-800482427	B+ Biotechnologies LLC	328 Buckingham Street, Unit 414, Columbus, OH	US	S2-37946265	bbiotech.com	4337 MAPLE HILL RD, <NULL>, HINSDALE, NY	4	0.5833	SAME_GEOGRAPHY_AND_GENERIC_KEY
S1-800482427	B+ Biotechnologies LLC	328 Buckingham Street, Unit 414, Columbus, OH	US	S3-112989764	Bbiotechnologies.Com	525 Wittenberg Avenue, Springfild, Ohio	6	0.5833	SAME_GEOGRAPHY_AND_GENERIC_KEY
S1-846529766	Pocius, Herrera & Lima Connecticut Inc	4831 Beaumont Street, Simi Valley, CA	US	S2-944563	Pocius, Herrera & Lima Connecticut Westgate	4852A BEAUMONT ST, SIMI VALLEY, CA	3	1.1650	SHARED_NAME_AND_LOCATION_TOKENS
S1-846529766	Pocius, Herrera & Lima Connecticut Inc	4831 Beaumont Street, Simi Valley, CA	US	S2-57158159	Pocius Vaonguard Laboratories Inc.	002108 SUNSET AVE, DURHAM, NC	5	0.3913	SHARED_STEM_OR_PREFIX
S1-846529766	Pocius, Herrera & Lima Connecticut Inc	4831 Beaumont Street, Simi Valley, CA	US	S2-769592756	Pocius Vánguard Inc. Laboratories	002108 SUNSET AVE, DURHAM, NC	6	0.3913	SHARED_STEM_OR_PREFIX
S1-846529766	Pocius, Herrera & Lima Connecticut Inc	4831 Beaumont Street, Simi Valley, CA	US	S2-638941979	Pocius Vanguard Lrlboaorihes Inc.	002108 SUNSET AVENUE, DURHAM, NC	7	0.3913	SHARED_STEM_OR_PREFIX
S1-761874846	Murray & Cruz Inc	NM, 140 Villa Del Rio Loop, Sunland Park	US	S2-9645321	Murray & Cruz Ltd	149 VILLA DEL RIO LOOP, SUNLAND PARK, NM	4	0.5623	SHARED_NAME_AND_LOCATION_TOKENS
S1-761874846	Murray & Cruz Inc	NM, 140 Villa Del Rio Loop, Sunland Park	US	S2-771502155	Natecex Inc #85957	140 VILLA DEL RIO LOOP, SUNLAND PARK, NM	6	0.2901	SAME_GEOGRAPHY_AND_GENERIC_KEY
S1-761874846	Murray & Cruz Inc	NM, 140 Villa Del Rio Loop, Sunland Park	US	S2-129002473	MURRAYCREATIVEHEALTH.COM	17131 BLUE SAGE LANE, URBANDALE, IA	9	0.1883	SAME_GEOGRAPHY_AND_GENERIC_KEY
S1-761874846	Murray & Cruz Inc	NM, 140 Villa Del Rio Loop, Sunland Park	US	S2-676216547	Murray Crescent	NC, ROXBORO CDP, ##518 CHRISTY'S WAY	10	0.1883	SHARED_STEM_OR_PREFIX
S1-432962984	Gonzalez Safe Harbors LLC	174 Stover Road, De Queen, AR	US	S2-219998868	Gonzalez Safe Eye Care Corp	4219 DUDLEYS GRANT DR, NC, GREENVILLE	5	0.2518	SHARED_STEM_OR_PREFIX
S1-432962984	Gonzalez Safe Harbors LLC	174 Stover Road, De Queen, AR	US	S2-7251839	Gonzalez Safe	##1532 LAKESHORE DR, SAINT CHARLES TOWNSHIP, MO	6	0.2518	SHARED_STEM_OR_PREFIX
S1-500552277	U Q & Z Kimco	105 Susan Court, Winchester, KY	US	S3-440073903	U Q  & Z Kimco Lakeside LLC	118 Susan Ct, Winchesterr CITY, Kentucky	3	0.8899	SHARED_NAME_AND_LOCATION_TOKENS
S1-500552277	U Q & Z Kimco	105 Susan Court, Winchester, KY	US	S2-207956137	U/Q Israel  Inc	Twenty First Avenue, PORTLAND, OR	8	0.1713	SHARED_STEM_OR_PREFIX
S1-446787657	Mobley, Haislip & Barr Vision Center, LLC	Burnsville, WV, 1818 Main Street	US	S3-580774809	Mobley, Haislip & Barr Vision Center, Corp	1839-C Main St, Burnsville, West Virginia	3	1.0053	SHARED_NAME_AND_LOCATION_TOKENS
S1-446787657	Mobley, Haislip & Barr Vision Center, LLC	Burnsville, WV, 1818 Main Street	US	S2-141138792	MOBLEY, HAMES ÁND LIVERMORE LLC	##3479 VENSON DRIVE, TN, BARTLETT	5	0.4179	SHARED_STEM_OR_PREFIX
S1-446787657	Mobley, Haislip & Barr Vision Center, LLC	Burnsville, WV, 1818 Main Street	US	S3-744521785	MOBLEY, HAMES AND LIVERMORE LLC	3479 Venson Dr, Bartlett, Tennessee	6	0.4179	SHARED_STEM_OR_PREFIX
S1-446787657	Mobley, Haislip & Barr Vision Center, LLC	Burnsville, WV, 1818 Main Street	US	S2-884433414	Ruda Gibson & Haislip		8	0.1351	SHARED_STEM_OR_PREFIX
S1-446787657	Mobley, Haislip & Barr Vision Center, LLC	Burnsville, WV, 1818 Main Street	US	S2-777499934	Yasmeen Haislip Business Inc Partners	4323 HARRISON STREET, BATESVILLE, AR	10	0.1351	SHARED_STREET_OR_ADDRESS
S1-505869859	Invest Investments Pvt Ltd	Ff-104, Meera Mana Arcade, Beside Krupa Petrol Pump, Ellisbridge, Ahmedabad, Gujarat	India	S3-243836593	Invest Investments Overseas Pvt Ltd	Ff-10, Ahmedabad, ગુજરાત	3	0.7208	SHARED_NAME_AND_LOCATION_TOKENS
S1-505869859	Invest Investments Pvt Ltd	Ff-104, Meera Mana Arcade, Beside Krupa Petrol Pump, Ellisbridge, Ahmedabad, Gujarat	India	S2-823502186	Invest Invest Neo-Privea Limited	D 004 B.M.E. PREM CHS LTD, RATAN NAGAR FOUR BUNGLOWS, MUMBAI, Maharashtra	4	0.3326	SHARED_STEM_OR_PREFIX
S1-505869859	Invest Investments Pvt Ltd	Ff-104, Meera Mana Arcade, Beside Krupa Petrol Pump, Ellisbridge, Ahmedabad, Gujarat	India	S2-237806680	INVEST INTERIORS	C/O DHANRAJ KARU H.NO #250, GRAM- BHAGGUDHANA, SHAHPUR, Madhya Pradesh	7	0.2686	SHARED_STEM_OR_PREFIX
S1-814475089	Family Clinic Partners	202 Kingsley Avenue, Greeneville, TN	US	S2-150659635	Family Clinic Partners	1410 ELLSWORTH AVBNUE, SALINA, KS	5	0.3058	SHARED_STEM_OR_PREFIX
S1-814475089	Family Clinic Partners	202 Kingsley Avenue, Greeneville, TN	US	S2-254060940	Family Clinic Partners	2015 GREYSTEM CIR, GURNEE, IL	6	0.3058	SHARED_STEM_OR_PREFIX
S1-814475089	Family Clinic Partners	202 Kingsley Avenue, Greeneville, TN	US	S2-479189206	Family Clinic Partners	WESTMINSTER, 742 THOROBRED KNOLL DRIVE, MD	7	0.3058	SHARED_STEM_OR_PREFIX
S1-814475089	Family Clinic Partners	202 Kingsley Avenue, Greeneville, TN	US	S2-909354295	Family Clinic Partners	092 930, FOREST, IN	8	0.3058	SHARED_STEM_OR_PREFIX
S1-814475089	Family Clinic Partners	202 Kingsley Avenue, Greeneville, TN	US	S2-92406596	Family  Clinic Partners	804 BEACH PLUM COVE, PFLUUGERVILLE, TX	9	0.3058	SHARED_STEM_OR_PREFIX
S1-814475089	Family Clinic Partners	202 Kingsley Avenue, Greeneville, TN	US	S3-44222917	Family Clinic Partners	8032 Pinewood Drive, Charlotte, North Carolina	10	0.3058	SHARED_STEM_OR_PREFIX
S1-451077707	Osprey (India) Development LLP	39-D, A.B. Road Industrial Area No.1, Dewas, Madhya Pradesh	India	S2-791797733	Osprey Incstiue	1-15 NEW NO. 44, RATHINAM STREET, GOPALAPURAM, CHENNAI, Tamil Nadu	4	0.5596	SHARED_NAME_AND_LOCATION_TOKENS
S1-451077707	Osprey (India) Development LLP	39-D, A.B. Road Industrial Area No.1, Dewas, Madhya Pradesh	India	S3-88420030	Osprey Infratech Limited Services	H.no 40 Revathy, Thiruvananthapuram, <NULL>, Keralam	5	0.5596	SHARED_NAME_AND_LOCATION_TOKENS
S1-451077707	Osprey (India) Development LLP	39-D, A.B. Road Industrial Area No.1, Dewas, Madhya Pradesh	India	S2-18983318	Osprey Engineering Córporation	OLD NO. 16 NEW NO. 44, RATHINAM STREET, GOPALAPURAM, CHENNAI, Tamil Nadu	9	0.2430	SHARED_NAME_AND_LOCATION_TOKENS
S1-451077707	Osprey (India) Development LLP	39-D, A.B. Road Industrial Area No.1, Dewas, Madhya Pradesh	India	S2-788978258	Osprey  & S0ns	16 OFFICE NO 9 NARASARAJU COMPLEX BASAVA NAGAR MAIN ROAD HOODI WHITEFIELD, ROAD, BANGALORE, ಕರ್ನಾಟಕ	10	0.2430	SHARED_STREET_OR_ADDRESS
S1-448166395	Kerium Care	NY, Smithtown, 3 Bette Lane	US	S3-794204123	GEIX ORANGE	Smithtown Blvd, # Apartment 3, Smithtown, New York	4	0.3750	SAME_GEOGRAPHY_AND_GENERIC_KEY
S1-448166395	Kerium Care	NY, Smithtown, 3 Bette Lane	US	S3-430458889	Lenz Modern Biotherapeutics, L.L.C.	3 Fir Ln, Smithtown, New York	5	0.3750	SAME_GEOGRAPHY_AND_GENERIC_KEY
S1-448166395	Kerium Care	NY, Smithtown, 3 Bette Lane	US	S2-172201548	Kerium	SPRINGFIELD, 208 MAIN STREET, MA	7	0.3298	SHARED_STEM_OR_PREFIX
S1-448166395	Kerium Care	NY, Smithtown, 3 Bette Lane	US	S2-170608782	Kerium Inc	208 MAIN ST, INDIAN ORCHARD, MA	8	0.3298	SHARED_STEM_OR_PREFIX
S1-448166395	Kerium Care	NY, Smithtown, 3 Bette Lane	US	S3-125727879	Kerium	00208 Main St, Springfield, Massachusetts	9	0.3298	SHARED_STEM_OR_PREFIX
S1-448166395	Kerium Care	NY, Smithtown, 3 Bette Lane	US	S3-949028745	Kerium Inc. Inc.	00208 Main St, Springfield, Massachusetts	10	0.3298	SHARED_STEM_OR_PREFIX
S1-940115232	Shriji Group	A-1/106 Vbhdc Greenwoods, Palghar Devkhope, Palghar, Thane, Maharashtra	India	S2-506409692	Shriji Group of Companies Public Limited	237-240, PHASE-1, GIDC, NRAODA, AHEMDABAD, Gujarat	3	0.4011	SHARED_NAME_AND_LOCATION_TOKENS
S1-940115232	Shriji Group	A-1/106 Vbhdc Greenwoods, Palghar Devkhope, Palghar, Thane, Maharashtra	India	S2-823072463	Shriji Group of Companies Ltd	237-238, PHASE-1, GIDC, NARODA, AHEMDABAD, null, Gujarat	5	0.4011	SHARED_NAME_AND_LOCATION_TOKENS
S1-940115232	Shriji Group	A-1/106 Vbhdc Greenwoods, Palghar Devkhope, Palghar, Thane, Maharashtra	India	S2-715794178	Shriji Group of Companies LLP	440 SECTOR-15A, FARIDABAD, Haryana	6	0.4011	SHARED_STEM_OR_PREFIX
S1-940115232	Shriji Group	A-1/106 Vbhdc Greenwoods, Palghar Devkhope, Palghar, Thane, Maharashtra	India	S2-479999739	Shriji Group of Companies [Company]	PLOT NO. 63, BLOCK-A PHASE-I, NARAINA, INDUSTRIAL AREA, PHASE-1, NEW DELHI, दिल्ली	7	0.4011	SHARED_NAME_AND_LOCATION_TOKENS
S1-472232440	Ramos and Benham Fusion	Burrell, PA, 378 Devinney Hollow Road	US	S2-305087729	RAMOS  AND MURPHY, PLLC	31 MARION AVE, PO BOX 2749, PASCOAG, RI	5	0.3959	SHARED_STEM_OR_PREFIX
S1-472232440	Ramos and Benham Fusion	Burrell, PA, 378 Devinney Hollow Road	US	S2-441888596	RAMOS AND BOYD CO.	4779 HORSESHOE BEND RD, SAWMILLS, NC	7	0.3959	SHARED_STEM_OR_PREFIX
S1-472232440	Ramos and Benham Fusion	Burrell, PA, 378 Devinney Hollow Road	US	S2-234387082	RAMOS, AND SLABAUGH VAZQUEZ CREATIVE, LLC	173 BAUMGARTNER AVENUE, OA HILL, WV	8	0.3959	SHARED_STEM_OR_PREFIX
S1-472232440	Ramos and Benham Fusion	Burrell, PA, 378 Devinney Hollow Road	US	S2-614575493	Ramos and Dácósta, LLC	10000 WATSON ROAD, PO BOX 8128, ST LOUIS, MO	9	0.3959	SHARED_STREET_OR_ADDRESS
S1-472232440	Ramos and Benham Fusion	Burrell, PA, 378 Devinney Hollow Road	US	S2-133024631	Ramos and Choi Biotech	W DIVISION ST, IA, OGDEN	10	0.3959	SHARED_STEM_OR_PREFIX
S1-800915873	Adams, Williams and Alexander Carolina LLC	7333 Lynn Avenue, Fl 0, Saint Louis, MO	US	S3-111248697	Adams & Williams Greater LLC	12321 1/23 Lamar Blvd, Austin, Texas	6	0.7022	SHARED_STEM_OR_PREFIX
S1-800915873	Adams, Williams and Alexander Carolina LLC	7333 Lynn Avenue, Fl 0, Saint Louis, MO	US	S2-443334788	Adams & Willis Fannie Corp	3922 PINNACLE PEAK ROAD, null, BOULDER HILLS, AZ	9	0.3861	SHARED_STEM_OR_PREFIX
S1-21084577	Harbor Alliance	45 Goff Street, Corning, NY	US	S2-997578786	Harbor Alliance	1211 HUNTLY PL, N/A, FAIRFAX COUNTY, VA	2	0.3530	SHARED_STEM_OR_PREFIX
S1-21084577	Harbor Alliance	45 Goff Street, Corning, NY	US	S2-475143453	HARBOR  ALLIANCE	433 18ST SAINT, ROCHESTER, IN	4	0.3530	SHARED_STEM_OR_PREFIX
S1-21084577	Harbor Alliance	45 Goff Street, Corning, NY	US	S2-310115593	Harbor Alliance	43 ADDYSTON PLACE COURT, JOSEPHVILLE, MO	9	0.3530	SHARED_STEM_OR_PREFIX
S1-978421811	Highland Learning Center	1240 Indiana Avenue, Salt Lake City, UT	US	S2-702081404	HIGHLAND LEARNING CENTER	15704 LAURELBROOKE LOOP, FAIRHOPE, AL	3	0.5573	SHARED_STEM_OR_PREFIX
S1-978421811	Highland Learning Center	1240 Indiana Avenue, Salt Lake City, UT	US	S3-598599023	Highland  Learning Center	635 Seventh Street, Unit 1, South Boston, Massachusetts	4	0.5573	SHARED_STEM_OR_PREFIX
S1-978421811	Highland Learning Center	1240 Indiana Avenue, Salt Lake City, UT	US	S3-37392290	highland learning center	4081 189th St, Country Club Hills, Illinois	5	0.5573	SHARED_STEM_OR_PREFIX
S1-978421811	Highland Learning Center	1240 Indiana Avenue, Salt Lake City, UT	US	S3-667753587	-- highland learning center	Roan Creek Rd, Lobelville, Tennessee	6	0.5573	SHARED_STEM_OR_PREFIX
S1-978421811	Highland Learning Center	1240 Indiana Avenue, Salt Lake City, UT	US	S3-111344397	highland learning center	#2680 Hauser Blvd, Helena, Montana	8	0.5573	SHARED_STEM_OR_PREFIX
S1-978421811	Highland Learning Center	1240 Indiana Avenue, Salt Lake City, UT	US	S3-537541650	Highland Learning (Center)	908 Cedar St, Kelso, Washington	9	0.5573	SHARED_STEM_OR_PREFIX
S1-332410345	Jawan Investment Pvt Ltd	C 87 88 Cst Rd Kismat Nagar Kurla W Nr Masjid Mumbai, Mumbai, Mumbai City, Maharashtra	India	S2-277177969	Jawan Investment Service		4	0.8176	SHARED_STEM_OR_PREFIX
S1-332410345	Jawan Investment Pvt Ltd	C 87 88 Cst Rd Kismat Nagar Kurla W Nr Masjid Mumbai, Mumbai, Mumbai City, Maharashtra	India	S3-983645427	Jawan Investment C1inic Infratech	Omicron 1A, Greater Noida, Gautam Bud, Noida, उत्तर प्रदेश, Gautam Buddha Nagar, D-243	6	0.8176	SHARED_STREET_OR_ADDRESS
S1-617455147	Medyne Adr LLC	1732 Sanford Street, Arlington, TX	US	S2-111609449	Medyne Adr Llc	2819 LAUREL AVENUE, IA, SIOUX CITY	1	1.5205	SHARED_STEM_OR_PREFIX
S1-617455147	Medyne Adr LLC	1732 Sanford Street, Arlington, TX	US	S3-27983565	Medyne  Adr Central [LLC]	2826- Laurel Ave, Sioux City, Iowa	4	0.8955	SHARED_STEM_OR_PREFIX
S1-617455147	Medyne Adr LLC	1732 Sanford Street, Arlington, TX	US	S2-477998081	Inc Medyne Adr	TX, ARLINGTON, 1734-1738 SANFORD ST	6	0.4436	SHARED_NAME_AND_LOCATION_TOKENS
S1-617455147	Medyne Adr LLC	1732 Sanford Street, Arlington, TX	US	S2-170129202	Medyne Israel-LLC	LOMBARD STREET, BALTIMORE, MD	8	0.1831	SHARED_STREET_OR_ADDRESS
S1-617455147	Medyne Adr LLC	1732 Sanford Street, Arlington, TX	US	S2-425137227	-- MEDYNE INDUSTRY INC	LAKE ROAD, NEW CARLISLE, OH	9	0.1831	SHARED_STEM_OR_PREFIX
S1-477458226	Durgesh Consulting Private Limited	Flat No 507, Fortview Green Ear Aprts Near Kendriya Vihar, Hydershakote, Bandl, Guda, Hyderabad, Telangana	India	S2-568687712	Durgesh Book Public Limited	FLAT NO. 122, OM NIWAS, SHIV SUNDER SOCIETY, BEHIND BADLAPUR TRANSPORT, KULGAON, महाराष्ट्र	6	0.1870	SHARED_NAME_AND_LOCATION_TOKENS
S1-477458226	Durgesh Consulting Private Limited	Flat No 507, Fortview Green Ear Aprts Near Kendriya Vihar, Hydershakote, Bandl, Guda, Hyderabad, Telangana	India	S2-915911452	Durgesh Waters	HOUSE NO 12/A, SECOND FLOOR. GAMRE HOUSE CHUIM VI, DR. AMBEDKAR ROAD, KHAR WEST, MUMBAI, महाराष्ट्र	7	0.1870	SHARED_NAME_AND_LOCATION_TOKENS
S1-477458226	Durgesh Consulting Private Limited	Flat No 507, Fortview Green Ear Aprts Near Kendriya Vihar, Hydershakote, Bandl, Guda, Hyderabad, Telangana	India	S2-190239131	Durgesh Wrgftrs Ltd		8	0.1870	SHARED_STEM_OR_PREFIX
S1-477458226	Durgesh Consulting Private Limited	Flat No 507, Fortview Green Ear Aprts Near Kendriya Vihar, Hydershakote, Bandl, Guda, Hyderabad, Telangana	India	S2-110352699	Durgesh Waters	HOUSE NO 12/A, SECOND FLOOR. GAMRE HOUSE CHUIM VI, DR. AMBEDKAR ROAD, KHAR WEST, MUMBAI, Maharashtra	9	0.1870	SHARED_NAME_AND_LOCATION_TOKENS
S1-477458226	Durgesh Consulting Private Limited	Flat No 507, Fortview Green Ear Aprts Near Kendriya Vihar, Hydershakote, Bandl, Guda, Hyderabad, Telangana	India	S2-241518659	Durgesh Smarrt (Limited)	A-118, KALASH SQUARE, VILLAGE -KHATAMBA, VADODARA, ગુજરાત	10	0.1870	SHARED_STEM_OR_PREFIX
S1-173971969	Hotel It Pvt Ltd	Kailash Bihari Singh, Cou, Po-Bhagwan, Chapra, Saran, Bihar	India	S3-34303273	Hotel It Pvt Ltd.		2	0.8736	SHARED_STEM_OR_PREFIX
S1-173971969	Hotel It Pvt Ltd	Kailash Bihari Singh, Cou, Po-Bhagwan, Chapra, Saran, Bihar	India	S3-935068394	Hotel  It Pvt Ltd	No 2389, Mookambika E Block, Sahakaranagar, Bengaluru, Bangalore, KA	3	0.8736	SHARED_STEM_OR_PREFIX
S1-173971969	Hotel It Pvt Ltd	Kailash Bihari Singh, Cou, Po-Bhagwan, Chapra, Saran, Bihar	India	S2-340450480	Hotel It Public Limited	616, SIND HSG SOC., GANESHKHIND ROAD, PUNE - 7, Maharashtra	7	0.3353	SHARED_STEM_OR_PREFIX
S1-173971969	Hotel It Pvt Ltd	Kailash Bihari Singh, Cou, Po-Bhagwan, Chapra, Saran, Bihar	India	S2-294446052	Hotel It Private	I-64/2, ANNA NAGAR EAST, CHENNAI, Tamil Nadu	10	0.3353	SHARED_STEM_OR_PREFIX
S1-907635568	Ridge Bridge	3314 Dungarvan Drive, City Of El Paso, TX	US	S2-192965907	RIDGE BRIGHT TRAVEL,  LLC	8 GILLETTE AVE, SPRINGFIELD, MA	6	0.1810	SHARED_STEM_OR_PREFIX
S1-907635568	Ridge Bridge	3314 Dungarvan Drive, City Of El Paso, TX	US	S2-838118095	Ridge Briieda Holdings	EL PSO CITY, 03325 DUNGARVAN DRIVE, <NULL>, TX	7	0.1810	SHARED_STREET_OR_ADDRESS
S1-907635568	Ridge Bridge	3314 Dungarvan Drive, City Of El Paso, TX	US	S2-907069242	Ridge Bright	AZ, SAN LUIS, 29 ESCAMILLA COURT	8	0.1810	SHARED_STEM_OR_PREFIX
S1-907635568	Ridge Bridge	3314 Dungarvan Drive, City Of El Paso, TX	US	S2-112843801	Ridge Bright Atlas Partners	385 Johnson Drive, TN, ROSSVILLE	10	0.1810	SHARED_STREET_OR_ADDRESS
S1-596450212	Bally Jagachha Management Private Limited	Ideal Grand Bl-A, G T Road(South) Howrah, Bally Jagachha, Howrah, West Bengal	India	S2-928713028	Bally Jagachha Jagachha Hospitality Prigvatoe Limited	13/1. SHIB CHANDRA, CHATTERJEE STREET, BALLY JAGACHHA, West Bengal	1	0.6666	SHARED_NAME_AND_LOCATION_TOKENS
S1-596450212	Bally Jagachha Management Private Limited	Ideal Grand Bl-A, G T Road(South) Howrah, Bally Jagachha, Howrah, West Bengal	India	S2-423931478	BALLY JAGACHHA JÚICES CORPORATION	BL A, GR #1S, FR 317 G.T.ROAD, BELUR, BELUR BAZAR BALLY JAGACHHA, BALLY JAGACHHA, West Bengal	4	0.5905	SHARED_STREET_OR_ADDRESS
S1-596450212	Bally Jagachha Management Private Limited	Ideal Grand Bl-A, G T Road(South) Howrah, Bally Jagachha, Howrah, West Bengal	India	S2-97462586	BALLY JAGACHHA FOODS	West Bengal, 51, MOULANA ABUL KALAM AZAD ROAD (DOBSON ROAD), 1ST FLOOR, BALLY JAGACHHA	5	0.5905	SHARED_STREET_OR_ADDRESS
S1-596450212	Bally Jagachha Management Private Limited	Ideal Grand Bl-A, G T Road(South) Howrah, Bally Jagachha, Howrah, West Bengal	India	S2-838851916	Bally Jagachha Consulting (Private)	HN 465 BL-J ; 4TH -FL-3 212, GIRISH GHOSH ROAD (BELUR), BALLY JAGACHHA, West Bengal	9	0.5905	SHARED_STREET_OR_ADDRESS
S1-596450212	Bally Jagachha Management Private Limited	Ideal Grand Bl-A, G T Road(South) Howrah, Bally Jagachha, Howrah, West Bengal	India	S2-811847941	Bally Jagachha India Pvt Ltd	West Bengal, H.NO 937 135/109, GIRISH GHOSH ROAD, POST OFFICE-BELURMATH, BALLY JAGACHHA	10	0.5905	SHARED_STREET_OR_ADDRESS
S1-464797359	Frontier Wellness LLC	41 Nashua Avenue, Gloucester, MA	US	S2-139152611	Frontier Wellness Downtown LLC	50  NASHUA AVENUE, GLOUCESTER, PO BOX 222, MA	2	0.5250	SHARED_STREET_OR_ADDRESS
S1-804300777	Swastik Hospitality Private Limited	S No 268 Swami Samarth Nagar Ph-I Flat- 15 Building-D/Ii Chichwad, Pune, Maharashtra	India	S2-844320521	Swastik Hospitality Private  Limited	C/O SUBHRA BANDYOPADHYAY, FATAKGORA SUKSANATANTALA, ABHOY PATULI LANE, CHINSURAH - MAGRA, পশ্চিমবঙ্গ	1	0.6751	SHARED_STEM_OR_PREFIX
S1-804300777	Swastik Hospitality Private Limited	S No 268 Swami Samarth Nagar Ph-I Flat- 15 Building-D/Ii Chichwad, Pune, Maharashtra	India	S2-942084664	Swastik Hospitality Private-Limited	CHAMBER OFF NO.522/8, EAST, BLOCK, TOWN CENTER, AMA, PUNE CITY, Maharashtra	3	0.6751	SHARED_NAME_AND_LOCATION_TOKENS
S1-804300777	Swastik Hospitality Private Limited	S No 268 Swami Samarth Nagar Ph-I Flat- 15 Building-D/Ii Chichwad, Pune, Maharashtra	India	S3-273107241	Swastik Hospitality-Private Limited	C/o Sneh Lata W/o Sri.subhash Chandra Kashbhara Mishan Powayan, Shahjahanpur, UP	4	0.6751	SHARED_STEM_OR_PREFIX
S1-804300777	Swastik Hospitality Private Limited	S No 268 Swami Samarth Nagar Ph-I Flat- 15 Building-D/Ii Chichwad, Pune, Maharashtra	India	S3-157909704	Swastik Hospitality Private [Limited]	#50 22S1 Iif Thirumangalam, Road Anna Nagar West, Chennai, Egmore Nungambakkam, தமிழ்நாடு	6	0.6751	SHARED_STREET_OR_ADDRESS
S1-804300777	Swastik Hospitality Private Limited	S No 268 Swami Samarth Nagar Ph-I Flat- 15 Building-D/Ii Chichwad, Pune, Maharashtra	India	S3-335113719	SWASTIK HOSPITALITY PRIVATE LIMITED	3245/16/2A/1, Gill Road, Chet Singh Nagar, Ludhiana, PB	7	0.6751	SHARED_STREET_OR_ADDRESS
S1-804300777	Swastik Hospitality Private Limited	S No 268 Swami Samarth Nagar Ph-I Flat- 15 Building-D/Ii Chichwad, Pune, Maharashtra	India	S3-285573517	Swastik Hospitality Private Limited	215, Hyderabad City Region, Sri Nagar Colony, TG	8	0.6751	SHARED_STREET_OR_ADDRESS
S1-305440895	No Nursing Home	32, Vill. Bania Bigha, Tola Bania Bigha Panch-Amara, Panchyat, Block Arwal, Arwal, Bihar	India	S2-656450625	<CITY_NAME> Weaving Industries Private	NO 32 VILL-CHANDIPUR, PO-BADNAGRA PS-GAZOLE, পশ্চিমবঙ্গ	6	0.1636	SAME_GEOGRAPHY_AND_GENERIC_KEY
S1-145606139	Williamson Quality Braves LP	1420 Ardsley Place, Homewood, AL	US	S2-933153215	Williamson (Quality)	1342  SUMMIT DR, MAYFIELD HEIGHTS, OH	3	0.2518	SHARED_STEM_OR_PREFIX
S1-145606139	Williamson Quality Braves LP	1420 Ardsley Place, Homewood, AL	US	S2-800040608	Williamson Quality Braves Inc	CLLEVELAND CDP, 1363 SUMMIT DR, OH	4	0.2518	SHARED_STEM_OR_PREFIX
S1-145606139	Williamson Quality Braves LP	1420 Ardsley Place, Homewood, AL	US	S2-902281958	Williamson Quality Winvest, Incorporated	MD, DUNDALK, YORKWAY	5	0.2518	SHARED_STEM_OR_PREFIX
S1-145606139	Williamson Quality Braves LP	1420 Ardsley Place, Homewood, AL	US	S2-177846319	WILLIAMSON QUALITY BRAVES  LLC	1342  SUMMIT DR, CLEVELAND, OH	6	0.2518	SHARED_STEM_OR_PREFIX
S1-145606139	Williamson Quality Braves LP	1420 Ardsley Place, Homewood, AL	US	S2-847366956	WILLIAMSON QUALITY ENTSNPRIHES	1215 A ANTELOPE TRAIL, TEMLPE, TX	8	0.2518	SHARED_STEM_OR_PREFIX
S1-145606139	Williamson Quality Braves LP	1420 Ardsley Place, Homewood, AL	US	S2-747526456	WILLIAMSON QUALITY BRAVES	1342  Summit Dr, CLEVELAND, OH	9	0.2518	SHARED_STEM_OR_PREFIX
S1-145606139	Williamson Quality Braves LP	1420 Ardsley Place, Homewood, AL	US	S2-765961820	WILLIAMSON QUALITY ENTERPRISES	1215 A Antelope Trl, TEMLPE, TX	10	0.2518	SHARED_STEM_OR_PREFIX
S1-368348061	Naon Enterprises Inc	31481 Oak Ridge Drive, Muscoda, WI	US	S3-478203783	Naon Enterprises L.L.C.	71486 Oak Ridge Dr, Muscoda, Wisconsin	2	0.8868	SHARED_NAME_AND_LOCATION_TOKENS
S1-368348061	Naon Enterprises Inc	31481 Oak Ridge Drive, Muscoda, WI	US	S2-180458065	Naon, Naon, LLC	LONGFIELD DR, CITY OF SUN PRAIRIE, WI	6	0.1345	SHARED_NAME_AND_LOCATION_TOKENS
S1-368348061	Naon Enterprises Inc	31481 Oak Ridge Drive, Muscoda, WI	US	S3-726460516	Naon Naon LLC - 9141189971	201 Erie Ave, Elephant Butte, New Mexico	7	0.1345	SHARED_STEM_OR_PREFIX
S1-46716098	Knox and Nicholas, Inc	WI, Town Of Townsend, 17160 Presbyterian Road	US	S3-8188086	Knox and Ltd Nicholas,	17171 Presbyterian Rd, Townsend, Wisconsin	3	0.5334	SHARED_NAME_AND_LOCATION_TOKENS
S1-46716098	Knox and Nicholas, Inc	WI, Town Of Townsend, 17160 Presbyterian Road	US	S2-466700682	Knox and Pittman | www.knoxandp.com	435B SHEFFIELD ROAD, CINCINNATI, OH	4	0.4715	SHARED_STREET_OR_ADDRESS
S1-46716098	Knox and Nicholas, Inc	WI, Town Of Townsend, 17160 Presbyterian Road	US	S2-394529591	Knox and Argote Labs	BURLINGTON, 6264 AUTUMN TRL, KY	7	0.4715	SHARED_STEM_OR_PREFIX
S1-46716098	Knox and Nicholas, Inc	WI, Town Of Townsend, 17160 Presbyterian Road	US	S3-721820313	Knox and Argote Deli Inc	6268 Autumn Trl, PO Box 9879, Burlington, Kentucky	9	0.4715	SHARED_STEM_OR_PREFIX
S1-46716098	Knox and Nicholas, Inc	WI, Town Of Townsend, 17160 Presbyterian Road	US	S3-343491303	knox and pittman mckinley inc		10	0.4715	SHARED_STEM_OR_PREFIX
S1-557464657	Doiron & Alvarez Token LLC	17607 Lake Melford Avenue, Bowie, MD	US	S3-518867502	Doiron & Alvarez Token Llc	513 Standage Dr, Payson, Arizona	2	1.7321	SHARED_STEM_OR_PREFIX
S1-557464657	Doiron & Alvarez Token LLC	17607 Lake Melford Avenue, Bowie, MD	US	S2-948707363	Doiron,, Pet D.O.	MD, 100 PATTERSON PARK AVENUE, BALTIMORE	5	0.2458	SHARED_STREET_OR_ADDRESS
S1-557464657	Doiron & Alvarez Token LLC	17607 Lake Melford Avenue, Bowie, MD	US	S2-138855536	Doiron Northland Lakeside LLC	810 THUBER DR, PMB 8695, COLUMBUS, OH	9	0.2458	SHARED_STEM_OR_PREFIX
S1-557464657	Doiron & Alvarez Token LLC	17607 Lake Melford Avenue, Bowie, MD	US	S2-93111511	Doiron Northland Co	40 LURDES ST, VALPARAISO, IN	10	0.2458	SHARED_STEM_OR_PREFIX
S1-8092452	Urban Nails!	1262 Grandstaff Avenue, Lancaster, OH	US	S2-180932287	Urban Nails	7495 SULTANA AVENUE, FONTANA, CA	1	0.5552	SHARED_STREET_OR_ADDRESS
S1-8092452	Urban Nails!	1262 Grandstaff Avenue, Lancaster, OH	US	S2-749728236	Urban Nails	2433 BERRYVILLE PIKE, WINCHESTER, VA	3	0.5552	SHARED_STEM_OR_PREFIX
S1-8092452	Urban Nails!	1262 Grandstaff Avenue, Lancaster, OH	US	S2-238661101	Urban Nails		4	0.5552	SHARED_STEM_OR_PREFIX
S1-8092452	Urban Nails!	1262 Grandstaff Avenue, Lancaster, OH	US	S2-885754096	Urban Nails!	669 SAN JOAQUIN AVENUE, TUCSON, AZ	7	0.5552	SHARED_STREET_OR_ADDRESS
S1-8092452	Urban Nails!	1262 Grandstaff Avenue, Lancaster, OH	US	S2-856131228	Urban Nails	1092 CARDIFF, CASPER, WY	8	0.5552	SHARED_STEM_OR_PREFIX
S1-8092452	Urban Nails!	1262 Grandstaff Avenue, Lancaster, OH	US	S2-940231253	Urban  [Nails]	515-A GEORGE ST, MOUNT PROSPECT, IL	9	0.5552	SHARED_STEM_OR_PREFIX
S1-8092452	Urban Nails!	1262 Grandstaff Avenue, Lancaster, OH	US	S2-181455213	*** Urban  Nails!	18564 QUAINT DR, DOLAN SPRINGS, AZ	10	0.5552	SHARED_STEM_OR_PREFIX
S1-216511119	Surya Energy Private Limited	Nagar Jaipur, Hans Marg, C-252-A, Malviya Nagar, Rajasthan	India	S2-607163022	Surya Energy Private Limited	H.NO.8-3-228/678/1009/401. , OM NAGAR, SPR HILLS, KHAIRATABAD, Telangana	2	0.6728	SHARED_STREET_OR_ADDRESS
S1-216511119	Surya Energy Private Limited	Nagar Jaipur, Hans Marg, C-252-A, Malviya Nagar, Rajasthan	India	S2-764771933	Surya Energy Private Limited	NO 84 C/O SAMEER MISHRA, H NO 59, MADAAR, IKAUNA SHRAWASTI, IKAUNA, Uttar Pradesh	4	0.6728	SHARED_NAME_AND_LOCATION_TOKENS
S1-216511119	Surya Energy Private Limited	Nagar Jaipur, Hans Marg, C-252-A, Malviya Nagar, Rajasthan	India	S2-112749459	Surya Energy Private Limited	NO. D/1223 , 19TH MAIN, 20TH CROSS 2ND BLOCK, RAJAJI NAGAR, BANGALORE, Karnataka	5	0.6728	SHARED_STREET_OR_ADDRESS
S1-216511119	Surya Energy Private Limited	Nagar Jaipur, Hans Marg, C-252-A, Malviya Nagar, Rajasthan	India	S3-717644047	Surya Energy Private Limited	84 Shree Krishna Industries, Gandhi Nagar, Kalol, GJ	9	0.6728	SHARED_STREET_OR_ADDRESS
S1-216511119	Surya Energy Private Limited	Nagar Jaipur, Hans Marg, C-252-A, Malviya Nagar, Rajasthan	India	S3-814290926	Surya Energy Private [Limited]	Hn 994 C/o Manish Kumar 305 Shanti Sapphire Block A 56 Krishna Avenulimbodi, Indore, MP	10	0.6728	SHARED_NAME_AND_LOCATION_TOKENS
S1-499302167	Shree Industries Private Limited	Plot No. 265, G. I. D. C. Estate Sachin, Surat, Gujarat	India	S2-177158630	SHREE INDUSTRIES PRIVATE LIMITED	A/92., VIRWANI INDUSTRIAL PREMISES CHS. LTD, NR W.E. HIGWAY RD, GOREGAON EAST, MUMBAI, Maharashtra	1	0.4155	SHARED_STEM_OR_PREFIX
S1-499302167	Shree Industries Private Limited	Plot No. 265, G. I. D. C. Estate Sachin, Surat, Gujarat	India	S2-482329388	Shree Industries Private Limited	HOUSE NO. 1703, SECTOR 12, URBAN ESTATE, SONIPAT, Haryana	3	0.4155	SHARED_STREET_OR_ADDRESS
S1-499302167	Shree Industries Private Limited	Plot No. 265, G. I. D. C. Estate Sachin, Surat, Gujarat	India	S2-803776629	Shree Industries-Private-Limited	HOTEL TARA INTERNATIONAL, H. NO. 15-2-399 TO 403, SIDDIAMBAR BAZAR, HYDERABAD, Telangana	7	0.4155	SHARED_NAME_AND_LOCATION_TOKENS
S1-499302167	Shree Industries Private Limited	Plot No. 265, G. I. D. C. Estate Sachin, Surat, Gujarat	India	S3-549627851	Shree Industries Private Limited	C-15/8, Hargobind Nagar Near Balle Balle Farm, Jalandhar, PB	8	0.4155	SHARED_NAME_AND_LOCATION_TOKENS
S1-499302167	Shree Industries Private Limited	Plot No. 265, G. I. D. C. Estate Sachin, Surat, Gujarat	India	S3-745606465	Shree Industries  Private Limited	Flat No. 4, Roongta Pinnecle, S. No. 715B, P.no. 4 College Road, Nashik, महाराष्ट्र	10	0.4155	SHARED_NAME_AND_LOCATION_TOKENS
S1-56985694	Energy New Mechanical Private Limited	4C, Kowdiar Mannor Jawahar Nagar, Thiruvananthapuram, Thiruvananthapuram, Trivandrum, Kerala	India	S2-321804610	Energy New Mechanical Private [Limited]	SY.NO 116/1, DANOJIPALYA VILLAGE, ARISHINAKUNTE KASABA HOBLI, BANGALORE RURAL, ಕರ್ನಾಟಕ	1	1.0460	SHARED_STEM_OR_PREFIX
S1-56985694	Energy New Mechanical Private Limited	4C, Kowdiar Mannor Jawahar Nagar, Thiruvananthapuram, Thiruvananthapuram, Trivandrum, Kerala	India	S2-531952073	Energy New  Mechanical Private Limited	SY.NO 116/1, DANOJIPALYA VILLAGE, ARISHINAKUNTE KASABA HOBLI, BANGALORE RURAL, ಕರ್ನಾಟಕ	2	1.0460	SHARED_STEM_OR_PREFIX
S1-56985694	Energy New Mechanical Private Limited	4C, Kowdiar Mannor Jawahar Nagar, Thiruvananthapuram, Thiruvananthapuram, Trivandrum, Kerala	India	S2-180729101	Energy New Mechanical Group	7C/9, KOWDIAR MANNOR JAWAHAR NAGAR, THIRUVANANTHAPURAM, THIRUVANANTHAPURAM, Keralam	5	0.5624	SHARED_STREET_OR_ADDRESS
S1-417526535	Vanguard Allstate Inc	22899 George Lane, Staunton, IL	US	S3-104605033	Vanguard Allstate Partners Inc.	22900 George Lane, PO Box 2147, Staunton, Illinois	1	0.6625	SHARED_STREET_OR_ADDRESS
S1-927651996	Anand Builders Pvt Ltd	B/101 Bhaveshwar Plazal B S Road Ghatkopar (W), Mumbai, Maharashtra	India	S2-950611154	Anand Builders Private Limited	TC/ NO.29/223- (10/520-1), KONNIKKARA SHOPPING COMPLEX, OPP. BANK OF BARODA, COMPANY PAD, I BUS STOP, OLLUR, Keralam	5	0.3013	SHARED_STEM_OR_PREFIX
S1-927651996	Anand Builders Pvt Ltd	B/101 Bhaveshwar Plazal B S Road Ghatkopar (W), Mumbai, Maharashtra	India	S2-637609123	Anand Builders Ptíeare Limited	E0309 CRYSTALPLAZA 8RD FLR, ROOM-A LINK ROAD, MUMBAI, Maharashtra	6	0.3013	SHARED_STREET_OR_ADDRESS
S1-927651996	Anand Builders Pvt Ltd	B/101 Bhaveshwar Plazal B S Road Ghatkopar (W), Mumbai, Maharashtra	India	S2-936541413	Anand Builders	E-#41/5 OKHLA INDUSTIRAL AREAPHASE-I, NEW DELHI, Delhi	7	0.3013	SHARED_STEM_OR_PREFIX
S1-613598143	Clair Sprott Inc	430 Lewis Avenue, Lombard, IL	US	S3-460337600	Clair Sprott  L.L.C.	434-B Lewis Avenue, Lombbard CITY, Illinois	4	0.9465	SHARED_STREET_OR_ADDRESS
S1-613598143	Clair Sprott Inc	430 Lewis Avenue, Lombard, IL	US	S2-64321994	Clair's Total Cafe Corp		8	0.2236	SHARED_STEM_OR_PREFIX
S1-6232617	Aspen Ridge LLC	TX, 834 Sunshine Medley Lane, Richmond	US	S2-391459566	aspenrenatus.com	110 MADISON AVE, FREDERICKSBURG, VA	9	0.1403	SAME_GEOGRAPHY_AND_GENERIC_KEY
S1-6232617	Aspen Ridge LLC	TX, 834 Sunshine Medley Lane, Richmond	US	S2-682189934	Aspen Rre, Llc	320  FIFTH AVE, ANCHORAGE, AK	10	0.1403	SHARED_STEM_OR_PREFIX
S1-491925427	Henson Worldwide, LLC	NY, 2 Weller Road, Unit Lot 2, Brandon	US	S2-649316960	hensonwoodrufffarmers.com	408 YUCHI CT, PO BOX 6847, FORT WORTH, TX	5	0.3675	SAME_GEOGRAPHY_AND_GENERIC_KEY
S1-378164861	Industrial Wholesale Enterprises	2507 Branson Landing, Unit Unit 507B, Branson, MO	US	S2-829238835	group industrial wholesale innovations	3296- ENDEAVOR DRIVE, VILLAGE OF RICHFIELD, WI	3	0.2261	SHARED_STEM_OR_PREFIX
S1-378164861	Industrial Wholesale Enterprises	2507 Branson Landing, Unit Unit 507B, Branson, MO	US	S2-343109494	Industrial  Wholesale Technologies Northside, LP	4713 POTTER HOLLOW RD, PRESTON HOLLOW, NY	5	0.2261	SHARED_STEM_OR_PREFIX
S1-378164861	Industrial Wholesale Enterprises	2507 Branson Landing, Unit Unit 507B, Branson, MO	US	S2-549198862	Industrial Wholesale Próducts	2007 1/2 VIA BELLO DRIVE, RIALTO, CA	6	0.2261	SHARED_STEM_OR_PREFIX
S1-378164861	Industrial Wholesale Enterprises	2507 Branson Landing, Unit Unit 507B, Branson, MO	US	S2-371461778	Corp Industrial Wholesale Enterprises	2512 BRANSON LANDING, BRANSON, MO	7	0.2261	SHARED_NAME_AND_LOCATION_TOKENS
S1-378164861	Industrial Wholesale Enterprises	2507 Branson Landing, Unit Unit 507B, Branson, MO	US	S2-37459407	Industrial Wholesale Products Corp	2011 VIA BELLO DR, RIALTO, CA	9	0.2261	SHARED_STEM_OR_PREFIX
S1-639096068	India Impact Development Limited	W 21/674, Beach Road, Alleppey, Alappuzha, Kerala	India	S3-566999624	India Impact Development Holdings Limited	W 21/677, Beach Road, Alleppey, Alappuzha, കേരളം	2	0.8363	SHARED_STREET_OR_ADDRESS
S1-639096068	India Impact Development Limited	W 21/674, Beach Road, Alleppey, Alappuzha, Kerala	India	S2-77538312	INDIA IMPACT MEDICAL-PRIVATE LIMITED	D.NO 3-168, NEAR BOSE BOMMA CENTRE, KANKIPADU, ఆంధ్రప్రదేశ్	3	0.4613	SHARED_STEM_OR_PREFIX
S1-639096068	India Impact Development Limited	W 21/674, Beach Road, Alleppey, Alappuzha, Kerala	India	S2-137716937	India  Impact Consultancy Private	D.NO 3-189, NEAR BOSE BOMMA CENTRE, KANKIPADU, Andhra Pradesh	4	0.4613	SHARED_STEM_OR_PREFIX
S1-639096068	India Impact Development Limited	W 21/674, Beach Road, Alleppey, Alappuzha, Kerala	India	S3-445171634	India Impact Medical Private Limited	3-168, Near Bose Bomma Centre, Kankipadu, Krishna, AP	7	0.4613	SHARED_STEM_OR_PREFIX
S1-639096068	India Impact Development Limited	W 21/674, Beach Road, Alleppey, Alappuzha, Kerala	India	S3-50478819	India  Impact Medical Private	D.no 3-168, Near Bose Bomma Centre, Kankipadu, Krishna, ఆంధ్రప్రదేశ్	8	0.4613	SHARED_STEM_OR_PREFIX
S1-269039848	Holy Community Church	5546 Cincinnati Dayton Road, Middletown, OH	US	S2-16755519	Holy  Community Church	608 1/2 CENTRAL AVE, ST DAVID, IL	2	0.6335	SHARED_STEM_OR_PREFIX
S1-269039848	Holy Community Church	5546 Cincinnati Dayton Road, Middletown, OH	US	S2-724251568	HOLY COMMUNITY CHURCH	4522 LANCASTER HWY, MONROE, NC	8	0.6335	SHARED_STEM_OR_PREFIX
S1-269039848	Holy Community Church	5546 Cincinnati Dayton Road, Middletown, OH	US	S2-673264114	holy community church	#10 EASTHAM LN, LONGMEADOW, MA	9	0.6335	SHARED_STEM_OR_PREFIX
S1-269039848	Holy Community Church	5546 Cincinnati Dayton Road, Middletown, OH	US	S2-142439829	Holy  Community Church	64, LOXLEY, AL	10	0.6335	SHARED_STEM_OR_PREFIX
S1-408835967	Panchavati Foods-Delhi	75- B Lajpat Nagar -Ii, Delhi, New Delhi, Delhi	India	S2-34921729	Panchavati  Ltd Foods	1/1, NEAR PANIPAT CHUNGD, PANIPAT ROAD, GOHANA, GOHANA, Haryana	5	0.5102	SHARED_STEM_OR_PREFIX
S1-408835967	Panchavati Foods-Delhi	75- B Lajpat Nagar -Ii, Delhi, New Delhi, Delhi	India	S2-359343560	Panchavati Foods	1/1, NEAR PANIPAT CHUNGI, PANIPAT ROAD, GOHANA, GOHANA, Haryana	6	0.5102	SHARED_STEM_OR_PREFIX
S1-408835967	Panchavati Foods-Delhi	75- B Lajpat Nagar -Ii, Delhi, New Delhi, Delhi	India	S3-29180845	Panchavati Foods  Overseas Ltd	1/22, Near Panipat Chungi, Panipat Road, Gohana, Gohana, Sonipat, हरियाणा	7	0.5102	SHARED_STEM_OR_PREFIX
S1-111673633	Anand Projects Private Limited	H No.1-1-188/C3, Jj Nagar, Opp Govt Junior College, Suryapet, Nalgonda, Telangana	India	S2-732808251	Anand Projects  Private Limited	DOOR NO 73 FLOOR, KAMLA HUB, JVPD ROAD NO.1, VILE PARLE - WEST, MUMBAI, Maharashtra	2	0.4506	SHARED_NAME_AND_LOCATION_TOKENS
S1-111673633	Anand Projects Private Limited	H No.1-1-188/C3, Jj Nagar, Opp Govt Junior College, Suryapet, Nalgonda, Telangana	India	S2-213964386	anand projects private limited	73 FLOOR, KAMLA HUB, JVPD ROAD NO.1, VILE PARLE - WEST, MUMBAI, Maharashtra	7	0.4506	SHARED_NAME_AND_LOCATION_TOKENS
S1-111673633	Anand Projects Private Limited	H No.1-1-188/C3, Jj Nagar, Opp Govt Junior College, Suryapet, Nalgonda, Telangana	India	S3-63757263	Anand Projects  Private Limited	Plo No 22, Serve No.485/2, Vishwakarma Bhavan Trimbak Road, Near Papaya Nursery, Satpur, Nashik, महाराष्ट्र	8	0.4506	SHARED_NAME_AND_LOCATION_TOKENS
S1-111673633	Anand Projects Private Limited	H No.1-1-188/C3, Jj Nagar, Opp Govt Junior College, Suryapet, Nalgonda, Telangana	India	S3-766800867	Anand Projects Private Limited	##39 Nimgaon M Tq Shirur, Beed, Bid, MH	10	0.4506	SHARED_STEM_OR_PREFIX
S1-460845609	Coastal Atlantic Better	10423 Bitter Creek Drive, Albuquerque, NM	US	S2-117580597	COASTAL ATLANTIC  ABONY LLC	40A RAILROAD AVE, BEVERL CITY, MA	6	0.1973	SHARED_STEM_OR_PREFIX
S1-460845609	Coastal Atlantic Better	10423 Bitter Creek Drive, Albuquerque, NM	US	S2-12746104	Coastal Atlantic Abony LLC	40A RAILROAD AVENUE, BEVERL CITY, MA	9	0.1973	SHARED_STEM_OR_PREFIX
S1-17506850	Indian Industries Limited	Ghaziabad, C-1601, Uttar Pradesh, Ghaziabad, Laxuria Estate Aditya World City	India	S2-752574056	Indian Industries Private Ltd	FIRST FLOOR, A-G-21/13(X), NARAINA INDUSTRIAL AREA, PHASE - II, NEW DELHI, Delhi	8	0.1584	SHARED_STEM_OR_PREFIX
S1-17506850	Indian Industries Limited	Ghaziabad, C-1601, Uttar Pradesh, Ghaziabad, Laxuria Estate Aditya World City	India	S2-388537092	Indian Industries Furniture	H.NO A-51 RASHMI PARKSHANTI NAGAR MIRA ROAD (E), MUMBAI, Maharashtra	9	0.1584	SHARED_STEM_OR_PREFIX
S1-68201540	Marketing Balaji Label Limited	Kerala, 4Th Floor, Thiruvananthapuram, Capital Tower, Statue, Thiruvananthapuram, Trivandrum	India	S2-595741625	MARKETING BALAJI PVT (LTD)	MJR ARCADE, HYDERABAD, MADHAPUR, తెలంగాణ	3	0.2758	SHARED_STEM_OR_PREFIX
S1-68201540	Marketing Balaji Label Limited	Kerala, 4Th Floor, Thiruvananthapuram, Capital Tower, Statue, Thiruvananthapuram, Trivandrum	India	S2-8820807	Marketing Balaji Systems Holdings  Limited | www.marketing.com	OPP P V D OFFICE26 CIVIL LINES GORAKHPUR, UTTAR PRADESH, उत्तर प्रदेश	7	0.2758	SHARED_STEM_OR_PREFIX
S1-68201540	Marketing Balaji Label Limited	Kerala, 4Th Floor, Thiruvananthapuram, Capital Tower, Statue, Thiruvananthapuram, Trivandrum	India	S2-965061023	Marketing Balaji	BLOCK A-329 C/O ANMOL JHA & ASSOCIATES, OFFICE NO. 101 1ST FLOOR, MAHAVIR TOWER, OFF EDULJI ROAD, CHARAI, Maharashtra	8	0.2758	SHARED_STREET_OR_ADDRESS
S1-68201540	Marketing Balaji Label Limited	Kerala, 4Th Floor, Thiruvananthapuram, Capital Tower, Statue, Thiruvananthapuram, Trivandrum	India	S2-185829833	Marketing Balaji Recycler Private	50-2, A/P JULEWADI, TAL. KARAD, SATARA, Maharashtra	9	0.2758	SHARED_STEM_OR_PREFIX
S1-68201540	Marketing Balaji Label Limited	Kerala, 4Th Floor, Thiruvananthapuram, Capital Tower, Statue, Thiruvananthapuram, Trivandrum	India	S3-904342679	Marketing Balaji Recycler Limited Private	8-50-2, A/p Julewadi, Tal. Karad, Satara, MH	10	0.2758	SHARED_STEM_OR_PREFIX
S1-831843558	Hernandez Regional Aktiengesellschaft	7102 Arbor Rose Lane, Spring, TX	US	S2-837763637	LLC Hernandez Regional Auto Repair	2969 JOHN TYLER HIGHWAY, WILLIAMSBUG CDP, VA	3	0.3740	SHARED_STEM_OR_PREFIX
S1-831843558	Hernandez Regional Aktiengesellschaft	7102 Arbor Rose Lane, Spring, TX	US	S2-778579515	Hernandez Regional	1101 LUARA DR, NIXA, MO	4	0.3740	SHARED_STEM_OR_PREFIX
S1-831843558	Hernandez Regional Aktiengesellschaft	7102 Arbor Rose Lane, Spring, TX	US	S2-102580586	Alexine Johnson Global	7102 WEST ARBOR TRACE DR, KNOXVILLE, TN	6	0.2500	SAME_GEOGRAPHY_AND_GENERIC_KEY
S1-831843558	Hernandez Regional Aktiengesellschaft	7102 Arbor Rose Lane, Spring, TX	US	S2-684919678	THE  ALEXINE JOHNSON GLOBAL BETTER GROUP	7102 WEST ARBOR TRACE DR, KNOXVILLE, TN	8	0.2500	SAME_GEOGRAPHY_AND_GENERIC_KEY
S1-63266922	Lloyd Youth Services	15 Caleb Crossing, Lloyd, NY	US	S2-138381088	Lloyd Youth Pacific Inc Chiropractic		4	0.8672	SHARED_STEM_OR_PREFIX
S1-63266922	Lloyd Youth Services	15 Caleb Crossing, Lloyd, NY	US	S2-301027009	Lloyd Youth Services Co	PO BOX 793, NY, HIHGLAND, 20. CALEB CROSSING	5	0.8672	SHARED_NAME_AND_LOCATION_TOKENS
S1-63266922	Lloyd Youth Services	15 Caleb Crossing, Lloyd, NY	US	S2-881122390	@lloydyouth	NY, 91 STERLING PL, LLOYD	7	0.5172	SAME_GEOGRAPHY_AND_GENERIC_KEY
S1-304785953	Lafferty Certified Lifesciences Inc.	13315 Schwenger Place, Fairfax County, VA	US	S2-128228604	Lafferty Sky Center (LP)	5TH ST, DOUGLAS, AK	6	0.3366	SHARED_STEM_OR_PREFIX
S1-304785953	Lafferty Certified Lifesciences Inc.	13315 Schwenger Place, Fairfax County, VA	US	S2-622885173	Lafferty Islands	9859 ROSS AVE, PEORIA, AZ	7	0.3366	SHARED_STEM_OR_PREFIX
S1-740254254	Pediatric Prairie Physicians, LLC	Salem, IL, 1009 Trenary Avenue	US	S2-195865543	Pediatric  Prairie Physicians, LLC	22919 14ND PL, BOTHELL, WA	1	0.5354	SHARED_STEM_OR_PREFIX
S1-740254254	Pediatric Prairie Physicians, LLC	Salem, IL, 1009 Trenary Avenue	US	S2-466104529	Pediatric Prairie Physicians,  LLC	22919 14ND PLACE, BOTHELL, WA	4	0.5354	SHARED_STEM_OR_PREFIX
S1-740254254	Pediatric Prairie Physicians, LLC	Salem, IL, 1009 Trenary Avenue	US	S2-115029741	Pediatric Prairie Physicians,  LLC	1214- BROAD ST, CARLINVILLE, IL	6	0.5354	SHARED_NAME_AND_LOCATION_TOKENS
S1-740254254	Pediatric Prairie Physicians, LLC	Salem, IL, 1009 Trenary Avenue	US	S3-135428828	Pediatric  Prairie Physicians, LLC	Massachusetts, Lynn, Grant Road	7	0.5354	SHARED_STEM_OR_PREFIX
S1-740254254	Pediatric Prairie Physicians, LLC	Salem, IL, 1009 Trenary Avenue	US	S3-445916852	Pediatric Prairie Physicians, L.L.C.	1631 Bentana Way, Reston, Virginia	8	0.5354	SHARED_STEM_OR_PREFIX
S1-740254254	Pediatric Prairie Physicians, LLC	Salem, IL, 1009 Trenary Avenue	US	S2-763777141	Pediatric Prairie Physicians Inc	1814 JEFFERSON AVE, KNOXVILLLE, TN	9	0.1591	SHARED_STEM_OR_PREFIX
S1-836203525	Raviraj Solutions Private Limited	115, Coral Complex, Science City Road, Sola, Ahmedbad, Ahmedabad, Gujarat	India	S2-574117308	CRYO RAYS PRIVATE	115, CORAL COMPLEX, SCIENCE CITY ROAD SOLA, AHMEDABAD, Gujarat	4	0.2672	SHARED_STREET_OR_ADDRESS
S1-836203525	Raviraj Solutions Private Limited	115, Coral Complex, Science City Road, Sola, Ahmedbad, Ahmedabad, Gujarat	India	S2-773928891	Raviraj Solutions Co		10	0.1867	SHARED_STEM_OR_PREFIX
S1-465739288	Chong's Hospitality LLC	1884 Pine Meadow Court, Gurnee, IL	US	S2-251512670	CHONG SALON PLLC		7	0.2309	SHARED_STEM_OR_PREFIX
S1-465739288	Chong's Hospitality LLC	1884 Pine Meadow Court, Gurnee, IL	US	S2-632117763	Chong Solana, Llc	202 GRANT STREET, DEER PARK, TX	9	0.2309	SHARED_STEM_OR_PREFIX
S1-111065528	Duplantis Wisekey Inc	7340 Stock Ranch Road, Unit APT 7, Citrus Heights, CA	US	S2-142118866	Duplantis-Wisekey LLC	700 CRATER LAKE AVE, MEDFORD, OR	3	0.7556	SHARED_STEM_OR_PREFIX
S1-111065528	Duplantis Wisekey Inc	7340 Stock Ranch Road, Unit APT 7, Citrus Heights, CA	US	S2-475496795	Duplantis Wisekey South	FRANKLIN, 428 NICHOL MILL LANE, TN	4	0.7556	SHARED_STEM_OR_PREFIX
S1-111065528	Duplantis Wisekey Inc	7340 Stock Ranch Road, Unit APT 7, Citrus Heights, CA	US	S2-341910406	Duplantis (Wisekey)	427 NICHOL MILL LN, FRANKLIN, TN	6	0.7556	SHARED_STEM_OR_PREFIX
S1-111065528	Duplantis Wisekey Inc	7340 Stock Ranch Road, Unit APT 7, Citrus Heights, CA	US	S3-492210909	Duplantis Wisekey	700 Crater Lake Avenue, Unit 21, Medford, Oregon	8	0.7556	SHARED_NAME_AND_LOCATION_TOKENS
S1-111065528	Duplantis Wisekey Inc	7340 Stock Ranch Road, Unit APT 7, Citrus Heights, CA	US	S3-520248667	Duplantis Wisekey	427 Nichol Mill Ln, # 401, Franklin, Tennessee	9	0.7556	SHARED_STEM_OR_PREFIX
S1-545601093	Bermudez, Rice and Crittenden Inc	131 Willow Ridge, Altoona, IA	US	S3-225536562	Ltd Bermudez, Rice and Críttenden	144-148 Willow Rdg, Altoona, Iowa	4	0.4062	SHARED_NAME_AND_LOCATION_TOKENS
S1-545601093	Bermudez, Rice and Crittenden Inc	131 Willow Ridge, Altoona, IA	US	S2-556370559	Bermudez, Mcnew & Young Auto Repair	IL, OTTAWA, ##534 7TH AVE	6	0.2436	SHARED_STEM_OR_PREFIX
S1-545601093	Bermudez, Rice and Crittenden Inc	131 Willow Ridge, Altoona, IA	US	S2-237286827	Bermudez, 5míth and Pratt Newbury LLC	1160 DURHAM CT, VICTOR, NY	9	0.2436	SHARED_STEM_OR_PREFIX
S1-545601093	Bermudez, Rice and Crittenden Inc	131 Willow Ridge, Altoona, IA	US	S2-197422349	Bermudez Inc. Center	PA, 1231 SCHOOL LANE, ABINGTON TOWNSHIP	10	0.2436	SHARED_STEM_OR_PREFIX
S1-988516196	Bright Pub!	1455 Thompson Road, Woodburn, OR	US	S2-452914600	Bright Pub	INDIANAPOLIS, 435 MISSION DR, IN	2	0.4553	SHARED_STEM_OR_PREFIX
S1-988516196	Bright Pub!	1455 Thompson Road, Woodburn, OR	US	S2-100583077	Bright Pub!	1806  1ST ST, GREENVILLE, NC	3	0.4553	SHARED_STEM_OR_PREFIX
S1-988516196	Bright Pub!	1455 Thompson Road, Woodburn, OR	US	S2-620099755	BRIGHT PUB	6774 KESWICK DR, DALLAS, TX	7	0.4553	SHARED_STEM_OR_PREFIX
S1-988516196	Bright Pub!	1455 Thompson Road, Woodburn, OR	US	S2-247376744	Bright Pub		9	0.4553	SHARED_STEM_OR_PREFIX
S1-612217752	Zediis Platinum Independence LLC	884 Pinnacle Hill Road, Kingston Springs, TN	US	S2-767670688	Zediis Platinum  Independence Corp	828A LENA AVE, SALINA, KS	5	0.9364	SHARED_STEM_OR_PREFIX
S1-612217752	Zediis Platinum Independence LLC	884 Pinnacle Hill Road, Kingston Springs, TN	US	S2-102635945	Zediis Platinum Indiopendence PLLC	3417 SAYBROOK AVE, CINCINNATI, OH	6	0.9364	SHARED_STEM_OR_PREFIX
S1-612217752	Zediis Platinum Independence LLC	884 Pinnacle Hill Road, Kingston Springs, TN	US	S3-212167712	Zediis Platinum	Ohio, Cincinnati, 3418 Saybrook Ave	8	0.9364	SHARED_STEM_OR_PREFIX
S1-612217752	Zediis Platinum Independence LLC	884 Pinnacle Hill Road, Kingston Springs, TN	US	S3-898008940	Zediis Platinum PLLC Center	3418 Saybrook Avenue, Cincinnati, Ohio	9	0.9364	SHARED_STEM_OR_PREFIX
S1-846542666	Desert Sprott	1717 Cole Street, Killeen, TX	US	S3-68558907	Desert Sprott North Inc	1719 Cole Street, Killeen, Texas	7	0.5183	SHARED_STREET_OR_ADDRESS
S1-846542666	Desert Sprott	1717 Cole Street, Killeen, TX	US	S2-523447334	DESERTSPIRE.COM	862 JASPER DRIVE, ALBUQUERQUE, NM	10	0.1683	SAME_GEOGRAPHY_AND_GENERIC_KEY
S1-419483044	King Aria LLC	215 Grand Avenue, Unit Apartment 609, Old Orchard Beach, ME	US	S2-798589613	Co King Aria	TROY, 34 JMRDAN POINT, <NULL>, NY	6	0.3740	SHARED_STEM_OR_PREFIX
S1-419483044	King Aria LLC	215 Grand Avenue, Unit Apartment 609, Old Orchard Beach, ME	US	S2-193416019	Zwart International Holdings	215 GRAND RESERVE DRIVE, PELHAM, AL	9	0.2168	SAME_GEOGRAPHY_AND_GENERIC_KEY
S1-419483044	King Aria LLC	215 Grand Avenue, Unit Apartment 609, Old Orchard Beach, ME	US	S2-514934813	BIRCH  LLC	215 GRAND AVE, CYLDE, OH	10	0.2168	SAME_GEOGRAPHY_AND_GENERIC_KEY
S1-787617931	Delta Ministries IV	40219 Bay Hill Way, Phoenix, AZ	US	S2-937509955	Delta  Ministries LLC	313 Romie Snow Rd, DOBSON, NC	3	0.2811	SHARED_STEM_OR_PREFIX
S1-787617931	Delta Ministries IV	40219 Bay Hill Way, Phoenix, AZ	US	S2-964879738	Delta [Ministries]	398 CALHOUN RIDGE ROAD, BRADSHAW, WV	4	0.2811	SHARED_STEM_OR_PREFIX
S1-787617931	Delta Ministries IV	40219 Bay Hill Way, Phoenix, AZ	US	S2-161540430	Delta Ministries	INDIANAPOLIS, 6443 CAMARILLO COURT, IN	5	0.2811	SHARED_STEM_OR_PREFIX
S1-787617931	Delta Ministries IV	40219 Bay Hill Way, Phoenix, AZ	US	S2-224653566	DELTA MINISTRIES LP	157 WASHINGFON STREET, ELIZABETH, WV	6	0.2811	SHARED_STEM_OR_PREFIX
S1-787617931	Delta Ministries IV	40219 Bay Hill Way, Phoenix, AZ	US	S2-359685781	Delta  Ministries	398 CALHOUN RIDGE ROAD, BRADSHAW, WV	7	0.2811	SHARED_STEM_OR_PREFIX
S1-787617931	Delta Ministries IV	40219 Bay Hill Way, Phoenix, AZ	US	S2-129565558	Delta Ministries Group	PHOENIX, AZ, 644 HATCHER ROAD	8	0.2811	SHARED_NAME_AND_LOCATION_TOKENS
S1-787617931	Delta Ministries IV	40219 Bay Hill Way, Phoenix, AZ	US	S2-355141454	DELTA MINISTRIES	29780 GHMBLE PL, KINGSTN, WA	9	0.2811	SHARED_STEM_OR_PREFIX
S1-787617931	Delta Ministries IV	40219 Bay Hill Way, Phoenix, AZ	US	S2-172272930	Delta Ministries	48 MAIN ST, HOLYOKE, MA	10	0.2811	SHARED_STEM_OR_PREFIX
S1-535605149	Supreme Engineering LLP	Shop-04, Gut-41/2, Plot-3/A, 3/B, Pratham Park, Panvel, Raigarh(Mh), Maharashtra	India	S2-385997449	Supreme Engineering L.L.P.	E/13 BUSSA APARTMENTS, S T ROAD SANTA CRUZ (WEST), MUMBAI, Maharashtra	2	0.7080	SHARED_NAME_AND_LOCATION_TOKENS
S1-535605149	Supreme Engineering LLP	Shop-04, Gut-41/2, Plot-3/A, 3/B, Pratham Park, Panvel, Raigarh(Mh), Maharashtra	India	S2-25923728	SUPREME ENGINEERING BAKERY PRIVATE-LIMITED	NO 92 C/O SASHI SHARMA W/O B K SHARMA, NAI BASTI, PASATLIR, Uttar Pradesh	6	0.1696	SHARED_NAME_AND_LOCATION_TOKENS
S1-848219519	Celidyne Supply LLC	4675 Winter Lane, Brooklyn, OH	US	S2-913645316	Corp Celidyne Spby	OH, 4686 WINTER LN, BROOKLYN	3	0.2153	SHARED_NAME_AND_LOCATION_TOKENS
S1-899782554	U 8 Optimal Recruiting	2847 Michigan Avenue, Dallas, TX	US	S2-970959571	U 8 GOLDEN  CARE	970 CHARRINGTON DR, FRANKFORT, IL	2	0.1580	SHARED_STEM_OR_PREFIX
S1-899782554	U 8 Optimal Recruiting	2847 Michigan Avenue, Dallas, TX	US	S2-657422637	U 8 Q Hawk Group	24 CARLTON RD, HUTCHINSON, KS	6	0.1580	SHARED_STEM_OR_PREFIX
S1-899782554	U 8 Optimal Recruiting	2847 Michigan Avenue, Dallas, TX	US	S2-47560104	U-8 B MEDIA CME	1400-1402 WILMINGTON AVENUE, HOPEWELL, VA	8	0.1580	SHARED_STREET_OR_ADDRESS
S1-899782554	U 8 Optimal Recruiting	2847 Michigan Avenue, Dallas, TX	US	S2-69668563	U 8 U TOWER [CO]	IN, FORTVILLE, 10365 SHULL FARM DR	10	0.1580	SHARED_STEM_OR_PREFIX
S1-498738124	Primary Care Medicine	1509 Primrose Lane, Cary, NC	US	S2-511725487	Primary Care  Medicine	WA, POULSBO, MT WALKER DRIVE	1	0.1667	SHARED_STEM_OR_PREFIX
S1-498738124	Primary Care Medicine	1509 Primrose Lane, Cary, NC	US	S2-128366430	Primary Care Medicine	191 COUNTY ROAD 417, GOLDHWAITE, TX	5	0.1667	SHARED_STEM_OR_PREFIX
S1-498738124	Primary Care Medicine	1509 Primrose Lane, Cary, NC	US	S2-372446484	Primary Care Medicine	TN, 294 ILLINOIS AVE, OA RIDGE CITY	6	0.1667	SHARED_STEM_OR_PREFIX
S1-498738124	Primary Care Medicine	1509 Primrose Lane, Cary, NC	US	S2-370788130	PRIMARY CARE MEDICINE	40 BROADWAY STREET, NEWHAVEN CITY, IN	7	0.1667	SHARED_STEM_OR_PREFIX
S1-498738124	Primary Care Medicine	1509 Primrose Lane, Cary, NC	US	S2-91578578	PRIMARY CARE MEDICINE	131 WILD ROSE LANE, S BERWICK, ME	8	0.1667	SHARED_STREET_OR_ADDRESS
S1-498738124	Primary Care Medicine	1509 Primrose Lane, Cary, NC	US	S2-744540795	Primary Care-Medicine	6994 SR 241, MILLERSBURG, OH	9	0.1667	SHARED_STEM_OR_PREFIX
S1-498738124	Primary Care Medicine	1509 Primrose Lane, Cary, NC	US	S2-519763003	Primary Care Medicine	PLAINVIEW, Stephen Drive, NY	10	0.1667	SHARED_STEM_OR_PREFIX
S1-748364403	Eye Group	802 Buffalo Street, Unit 8, Johnson City, TN	US	S2-39511734	Heartland  League	802 BUFFALO ROAD, MOUNT AIRY, MD	1	0.2901	SAME_GEOGRAPHY_AND_GENERIC_KEY
S1-622557613	Baid Retail Corporation	114, Sitaram Appartments Plot No-102, Ip Extension, Delhi, East Delhi, Delhi	India	S2-471570256	... BAID  RETAIL CARE CORP	###1/452A, PODHIGAI STREET, CHENNAI CITY REGION, KANCHIPURAM, Tamil Nadu	4	0.8269	SHARED_STEM_OR_PREFIX
S1-622557613	Baid Retail Corporation	114, Sitaram Appartments Plot No-102, Ip Extension, Delhi, East Delhi, Delhi	India	S2-936016320	Baid Retail Limited	KATBELTALA JALANGI ROAD BERHAMPORE, BERHAMPORE, West Bengal	5	0.8269	SHARED_STEM_OR_PREFIX
S1-622557613	Baid Retail Corporation	114, Sitaram Appartments Plot No-102, Ip Extension, Delhi, East Delhi, Delhi	India	S2-568136099	Baid Retail Ltd	KATBELTALA JALANGI ROAD BERHAMPORE, BERHAMPORE, West Bengal	6	0.8269	SHARED_STEM_OR_PREFIX
S1-622557613	Baid Retail Corporation	114, Sitaram Appartments Plot No-102, Ip Extension, Delhi, East Delhi, Delhi	India	S3-959614669	Baid Retail Infratech	No 62 Katbeltala Jalangi Road Berhampore, Berhampore, Murshidabad, WB	9	0.8269	SHARED_NAME_AND_LOCATION_TOKENS
S1-155027115	Bharat Jai Tech	157, Udyog Kendra Toy Cit, Greater Noida, Bishrakh, Gautam Buddha Nagar, Uttar Pradesh	India	S3-10117931	Bharat Jai Infotech Limited  Service	Plot 815 284, Avas Vikas First, Moradabad, UP	4	0.6018	SHARED_STEM_OR_PREFIX
S1-155027115	Bharat Jai Tech	157, Udyog Kendra Toy Cit, Greater Noida, Bishrakh, Gautam Buddha Nagar, Uttar Pradesh	India	S3-163257496	Bharat  Jai Builder Private Limited	277, Amroha, UP	5	0.6018	SHARED_STEM_OR_PREFIX
S1-155027115	Bharat Jai Tech	157, Udyog Kendra Toy Cit, Greater Noida, Bishrakh, Gautam Buddha Nagar, Uttar Pradesh	India	S2-132260249	*** Bharat Jay Dvreeloelrs Private Limited	KANPUR NAGAR, Uttar Pradesh, CO-OPERATIVE INDUSTRIAL ESTATE, DADA NAGAR, GUJAINI, 5-91-B	6	0.2278	SHARED_STREET_OR_ADDRESS
S1-417074218	One Constructions Private Limited	130, Zahoor Garden, Khaggu Sarai, Sambhal, Moradabad, Uttar Pradesh	India	S2-704044038	One Constructions Private Limited	HN A-603 2022, RAILWAY ROAD, Delhi	2	0.5843	SHARED_STEM_OR_PREFIX
S1-417074218	One Constructions Private Limited	130, Zahoor Garden, Khaggu Sarai, Sambhal, Moradabad, Uttar Pradesh	India	S2-184614422	ONE CONSTRUCTIONS  PRIVATE LIMITED	VANSTETALA, GOREGAON, MANGAON, Maharashtra	5	0.5843	SHARED_STEM_OR_PREFIX
S1-417074218	One Constructions Private Limited	130, Zahoor Garden, Khaggu Sarai, Sambhal, Moradabad, Uttar Pradesh	India	S3-218077216	One Constructions Private Limited	Quthbullapur, Hyderabad, C-53, State Bank Colony, Andhra Pradesh, Door No 16-2-752/116	6	0.5843	SHARED_NAME_AND_LOCATION_TOKENS
S1-417074218	One Constructions Private Limited	130, Zahoor Garden, Khaggu Sarai, Sambhal, Moradabad, Uttar Pradesh	India	S3-375501385	One  Constructions Private Limited		7	0.5843	SHARED_STEM_OR_PREFIX
S1-63975497	VM Commerce LLC	4516 Oak Drive, City Of La Crosse, WI	US	S2-763040667	VM Commerce Eastgate LLC	SAN MARCOS, TX, 1137 INVASION STREET	5	0.8290	SHARED_STEM_OR_PREFIX
S1-63975497	VM Commerce LLC	4516 Oak Drive, City Of La Crosse, WI	US	S3-783541211	VM Commerce Partners Corp	Arizona, Williams, #2948 Burning Tree Dr	6	0.8290	SHARED_STEM_OR_PREFIX
S1-63975497	VM Commerce LLC	4516 Oak Drive, City Of La Crosse, WI	US	S3-883395882	VM Commerce	2946- Burning Tree Dr, Williams, Arizona	7	0.8290	SHARED_STEM_OR_PREFIX
S1-63975497	VM Commerce LLC	4516 Oak Drive, City Of La Crosse, WI	US	S3-567627514	VmcommerceCom	2946- Burning Tree Dr, Williams, Arizona	9	0.4978	SAME_GEOGRAPHY_AND_GENERIC_KEY
S1-63975497	VM Commerce LLC	4516 Oak Drive, City Of La Crosse, WI	US	S2-120400301	Atlantic Vay Corp Corp	4516 2025, PMB 5240, ROY CITY, UT	10	0.3750	SAME_GEOGRAPHY_AND_GENERIC_KEY
S1-122492157	WGZ Sab LLC	14428 29th Street, Phoenix, AZ	US	S2-171467783	WGZ Sab LLC	TX, 729 JUNCTION DRIVE, ALLEN	1	1.1762	SHARED_STEM_OR_PREFIX
S1-122492157	WGZ Sab LLC	14428 29th Street, Phoenix, AZ	US	S3-909543033	WGZ Sab LLC	Columbia Heights, Minnesota, 2213 Cheery Lane	4	1.1762	SHARED_STEM_OR_PREFIX
S1-122492157	WGZ Sab LLC	14428 29th Street, Phoenix, AZ	US	S3-6745639	WGZ Sab LLC	1305 Windbeaf Dr, # CND 174, Reston, Virginia	5	1.1762	SHARED_STEM_OR_PREFIX
S1-122492157	WGZ Sab LLC	14428 29th Street, Phoenix, AZ	US	S2-85037305	WGZ Sab	1305 WINDLEAF DRIVE, RESTON, VA	9	0.4429	SHARED_STEM_OR_PREFIX
S1-483281264	Louisa's Group	599 Mountain Shadow Lane, Maryville, TN	US	S2-919255751	Louisa S. Lee, O.D.,	2295 PARK PLACE, NORTH BELLMORE, NY	5	0.3604	SHARED_STEM_OR_PREFIX
S1-483281264	Louisa's Group	599 Mountain Shadow Lane, Maryville, TN	US	S2-665424786	LOUISA'S VALUE AUTO BODY	##7580 BAY HILL RD, BAINBRIDGE ISLAND, WA	7	0.3604	SHARED_STEM_OR_PREFIX
S1-140525226	First Technical Solutions	IL, Lasalle, 393 N 30th Road	US	S2-374199815	First  Technical	IL, ROUND  LAKE, 1404 KILDEER DR	2	0.3014	SHARED_NAME_AND_LOCATION_TOKENS
S1-140525226	First Technical Solutions	IL, Lasalle, 393 N 30th Road	US	S2-104981842	First Technical Brands Co	TN, KINGSTON TOWNHIP, 344 MANS HOLLOW ROAD	5	0.3014	SHARED_STREET_OR_ADDRESS
S1-140525226	First Technical Solutions	IL, Lasalle, 393 N 30th Road	US	S2-785418355	FIRST TECHNICAL BRANDS [INC.]	OAK RIDGE STREET, BEAUMONT, TX	6	0.3014	SHARED_STEM_OR_PREFIX
S1-140525226	First Technical Solutions	IL, Lasalle, 393 N 30th Road	US	S2-128503591	First Technical Ltd	1415 KILDEER DR, ROUND LAKE BEACH, IL	8	0.3014	SHARED_NAME_AND_LOCATION_TOKENS
S1-616755144	Keystone LLC	72 R M Way, Mead, OK	US	S2-943291184	Keystone LLC	7559 BREEZY POINT RD, WALKER, MN	3	0.1725	SHARED_STEM_OR_PREFIX
S1-616755144	Keystone LLC	72 R M Way, Mead, OK	US	S2-407773083	Keystone (LLC)	1244 WILROY RD, SUFFOLK CITY, VA	4	0.1725	SHARED_STEM_OR_PREFIX
S1-616755144	Keystone LLC	72 R M Way, Mead, OK	US	S2-656944938	Keystone  LLC	349 29RD ST, KS, KANSAS CTY	7	0.1725	SHARED_STEM_OR_PREFIX
S1-616755144	Keystone LLC	72 R M Way, Mead, OK	US	S2-39512525	keystone, (llc)	15344 TIDEWATER TRL, CRET CDP, VA	8	0.1725	SHARED_STEM_OR_PREFIX
S1-616755144	Keystone LLC	72 R M Way, Mead, OK	US	S2-14819061	Keystone  LLC	11890 37ST ST, ST MICHAEL, MN	9	0.1725	SHARED_STEM_OR_PREFIX
S1-527727380	Alpha Bright Technologies Private Limited	B1102 Unity Complex Chs Ltd Yari Road, East Of Link Road Near Gulmohar Garden, Mumbai, Maharashtra	India	S3-764524412	Alpha Bright Technologies Private Limited	No 12-8-45, Floor No 2, Savithri Mallaiah Arcade, Secunderabad, Hyderabad, తెలంగాణ	2	1.1880	SHARED_STEM_OR_PREFIX
S1-527727380	Alpha Bright Technologies Private Limited	B1102 Unity Complex Chs Ltd Yari Road, East Of Link Road Near Gulmohar Garden, Mumbai, Maharashtra	India	S3-262050985	Alpha Bright Téchnologies Traders Private Limited	Bg-1103 Unity Complex Chs Ltd Yari Road, East Of Link Road Near Gulmohar Garden, Mumbai Metro, MH	5	0.6497	SHARED_STREET_OR_ADDRESS
S1-527727380	Alpha Bright Technologies Private Limited	B1102 Unity Complex Chs Ltd Yari Road, East Of Link Road Near Gulmohar Garden, Mumbai, Maharashtra	India	S3-27860344	Alpha Bright (Industries)	Door No 19, Sy No 43, Brundavan Colony, Kavuri, Shaikpet, Hyderabad, TG	6	0.6497	SHARED_STEM_OR_PREFIX
S1-387694500	Bombay Power Private Limited	No: 32/2, 2Nd Floor, Mcc Towers, Opp To Sigma Soft Tech Park, Whitefield Main Road, Ramagon, Danahalli, Bangalore, Karnataka	India	S2-174387552	Bombay Power Private Limited	##11 , NEHA INDUSTRIAL ESTATE, NEAR SUASHISH IT PARK, DATTAPADA ROAD, BORIVLAI EAST, Maharashtra	1	0.6744	SHARED_STREET_OR_ADDRESS
S1-387694500	Bombay Power Private Limited	No: 32/2, 2Nd Floor, Mcc Towers, Opp To Sigma Soft Tech Park, Whitefield Main Road, Ramagon, Danahalli, Bangalore, Karnataka	India	S2-154411307	Bombay Power Private Limited	NO 0039 OLD KRISHNA PUBLIC SCHOOL WALI GALI, CHAU KI BASTI LINEPAR, MORADABAD, Uttar Pradesh	2	0.6744	SHARED_NAME_AND_LOCATION_TOKENS
S1-387694500	Bombay Power Private Limited	No: 32/2, 2Nd Floor, Mcc Towers, Opp To Sigma Soft Tech Park, Whitefield Main Road, Ramagon, Danahalli, Bangalore, Karnataka	India	S3-109057836	Bombay Power Private Limited	Bangalore, 2Nd Floor, Desk#199, Cmh Road, Indiranagar, Second Stage, No 198, KA, Bangalore	4	0.6744	SHARED_STREET_OR_ADDRESS
S1-387694500	Bombay Power Private Limited	No: 32/2, 2Nd Floor, Mcc Towers, Opp To Sigma Soft Tech Park, Whitefield Main Road, Ramagon, Danahalli, Bangalore, Karnataka	India	S3-889929055	Bombay Power-Private Limited	80, North West Delhi, Delhi, DL	5	0.6744	SHARED_STEM_OR_PREFIX
S1-664267481	Daniella Pizano Wireless LLC	4647 Topaz Drive, San Tan Valley, AZ	US	S2-635885228	Daniella Pizano-Wireless Group	94 WILBRAHAM RD, SPRINGFIELD, MA	2	0.6166	SHARED_STEM_OR_PREFIX
S1-664267481	Daniella Pizano Wireless LLC	4647 Topaz Drive, San Tan Valley, AZ	US	S2-668556087	Daniella  Pizano Wireless (Holdings)	4816 FICKETT PL, TUCSON, AZ	3	0.6166	SHARED_NAME_AND_LOCATION_TOKENS
S1-664267481	Daniella Pizano Wireless LLC	4647 Topaz Drive, San Tan Valley, AZ	US	S3-166064421	Daniella Pizano LLC Services	Wilbraham Road, Springfield, Massachusetts	5	0.6166	SHARED_STEM_OR_PREFIX
S1-664267481	Daniella Pizano Wireless LLC	4647 Topaz Drive, San Tan Valley, AZ	US	S3-923225825	Daniella Pizano Wíreless LLC	4811 Fickett Pl, Tucson, Arizona	6	0.6166	SHARED_STEM_OR_PREFIX
S1-664267481	Daniella Pizano Wireless LLC	4647 Topaz Drive, San Tan Valley, AZ	US	S2-812983963	Daniella Daniella Ofs Pastrana Inc	9 FREEDLEY RD, POMFRET, CT	9	0.2864	SHARED_STEM_OR_PREFIX
S1-798970125	Hahn Pelican Inc.	4676 Larkspur Lane, Lake Elmo, MN	US	S2-610083367	HAHN PELICAN CORP	3633 JORDANMILL COURT, RALEIGH, NC	5	0.5957	SHARED_STEM_OR_PREFIX
S1-798970125	Hahn Pelican Inc.	4676 Larkspur Lane, Lake Elmo, MN	US	S2-606851638	Hahn  Pelican	3633 JORDANMILL CT, RALEIGH, NC	6	0.5957	SHARED_STEM_OR_PREFIX
S1-798970125	Hahn Pelican Inc.	4676 Larkspur Lane, Lake Elmo, MN	US	S3-159488676	Hahn-Pelican Corp	Jordanmill Ct, Raleigh, North Carolina	10	0.5957	SHARED_STEM_OR_PREFIX
S1-840279529	Siobhan Caswell Safe Diversified LLC	2205 Hayes Road, Houston, TX	US	S2-873756805	Siobhan Crowe Atlantic Pennymac [LLC]	3303 MERCHANT CT, WILMINGTON, NC	5	0.3986	SHARED_STEM_OR_PREFIX
S1-840279529	Siobhan Caswell Safe Diversified LLC	2205 Hayes Road, Houston, TX	US	S2-350006010	Siobhan Crowe Atlantic Pennymac Llc	3303 Merchant Court, WILMINGTON, NC	6	0.3986	SHARED_STEM_OR_PREFIX
S1-840279529	Siobhan Caswell Safe Diversified LLC	2205 Hayes Road, Houston, TX	US	S2-458304485	Siobhan Cogvinglon Safe Food, Ltd	20450 ZACHARY TAYLOR HIGHWAY, CULPEPER COUNTY, VA	7	0.3986	SHARED_STEM_OR_PREFIX
S1-840279529	Siobhan Caswell Safe Diversified LLC	2205 Hayes Road, Houston, TX	US	S2-872267811	SIOBHAN CRTOE ATLANTIC PENNYMAC PC	0100 HOLLIE CIRCLE, SULPHUR SPRINGS, TX	10	0.3986	SHARED_NAME_AND_LOCATION_TOKENS
S1-624514617	Tramaon Global LLC	15056 120th Place, Collinsville, OK	US	S2-162031366	Tramao Family Center	NORTHPOINT DRIVE, MOROESVILLE, IN	4	0.2850	SAME_GEOGRAPHY_AND_GENERIC_KEY
S1-624514617	Tramaon Global LLC	15056 120th Place, Collinsville, OK	US	S3-426048303	Tramao Family Corp Services	1218 A-B Northpoint Dr, Mooresville, Indiana	5	0.2850	SAME_GEOGRAPHY_AND_GENERIC_KEY
S1-557783855	Sunrise Investments Private Limited	818 Devika Tower, Nehru Place, New Delhi, Delhi	India	S2-757389818	SUNRISE INVESTMENTS PRIVATE  LIMITED	2324. , 16TH MN HAL IIND STG, BANGALORE, Karnataka	1	0.4890	SHARED_STEM_OR_PREFIX
S1-557783855	Sunrise Investments Private Limited	818 Devika Tower, Nehru Place, New Delhi, Delhi	India	S2-591848210	Sunrise Investments Private  Limited	#512 JESSORE RD, KOLKATA, West Bengal	3	0.4890	SHARED_STEM_OR_PREFIX
S1-557783855	Sunrise Investments Private Limited	818 Devika Tower, Nehru Place, New Delhi, Delhi	India	S3-170302200	Sunrise Investments Private [(Limited)]	#1/ Old Palasiya, Shopno.201 Appollo Archade Complex, Indore, MP	8	0.4890	SHARED_STEM_OR_PREFIX
S1-557783855	Sunrise Investments Private Limited	818 Devika Tower, Nehru Place, New Delhi, Delhi	India	S3-63579854	Sunrise Investments Private Limited	H.no 8 C/o. Sunil Ganpat Chikhale, Poona, Pune, MH	9	0.4890	SHARED_STEM_OR_PREFIX
S1-187558029	Asset Building Charities	2103 Milwaukee Avenue, Minneapolis, MN	US	S2-104416055	ASSET BUILDING CHARITIES	8204 GORMAN AVE, LAUREL, MD	7	0.2333	SHARED_STEM_OR_PREFIX
S1-187558029	Asset Building Charities	2103 Milwaukee Avenue, Minneapolis, MN	US	S2-815722986	Asset Building  Charities	#1418 GARZA STREET, ALICE, TX	8	0.2333	SHARED_STEM_OR_PREFIX
S1-187558029	Asset Building Charities	2103 Milwaukee Avenue, Minneapolis, MN	US	S2-313482559	Asset Building Charities	05228 NORTHCREST DR, FT WAYNE, IN	9	0.2333	SHARED_STEM_OR_PREFIX
S1-737635669	Steffane Dale Clean Eaton	NC, Hays, 4205 Yellow Banks Road	US	S2-114890688	Steffane Dale Clean Eaton	CITY OF CEDARBURG, N70W6784 BRIDGE RD, WI	2	1.0429	SHARED_STEM_OR_PREFIX
S1-737635669	Steffane Dale Clean Eaton	NC, Hays, 4205 Yellow Banks Road	US	S2-63950466	Steffane Dale Clean Eaton Inc	2922 GAYLORD AVE, KETTERING, OH	6	0.5593	SHARED_STEM_OR_PREFIX
S1-737635669	Steffane Dale Clean Eaton	NC, Hays, 4205 Yellow Banks Road	US	S2-913433015	STEFFANE DALE CLEAN EATON CENTRE LTD	6730 19TH ST, INDIANAPOLIS, IN	8	0.5593	SHARED_STEM_OR_PREFIX
S1-499566732	Mool System Private Limited	Shop No.10, Ballour Road, Civil Court, Bahadurgarh, Jhajjar, Haryana	India	S2-252066086	Mr Mool Pulses Ventures Private Limited	H.NO 1610 SARASWATI KUNJ, GURUGRAM, Haryana	5	0.0840	SHARED_NAME_AND_LOCATION_TOKENS
S1-499566732	Mool System Private Limited	Shop No.10, Ballour Road, Civil Court, Bahadurgarh, Jhajjar, Haryana	India	S2-910649272	MOOL  BEVERAGES	H. NO. 3-7-1-302/45/4/3/1 SAIBABA NAGAR, B K GUDA, HYDERABAD, Telangana	6	0.0840	SHARED_NAME_AND_LOCATION_TOKENS
S1-499566732	Mool System Private Limited	Shop No.10, Ballour Road, Civil Court, Bahadurgarh, Jhajjar, Haryana	India	S2-610358439	Mool Properties Private Ltd	VILLAGE NEWADA POST NYAYIPUR TEHSIL SORAON, ALLAHABAD, Uttar Pradesh	7	0.0840	SHARED_STEM_OR_PREFIX
S1-499566732	Mool System Private Limited	Shop No.10, Ballour Road, Civil Court, Bahadurgarh, Jhajjar, Haryana	India	S2-177606984	Trading Mool LLP	5/64E, MOLAGOUNDANPUDUR, MAIN ROAD, NEIKKARANPATTI, NAMAKKAL, Tamil Nadu	10	0.0840	SHARED_STREET_OR_ADDRESS
S1-669754446	Bangalore Renewable Limited	Sree Kanaka Papamma Road Indraprastha Road, Ramamurthy Nagar, No 45, Karnataka, Bangalore	India	S2-828316614	bangalore renewable overseas limited	#46 , SREE KANAKA PAPAMMA ROAD INDRAPRASTHA ROAD, RAMAMURTHY NAGAR, BANGALORE, Karnataka	3	0.4062	SHARED_STREET_OR_ADDRESS
S1-669754446	Bangalore Renewable Limited	Sree Kanaka Papamma Road Indraprastha Road, Ramamurthy Nagar, No 45, Karnataka, Bangalore	India	S2-204407706	Sia Shipping Ltd	NO C-45 M/S SREE RAM IRON STORES ICHAPUR NEW HIT ROAD, KAMARDANGA, HOWRAH, West Bengal	5	0.3230	SHARED_STREET_OR_ADDRESS
S1-356319224	Womens Health Care	32 Lexington Avenue, Unit 1, Somerville, MA	US	S2-137933147	Viokor Center-II	32 LEXINGTON HILL, HARRIMAN, NY	3	0.2092	SAME_GEOGRAPHY_AND_GENERIC_KEY
S1-356319224	Womens Health Care	32 Lexington Avenue, Unit 1, Somerville, MA	US	S2-870007907	Reid Star Automobile Inc	32 LEXINGTON AVENUE, SOMERVILLE, MA	4	0.2092	SHARED_STREET_OR_ADDRESS
S1-176550551	Val L. Roberts, MD	IL, Swansea, 3933 Michael John Drive	US	S2-608685373	Val L. Roberts, MD Ltd	3936 Michael John Dr, SWANSEA, IL	2	0.9546	SHARED_NAME_AND_LOCATION_TOKENS
S1-176550551	Val L. Roberts, MD	IL, Swansea, 3933 Michael John Drive	US	S2-208683196	VAL L. ROBERTS, MD PARTNERS	2500 VINSON STREET, DALLAS, TX	3	0.9546	SHARED_STEM_OR_PREFIX
S1-176550551	Val L. Roberts, MD	IL, Swansea, 3933 Michael John Drive	US	S3-655469355	Val L. Roberts, MD Partners (Inc)	2504 Vinson Street, Dallas, Texas	5	0.9546	SHARED_STEM_OR_PREFIX
S1-176550551	Val L. Roberts, MD	IL, Swansea, 3933 Michael John Drive	US	S3-502611006	Val L. Róberts, MD Partners	2500- Vinson Street, Dallas, Texas	7	0.3312	SHARED_STEM_OR_PREFIX
S1-551688195	Devendra Lounge Pvt Ltd	76, Mahaveer Colony Pushkar Road, Ajmer, Rajasthan	India	S3-286355826	Energy Energia [Steels]	W/o.mahaveer Chand, 76, Hunters Road, Choolai, Chennai, Perambur Purasawalkam, Chennai, TN	6	0.2366	SHARED_STREET_OR_ADDRESS
S1-551688195	Devendra Lounge Pvt Ltd	76, Mahaveer Colony Pushkar Road, Ajmer, Rajasthan	India	S2-641839477	Devendra Sales Ltd	0-14-8/5, PLOT NO.120, JAYENDRA NAGAR, EAST GODAV, KAKINADA (URBAN), null, Andhra Pradesh	9	0.1794	SHARED_STEM_OR_PREFIX
S1-551688195	Devendra Lounge Pvt Ltd	76, Mahaveer Colony Pushkar Road, Ajmer, Rajasthan	India	S2-111017418	DEVENDRA BUILDERS LIMITED	RAJKAMAL-3, NEW BHOPALPURA, VRINDAVAN DHFM, ROAD NO.2, GIRWA, राजस्थान	10	0.1794	SHARED_STREET_OR_ADDRESS
S1-698189395	PQ Solution Pvt Ltd	H No 450, Upper Ground Floor, Gali No 10 Majlis Park, Adarsh Nagar, Azadpur, Delhi, New Delhi, Delhi	India	S3-999608333	PQ  Solution Overseas Pvt	No 457, Delhi, New Delhi, दिल्ली	3	1.0043	SHARED_NAME_AND_LOCATION_TOKENS
S1-698189395	PQ Solution Pvt Ltd	H No 450, Upper Ground Floor, Gali No 10 Majlis Park, Adarsh Nagar, Azadpur, Delhi, New Delhi, Delhi	India	S2-166082788	PQ Solutions Co	1-2-36/9 STREET NO.4, HABSHIGUDA, HYDERABAD, Telangana	4	0.5521	SHARED_NAME_AND_LOCATION_TOKENS
S1-698189395	PQ Solution Pvt Ltd	H No 450, Upper Ground Floor, Gali No 10 Majlis Park, Adarsh Nagar, Azadpur, Delhi, New Delhi, Delhi	India	S2-822019796	PQ  Solutions	1ST FLOOR, 32, OKHLA INDUSTRIEAL ESTATE III, Delhi	5	0.5521	SHARED_STREET_OR_ADDRESS
S1-116737194	Cannon Precious LLC	Burlington, 161 Saint Paul Street, VT	US	S2-608229530	Cannon Precision Center	#2209 SAINT PATRICK LN, DEER PARK, TX	8	0.2375	SHARED_NAME_AND_LOCATION_TOKENS
S1-116737194	Cannon Precious LLC	Burlington, 161 Saint Paul Street, VT	US	S3-70932135	Cannon Prime Inc	00126 Greenwood St, Unit J, Eden, North Carolina	9	0.2375	SHARED_STEM_OR_PREFIX
S1-116737194	Cannon Precious LLC	Burlington, 161 Saint Paul Street, VT	US	S3-991996712	#cannonprecision	Fayeteville, North Carolina, 5155 Hummingbird Pl	10	0.2375	SAME_GEOGRAPHY_AND_GENERIC_KEY
S1-342754370	Shree Care Private Limited	1A - 201 Shilpitha Splendour, Bangalore North, Bangalore, Karnataka	India	S2-77003139	Shree Care-Private Limited	DOOR NO 39/40 , KALYAN PARK, AT: LASKANA, VILLAGE: LASKANA, TALUKA: K, AMREJ, SURAT, ગુજરાત	2	0.5999	SHARED_STEM_OR_PREFIX
S1-342754370	Shree Care Private Limited	1A - 201 Shilpitha Splendour, Bangalore North, Bangalore, Karnataka	India	S2-872621989	SHREE CARE PRIVATE LIMITED	Gujarat, OFFICE 508 ELITE MAGUM, OPP, UTSAV ELEGANCE, BHUYANGDEV CROSS ROAD, AHMADABAD CITY	3	0.5999	SHARED_STEM_OR_PREFIX
S1-342754370	Shree Care Private Limited	1A - 201 Shilpitha Splendour, Bangalore North, Bangalore, Karnataka	India	S2-185366343	Shree Care Private Limited		4	0.5999	SHARED_STEM_OR_PREFIX
S1-342754370	Shree Care Private Limited	1A - 201 Shilpitha Splendour, Bangalore North, Bangalore, Karnataka	India	S3-109574892	Shree Care Private (Limited)	No 758 & 759, Iv Floor, 19Th Main, Sector 2, Bangalore South, KA	7	0.5999	SHARED_NAME_AND_LOCATION_TOKENS
S1-342754370	Shree Care Private Limited	1A - 201 Shilpitha Splendour, Bangalore North, Bangalore, Karnataka	India	S3-515942681	Shree Care Private Limited	H.no 69 Shrusti Building Second Floor Angol Main Road, Belgaum, Angol, KA	8	0.5999	SHARED_STEM_OR_PREFIX
S1-342754370	Shree Care Private Limited	1A - 201 Shilpitha Splendour, Bangalore North, Bangalore, Karnataka	India	S3-808034506	Shree Care-Private Limited	H Hermes House 4Th Floorqueens Road Nana Pananand Marg, Mumabi, Mumbai, MH	10	0.5999	SHARED_STEM_OR_PREFIX
S1-567349457	Bay Horse Inc.	6601 4th Avenue, Phoenix, AZ	US	S2-154251239	Bay-Horse Inc.	PO BOX 1572, TX, 2145 SHREYA ST, CITY OF EL PASO	1	0.8152	SHARED_STEM_OR_PREFIX
S1-567349457	Bay Horse Inc.	6601 4th Avenue, Phoenix, AZ	US	S2-718654668	Bay Horse Inc.	NY, 3747 IRISH HOLLOW ROAD, HUMPHREY	2	0.8152	SHARED_STEM_OR_PREFIX
S1-567349457	Bay Horse Inc.	6601 4th Avenue, Phoenix, AZ	US	S2-497723326	Bay Horse Inc	SEARRCY, AR, 11 WADDLE LANE	3	0.8152	SHARED_STEM_OR_PREFIX
S1-567349457	Bay Horse Inc.	6601 4th Avenue, Phoenix, AZ	US	S3-688824692	Bay Horse Inc.	50 Second Avenue, Minatare, Nebraska	7	0.8152	SHARED_STREET_OR_ADDRESS
S1-468339122	Frederick's Machine Works	12209 Grimsley Drive, Austin, TX	US	S2-818289538	Frederick's Machine Works	4802 RED FOX RD, ROCKVILLE, MD	1	0.8768	SHARED_STEM_OR_PREFIX
S1-468339122	Frederick's Machine Works	12209 Grimsley Drive, Austin, TX	US	S2-753289962	Frederick's Machine Corp  Center	4541-4545 DEYO AVE, BROOKFIELD, IL	3	0.2518	SHARED_STEM_OR_PREFIX
S1-468339122	Frederick's Machine Works	12209 Grimsley Drive, Austin, TX	US	S2-155792855	Frederick's Works (Service)	4802 RED FOX ROAD, ROCKVILLE, MD	4	0.2518	SHARED_STEM_OR_PREFIX
S1-468339122	Frederick's Machine Works	12209 Grimsley Drive, Austin, TX	US	S2-883602907	Frederick's Machine Works of Bellflower Co		5	0.2518	SHARED_STEM_OR_PREFIX
S1-468339122	Frederick's Machine Works	12209 Grimsley Drive, Austin, TX	US	S2-993396276	Frederick's Machine Wórks		7	0.2518	SHARED_STEM_OR_PREFIX
S1-468339122	Frederick's Machine Works	12209 Grimsley Drive, Austin, TX	US	S2-686463955	Frederick's Machine Works of Bellflower Co	40828 100 ROAD N, IL, BELLFLOWER	8	0.2518	SHARED_STEM_OR_PREFIX
S1-468339122	Frederick's Machine Works	12209 Grimsley Drive, Austin, TX	US	S3-15566061	Frederick's Máchine Works of Bellflower	0040828 100 Rd North, Bellflower, Illinois	10	0.2518	SHARED_STEM_OR_PREFIX
S1-615455408	D & L Metro LLC	29931 Jones Avenue, Ardmore, AL	US	S2-838849748	Co D L & E Cedturnon	001021 PITTSBURGH DR, DELAWARE, OH	7	0.1598	SHARED_STEM_OR_PREFIX
S1-615455408	D & L Metro LLC	29931 Jones Avenue, Ardmore, AL	US	S2-129700766	D L-& B Imperii	FARGO, ND, 7387 EAGLE POINTE DRIVE	8	0.1598	SHARED_STEM_OR_PREFIX
S1-971115873	Hernandez Better Karman LLC	325 Pr 640, Matagorda, TX	US	S2-282906794	Hernandez  Better	008432 CHAPARRAL RD, SCOTTSDALE CITY, AZ	8	0.2688	SHARED_STEM_OR_PREFIX
S1-971115873	Hernandez Better Karman LLC	325 Pr 640, Matagorda, TX	US	S2-926124736	HERNANDEZ  BETTER-AMERICAN	406 TIHRD AVE, TUMWATER, WA	10	0.2688	SHARED_STEM_OR_PREFIX
S1-260530670	Allen, Sherpa & Lebowitz Superior LLC	2014 4th Street, Burlington, IA	US	S3-314416153	Allensheritagetrading.Com	5008 Tary Ct, North Carolina, N/A, Kings Mountain	8	0.2860	SAME_GEOGRAPHY_AND_GENERIC_KEY
S1-260530670	Allen, Sherpa & Lebowitz Superior LLC	2014 4th Street, Burlington, IA	US	S3-449314455	ALLEN'S HERITAGE TRADING	5008 Tary Court, N/A, Kings Mountain, North Carolina	9	0.2860	SHARED_STEM_OR_PREFIX
S1-848777360	India Northend Foundations Limited	1-7-1074/B, Flat No. 309, B Block, 3Rd Floor, Dattasai Commercial Complex, Rtcxroad, Ch, Ikkadpally, Hyderabad, Telangana	India	S3-156959626	INDIA NORTHEND FOUNDATIONS VENTURES LIMITED	#338 1-7-1095/B, Flat No. 309, B Block, 3Rd Floor, Dattasai Commercial Complex, Rtcxroad, Ch, Ikkadpally, Hyderabad, తెలంగాణ	2	0.7584	SHARED_STREET_OR_ADDRESS
S1-848777360	India Northend Foundations Limited	1-7-1074/B, Flat No. 309, B Block, 3Rd Floor, Dattasai Commercial Complex, Rtcxroad, Ch, Ikkadpally, Hyderabad, Telangana	India	S2-937695406	indianorthspecialties.com	NO.D/46 ROHAN ASHIMA BROOKE FIELD, BANGALORE, Karnataka	4	0.1710	SAME_GEOGRAPHY_AND_GENERIC_KEY
S1-848777360	India Northend Foundations Limited	1-7-1074/B, Flat No. 309, B Block, 3Rd Floor, Dattasai Commercial Complex, Rtcxroad, Ch, Ikkadpally, Hyderabad, Telangana	India	S2-448030605	India Nordic Constructions Private (Limited)	PLTO 781 A8/202 SHANKHESHWAR NAGAR, MANPADA ROAD, KALYAN, Maharashtra	6	0.1710	SHARED_STEM_OR_PREFIX
S1-848777360	India Northend Foundations Limited	1-7-1074/B, Flat No. 309, B Block, 3Rd Floor, Dattasai Commercial Complex, Rtcxroad, Ch, Ikkadpally, Hyderabad, Telangana	India	S2-878218683	India North  Ltd Service	BLOCK F-685 MEDICAL ROAD, RENIHAT, CUTTACK, ଓଡ଼ିଶା	7	0.1710	SHARED_NAME_AND_LOCATION_TOKENS
S1-685073108	Kylie's Hair Studio	15083 County Road 1400, Apache, OK	US	S2-31407047	Kylie's Hair Studio LLC	15084 COUNTY ROAD 1400, APACHE, OK	3	0.9390	SHARED_STREET_OR_ADDRESS
S1-685073108	Kylie's Hair Studio	15083 County Road 1400, Apache, OK	US	S2-810773212	Kylie's-Soluoins Corp	440 COOK BLVD, BRADLEY TOWNSHIP, IL	5	0.5298	SHARED_STEM_OR_PREFIX
S1-685073108	Kylie's Hair Studio	15083 County Road 1400, Apache, OK	US	S2-488227897	Kylie's Pharmaceuticals Highland, Incorporated	13678-D GARFIELD RD, SALEM, OH	6	0.5298	SHARED_STEM_OR_PREFIX
S1-685073108	Kylie's Hair Studio	15083 County Road 1400, Apache, OK	US	S2-10949290	Kylie's Entertainment Center	11713 BULLHEAD BAY LN, BROWNSVILLE, MN	7	0.5298	SHARED_STEM_OR_PREFIX
S1-685073108	Kylie's Hair Studio	15083 County Road 1400, Apache, OK	US	S2-167106454	Kylie's Solutions LLC	#192 COOK BOULEVARD, BRADLEY, IL	8	0.5298	SHARED_STEM_OR_PREFIX
S1-685073108	Kylie's Hair Studio	15083 County Road 1400, Apache, OK	US	S3-133471126	Kylie'S Federal Entertainment Co.	11715 Bullhead Bay Ln, Brownsville, Minnesota	10	0.5298	SHARED_STEM_OR_PREFIX
S1-974991176	Fresh Certified Ashford-Leesburg	30 Ems T7A Lane, Leesburg, IN	US	S3-270391492	Fresh Certified Ashford-Leesburg Highland Co	43 Ems T7A Ln, Leesburg, Indiana	3	0.4546	SHARED_NAME_AND_LOCATION_TOKENS
S1-974991176	Fresh Certified Ashford-Leesburg	30 Ems T7A Lane, Leesburg, IN	US	S2-290100098	Fresh Certified Defense	001706 LAKE STREET, AMARILLO, TX	8	0.3722	SHARED_STEM_OR_PREFIX
S1-974991176	Fresh Certified Ashford-Leesburg	30 Ems T7A Lane, Leesburg, IN	US	S2-450891041	FRESH CERTIFIED CLEAN,	1105 1/2 Brinkley Loop, MARION, AR	10	0.3722	SHARED_STEM_OR_PREFIX
S1-297525707	Bright Consultancy	Maharashtra, Mumbai City, Shop No. A/17 Gaurav Annex Nr. Mandvi Co.-Op. Bank. R. R. T. Rd., Mumbai, M, Ulund West	India	S2-626015204	Bright  Consultancy	SRV NO. C-123/1 PLOT NO. 38, MALEGAON, Maharashtra	1	0.5162	SHARED_NAME_AND_LOCATION_TOKENS
S1-297525707	Bright Consultancy	Maharashtra, Mumbai City, Shop No. A/17 Gaurav Annex Nr. Mandvi Co.-Op. Bank. R. R. T. Rd., Mumbai, M, Ulund West	India	S2-842834434	BRIGHT CONSULTANCY	G-##56 BLOCK - G, VVIKAS MARG, NEAR WALIA NURSI, NG HOME, LAXMI NAGAR, दिल्ली	3	0.5162	SHARED_STEM_OR_PREFIX
S1-297525707	Bright Consultancy	Maharashtra, Mumbai City, Shop No. A/17 Gaurav Annex Nr. Mandvi Co.-Op. Bank. R. R. T. Rd., Mumbai, M, Ulund West	India	S2-693075819	Bright Consultancy	E3, MANILAXMI SOC-7, OPP., GHOSHA SOC., HARI OM PARK, AHMADABAD CITY, Gujarat	4	0.5162	SHARED_NAME_AND_LOCATION_TOKENS
S1-297525707	Bright Consultancy	Maharashtra, Mumbai City, Shop No. A/17 Gaurav Annex Nr. Mandvi Co.-Op. Bank. R. R. T. Rd., Mumbai, M, Ulund West	India	S3-384369879	Bright Consultancy	Nagar 11 Niwaru Road, राजस्थान, P No A1 A2 A3 Shri Govind, Jaipur, N/A	5	0.5162	SHARED_NAME_AND_LOCATION_TOKENS
S1-297525707	Bright Consultancy	Maharashtra, Mumbai City, Shop No. A/17 Gaurav Annex Nr. Mandvi Co.-Op. Bank. R. R. T. Rd., Mumbai, M, Ulund West	India	S3-632940287	Bright Consultancy	0033, New Delhi, North Delhi, DL	6	0.5162	SHARED_STEM_OR_PREFIX
S1-297525707	Bright Consultancy	Maharashtra, Mumbai City, Shop No. A/17 Gaurav Annex Nr. Mandvi Co.-Op. Bank. R. R. T. Rd., Mumbai, M, Ulund West	India	S3-481545167	Bright Consultancy	1-24-290/2, Indira Ngr Col, Venkatapuram, Secunderabad, Tirumalagiri, Hyderabad, Andhra Pradesh	7	0.5162	SHARED_STEM_OR_PREFIX
S1-297525707	Bright Consultancy	Maharashtra, Mumbai City, Shop No. A/17 Gaurav Annex Nr. Mandvi Co.-Op. Bank. R. R. T. Rd., Mumbai, M, Ulund West	India	S3-10106799	Bright Consultancy	83, Anand Park, Aundh, Pune, Pune, Maharashtra	8	0.5162	SHARED_NAME_AND_LOCATION_TOKENS
S1-297525707	Bright Consultancy	Maharashtra, Mumbai City, Shop No. A/17 Gaurav Annex Nr. Mandvi Co.-Op. Bank. R. R. T. Rd., Mumbai, M, Ulund West	India	S3-180003275	Bright Consultancy	Shop No.1, Narsinghpur, Gurgaon, हरियाणा	9	0.5162	SHARED_NAME_AND_LOCATION_TOKENS
S1-764937251	Tesch Investments	11211 Longbranch Street, Monrovia, IN	US	S2-645716574	TESCH INVESTMENTS OF FLORISSANT LLC	FLORISSANT, 81 Keeven Ln, MO	2	0.8937	SHARED_STEM_OR_PREFIX
S1-764937251	Tesch Investments	11211 Longbranch Street, Monrovia, IN	US	S3-803493996	Tesch  Investments of Fhorihssant Group	83 Keeven Ln, Fl. 1, Florissant, Missouri	6	0.8937	SHARED_STEM_OR_PREFIX
S1-915022305	Cozy Pub	3616 Peterson Avenue, Chicago, IL	US	S2-671955060	Cozy Pub	16282 280ND AVENUE E, <NULL>, COWETA DP, OK	2	0.4163	SHARED_STREET_OR_ADDRESS
S1-915022305	Cozy Pub	3616 Peterson Avenue, Chicago, IL	US	S2-992109894	COZY  PUB	21891 Alyssa Road, AZ, QUEEN CREEK	3	0.4163	SHARED_STEM_OR_PREFIX
S1-915022305	Cozy Pub	3616 Peterson Avenue, Chicago, IL	US	S2-410187650	Cozy Pub	47-C HOLLY LN, YARMOUTH, MA	5	0.4163	SHARED_STEM_OR_PREFIX
S1-915022305	Cozy Pub	3616 Peterson Avenue, Chicago, IL	US	S2-665650200	cozy pub	1635 LINDEN AVENUE, SPRINGFIELD, OR	7	0.4163	SHARED_STREET_OR_ADDRESS
S1-915022305	Cozy Pub	3616 Peterson Avenue, Chicago, IL	US	S2-174560291	Cozy  Pub	5527 BRIANA DEE DRIVE, ROSHARON, TX	10	0.4163	SHARED_STEM_OR_PREFIX
S1-16609748	Midwest Mountain Wells LLC	2140 71st Street, Lubbock, TX	US	S2-19968190	MIDWEST MOUNTAIN MOTORS LLC	6433-6437 LINCOLN PARK PLACE, HUNTSVILLE, AL	2	0.1947	SHARED_STEM_OR_PREFIX
S1-16609748	Midwest Mountain Wells LLC	2140 71st Street, Lubbock, TX	US	S2-899693197	Midwest  Mountain Independence	WILLIAM SAINT, KS, EFFINGHAM	4	0.1947	SHARED_STEM_OR_PREFIX
S1-16609748	Midwest Mountain Wells LLC	2140 71st Street, Lubbock, TX	US	S2-43966389	Inc Midwest Mountain Deep	STONE RIDGE DR, HANNIBAL, MO	5	0.1947	SHARED_STEM_OR_PREFIX
S1-16609748	Midwest Mountain Wells LLC	2140 71st Street, Lubbock, TX	US	S2-793533034	Midwest Mountain  Aspac, LLC	WA, SHORELINE, 20109 SIXTH AVE	7	0.1947	SHARED_STEM_OR_PREFIX
S1-16609748	Midwest Mountain Wells LLC	2140 71st Street, Lubbock, TX	US	S2-592678025	Midwest Mountain	106 WILLIAM STREET, EFFINGHAM, KS	8	0.1947	SHARED_STREET_OR_ADDRESS
S1-16609748	Midwest Mountain Wells LLC	2140 71st Street, Lubbock, TX	US	S2-171142628	Midwest Mountain  Lodging Inc.	5818-C CHARLOTTE STREET, KANSAS CITY, MO	10	0.1947	SHARED_STREET_OR_ADDRESS
S1-281051556	Stella Vail House Inc	3620 Old Sand Mine Drive, Wilmington, NC	US	S2-168362883	Stella Vanguard Collective	932 MILL WOOD BLVD, MAARYSVILLE, OH	4	0.4446	SHARED_STEM_OR_PREFIX
S1-281051556	Stella Vail House Inc	3620 Old Sand Mine Drive, Wilmington, NC	US	S2-379743756	Stella Vanguard Collective (Inc)	932 MILL WOOD BLVD, MAARYSVILLE, OH	6	0.4446	SHARED_STEM_OR_PREFIX
S1-281051556	Stella Vail House Inc	3620 Old Sand Mine Drive, Wilmington, NC	US	S2-829078692	Stella-Vanguard Collective Inc		7	0.4446	SHARED_STEM_OR_PREFIX
S1-281051556	Stella Vail House Inc	3620 Old Sand Mine Drive, Wilmington, NC	US	S3-363053645	Stella Vanguadr Collective Inc	632 Mill Wood Blvd, Bldg 3647, Marysville, Ohio	8	0.4446	SHARED_STEM_OR_PREFIX
S1-231271132	Kumta Steel Limited	House No. 321, Balale, Madanagere, Ankola, Kumta, Uttara Kannada, Karnataka	India	S2-440607148	Kumta Stationery	H.NO 1ST/5 FLOOR, LAXMI, VIDYA NAGAR 2ND CROSS, NEAR PETROL PUMP, ALVEKODI, KUMTA, KUMTA, ಕರ್ನಾಟಕ	5	0.3969	SHARED_NAME_AND_LOCATION_TOKENS
S1-231271132	Kumta Steel Limited	House No. 321, Balale, Madanagere, Ankola, Kumta, Uttara Kannada, Karnataka	India	S3-123289574	Kumta  Stationery Limited	#1St Floor, Laxmi, Vidya Nagar 2Nd Cross, Near Petrol Pump, Alvekodi, Kumta, Kumta, Uttara Kannada, KA	7	0.3969	SHARED_NAME_AND_LOCATION_TOKENS
S1-536948776	I+ Corporate Inc.	718 94, Warwick, NY	US	S3-280066126	I+ Corporate LLC		6	0.9333	SHARED_STEM_OR_PREFIX
S1-241686597	Romero Technologies Co	TN, 27 Creekbend Cove, Jackson	US	S3-927689601	Romero, Tedi, D.D.S., Group P.C. M.D.,	4012 Northgate Dr, Unit 108, Irving, Texas	5	0.3167	SHARED_STEM_OR_PREFIX
S1-241686597	Romero Technologies Co	TN, 27 Creekbend Cove, Jackson	US	S3-235474091	Romero, Tedi, D.D.S., P.C. Center	4008 Northgate Drive, NULL, Texas, Irving	6	0.3167	SHARED_STEM_OR_PREFIX
S1-684505968	Namaskar & Co Company	B 70/51, Keshav Puram, Delhi, North West Delhi, Delhi	India	S2-376816364	Namaskar & Co Holdings	B 70/72, KESHAV PURAM, DELHI, दिल्ली	1	0.7346	SHARED_NAME_AND_LOCATION_TOKENS
S1-684505968	Namaskar & Co Company	B 70/51, Keshav Puram, Delhi, North West Delhi, Delhi	India	S2-917727056	Namaskar Dairy Private Limited	217, 209.2ND FLOOR, VARDHMAN SHOPPING CENTRE, BEHIND SHIVAJI STATUE, DOMBIVLI (EAST), Maharashtra	6	0.4116	SHARED_STEM_OR_PREFIX
S1-684505968	Namaskar & Co Company	B 70/51, Keshav Puram, Delhi, North West Delhi, Delhi	India	S2-116724981	Namaskar Brothers Private Ltd	KHASRA NO. G-1007 , GRAM JANDHERA SAMASPUR, RAMPUR, Uttar Pradesh	7	0.4116	SHARED_STEM_OR_PREFIX
S1-684505968	Namaskar & Co Company	B 70/51, Keshav Puram, Delhi, North West Delhi, Delhi	India	S2-555504353	Namaskar Media Limited Center	PLOT NO:223, PH -2, VIJAYAPURI COLONY, VANASTHALIPURAM, HYDERABAD, తెలంగాణ	8	0.4116	SHARED_STEM_OR_PREFIX
S1-835425265	Green United Solana LLC	694 E Side Drive, Unit F, Layton, UT	US	S2-830606078	Green United Law Group	128 WEBER RD, BOLINGBROOK, IL	7	0.5152	SHARED_STEM_OR_PREFIX
S1-835425265	Green United Solana LLC	694 E Side Drive, Unit F, Layton, UT	US	S3-758425865	Green United Guardian Llc	22842 136, Topeka, Illinois	8	0.5152	SHARED_STEM_OR_PREFIX
S1-580966525	Morbi Wires Private Limited	S.No. 239/241/242, Sartanpar Road Near, Lezora Granito, At-Matel, Ta-Wanka, Ner, Morbi, Rajkot, Gujarat	India	S2-19776973	Morbi Wellness Pvt  Ltd	SURVEY NO. 35/36, VILLAGE - PIPLI OPP. TIMBADI PATIYA, KANDLA ROAD, MORBI, ગુજરાત	8	0.2408	SHARED_STREET_OR_ADDRESS
S1-580966525	Morbi Wires Private Limited	S.No. 239/241/242, Sartanpar Road Near, Lezora Granito, At-Matel, Ta-Wanka, Ner, Morbi, Rajkot, Gujarat	India	S2-491241043	Morbi Works Limited Service	05TH FLOOR, FLAT NO-504, RS NO-11 P PLOT NO-16, 17 AND 18, RAMSEVAK APARTMENT, RAVAPARA GHUNDA ROAD, BHUMI BHAKTI SOCIETY, RAVAPARA, MORBI, Gujarat	9	0.2408	SHARED_STREET_OR_ADDRESS
S1-580966525	Morbi Wires Private Limited	S.No. 239/241/242, Sartanpar Road Near, Lezora Granito, At-Matel, Ta-Wanka, Ner, Morbi, Rajkot, Gujarat	India	S3-168017588	Morbi Wellness Industries Pvt	Survey No. ##35/37, Morbi, Rajkot, GJ	10	0.2408	SHARED_NAME_AND_LOCATION_TOKENS
S1-386654734	One Enterprises	H.No 6-3-712/90-23, 2Nd Floor, Beside Agarwal Eye Hospital, Panjagutta, Hyderabad, Telangana	India	S2-186159524	One Enterprises	PROMOTER, A-9/27. VASANT VIHAR, Delhi	1	0.6428	SHARED_STEM_OR_PREFIX
S1-386654734	One Enterprises	H.No 6-3-712/90-23, 2Nd Floor, Beside Agarwal Eye Hospital, Panjagutta, Hyderabad, Telangana	India	S2-376883607	One Enterprises	K-38/17 FIRST FLOORSUPER MARKET CHOWK VARANASI, UTTAR PRADESH, Uttar Pradesh	5	0.6428	SHARED_STEM_OR_PREFIX
S1-386654734	One Enterprises	H.No 6-3-712/90-23, 2Nd Floor, Beside Agarwal Eye Hospital, Panjagutta, Hyderabad, Telangana	India	S3-98933429	One Enterprises	A 32 28 Yeshwantrao Chavan Nagar Seva Samiti Bhosle Marg Chembur, Mumbai, Mumbai City, MH	6	0.6428	SHARED_STEM_OR_PREFIX
S1-386654734	One Enterprises	H.No 6-3-712/90-23, 2Nd Floor, Beside Agarwal Eye Hospital, Panjagutta, Hyderabad, Telangana	India	S3-721007033	One Enterprises	A 32 28 Yeshwantrao Chavan Nagar Seva Samiti Bhosle Marg Chembur, Mumbai, Mumbai City, MH	8	0.6428	SHARED_STEM_OR_PREFIX
S1-579617619	Cardiology Center LLC	60 Queen Street, Hempstead, NY	US	S2-178583895	CARDIOLOGY  CENTER L.L.C.	IL, 9981 FURLONG ROAD, GALENA	3	0.1847	SHARED_STEM_OR_PREFIX
S1-579617619	Cardiology Center LLC	60 Queen Street, Hempstead, NY	US	S2-816672734	Cardiology Center-LLC	184 SHOP LOPO, CHEROKEE, AL	6	0.1847	SHARED_STEM_OR_PREFIX
S1-579617619	Cardiology Center LLC	60 Queen Street, Hempstead, NY	US	S2-927405730	CARDIOLOGY CENTER L.L.C.	2717B SPRINGFIELD AVE, IL, CHICAGO	7	0.1847	SHARED_STEM_OR_PREFIX
S1-579617619	Cardiology Center LLC	60 Queen Street, Hempstead, NY	US	S2-431390654	cardiology center llc	1609 FINCASTLE TPKE, TAZEWELL TOWN, VA	9	0.1847	SHARED_STEM_OR_PREFIX
S1-579617619	Cardiology Center LLC	60 Queen Street, Hempstead, NY	US	S2-516733612	Cardiology  Center LLC	MAPLE LN, RONALD, WA	10	0.1847	SHARED_STEM_OR_PREFIX
S1-896836973	Odessa York, CPA	Mobile, 3845 Cottage Hill Road, AL	US	S3-302392312	Odessa York, CPA Downtown Corporation	3854 Cottage Hill Road, Mobile, Alabama	2	1.1291	SHARED_STREET_OR_ADDRESS
S1-896836973	Odessa York, CPA	Mobile, 3845 Cottage Hill Road, AL	US	S2-153378895	Odessa-Hui,  DPM	702 OAK ST, AR, ROGES	4	0.1950	SHARED_STEM_OR_PREFIX
S1-896836973	Odessa York, CPA	Mobile, 3845 Cottage Hill Road, AL	US	S2-753991287	Odessa's Downtown Occupational Therapy  Anchor	2814-2818 FLEETWOOD DR, CITY OF RACINE, WI	5	0.1950	SHARED_STEM_OR_PREFIX
S1-896836973	Odessa York, CPA	Mobile, 3845 Cottage Hill Road, AL	US	S2-311658304	Odessa Beyer Prairie Flexible Có	749  BELLEMEADE AVENUE, EVANSVILLE, IN	8	0.1950	SHARED_STEM_OR_PREFIX
S1-896836973	Odessa York, CPA	Mobile, 3845 Cottage Hill Road, AL	US	S2-148439271	Odessa-Gray National Flag L.L.C.	162 1735, CHICO, TX	9	0.1950	SHARED_STEM_OR_PREFIX
S1-896836973	Odessa York, CPA	Mobile, 3845 Cottage Hill Road, AL	US	S2-598454879	ODESSA P. JAMES, D.C., (DDS)	OH, ROAMING SHORES, 187 US RT 6	10	0.1950	SHARED_STEM_OR_PREFIX
S1-881770296	Pediatric Dentistry Clinic, Inc	4 Snowbell Lane, Worcester, MA	US	S2-566686391	Pediatric-Dentistry-Clinic Inc	10854 LINCOLN HIGHWAY ROAD, LERNA, IL	5	0.2001	SHARED_STEM_OR_PREFIX
S1-881770296	Pediatric Dentistry Clinic, Inc	4 Snowbell Lane, Worcester, MA	US	S2-358179648	Pediatric Dentistry Clinic  Inc	9. ARLINGTON ST, MA, BOSOTN CDP, <NULL>	6	0.2001	SHARED_NAME_AND_LOCATION_TOKENS
S1-881770296	Pediatric Dentistry Clinic, Inc	4 Snowbell Lane, Worcester, MA	US	S2-199609370	-- Pediatric Dentistry Clinic Inc	560 WATERBURY DR, FAYETTEVILLE, NC	7	0.2001	SHARED_STEM_OR_PREFIX
S1-881770296	Pediatric Dentistry Clinic, Inc	4 Snowbell Lane, Worcester, MA	US	S2-363415591	PEDIATRIC DENTISTRY CLINIC, INC	167 BLAZINGSTAR CT, COOL RIDGE, WV	8	0.2001	SHARED_STEM_OR_PREFIX
S1-881770296	Pediatric Dentistry Clinic, Inc	4 Snowbell Lane, Worcester, MA	US	S2-444172275	Pediatric Dentistry  Clinic Inc	AR, JONESBORO, LOMBARDY CIR	10	0.2001	SHARED_STEM_OR_PREFIX
S1-504059078	Bastion Financial LLC	2729 Montclare Avenue, Chicago, IL	US	S2-349072296	Bastion Five Corp	394 122ND PLACE E, TULSA, OK	6	0.2375	SHARED_STEM_OR_PREFIX
S1-504059078	Bastion Financial LLC	2729 Montclare Avenue, Chicago, IL	US	S2-999671626	Bastion Foods (LLC)	2331 1100, FAIRMOUNT TOWNSHIP, IN	7	0.2375	SHARED_STEM_OR_PREFIX
S1-504059078	Bastion Financial LLC	2729 Montclare Avenue, Chicago, IL	US	S2-650131269	BASTION FIVE	TX, 1771 COUNTY ROAD 3004, NEW BOSTON CITY	8	0.2375	SHARED_STEM_OR_PREFIX
S1-828917180	Wiggins Molecular P.C.	239 Duckworth Road, Pennsboro, WV	US	S2-822769514	Wiggins Mountain Wen South  LLC	#74 QUINCY STREET, NORTH ADAMS, MA	7	0.1867	SHARED_STEM_OR_PREFIX
S1-828917180	Wiggins Molecular P.C.	239 Duckworth Road, Pennsboro, WV	US	S2-94616010	wigginsmerger.com	HEIGHTS RD, LITTLE ROCK, AR	8	0.1867	SAME_GEOGRAPHY_AND_GENERIC_KEY
S1-828917180	Wiggins Molecular P.C.	239 Duckworth Road, Pennsboro, WV	US	S2-502869286	Wiggins  Mountain Wen L.L.C.	67 QUINCY ST, N. ADAMMS, MA	9	0.1867	SHARED_STEM_OR_PREFIX
S1-828917180	Wiggins Molecular P.C.	239 Duckworth Road, Pennsboro, WV	US	S2-188714461	Wiggins Merger	9500 1/2 HEIGHTS ROAD, LITTLE ROCK, AR	10	0.1867	SHARED_STREET_OR_ADDRESS
S1-973233920	Data Materials Networks	609 Hickory Street, Ottawa, KS	US	S2-119916004	Data Materials Brands Metro Inc	2209 VAILS GATE HEIGHTS DR, NEW WINDSOR, NY	3	0.5722	SHARED_STEM_OR_PREFIX
S1-973233920	Data Materials Networks	609 Hickory Street, Ottawa, KS	US	S2-278068162	DATA MATERIALS COLLECTIVE [INC]	5051 MORRIS DR, PMB 9941, CODEN, AL	5	0.5722	SHARED_STEM_OR_PREFIX
S1-973233920	Data Materials Networks	609 Hickory Street, Ottawa, KS	US	S2-911887417	data materials collective metro inc	5064 MORRIS DR, CODEN, AL	7	0.5722	SHARED_STEM_OR_PREFIX
S1-973233920	Data Materials Networks	609 Hickory Street, Ottawa, KS	US	S2-36840221	Data Materials Industries Downtown	5253 CHESAPEAKE RD, FAYETTEVILLE, NC	9	0.5722	SHARED_STEM_OR_PREFIX
S1-973233920	Data Materials Networks	609 Hickory Street, Ottawa, KS	US	S2-365238857	Data Materials Inc International	41 LOON MEADOW DR, NORFOLK, CT	10	0.5722	SHARED_STEM_OR_PREFIX
S1-919867800	Oracle Educational Society	West Chavakatta Bridgepost Box No 2620 Canal Road, Alleppey, Alappuzha, Kerala	India	S2-990522653	ORACLE AND BROTHERS PEAFULA	H.NO 780 , FIRST FLOO,R SECTOR 16, PANCHKULA, Haryana	8	0.1812	SHARED_NAME_AND_LOCATION_TOKENS
S1-919867800	Oracle Educational Society	West Chavakatta Bridgepost Box No 2620 Canal Road, Alleppey, Alappuzha, Kerala	India	S2-116298636	Oracle Overseas Private Limited Services	Uttar Pradesh, NH-33, MEHROULI, GZB (GOLF LINKS), GHAZIABAD	9	0.1812	SHARED_STEM_OR_PREFIX
S1-769172378	Technocast Chit Private Limited	A/39, Kamla Nagar, Near Ram Mandir, Kotra Sultanabad, Bhopal, Madhya Pradesh	India	S2-261204652	Technocast Group  Infratech Limited	CS 11144 KUBER CHEMBER, INFRONT OF PINK PALACE, MIRAJ, महाराष्ट्र	2	0.3286	SHARED_STEM_OR_PREFIX
S1-769172378	Technocast Chit Private Limited	A/39, Kamla Nagar, Near Ram Mandir, Kotra Sultanabad, Bhopal, Madhya Pradesh	India	S2-190691074	Technocast (India) Jy0tika Associates	325, GANDHINAGAR, GANDHI NAGAR, Gujarat	4	0.3286	SHARED_STREET_OR_ADDRESS
S1-769172378	Technocast Chit Private Limited	A/39, Kamla Nagar, Near Ram Mandir, Kotra Sultanabad, Bhopal, Madhya Pradesh	India	S2-528574841	Technocare Private Limited [Center]	PLOT 333 4, MAQBARA ROAD DAYAL BUILDING, HAZRATGANJ, उत्तर प्रदेश	7	0.2495	SAME_GEOGRAPHY_AND_GENERIC_KEY
S1-769172378	Technocast Chit Private Limited	A/39, Kamla Nagar, Near Ram Mandir, Kotra Sultanabad, Bhopal, Madhya Pradesh	India	S2-26140040	Technocare Imports Exports Private	8, MAQBARA ROAD DAYAL BUILDING, HAZRATGANJ, Uttar Pradesh	9	0.2495	SAME_GEOGRAPHY_AND_GENERIC_KEY
S1-769172378	Technocast Chit Private Limited	A/39, Kamla Nagar, Near Ram Mandir, Kotra Sultanabad, Bhopal, Madhya Pradesh	India	S3-231824069	Technocare Imports Private Limited	4, Maqbara Road Dayal Building, Hazratganj, उत्तर प्रदेश	10	0.2495	SAME_GEOGRAPHY_AND_GENERIC_KEY
S1-223621109	Pioneer Projects LLP	Rohtak, Khewat No. 93, Kh No 197, Rajender Nagar, Plot No 12, Haryana	India	S3-268100002	Pioneer Projects L.L.P.	D No. 3-33/1, Near Electrical Sub Station, Pundimadaka Road, Atchutapuram, Visakhapatnam, Vishakhapatnam, AP	2	0.5796	SHARED_NAME_AND_LOCATION_TOKENS
S1-223621109	Pioneer Projects LLP	Rohtak, Khewat No. 93, Kh No 197, Rajender Nagar, Plot No 12, Haryana	India	S3-601665653	Pioneer Projects LLP	Sf/##21/b Mega Mall, Akota Road, Ambica Mill Coumpound, Ahmedabad, ગુજરાત	4	0.5796	SHARED_STEM_OR_PREFIX
S1-223621109	Pioneer Projects LLP	Rohtak, Khewat No. 93, Kh No 197, Rajender Nagar, Plot No 12, Haryana	India	S3-191993749	Pioneer  Projects LLP	West Champaran, C/o Tanweer Ahmad, BR, Bettiah, Narainapur, Ramnagar	5	0.5796	SHARED_STEM_OR_PREFIX
S1-223621109	Pioneer Projects LLP	Rohtak, Khewat No. 93, Kh No 197, Rajender Nagar, Plot No 12, Haryana	India	S3-956714066	Pioneer Projects L.L.P.	113, Mumbai City, Bombay, MH	6	0.5796	SHARED_STEM_OR_PREFIX
S1-223621109	Pioneer Projects LLP	Rohtak, Khewat No. 93, Kh No 197, Rajender Nagar, Plot No 12, Haryana	India	S2-682178941	Pioneer Projects Private		9	0.1630	SHARED_STEM_OR_PREFIX
S1-223621109	Pioneer Projects LLP	Rohtak, Khewat No. 93, Kh No 197, Rajender Nagar, Plot No 12, Haryana	India	S2-59729726	Pioneer Projects Ltd	#1157/8 , PLOT NO 58, 5TH ST CHENDURPURAM EXTN, KATTUPPAKKAM, Tamil Nadu	10	0.1630	SHARED_NAME_AND_LOCATION_TOKENS
S1-983652708	Regional Heartland Chiropractic	1631 45th Place, Tulsa, OK	US	S2-91488705	Regional Heartland Iron	2000 24TH AVENUE, NASHVILLE, TN	3	0.1890	SHARED_STEM_OR_PREFIX
S1-983652708	Regional Heartland Chiropractic	1631 45th Place, Tulsa, OK	US	S2-144015464	Regional  Heartland Church	87 LADERA WAY, <NULL>, HOT SPRINGS VILLAGE, AR	4	0.1890	SHARED_STEM_OR_PREFIX
S1-983652708	Regional Heartland Chiropractic	1631 45th Place, Tulsa, OK	US	S2-533933379	Regional Heartland Association Summit	1405 COMMERCE WAY, ATTLEBORO, MA	5	0.1890	SHARED_STEM_OR_PREFIX
S1-983652708	Regional Heartland Chiropractic	1631 45th Place, Tulsa, OK	US	S2-424495349	Regional Heartland Assomiataifon	MA, ATTLEBORO, 1400 COMMERCE WAY	6	0.1890	SHARED_STEM_OR_PREFIX
S1-983652708	Regional Heartland Chiropractic	1631 45th Place, Tulsa, OK	US	S2-780092690	>> REGIONAL HEARTLAND IRHN WORKS INC	TN, NASHVILLE, 2000 24TH AVE	7	0.1890	SHARED_STEM_OR_PREFIX
S1-983652708	Regional Heartland Chiropractic	1631 45th Place, Tulsa, OK	US	S2-124617377	-- Regional Heartland Párts PLLC	4356 ALDEN CIRCLE, GRNAD BAY CITY, AL	9	0.1890	SHARED_STEM_OR_PREFIX
S1-904479856	Annmarie Pierson Creative Property LLC	11834 Big Leaf Way, Redmond, WA	US	S2-261831240	Annmarie Pierson  Creative Property Summit LLC	623 RED CANYON DRIVE, HIGHLANDS RANCH, CO	4	0.5963	SHARED_STEM_OR_PREFIX
S1-904479856	Annmarie Pierson Creative Property LLC	11834 Big Leaf Way, Redmond, WA	US	S3-51526879	Valencia Colonial Melar	11834 Red Leaf Drive, Charlotte, North Carolina	6	0.2672	SAME_GEOGRAPHY_AND_GENERIC_KEY
S1-904479856	Annmarie Pierson Creative Property LLC	11834 Big Leaf Way, Redmond, WA	US	S3-837838704	Valencia Colonial [Melar]	11834 Red Leaf Dr, Charlotte, North Carolina	7	0.2672	SAME_GEOGRAPHY_AND_GENERIC_KEY
S1-783021266	Power Infotel	Sirsa, Ground Floor, H.No. 801, Sawera Hotel Wali Gali, Near Bus Stand, Gobind Nagar, Haryana, Sirsa	India	S2-109872154	Power Infotech L.L.P.	C/O SMT RASHMI N W/O T N, GOVINDA RAJU GANIGARA, CHIK BALLAPUR, Karnataka	4	0.2988	SHARED_STEM_OR_PREFIX
S1-783021266	Power Infotel	Sirsa, Ground Floor, H.No. 801, Sawera Hotel Wali Gali, Near Bus Stand, Gobind Nagar, Haryana, Sirsa	India	S2-209930538	powerinfotech.com	C/O SMT RASHMI N W/O T N, GOVINDA RAJU GANIGARA, CHIK BALLAPUR, Karnataka	5	0.2988	SAME_GEOGRAPHY_AND_GENERIC_KEY
S1-783021266	Power Infotel	Sirsa, Ground Floor, H.No. 801, Sawera Hotel Wali Gali, Near Bus Stand, Gobind Nagar, Haryana, Sirsa	India	S2-155027407	POWER INFOCOMM  PRBIVATE LIMITED	44 BACKARY PORTION, 2ND FLR REGAL BULDING, NEW DELHI, Delhi	7	0.2988	SHARED_STEM_OR_PREFIX
S1-783021266	Power Infotel	Sirsa, Ground Floor, H.No. 801, Sawera Hotel Wali Gali, Near Bus Stand, Gobind Nagar, Haryana, Sirsa	India	S2-158134202	Power &-Infratech Private Limited Services	H.NO #25 KAMAL BUILDING STATION ROAD, CHITTORGARH, Rajasthan	10	0.2988	SHARED_NAME_AND_LOCATION_TOKENS
S1-259452306	Shorter and Reyes Xrp	130 Main Street, Durham, NC	US	S2-448342228	Shorter And Reyes Xrp		1	1.2343	SHARED_STEM_OR_PREFIX
S1-259452306	Shorter and Reyes Xrp	130 Main Street, Durham, NC	US	S3-178470976	Shorter and-Reyes Xrp	5405 Bulls Bay Drive, Virginia Beach City, Virginia	3	1.2343	SHARED_STEM_OR_PREFIX
S1-259452306	Shorter and Reyes Xrp	130 Main Street, Durham, NC	US	S2-846930362	Shorter and Reyes-Xrp LLC	1621 MOUNDS RD, MOUNDS, IL	6	0.6959	SHARED_STEM_OR_PREFIX
S1-259452306	Shorter and Reyes Xrp	130 Main Street, Durham, NC	US	S2-401580004	Shorter and Reyes Manufacturing	#5414 BULLS BAY DR, VIRGINIA BEACH CITY, VA	8	0.6959	SHARED_STEM_OR_PREFIX
S1-259452306	Shorter and Reyes Xrp	130 Main Street, Durham, NC	US	S2-338782137	Shorter and Hcyes Red	CHEWELAH, WA, 02606 A Quarry Browns Lake	9	0.6959	SHARED_STEM_OR_PREFIX
S1-259452306	Shorter and Reyes Xrp	130 Main Street, Durham, NC	US	S3-516140376	>> Shorter And Traut Micro (Llc)	8601 Fair Oaks Blvd, Unit APT 2, Carmichael, California	10	0.6959	SHARED_STEM_OR_PREFIX
S1-926958422	Sunshine Healthcare Ltd	No 9 Darshan Apt S 114/3, Pl 21 Vishrantwadi, Pune City, Pune, Maharashtra	India	S2-912057973	Sunshine Healthcare Ltd	NO 2ND FLOOR VASANT BHUTAN ABOVE ANDRA BANK NEAR AMAR SINGH JI SHOPPING MALL, TOWER, ROAD, HIMATNAGAR, Gujarat	3	0.8071	SHARED_NAME_AND_LOCATION_TOKENS
S1-926958422	Sunshine Healthcare Ltd	No 9 Darshan Apt S 114/3, Pl 21 Vishrantwadi, Pune City, Pune, Maharashtra	India	S2-64703728	Sunshine Healthcare Exports Limited	#20/8/3 RAJA MANINDRA RD, KOLKATA, West Bengal	4	0.2688	SHARED_NAME_AND_LOCATION_TOKENS
S1-926958422	Sunshine Healthcare Ltd	No 9 Darshan Apt S 114/3, Pl 21 Vishrantwadi, Pune City, Pune, Maharashtra	India	S2-192065055	Ltd Sunshine Healthcare	পশ্চিমবঙ্গ, CALCUTTA, KOLKATA, 20/8/2 RAJA MANINDRA RD	5	0.2688	SHARED_STEM_OR_PREFIX
S1-926958422	Sunshine Healthcare Ltd	No 9 Darshan Apt S 114/3, Pl 21 Vishrantwadi, Pune City, Pune, Maharashtra	India	S2-166231856	Sunshine Healthcare Private Limited	S NO 0642 TEJASHRI APARTMENTPHASE 7 BEHIND DAMODAR SOC BIBEWADI, PUNE, Maharashtra	7	0.2688	SHARED_NAME_AND_LOCATION_TOKENS
S1-926958422	Sunshine Healthcare Ltd	No 9 Darshan Apt S 114/3, Pl 21 Vishrantwadi, Pune City, Pune, Maharashtra	India	S3-270920187	Sunshine Limited Healthcare	20/8/2 Raja Manindra Rd, Calcutta, Kolkata, WB	8	0.2688	SHARED_STEM_OR_PREFIX
S1-926958422	Sunshine Healthcare Ltd	No 9 Darshan Apt S 114/3, Pl 21 Vishrantwadi, Pune City, Pune, Maharashtra	India	S3-778236729	Sunshine-Healthcare		10	0.2688	SHARED_STEM_OR_PREFIX
S1-19593330	FO Aktiengesellschaft Inc	3736 Riverdowns Drive N, Chesterfield County, VA	US	S3-487181823	FO Aktiengesellschaft  Eastgate Inc	3747-3749 Riverdowns Drive N, Chesterfield County, Virginia	4	1.0832	SHARED_STREET_OR_ADDRESS
S1-19593330	FO Aktiengesellschaft Inc	3736 Riverdowns Drive N, Chesterfield County, VA	US	S2-824149268	Pinzon's Security	3736 RIVERDOWNS DR N, CHESTERFIELD COUNTY, VA	5	0.2500	SAME_GEOGRAPHY_AND_GENERIC_KEY
S1-19593330	FO Aktiengesellschaft Inc	3736 Riverdowns Drive N, Chesterfield County, VA	US	S2-115504975	Pinzon's  Security Services	3736 RIVERDOWNS DRIVE N, CHESTERFIELD COUNTY, VA	6	0.2500	SHARED_STREET_OR_ADDRESS
S1-19593330	FO Aktiengesellschaft Inc	3736 Riverdowns Drive N, Chesterfield County, VA	US	S3-814668611	PINZON'S SECURITY SERVICES	3736. Riverdowns Dr North, null, Midlothian, Virginia	7	0.2500	SAME_GEOGRAPHY_AND_GENERIC_KEY
S1-19593330	FO Aktiengesellschaft Inc	3736 Riverdowns Drive N, Chesterfield County, VA	US	S3-618587192	Pinzon's Secouriyt [Services]	3736. Riverdowns Dr North, null, Midlothian, Virginia	9	0.2500	SAME_GEOGRAPHY_AND_GENERIC_KEY
S1-19593330	FO Aktiengesellschaft Inc	3736 Riverdowns Drive N, Chesterfield County, VA	US	S3-491664560	Pinzon'S Security Services	3736. Riverdowns Drive N, null, Midlothian, Virginia	10	0.2500	SHARED_STREET_OR_ADDRESS
S1-929809097	Alisun Nowak Rocky Oxley	3631 Cushing Drive, Unit D, Columbus, OH	US	S2-497106701	Alisun Alisun Conti Lithium LLC Services	1386 1/2 RAMONA DR, NEWBURY PARK, CA	5	0.2857	SHARED_STEM_OR_PREFIX
S1-929809097	Alisun Nowak Rocky Oxley	3631 Cushing Drive, Unit D, Columbus, OH	US	S2-553233489	Alisun Willett	NC, PINEWOOD COURT, WINSTON-SALEM	8	0.2071	SHARED_STEM_OR_PREFIX
S1-929809097	Alisun Nowak Rocky Oxley	3631 Cushing Drive, Unit D, Columbus, OH	US	S2-731165822	Alisun Allen Networks	CHELMSFORD, 127-131 TYNGSBOROUGH ROAD, MA	9	0.2071	SHARED_STEM_OR_PREFIX
S1-929809097	Alisun Nowak Rocky Oxley	3631 Cushing Drive, Unit D, Columbus, OH	US	S2-242628654	ALISUN A.  CEUCMI, MD	1437 FARMER RD, TX, WEATHERFORD	10	0.2071	SHARED_STEM_OR_PREFIX
S1-253986331	Shirleen Knight Apex Income LLC	5000 Dartmouth Drive, Unit UNIT B29, College, AK	US	S2-105581267	Shirleen Knight Apex Income Coastal LLC	5013-B DARTMOUTH DRIVE, COLLEGE, AK	4	0.6142	SHARED_STREET_OR_ADDRESS
S1-253986331	Shirleen Knight Apex Income LLC	5000 Dartmouth Drive, Unit UNIT B29, College, AK	US	S2-793148179	SHIRLEEN SHIRLEEN JAMES DAEDALUS LTD	70 MALCOLM X BOULEVARD, PO BOX 1660, BROOKLYN, NY	7	0.2784	SHARED_STEM_OR_PREFIX
S1-253986331	Shirleen Knight Apex Income LLC	5000 Dartmouth Drive, Unit UNIT B29, College, AK	US	S2-500006696	Shirleen Vela  Direct Engineering Inc	7621 BURNSIDE ROAD, HYATTSVILLE, MD	8	0.2080	SHARED_STEM_OR_PREFIX
S1-253986331	Shirleen Knight Apex Income LLC	5000 Dartmouth Drive, Unit UNIT B29, College, AK	US	S2-179390724	Shirleen Cox Clear Cayman  Summit Inc	25 Tompkins Street, BINGHAMTON, NY	9	0.2080	SHARED_STEM_OR_PREFIX
S1-253986331	Shirleen Knight Apex Income LLC	5000 Dartmouth Drive, Unit UNIT B29, College, AK	US	S2-209214710	Shirleen Kuch Platinum Championsgate Ltd	MIDDLETON CT, SAINT LOUIS, MO	10	0.2080	SHARED_STEM_OR_PREFIX
S1-336167025	Dasi Rothrock, DDS	3267 Eastcrest Road, West Valley City, UT	US	S2-772176467	Dasi Robbins Global Martin L.L.C.	1624- MICHIGAN STREET, FAIRFIELD, CA	7	0.3378	SHARED_STEM_OR_PREFIX
S1-336167025	Dasi Rothrock, DDS	3267 Eastcrest Road, West Valley City, UT	US	S2-823240997	Rothrock Rothrock Lloyds	AFTONCITY, OK, 2289 PEBBLE BEACH	9	0.1673	SHARED_STEM_OR_PREFIX
S1-336167025	Dasi Rothrock, DDS	3267 Eastcrest Road, West Valley City, UT	US	S2-305393801	DASI DASI SADADLE-ESPORTS LLC	1209 CEDAR LN, KNOXVILLE, TN	10	0.1422	SHARED_STEM_OR_PREFIX
S1-761585587	Classic Printing Enterprises Corp	22 Hickory Point Road, Constantia, NY	US	S2-813220734	Classic Printing Industries  LLC	AL, ##5424 10ND COURT, BIRMINGHAM, N/A	6	0.1770	SHARED_STEM_OR_PREFIX
S1-761585587	Classic Printing Enterprises Corp	22 Hickory Point Road, Constantia, NY	US	S2-156872560	Classic Printing  Holdings	VEAZEY TERRACE, WASHINGTON, DC	9	0.1770	SHARED_STEM_OR_PREFIX
S1-576153543	Four Charitable Trust	334 Madhuban Apartment, Saket Nagar, Indore, Madhya Pradesh	India	S2-546569924	Four Charitable Trust Industries	NO 345- MADHUBAN APARTMENT, SAKET NAGAR, INDORE, मध्य प्रदेश	1	1.1292	SHARED_STREET_OR_ADDRESS
S1-576153543	Four Charitable Trust	334 Madhuban Apartment, Saket Nagar, Indore, Madhya Pradesh	India	S3-709883648	Four Charitable	Door No 00660 Sy No 130/2 P 24 Flat No 301 Brindavan Colony Malkajgiri, Hyderaba, Hyderabad, TG	3	1.1292	SHARED_STEM_OR_PREFIX
S1-576153543	Four Charitable Trust	334 Madhuban Apartment, Saket Nagar, Indore, Madhya Pradesh	India	S2-151130268	Four Charcitarbel [Trust]	SY NO G-130/2 P 24 FLAT NO 301 BRINDAVAN COLONY MALKAJGIRI, HYDERABA, Telangana	4	0.6770	SHARED_STEM_OR_PREFIX
S1-109460220	Dharti City Private Limited	Durga Sadan B-25/34A-1/49Jawahar Nagar Colony Varanasi, Uttar Prardesh, Varanasi, Uttar Pradesh	India	S2-344028794	Dharti & (Sons)	PLOT NO. 103/17, SECTOR-10, PRATAP NAGAR, SANGANER, JAIPUR, Rajasthan	2	0.1959	SHARED_STREET_OR_ADDRESS
S1-109460220	Dharti City Private Limited	Durga Sadan B-25/34A-1/49Jawahar Nagar Colony Varanasi, Uttar Prardesh, Varanasi, Uttar Pradesh	India	S2-130331222	dharti minerals ventures llp	9/11A, KH.NO.444/2, GROUND FLOOR, GADAI PUR, NEW DELHI, Delhi	3	0.1959	SHARED_STEM_OR_PREFIX
S1-109460220	Dharti City Private Limited	Durga Sadan B-25/34A-1/49Jawahar Nagar Colony Varanasi, Uttar Prardesh, Varanasi, Uttar Pradesh	India	S2-40962958	Dharti Limited Center	NO 41/1 , RAJU TOWERS, CAUVERY NAGAR SOUTH, PUDUKKOTTAI ROAD, THANJAVUR, null, Tamil Nadu	4	0.1959	SHARED_STREET_OR_ADDRESS
S1-109460220	Dharti City Private Limited	Durga Sadan B-25/34A-1/49Jawahar Nagar Colony Varanasi, Uttar Prardesh, Varanasi, Uttar Pradesh	India	S2-235961871	Dharti Consultants Private	D 303 SHREENATH HOMES, POR KUDASAN, TALUKA: GANDHINGAAR, DISTRICT: GANDHINAGAR, GANDHINAGAR, ગુજરાત	5	0.1959	SHARED_STEM_OR_PREFIX
S1-109460220	Dharti City Private Limited	Durga Sadan B-25/34A-1/49Jawahar Nagar Colony Varanasi, Uttar Prardesh, Varanasi, Uttar Pradesh	India	S2-66475270	Dharti Cómmotrade-LLP	Delhi, C/587 YAMUNA VIHAR, DELHI	6	0.1959	SHARED_STEM_OR_PREFIX
S1-109460220	Dharti City Private Limited	Durga Sadan B-25/34A-1/49Jawahar Nagar Colony Varanasi, Uttar Prardesh, Varanasi, Uttar Pradesh	India	S2-697826003	Dharti Infgrastructdre Limited	NO.41/1 , RAJU TOWERS, CAUVERY NAGAR SOUTH, PUDUKKOTTAI ROAD, THANJAVUR, null, Tamil Nadu	8	0.1959	SHARED_STREET_OR_ADDRESS
S1-109460220	Dharti City Private Limited	Durga Sadan B-25/34A-1/49Jawahar Nagar Colony Varanasi, Uttar Prardesh, Varanasi, Uttar Pradesh	India	S2-11147189	Dharti Institute of Technology Company	NO 23 , JAIL ROAD, BADSHAHPUR, Haryana	9	0.1959	SHARED_STEM_OR_PREFIX
S1-699955992	Diaz Grifols LLC	3817 Crane Street, Independence, MO	US	S2-751180080	diazgreencommunications.com	302 CENTRAL DRIVE, CEDAR PARK, TX	5	0.1600	SAME_GEOGRAPHY_AND_GENERIC_KEY
S1-699955992	Diaz Grifols LLC	3817 Crane Street, Independence, MO	US	S2-332502954	Diaz Gráf	7541-D POPLAR AVENUE, N/A, LEDS, AL	6	0.1600	SHARED_STEM_OR_PREFIX
S1-699955992	Diaz Grifols LLC	3817 Crane Street, Independence, MO	US	S2-132512335	Diaz, Grant and Fox System  Ltd	CA, 2931 INDIAN CANYON CT, <NULL>, HIGHLAND	9	0.1600	SHARED_STEM_OR_PREFIX
S1-699955992	Diaz Grifols LLC	3817 Crane Street, Independence, MO	US	S2-336381613	Diaz Grand Communications L.L.C.	414 GRAHAM AVE, LOMBARD, IL	10	0.1600	SHARED_STEM_OR_PREFIX
S1-881535873	Azamgarh Marketing Private Limited	C/O Ajai Kumar Rai, Village Lachirampur Hafizpur, Post- Heerapatti, Azamgarh, Uttar Pradesh	India	S3-196898410	Azamgarh Marketing L.L.P.	Hno-182/b, South Delhi, DL	2	0.8095	SHARED_STEM_OR_PREFIX
S1-881535873	Azamgarh Marketing Private Limited	C/O Ajai Kumar Rai, Village Lachirampur Hafizpur, Post- Heerapatti, Azamgarh, Uttar Pradesh	India	S2-668092275	Azamgarh Infratech Co	HOUSE NO 4, PAWAI LADPUR, SARAIMER, AZAMGARH, Uttar Pradesh	8	0.3573	SHARED_NAME_AND_LOCATION_TOKENS
S1-881535873	Azamgarh Marketing Private Limited	C/O Ajai Kumar Rai, Village Lachirampur Hafizpur, Post- Heerapatti, Azamgarh, Uttar Pradesh	India	S2-871255998	Azamgarh  Textiles Privaete Limited	ALI USAT COLONY SIDHARI POST AZAMGARH SADAR, AZAMGARH, Uttar Pradesh	9	0.3573	SHARED_NAME_AND_LOCATION_TOKENS
S1-420936510	Maps Products Private Limited	97, Vivekanand Nagar Agar, Shajapur, Madhya Pradesh	India	S3-393720119	Dr Perfect Constructions Public Limited	#97- Vivekanand Nagar, Howrah, WB	6	0.3230	SHARED_STREET_OR_ADDRESS
S1-420936510	Maps Products Private Limited	97, Vivekanand Nagar Agar, Shajapur, Madhya Pradesh	India	S2-493354175	Maps Private Limited Center	SR. NO 91  SHOP NO 7 SHUKR, NEAR SANMITRA SAHAKARI BA, PUNE CITY, Maharashtra	7	0.3184	SHARED_STEM_OR_PREFIX
S1-420936510	Maps Products Private Limited	97, Vivekanand Nagar Agar, Shajapur, Madhya Pradesh	India	S3-283151984	Maps Private Ifsc  Limited	Pali, C/o Deva Ram, RJ, Pali	8	0.3184	SHARED_STEM_OR_PREFIX
S1-420936510	Maps Products Private Limited	97, Vivekanand Nagar Agar, Shajapur, Madhya Pradesh	India	S2-213228220	Maps Maps Universal Infratech Private Ltd	D-479 BUDH VIDAR, ALWAR, Rajasthan	9	0.1321	SHARED_STEM_OR_PREFIX
S1-928237806	Heavener Qdro, Inc	1201 Fretz Avenue, Unit 35, Edmond, OK	US	S2-141860612	HEAVENER QDRO, GROUP	1212 FRETZ AVENUE, PMB 3242, EDMOND, OK	2	0.8843	SHARED_STREET_OR_ADDRESS
S1-928237806	Heavener Qdro, Inc	1201 Fretz Avenue, Unit 35, Edmond, OK	US	S2-930240505	Heavener's Rhsarh LLC	OU, OU SECTION, OK	4	0.4321	SHARED_NAME_AND_LOCATION_TOKENS
S1-928237806	Heavener Qdro, Inc	1201 Fretz Avenue, Unit 35, Edmond, OK	US	S2-311421301	heavener's research llc	##30 OU SECTION, OU, OK	8	0.4321	SHARED_NAME_AND_LOCATION_TOKENS
S1-928237806	Heavener Qdro, Inc	1201 Fretz Avenue, Unit 35, Edmond, OK	US	S2-44866783	Heavener's Reseehh  Co	#3141 HAVERHILL DRIVE, AURORA, IL	9	0.4321	SHARED_STEM_OR_PREFIX
S1-602775749	Urology Rocky Care Associates	4419 27th Street, Unit 11, Phoenix, AZ	US	S2-796321277	LLC Urology Rocky Associates	4029, HOLTS SUMMIT, MO	4	0.1842	SHARED_STEM_OR_PREFIX
S1-602775749	Urology Rocky Care Associates	4419 27th Street, Unit 11, Phoenix, AZ	US	S2-403228495	LLC UROLOGY ROCKY ASSOCIATES	##1202 GREEN TERRACE DR, ROUND RCK, TX	5	0.1842	SHARED_STEM_OR_PREFIX
S1-602775749	Urology Rocky Care Associates	4419 27th Street, Unit 11, Phoenix, AZ	US	S2-137396278	UROLOGY ROCKY CLINIC [INC.]	12825  97, MIDDLESEX, NC	6	0.1842	SHARED_STEM_OR_PREFIX
S1-602775749	Urology Rocky Care Associates	4419 27th Street, Unit 11, Phoenix, AZ	US	S2-496621852	Urology-Rocky LLC Service	306 LAKE FRONT DRIVE, MINERAL, VA	7	0.1842	SHARED_STEM_OR_PREFIX
S1-602775749	Urology Rocky Care Associates	4419 27th Street, Unit 11, Phoenix, AZ	US	S2-492863240	Urology Rocky Cte	#9429 BRAIDED REIN DRIVE, AUSTIN, TX	8	0.1842	SHARED_STEM_OR_PREFIX
S1-166601186	Pediatric Medicine LLC	5022 Goose Neck Road, Northwest, NC	US	S2-182687971	Pediatric  Medicine LLC	AL, HALE DR, HUNTSVILLE	3	0.1858	SHARED_STEM_OR_PREFIX
S1-166601186	Pediatric Medicine LLC	5022 Goose Neck Road, Northwest, NC	US	S2-915612152	Pediatric Medicine LLC	2292 VAUGHN BRIDGE ROAD, HARTSELLE, AL	4	0.1858	SHARED_STREET_OR_ADDRESS
S1-139532667	Merchant Charitable Trust	Mohla Road, Village Harphala, Post Office : Gadpuri, Ballabgarh, Faridabad, Haryana	India	S2-300770402	Merchant Merchant Trust Industries	WARD NO. 24-, BAZAR SAMITI JHANJHARPUR BAZAR, JHANJHARPUR, Bihar	4	0.3755	SHARED_STEM_OR_PREFIX
S1-139532667	Merchant Charitable Trust	Mohla Road, Village Harphala, Post Office : Gadpuri, Ballabgarh, Faridabad, Haryana	India	S2-500895722	MERCHANT BROTHERS HOLDINGS	Kerala, #5890 XLGOPALA PRABHU ROAD, ERNAKULAM	5	0.3105	SHARED_STREET_OR_ADDRESS
S1-139532667	Merchant Charitable Trust	Mohla Road, Village Harphala, Post Office : Gadpuri, Ballabgarh, Faridabad, Haryana	India	S2-972026280	Merchant Media Exports Private Ltd	H NO-95 KH NO-37/16 GALI NO-28 PHASE-25 SHIV VIHAR KARAWAL NA, GAR, NEW DELHI, Delhi	8	0.3105	SHARED_STEM_OR_PREFIX
S1-139532667	Merchant Charitable Trust	Mohla Road, Village Harphala, Post Office : Gadpuri, Ballabgarh, Faridabad, Haryana	India	S2-333075118	Merchant Producer Private Ltd	C/O LK RAI, LAXMICHAK, USARI SARAI ROAD, DANAPUR, Bihar	10	0.3105	SHARED_STREET_OR_ADDRESS
S1-217259238	Buttler, Wilding and Manjarrez Inc	2038 Ohara Avenue, Sneads, FL	US	S2-817515442	Buttler, Wilding and Manjarrez Inc	3910 HIGHWAY 160, PMB 3144, BRADLEY, AR	2	1.2953	SHARED_STEM_OR_PREFIX
S1-217259238	Buttler, Wilding and Manjarrez Inc	2038 Ohara Avenue, Sneads, FL	US	S2-437860296	Buttler, Wilding and Manjarrez Inc.	AR, 3910 HIGHWAY 160, PO BOX 8569, BRADLEY	3	1.2953	SHARED_STEM_OR_PREFIX
S1-217259238	Buttler, Wilding and Manjarrez Inc	2038 Ohara Avenue, Sneads, FL	US	S3-70533728	BUTTLER, WILDING AND MANJARREZ MANJARREZ PLLC	0103 Condor Ct, La Vergne, Tennessee	5	0.8951	SHARED_STEM_OR_PREFIX
S1-217259238	Buttler, Wilding and Manjarrez Inc	2038 Ohara Avenue, Sneads, FL	US	S3-131126895	Buttler, Wilding Wilding And	002735 Freeport Blvd, Sacramento, California	6	0.8153	SHARED_STEM_OR_PREFIX
S1-217259238	Buttler, Wilding and Manjarrez Inc	2038 Ohara Avenue, Sneads, FL	US	S2-581024801	Buttler, Wilding and Manjarrez	CT, EAST GRANBY, NUTMEG RD	7	0.8117	SHARED_STEM_OR_PREFIX
S1-217259238	Buttler, Wilding and Manjarrez Inc	2038 Ohara Avenue, Sneads, FL	US	S2-817310761	Buttler, Wilding and Manjarrez Co	3919 HIGEWAY 160, BRADLEY, AR	8	0.8117	SHARED_STEM_OR_PREFIX
S1-363414052	Meify, Inc	1202 Schreier Road, Unit B, Rossford, OH	US	S2-160148359	Meify, [Inc]	DEAN ST, SHEPHERDSVILLE, KY	3	0.6507	SHARED_STEM_OR_PREFIX
S1-363414052	Meify, Inc	1202 Schreier Road, Unit B, Rossford, OH	US	S2-12187	Meify Inc	MO, 409 CARA LN, BLUE EYE	4	0.6507	SHARED_STEM_OR_PREFIX
S1-363414052	Meify, Inc	1202 Schreier Road, Unit B, Rossford, OH	US	S2-486972146	MEIFY INC	255 FIDDLERS LANE, KINGSTON, TN	8	0.6507	SHARED_STEM_OR_PREFIX
S1-363414052	Meify, Inc	1202 Schreier Road, Unit B, Rossford, OH	US	S2-81791437	MEIFY INC	MD, HYATTSVILLE, 1000 BRIGHTSEAT ROAD	10	0.6507	SHARED_STREET_OR_ADDRESS
S1-719919136	Al Blue Consultancy Limited	24/7-A, Second Floor Tilak Nagar, New Delhi, West Delhi, Delhi	India	S3-696027919	Al Blue Developers Developers	Sy No. 63/ B No. 37, Surat, Ganeshkrupa Co Op. Society, Near Old, Umra Jakatnaka, Surat, GJ	3	0.7968	SHARED_STEM_OR_PREFIX
S1-719919136	Al Blue Consultancy Limited	24/7-A, Second Floor Tilak Nagar, New Delhi, West Delhi, Delhi	India	S2-764497097	बाबा हेल्थकेयर प्राइवेट लिमिटेड	M-24, SECOND FLOOR, SAKET, NEW DELHI, Delhi	4	0.1250	SHARED_STREET_OR_ADDRESS
S1-719919136	Al Blue Consultancy Limited	24/7-A, Second Floor Tilak Nagar, New Delhi, West Delhi, Delhi	India	S2-962537121	Rrb Nursing Center	D/24, SECOND FLOOR DURGA BAZAAR, HIMATNAGAR, Gujarat	8	0.1250	SHARED_STREET_OR_ADDRESS
S1-719919136	Al Blue Consultancy Limited	24/7-A, Second Floor Tilak Nagar, New Delhi, West Delhi, Delhi	India	S2-828815626	CR Gaih Private Limited	24/39A., SECOND FLOOR TILAK NAGAR, NEW DELHI, दिल्ली	10	0.1250	SHARED_STREET_OR_ADDRESS
S1-75134768	Urban Tech	Calcutta, 71 B R B Basu Rd, West Bengal, Kolkata	India	S2-561576326	Urban Tech	H.NO.503, SHIRADHONE, TQ.LOH,A NANDED, Maharashtra	4	0.6050	SHARED_STEM_OR_PREFIX
S1-75134768	Urban Tech	Calcutta, 71 B R B Basu Rd, West Bengal, Kolkata	India	S3-65991224	Urban Tech	No 3/104 Nagla Dhakran Agra, Agra, उत्तर प्रदेश	7	0.6050	SHARED_STEM_OR_PREFIX
S1-75134768	Urban Tech	Calcutta, 71 B R B Basu Rd, West Bengal, Kolkata	India	S3-544704937	Urban Tech	South West Delhi, C #39 Ground Floor Anand Niktean, New Delhi, DL	9	0.6050	SHARED_NAME_AND_LOCATION_TOKENS
S1-174758675	Phillis Rios Quantum	1091 Addice Way, Cincinnati, OH	US	S2-111524611	Phillis Rodiruez, D.O., PC		3	0.3500	SHARED_STEM_OR_PREFIX
S1-174758675	Phillis Rios Quantum	1091 Addice Way, Cincinnati, OH	US	S2-699379964	Phillis Rodriguez, D.O., [Inc]	3901 SUE LANE, RALEIGH, NC	4	0.3500	SHARED_STEM_OR_PREFIX
S1-174758675	Phillis Rios Quantum	1091 Addice Way, Cincinnati, OH	US	S3-852584222	Phillis Rodriguez, D.O., Pc	3901 Sue Lane, Raleigh, North Carolina	8	0.3500	SHARED_STEM_OR_PREFIX
S1-124712855	Thompson Immigration Private Limited	Princetowers, Doorno.52&53, 9Thfloorcollegeroad, Nungambakkam, Chennai, Tamil Nadu	India	S2-688451458	Thompson & Sons Private	NO 4-3-126/1 , MALLIKARJUNA NAGAR, RAJENDRANAGAR, Telangana	3	0.4943	SHARED_STEM_OR_PREFIX
S1-124712855	Thompson Immigration Private Limited	Princetowers, Doorno.52&53, 9Thfloorcollegeroad, Nungambakkam, Chennai, Tamil Nadu	India	S2-346075566	Thompson & Sons Private [Limited]	H NO 4-3-126/1, MALLIKARJUNA NAGAR, RAJENDRANAGAR, Telangana	9	0.4943	SHARED_STEM_OR_PREFIX
S1-305403960	Urban Food Private Limited	5 East Avas Vikas Colony, Betiahata, Gorakhpur, Uttar Pradesh	India	S3-352719111	Urban Food  Private Limited	Govind Dham7th Golibar Rd Santacruz (E), Mumbai, MH	2	0.7275	SHARED_STEM_OR_PREFIX
S1-305403960	Urban Food Private Limited	5 East Avas Vikas Colony, Betiahata, Gorakhpur, Uttar Pradesh	India	S2-100059330	Urban Food-Private		7	0.3108	SHARED_STEM_OR_PREFIX
S1-305403960	Urban Food Private Limited	5 East Avas Vikas Colony, Betiahata, Gorakhpur, Uttar Pradesh	India	S2-304504520	Urban Food പ്രൈവറ്റ് ലിമിറ്റഡ്	C/O RAHUL V R, VADAKKEPARAMBIL EDAVETTY, THODUPUZHA, Kerala	9	0.3108	SHARED_STEM_OR_PREFIX
S1-305403960	Urban Food Private Limited	5 East Avas Vikas Colony, Betiahata, Gorakhpur, Uttar Pradesh	India	S2-221703619	URBAN FOOD LIMITED SERVICES	215/163, OLD LASHKAR LINE, OLD BAIRAHANA, ALLAHABAD, Uttar Pradesh	10	0.3108	SHARED_NAME_AND_LOCATION_TOKENS
S1-615738219	Rahul Brothers Private Limited	A-279Okhla Phase-I, New Delhi, South Delhi, Delhi	India	S2-200225285	rahul & brothers private limited	PLOT 992 G -1/327, GYAN KHAND - 1 INDIRAPURAM, GHAZIABAD, Uttar Pradesh	1	1.1578	SHARED_STEM_OR_PREFIX
S1-615738219	Rahul Brothers Private Limited	A-279Okhla Phase-I, New Delhi, South Delhi, Delhi	India	S2-112419826	Rahul Brothers Holdings Cómpany	00108 GIRISH GHOSH ROAD GANGA APPARTMENT LILUAH, 1ST FLOOR, HOWRAH, West Bengal	5	0.6194	SHARED_STEM_OR_PREFIX
S1-615738219	Rahul Brothers Private Limited	A-279Okhla Phase-I, New Delhi, South Delhi, Delhi	India	S2-549967725	Rahul Brothers Limited Center	851, BANDH ROAD SANI BAZAR CHOWK, SANGAM VIHAR, NEW DELHI, Delhi	6	0.6194	SHARED_NAME_AND_LOCATION_TOKENS
S1-615738219	Rahul Brothers Private Limited	A-279Okhla Phase-I, New Delhi, South Delhi, Delhi	India	S2-533943199	Rahul Brothers Public Limited	862, BANDH ROAD SANI BAZAR CHOWK, SANGAM VIHAR, NEW DELHI, Delhi	8	0.6194	SHARED_NAME_AND_LOCATION_TOKENS
S1-615738219	Rahul Brothers Private Limited	A-279Okhla Phase-I, New Delhi, South Delhi, Delhi	India	S3-116992222	Rahul Brothers  Private Ltd	762., Housing Board Colony In Front Of Sai Mandir, Narsinghpur, MP	10	0.6194	SHARED_STEM_OR_PREFIX
S1-925443249	Ameerpet Fab Pvt Ltd	Srishti Homes, Sanjeeva Reddy Nagar, Ameerpet, Telangana, 402, Hyderabad	India	S2-122257829	AMEERPET AMEERPET SERVICES PRIVATE	8-3-214/2/C , 1ST FLOOR, GANESH COMPLEX, OPP: SWARNA JAYANTHI COMPLEX, AMEERPET, Andhra Pradesh	6	0.3688	SHARED_NAME_AND_LOCATION_TOKENS
S1-925443249	Ameerpet Fab Pvt Ltd	Srishti Homes, Sanjeeva Reddy Nagar, Ameerpet, Telangana, 402, Hyderabad	India	S2-179095703	Ameerpet Services Private Limited	H.NO 8-3-214/2/C , 1ST FLOOR, GANESH COMPLEX, OPP: SWARNA JAYANTHI COMPLEX, AMEERPET, Andhra Pradesh	7	0.3035	SHARED_NAME_AND_LOCATION_TOKENS
S1-925443249	Ameerpet Fab Pvt Ltd	Srishti Homes, Sanjeeva Reddy Nagar, Ameerpet, Telangana, 402, Hyderabad	India	S2-109972665	Ameerpet Corporation (Service)	Telangana, PLOT NO.2, MAITRIVIHAR, AMEERPET	8	0.3035	SHARED_NAME_AND_LOCATION_TOKENS
S1-925443249	Ameerpet Fab Pvt Ltd	Srishti Homes, Sanjeeva Reddy Nagar, Ameerpet, Telangana, 402, Hyderabad	India	S2-47990445	Ameerpet Diecastings Exports Private Limited	NO 006ST FLOOR, 7-1-277/366, SANJEEVA REDDY NAGAR, B.K. GUDA, AMEERPET, Telangana	9	0.3035	SHARED_STREET_OR_ADDRESS
S1-925443249	Ameerpet Fab Pvt Ltd	Srishti Homes, Sanjeeva Reddy Nagar, Ameerpet, Telangana, 402, Hyderabad	India	S2-795439842	Ameerpet Chémicals Pvt Ltd	DELTA CHAMBERS, F. NO.304, 6-3-801 TO 803, AMEERPET, AMEERPET, Telangana	10	0.3035	SHARED_NAME_AND_LOCATION_TOKENS
S1-300609714	Hawkes Montessori School	1002 33rd Street Court, Moline, IL	US	S2-129387696	Hawkes Neuberger Corp	8657 66th Pl, TULSA, OK	8	0.2144	SHARED_STEM_OR_PREFIX
S1-300609714	Hawkes Montessori School	1002 33rd Street Court, Moline, IL	US	S2-43082472	HAWKES & FÍTCH STAKING L.L.C.	ELLIOTT RD, DEFIANCE, OH	9	0.2144	SHARED_STEM_OR_PREFIX
S1-300609714	Hawkes Montessori School	1002 33rd Street Court, Moline, IL	US	S2-855037488	Hawkes, Johnson & Kehl Braves, Co	##1514 GALLATIN ST, WASHINGTON, DC	10	0.2144	SHARED_STEM_OR_PREFIX
S1-743936349	Shanda F. Jones, MD	15 Hager Lane, Richland, NY	US	S2-871673805	SHANDA F.JONES, MDK	17A HAGER LN, RICHLAND, NY	6	0.8218	SHARED_NAME_AND_LOCATION_TOKENS
S1-743936349	Shanda F. Jones, MD	15 Hager Lane, Richland, NY	US	S2-199490227	Shanda Shanda Ferguson North Pc	8195 SUMMIT RIDGE DRIVE, CATAWBA, NC	9	0.2378	SHARED_STEM_OR_PREFIX
S1-94297591	Quva LLC	9200 Beach Road, Town Of Port Wing, WI	US	S3-148799897	Quva LLC	487 Fifteenth Saint, PMB 5330, Clarkston, Washington	7	0.6335	SHARED_STEM_OR_PREFIX
S1-94297591	Quva LLC	9200 Beach Road, Town Of Port Wing, WI	US	S3-625608609	Quva  LLC	1333 National Highway, Thomasville, North Carolina	8	0.6335	SHARED_STEM_OR_PREFIX
S1-817802155	Petronilla Sult Royalties L.L.C.	1012 Sharpsburg Circle, Irondale, AL	US	S3-866763397	Petronilla Petronilla Carlo	5314 Dayan Drive, Charlotte, North Carolina	4	0.2756	SHARED_STEM_OR_PREFIX
S1-817802155	Petronilla Sult Royalties L.L.C.	1012 Sharpsburg Circle, Irondale, AL	US	S2-784881855	PETRONILLA F. P.C. D.C., M.D., LANGSTON,	405 REGENCY CT, ST MATTHEWS, KY	6	0.2004	SHARED_STEM_OR_PREFIX
S1-817802155	Petronilla Sult Royalties L.L.C.	1012 Sharpsburg Circle, Irondale, AL	US	S2-769618323	Petronilla Carlo Cea	1936 AGNEW STREET, BONHAM, TX	7	0.2004	SHARED_STEM_OR_PREFIX
S1-817802155	Petronilla Sult Royalties L.L.C.	1012 Sharpsburg Circle, Irondale, AL	US	S2-562458553	Petronilla Zarraga Sterling LLC Service	#61069 SPARKLE SPUR PL, SADDLEBROOKE, AZ	8	0.2004	SHARED_STEM_OR_PREFIX
S1-817802155	Petronilla Sult Royalties L.L.C.	1012 Sharpsburg Circle, Irondale, AL	US	S2-235861493	Petronilla Shirkey Únited Floating	PHENIX CITY, AL, 5295 RIVERCHASE DRIVE	9	0.2004	SHARED_NAME_AND_LOCATION_TOKENS
S1-369711048	Robichaud Voya LLC	82 Erobi Ln, Iowa City, IA	US	S2-699165207	Robichaud Robichaud Flosd	8735 CELEBRATION ST, CHINO, CA	7	0.5275	SHARED_STEM_OR_PREFIX
S1-369711048	Robichaud Voya LLC	82 Erobi Ln, Iowa City, IA	US	S2-44107733	Robichaud Fóods	1240 101RD AVE E, TULSA, OK	10	0.4308	SHARED_STEM_OR_PREFIX
S1-501296085	Valley & Co	Flat No 33 B, Udaygiri 1St, Sector 34, Uttar Pradesh, Gautam Buddha Nagar, Noida	India	S3-296671461	Valley Co &	R9/120/7/2, Latur, MH	1	1.1393	SHARED_STEM_OR_PREFIX
S1-501296085	Valley & Co	Flat No 33 B, Udaygiri 1St, Sector 34, Uttar Pradesh, Gautam Buddha Nagar, Noida	India	S2-155669610	valley.com	R4-9/120/7/2, NEAR OM CITY L I C COLONY, LATUR, Maharashtra	2	0.3506	SHARED_STEM_OR_PREFIX
S1-501296085	Valley & Co	Flat No 33 B, Udaygiri 1St, Sector 34, Uttar Pradesh, Gautam Buddha Nagar, Noida	India	S2-695255886	valley consultants limited	ROOM NO. 2/1305-E, 2ND FLOOR, THOUFEEQ ARCADE, THOTTUNGAL, THRISSUR ROAD RAMANATTUKARA, KOZHKODE, ERNAD, MALAPPURAM, കേരളം	3	0.3506	SHARED_NAME_AND_LOCATION_TOKENS
S1-501296085	Valley & Co	Flat No 33 B, Udaygiri 1St, Sector 34, Uttar Pradesh, Gautam Buddha Nagar, Noida	India	S2-955298081	VALLEY & CO ENTERPRISES COMPANY	R9/120/7/15, NEAR OM CITY L I C COLONY, LATUR, Maharashtra	4	0.3506	SHARED_STEM_OR_PREFIX
S1-501296085	Valley & Co	Flat No 33 B, Udaygiri 1St, Sector 34, Uttar Pradesh, Gautam Buddha Nagar, Noida	India	S3-309137633	Valley College Private Limited	North West, No 106/12, DL, Landmark Near Transformer No. 12 Village Pooth Kalan	7	0.3506	SHARED_NAME_AND_LOCATION_TOKENS
S1-501296085	Valley & Co	Flat No 33 B, Udaygiri 1St, Sector 34, Uttar Pradesh, Gautam Buddha Nagar, Noida	India	S3-325486954	valley college private limited		9	0.3506	SHARED_STEM_OR_PREFIX
S1-967153211	Sharl's Hair Studio LLC	9335 Horseshoe Bend Drive, Charlotte, NC	US	S2-42331319	Sharl's Haar Studio Group	934 Horseshoe Bend Dr, CHARLOTTE, NC	4	0.7899	SHARED_NAME_AND_LOCATION_TOKENS
S1-967153211	Sharl's Hair Studio LLC	9335 Horseshoe Bend Drive, Charlotte, NC	US	S3-583850291	Sharl's Hacr Studio	467 Aurora St, Lancaster, New York	6	0.7899	SHARED_STEM_OR_PREFIX
S1-967153211	Sharl's Hair Studio LLC	9335 Horseshoe Bend Drive, Charlotte, NC	US	S2-310013013	Sharl's Seafood-LP	4222 EMPEROR BLVD, DURHAM, NC	10	0.5039	SHARED_NAME_AND_LOCATION_TOKENS
S1-300031623	City It Limited	I-110Mayapuri Indl Area Phase-Ii, New Delhi, West Delhi, Delhi	India	S3-235512216	City It Limited	Gandhi Nagar, Kadavan, Thara, KL, Ernakulam, N/A, 38/225 Opp. Fire Station	1	1.1431	SHARED_STEM_OR_PREFIX
S1-300031623	City It Limited	I-110Mayapuri Indl Area Phase-Ii, New Delhi, West Delhi, Delhi	India	S3-695562762	City It Limited	Fl No 10, Bl D, Ashwini Palaces 65/1/5, Opp Raheja Garden, Pune, MH	2	1.1431	SHARED_STEM_OR_PREFIX
S1-300031623	City It Limited	I-110Mayapuri Indl Area Phase-Ii, New Delhi, West Delhi, Delhi	India	S2-526592560	City It Limited Private	016, MEGHAL INDUSTRIAL ESTATE, DEVI DAYAL ROAD, OPP. JOHNSON & JOHNSON CO. MULUND (WEST), MUMBAI, महाराष्ट्र	4	0.6048	SHARED_NAME_AND_LOCATION_TOKENS
S1-300031623	City It Limited	I-110Mayapuri Indl Area Phase-Ii, New Delhi, West Delhi, Delhi	India	S2-455703324	City It Textiles Pvt Ltd	NO 47 C/O SRI. NITISH KR CHANDA, S/O AK SINGH JAGDEO NAGAR, ARRAH, Bihar	9	0.2881	SHARED_STEM_OR_PREFIX
S1-300031623	City It Limited	I-110Mayapuri Indl Area Phase-Ii, New Delhi, West Delhi, Delhi	India	S2-264451477	City It Private Ltd	Rajasthan, WARD NO -1, PURA KI DHANI, SIKAR	10	0.2881	SHARED_STEM_OR_PREFIX
S1-98579303	Indian Technologies	Flat 19/1/16, Nabin Chandra Das Road, Kolkata, Kolkata, Howrah, West Bengal	India	S2-166678001	Indian Technologies	DOOR NO 28 H/O : SUDESHWAR SINGH, DHELWAN, SAMPATCHAK, बिहार	4	0.6621	SHARED_STEM_OR_PREFIX
S1-98579303	Indian Technologies	Flat 19/1/16, Nabin Chandra Das Road, Kolkata, Kolkata, Howrah, West Bengal	India	S3-111192508	Indian Technologies	Surat, 1St Floor, Lift No. 15 Raghukul Market, GJ, D/d/3418, Rinf Road	5	0.6621	SHARED_STREET_OR_ADDRESS
S1-98579303	Indian Technologies	Flat 19/1/16, Nabin Chandra Das Road, Kolkata, Kolkata, Howrah, West Bengal	India	S3-265855455	Indian (Technologies)	6Th Floor, Tiruvallur, Ambattur, TN	7	0.6621	SHARED_STEM_OR_PREFIX
S1-98579303	Indian Technologies	Flat 19/1/16, Nabin Chandra Das Road, Kolkata, Kolkata, Howrah, West Bengal	India	S2-420617607	Indian Technologies Private Limited	OFFICE NO. A-404, 4TH FLOOR, NISHAL ARCADE OPP. VAISHALI RAW HOUSE, PAL, SURAT, Gujarat	9	0.2858	SHARED_STEM_OR_PREFIX
S1-98579303	Indian Technologies	Flat 19/1/16, Nabin Chandra Das Road, Kolkata, Kolkata, Howrah, West Bengal	India	S2-172911227	Indian Technologies Limited Center	PLOT 795 528/541, SANGHAVI SADAN, 1ST FLOOR, J.S.S. ROAD, CHIRA BAZAR., MUMBAI, Maharashtra	10	0.2858	SHARED_STREET_OR_ADDRESS
S1-576857452	Urban Investment Private Limited	709, 7Th Flr, Kosha Kommercial Komplex, Malad East, Mumbai, Maharashtra	India	S2-118800618	Urban  Investment Private-Limited	FLAT F#1, 1ST FLOOR, RIGHT CHOICE CRYSTAL APARTMENTS SABARI NAGAR 3RD EXTN, MUGALIVAKKAM KANCHEEPURAM, Tamil Nadu	3	0.6471	SHARED_STEM_OR_PREFIX
S1-576857452	Urban Investment Private Limited	709, 7Th Flr, Kosha Kommercial Komplex, Malad East, Mumbai, Maharashtra	India	S2-185576777	Urban Investment Private Limited	A/#3 RAJPIPLAOPP STANDARD CHARTERED BANK LINKING ROAD SANTACRUZ (W), MUMBAI, Maharashtra	5	0.6471	SHARED_NAME_AND_LOCATION_TOKENS
S1-576857452	Urban Investment Private Limited	709, 7Th Flr, Kosha Kommercial Komplex, Malad East, Mumbai, Maharashtra	India	S3-186289954	Urban Investment  Private Limited	4 At Post. Row House No A 2-13, Gangapur, Aurangabad, MH	6	0.6471	SHARED_STEM_OR_PREFIX
S1-121839562	Horizon Wholesale Labs LLC	OH, 7495 Lauren J Drive, Mentor	US	S2-264976198	Horizon Wholesale Labs L.L.C.	3061 Five Creek Rd, CHARLOTTE, NC	4	0.5975	SHARED_STEM_OR_PREFIX
S1-79772943	Nobles School of Medicine	Hereford, AZ, 6252 Saddlehorn Circle	US	S2-599596078	Nobles School of Medicine	50 MOCKINGBIRD LN, CAMPTON, KY	1	1.6270	SHARED_STEM_OR_PREFIX
S1-79772943	Nobles School of Medicine	Hereford, AZ, 6252 Saddlehorn Circle	US	S3-46098902	nobles school of medicine pc	Kentucky, Mockingbird Ln, Campton	5	0.8383	SHARED_STEM_OR_PREFIX
S1-79772943	Nobles School of Medicine	Hereford, AZ, 6252 Saddlehorn Circle	US	S2-471619618	Nobles Nobles Fifth	29856 LAWRENCE CIRCLE, LEWES, DE	8	0.2278	SHARED_NAME_AND_LOCATION_TOKENS
S1-79772943	Nobles School of Medicine	Hereford, AZ, 6252 Saddlehorn Circle	US	S2-773310034	Nobles, Kirk & Beksr LLC		10	0.1646	SHARED_STEM_OR_PREFIX
S1-694085192	Internal Medicine Associates	5227 Main Street, Unit 32, Downers Grove, IL	US	S3-374937202	AMERICAN ACADEMY	5227 Main St, Buffalo, New York	4	0.2672	SAME_GEOGRAPHY_AND_GENERIC_KEY
S1-694085192	Internal Medicine Associates	5227 Main Street, Unit 32, Downers Grove, IL	US	S2-254387698	Internal Medicine  [Associates]	434 HARRIS AVE, RAEFORD, NC	6	0.1756	SHARED_STEM_OR_PREFIX
S1-694085192	Internal Medicine Associates	5227 Main Street, Unit 32, Downers Grove, IL	US	S2-138749299	Internal Medicine Associates	11 DEL REY OAKS PL, MONTGOMERY, TX	7	0.1756	SHARED_STEM_OR_PREFIX
S1-694085192	Internal Medicine Associates	5227 Main Street, Unit 32, Downers Grove, IL	US	S2-939668034	Internal Medicine (Associates)	23351  ZOAR RD, GEORGETOWN, DE	9	0.1756	SHARED_STEM_OR_PREFIX
S1-525055772	Summit Network	8313 Sweet Cherry Lane, Laurel, MD	US	S2-848442696	Summit Network	RICHMONDVILLE, 46 FRANZEN ROAD, NY	3	0.4791	SHARED_STEM_OR_PREFIX
S1-525055772	Summit Network	8313 Sweet Cherry Lane, Laurel, MD	US	S2-180757993	Summit Network	27206 QUEENTREE RD, MECHNICSVILLE, MD	4	0.4791	SHARED_NAME_AND_LOCATION_TOKENS
S1-525055772	Summit Network	8313 Sweet Cherry Lane, Laurel, MD	US	S2-342480969	Summit Network	1145 THIRD ST, RUSHVILLE, IN	6	0.4791	SHARED_STEM_OR_PREFIX
S1-525055772	Summit Network	8313 Sweet Cherry Lane, Laurel, MD	US	S2-897531792	Summit Network	262 HEMLOKC LN, MARSALL, WI	7	0.4791	SHARED_STEM_OR_PREFIX
S1-525055772	Summit Network	8313 Sweet Cherry Lane, Laurel, MD	US	S2-525209751	Summit (Network)	13811 WEST RD, HOUSTON, TX	8	0.4791	SHARED_STEM_OR_PREFIX
S1-525055772	Summit Network	8313 Sweet Cherry Lane, Laurel, MD	US	S2-377242212	SUMMIT (NETWORK)	7411 MESCAL ST, AZ, PEORIA	9	0.4791	SHARED_STEM_OR_PREFIX
S1-525055772	Summit Network	8313 Sweet Cherry Lane, Laurel, MD	US	S2-293203584	Summit (Network)	OR, PORTLAND, 511 150ST PLACE	10	0.4791	SHARED_STEM_OR_PREFIX
S1-376690332	Nilam Automation Private Limited	Gbr 203, Alpha Building, Ghodbunder Road, Kasarvadavli Naka, Kasa, Rvadavli, Thane, Maharashtra	India	S2-972352706	Nilam &  Co	DOOR NO.4/636 (1), CHINNAKOTHUR, GANGOJI KOTHUR, KRISHNAGIRI, KRISHNAGIRI, Tamil Nadu	7	0.0933	SHARED_STEM_OR_PREFIX
S1-376690332	Nilam Automation Private Limited	Gbr 203, Alpha Building, Ghodbunder Road, Kasarvadavli Naka, Kasa, Rvadavli, Thane, Maharashtra	India	S2-405284574	Nilam Center-Traders	PLOT NO. CU-C-3 MIDC VINCHUR, TAL-NIPHAD, NASHIK, महाराष्ट्र	8	0.0933	SHARED_STEM_OR_PREFIX
S1-376690332	Nilam Automation Private Limited	Gbr 203, Alpha Building, Ghodbunder Road, Kasarvadavli Naka, Kasa, Rvadavli, Thane, Maharashtra	India	S2-457895484	Nilam India (afIands) Private Limited	223/D12, MOH. RAJNI VIHMR, KHERA NAGAR PALIKA, GHAZIABAD, Uttar Pradesh	10	0.0933	SHARED_STEM_OR_PREFIX
S1-219548536	Dahlen Direct Muniyield	215 Victoria Road, Hartford, CT	US	S2-426632230	Dahlen Direct Vision Center PC	117 SAINT LOUIS STREET, MADISON, AL	2	0.8150	SHARED_STEM_OR_PREFIX
S1-219548536	Dahlen Direct Muniyield	215 Victoria Road, Hartford, CT	US	S3-62800929	Dahlen Direct Muniyield Co	1135 Carney Winters Rd, Ashland City, Tennessee	5	0.8150	SHARED_STEM_OR_PREFIX
S1-219548536	Dahlen Direct Muniyield	215 Victoria Road, Hartford, CT	US	S3-995522444	Dahlen Direct Service	1128 Carney Winters Road, Tennessee, Ashland City	6	0.8150	SHARED_STREET_OR_ADDRESS
S1-219548536	Dahlen Direct Muniyield	215 Victoria Road, Hartford, CT	US	S3-553041100	Dahlen Direct Mcuniyeld PC		8	0.8150	SHARED_STEM_OR_PREFIX
S1-219548536	Dahlen Direct Muniyield	215 Victoria Road, Hartford, CT	US	S2-521811207	dahlendirectmuniyield.com	63. SAINT LOUIS STREET, MADISON, AL	10	0.4250	SAME_GEOGRAPHY_AND_GENERIC_KEY
S1-410701476	Perry Oaktree	312 Goldsboro Street, Fremont, NC	US	S2-297299656	Perry Oaktree Group	314B GOLDSBORO STREET, FREMONT ICTY, NC	3	0.7845	SHARED_STREET_OR_ADDRESS
S1-862338675	Sloan Mountain Grid Corp	3315 80th Street, City Of Kenosha, WI	US	S3-334451809	Sloan Mountain 6rid  LLC	253 Florida Street, Evansville, Indiana	2	0.8097	SHARED_STREET_OR_ADDRESS
S1-862338675	Sloan Mountain Grid Corp	3315 80th Street, City Of Kenosha, WI	US	S3-129261544	Sloan Mountain Grid Group	3317 80th Street, City Of Kenosha, Wisconsin	4	0.8097	SHARED_STREET_OR_ADDRESS
S1-862338675	Sloan Mountain Grid Corp	3315 80th Street, City Of Kenosha, WI	US	S3-155574203	Sloan Mountain Grid Co	Dallas, 451 Sunbeam Avenue, Texas	5	0.8097	SHARED_STEM_OR_PREFIX
S1-862338675	Sloan Mountain Grid Corp	3315 80th Street, City Of Kenosha, WI	US	S2-784661130	Sloan Moudnrain Grid	SUNBEAM AVENUE, DALLAS, TX	6	0.4357	SHARED_STEM_OR_PREFIX
S1-448345019	Urban Construction Private Limited	Flat No. B1/604, Minar Regency Talao Pali Mumbra, Thane, Maharashtra	India	S2-24322829	Urban Construction Private Limited	D/2/1A, RAJENDRA NAGAR SECTOR-2, SHAHIBABAD, GHAZIABAD, उत्तर प्रदेश	2	0.5212	SHARED_STEM_OR_PREFIX
S1-448345019	Urban Construction Private Limited	Flat No. B1/604, Minar Regency Talao Pali Mumbra, Thane, Maharashtra	India	S2-395439180	Urban  Construction Private Limited	A/2, PANCHGANGA RAHIWASI SANGH, DATTA MANDIR X ROAD BAHANUKAR WADI, KANDIWALI (WEST), महाराष्ट्र	3	0.5212	SHARED_STEM_OR_PREFIX
S1-448345019	Urban Construction Private Limited	Flat No. B1/604, Minar Regency Talao Pali Mumbra, Thane, Maharashtra	India	S3-115929348	Urban Construction  Private Limited		4	0.5212	SHARED_STEM_OR_PREFIX
S1-448345019	Urban Construction Private Limited	Flat No. B1/604, Minar Regency Talao Pali Mumbra, Thane, Maharashtra	India	S3-18174377	Urban Construction Private Limited	राजस्थान, Bikaner, Udasar, Siv Shakti Vihar Opp. 220 Kvgss Jaipur Road	6	0.5212	SHARED_STEM_OR_PREFIX
S1-448345019	Urban Construction Private Limited	Flat No. B1/604, Minar Regency Talao Pali Mumbra, Thane, Maharashtra	India	S3-131355534	Urban  Construction Private Limited	9-43-106/1-27/8A, Nandamuri Nagar, Krishna, Vijayawada (Urban), AP	7	0.5212	SHARED_STEM_OR_PREFIX
S1-448345019	Urban Construction Private Limited	Flat No. B1/604, Minar Regency Talao Pali Mumbra, Thane, Maharashtra	India	S3-601602845	Urban Construction Private Limited	#7-15, Manjusree, 1St Floor Chinnappa Layout, Mahadevapura, Bangalore, KA	8	0.5212	SHARED_STEM_OR_PREFIX
S1-448345019	Urban Construction Private Limited	Flat No. B1/604, Minar Regency Talao Pali Mumbra, Thane, Maharashtra	India	S3-410515172	Urban Construction Private Limited	Bhimavaram, H.no: 1-4-14, AP, Suryanarayanapuram Main Road Revenue Ward No 2, West Godavari	9	0.5212	SHARED_NAME_AND_LOCATION_TOKENS
S1-883829621	Orange Metals Private Limited	Flat No 209, B-2 Vaishnav Building, Surendra Place, Bhopal, Madhya Pradesh	India	S2-43259690	orangemedicalcentrecom	M.K. ##1461 KEVLRAM GALLI AUSA, LATUR, Maharashtra	6	0.2860	SAME_GEOGRAPHY_AND_GENERIC_KEY
S1-883829621	Orange Metals Private Limited	Flat No 209, B-2 Vaishnav Building, Surendra Place, Bhopal, Madhya Pradesh	India	S2-398858701	Chennai Services (Corporation)	FLAT NO A-209, S.NO-230/1B, THE COURTY YARDAPPTS, MANAPAKKAM MAIN ROAD, CHENNAI, தமிழ்நாடு	9	0.1017	SAME_GEOGRAPHY_AND_GENERIC_KEY
S1-883829621	Orange Metals Private Limited	Flat No 209, B-2 Vaishnav Building, Surendra Place, Bhopal, Madhya Pradesh	India	S2-871905544	प्रीमियर हाई इंडस्ट्रीज प्राइवेट लिमिटेड	S 209 PL 18 20 FLAT NO 910 NITRON HOME LAND, PUNE, Maharashtra	10	0.1017	SAME_GEOGRAPHY_AND_GENERIC_KEY
S1-153055996	Summit Associates	1391 Country Lane, Bellingham, WA	US	S3-255935900	Pacific Horse	1391 Country Ln, Bellingham, Washington	6	0.2500	SAME_GEOGRAPHY_AND_GENERIC_KEY
S1-153055996	Summit Associates	1391 Country Lane, Bellingham, WA	US	S3-349831247	Urology Group Ínc.	1391 Country Lane, Bellingham, Washington	7	0.2500	SHARED_STREET_OR_ADDRESS
S1-153055996	Summit Associates	1391 Country Lane, Bellingham, WA	US	S2-740063504	Summit  Assciatin	1304 ELK CREEK ROAD, DELHI CITY, NY	10	0.1186	SHARED_STEM_OR_PREFIX
S1-252433119	Secure Telecom Collective	2909 Pasture View Court, Powell, OH	US	S2-969071361	SECURE TELECOM ADVISORS LLC	WAUCONDA, IL, 2510  CONEFLOWER CT	4	0.3085	SHARED_STEM_OR_PREFIX
S1-252433119	Secure Telecom Collective	2909 Pasture View Court, Powell, OH	US	S2-215230912	SECURE TELECOM SYSTEMS PARTNERS	289 CLEARFIELD DRIVE, ANGIER, NC	5	0.3085	SHARED_STEM_OR_PREFIX
S1-252433119	Secure Telecom Collective	2909 Pasture View Court, Powell, OH	US	S2-956210721	*** Secure  Telecom	120-C 4RD ST, WI, RIO	8	0.3085	SHARED_STEM_OR_PREFIX
S1-252433119	Secure Telecom Collective	2909 Pasture View Court, Powell, OH	US	S2-617303390	Secure Telecom Systems Coastal Corporation	1510 ANISE DR, AUSIN, TX	10	0.3085	SHARED_STEM_OR_PREFIX
S1-638466806	Radhey Basket Private Limited	Panchratna Office No. 624/1 Karve Road Erandawane, Pune, Maharashtra	India	S2-173322955	Radhey Speech Private Limited	PANCHRATNA OFFICE NO. 624/3  KARVE ROAD ERANDAWANE, PUNE, Maharashtra	5	0.2500	SHARED_STREET_OR_ADDRESS
S1-638466806	Radhey Basket Private Limited	Panchratna Office No. 624/1 Karve Road Erandawane, Pune, Maharashtra	India	S3-162255804	Nri Basket-Limited Basket-Limited	Door No 202 Alok Appartments, S No 1115, Ganesh Khind Road, Opposite One Modi Baug, Shivajinagar, Pune, MH	10	0.1540	SHARED_STREET_OR_ADDRESS
S1-827102573	Oncology Optimal Medicine PC	7295 Sunset Strip Avenue, Canton, OH	US	S2-148470160	Oncology Optimal Speecrdaltsts	2327 GERENWOOD CEMETERY RD, DANVILLE, IL	5	0.1528	SHARED_STEM_OR_PREFIX
S1-827102573	Oncology Optimal Medicine PC	7295 Sunset Strip Avenue, Canton, OH	US	S2-41028061	Oncology Optimal Associates Corporation	14 MT LAUREL CT, CROMWELL, CT	8	0.1528	SHARED_STEM_OR_PREFIX
S1-827102573	Oncology Optimal Medicine PC	7295 Sunset Strip Avenue, Canton, OH	US	S2-109154997	ONCOLOGY GROUP OPTIMAL	1280 THOUSAND ACRES ROAD, DUANESBURG, NY	10	0.1528	SHARED_STEM_OR_PREFIX
S1-989439466	Value Digital Concepts	20464 Cooks Drive, Marshall, IL	US	S2-332103621	VALUE DIGITAL ÉNVIRONMENTAL	WILDFIRE LANE, SACRAMENTO CITY, CA	3	0.3333	SHARED_STEM_OR_PREFIX
S1-989439466	Value Digital Concepts	20464 Cooks Drive, Marshall, IL	US	S2-982317286	Value Digital  Products	ARLINGTON, 7330 1/2 OXFORD DR, WA	4	0.3333	SHARED_STEM_OR_PREFIX
S1-989439466	Value Digital Concepts	20464 Cooks Drive, Marshall, IL	US	S2-150172156	VALUE DIGITAL STUDIOS INC	WOLCOTT, NY, 4546-D Paylor Rd	6	0.3333	SHARED_STEM_OR_PREFIX
S1-989439466	Value Digital Concepts	20464 Cooks Drive, Marshall, IL	US	S2-757161802	Value Digital LLC Center	11207 WINDING BROOK LN, GERMANTOWN, MD	10	0.3333	SHARED_STEM_OR_PREFIX
S1-3732976	Strategic Fund, LLC	10486 Montecarlo Place, City Of Socorro, TX	US	S2-614982018	Strategic Fund L.L.C.	14431 HUNTERS PASS, AUSTIN, TX	1	0.8696	SHARED_NAME_AND_LOCATION_TOKENS
S1-3732976	Strategic Fund, LLC	10486 Montecarlo Place, City Of Socorro, TX	US	S2-161462069	STRATEGIC FUND, INC	10507 MONTECARLO PLACE, EL PSO, TX	5	0.3312	SHARED_NAME_AND_LOCATION_TOKENS
S1-3732976	Strategic Fund, LLC	10486 Montecarlo Place, City Of Socorro, TX	US	S2-438764782	STRATEGIC FUND	14431 HUNTERS PASS, AUSTIN, TX	6	0.3312	SHARED_NAME_AND_LOCATION_TOKENS
S1-3732976	Strategic Fund, LLC	10486 Montecarlo Place, City Of Socorro, TX	US	S3-774072828	Strategic Fund Holdings	1443 Hunters Pass, Austin, Texas	7	0.3312	SHARED_STEM_OR_PREFIX
S1-31205819	Tirupati Media Pvt Ltd	Zeelproperties Panchkutir, Pawarwadi A S Marg Powai, Mumbai, Maharashtra	India	S3-579140349	tirupati media pvt ltd	1514/22/6, Ghaziabad, UP	2	0.7931	SHARED_STEM_OR_PREFIX
S1-31205819	Tirupati Media Pvt Ltd	Zeelproperties Panchkutir, Pawarwadi A S Marg Powai, Mumbai, Maharashtra	India	S2-287053358	Tirupati Media Technologies Private Ltd	Haryana, 697/54 NEAR KATHMANDI, ROHTAK	4	0.1681	SHARED_STEM_OR_PREFIX
S1-31205819	Tirupati Media Pvt Ltd	Zeelproperties Panchkutir, Pawarwadi A S Marg Powai, Mumbai, Maharashtra	India	S2-792152569	Tirupati Media Public Limited	SR.NO 74/3/9, IMPRESSIONS, FL.NO.302 NEAR KATRAJ DAIRY., PUNE, Maharashtra	5	0.1681	SHARED_NAME_AND_LOCATION_TOKENS
S1-31205819	Tirupati Media Pvt Ltd	Zeelproperties Panchkutir, Pawarwadi A S Marg Powai, Mumbai, Maharashtra	India	S2-566303998	Tirupati Media Private	##70/1 PURASAWALKAM HIGH ROAD PURASAWALKAM, CHENNAI, Tamil Nadu	6	0.1681	SHARED_STEM_OR_PREFIX
S1-31205819	Tirupati Media Pvt Ltd	Zeelproperties Panchkutir, Pawarwadi A S Marg Powai, Mumbai, Maharashtra	India	S2-539990820	Tirupati Media Jewellers	GIDC ENG K 02/11, SHED SECTOR 28 - ENG ZONE, GANDHINAGAR, GANDHINAGAR, Gujarat	7	0.1681	SHARED_STEM_OR_PREFIX
S1-31205819	Tirupati Media Pvt Ltd	Zeelproperties Panchkutir, Pawarwadi A S Marg Powai, Mumbai, Maharashtra	India	S2-137008350	Tirupati Media Motors Limited	NO 19A NABIN PAL LANE, KOLKATA, West Bengal	9	0.1681	SHARED_STEM_OR_PREFIX
S1-31205819	Tirupati Media Pvt Ltd	Zeelproperties Panchkutir, Pawarwadi A S Marg Powai, Mumbai, Maharashtra	India	S2-188038006	Tirupati Media Private Limited	#45 C/O- SHAYM SUNDAR SETHY BADADANDA SAHI, NEXT TO DIET UNIVERSITY, KEONJHAR, Odisha	10	0.1681	SHARED_STEM_OR_PREFIX
S1-895771779	24HR Towing	641 Midfield Drive, Maumee, OH	US	S2-979911726	24HR  [Towing]	19 CRMU RD, WALKERSVILLE, MD	5	0.5316	SHARED_STEM_OR_PREFIX
S1-895771779	24HR Towing	641 Midfield Drive, Maumee, OH	US	S2-457147999	24HR  Towing	723 SMYRNA CLAYTON BOULEVARD, SMYRNA, DE	6	0.5316	SHARED_STEM_OR_PREFIX
S1-895771779	24HR Towing	641 Midfield Drive, Maumee, OH	US	S2-111713480	24HR Towing	15393 NISQUALLI RD, VICTORVILLE, CA	7	0.5316	SHARED_STEM_OR_PREFIX
S1-895771779	24HR Towing	641 Midfield Drive, Maumee, OH	US	S2-155370097	24HR Towing	3017 WINTERBERRY DRIVE, NOLENSVILLE, TN	8	0.5316	SHARED_STREET_OR_ADDRESS
S1-29354465	Horizon Freight Systems LLC	251 Larry Parsons Road, Ellerbe, NC	US	S2-939435831	Horizon Freight  Labornoies LLC	LONDOON, KY, 209 MCGILL WYAN RD	3	0.1870	SHARED_STEM_OR_PREFIX
S1-29354465	Horizon Freight Systems LLC	251 Larry Parsons Road, Ellerbe, NC	US	S2-18061937	horizon freight dynamics, inc	41-43 Webster Heights Drive, VILLAGE OF ALLOUEZ, WI	5	0.1870	SHARED_STEM_OR_PREFIX
S1-29354465	Horizon Freight Systems LLC	251 Larry Parsons Road, Ellerbe, NC	US	S2-584750796	HORIZON FREIGHT DYNAMICS, CO	WI, VILLAGE OF ALLOUEZ, 43 WEBSTER HEIGHTS DRIVE	6	0.1870	SHARED_STEM_OR_PREFIX
S1-29354465	Horizon Freight Systems LLC	251 Larry Parsons Road, Ellerbe, NC	US	S2-953683911	Horizon Freight Partners, Inc	AL, MONTGOMERY, 3866 ANTOINETTE DR	9	0.1870	SHARED_STEM_OR_PREFIX
S1-772189406	Cordelia Lalanne Teucrium LLC	Millcreek, UT, 986 Olympus Ridge Cove	US	S3-229708187	Cordelia Lalanne  Teucrium Harbor LLC	993-995 Olympus Ridge Cv, Millcreek, Utah	4	0.7619	SHARED_NAME_AND_LOCATION_TOKENS
S1-772189406	Cordelia Lalanne Teucrium LLC	Millcreek, UT, 986 Olympus Ridge Cove	US	S3-375790857	cordelia cordelia a. garcia, m.d.	500 Broadway, Farmington, Utah	6	0.2534	SHARED_STEM_OR_PREFIX
S1-772189406	Cordelia Lalanne Teucrium LLC	Millcreek, UT, 986 Olympus Ridge Cove	US	S2-565939815	Cordelia A. Garcia, M.D. Summit	509 Broadway, FARMINGTON, UT	9	0.1891	SHARED_NAME_AND_LOCATION_TOKENS
S1-872627167	Anand Brothers Limited	Flat No 703 Gut No 70/1 Pearl Shell Near Nath S, Aurangabad, Maharashtra, Aurangabad	India	S3-71834999	ANAND BROTHERS LIMITED	Door No 7B T-1 Dilshad Garden Shahdara, Delhi, East Delhi, DL	1	1.0370	SHARED_NAME_AND_LOCATION_TOKENS
S1-872627167	Anand Brothers Limited	Flat No 703 Gut No 70/1 Pearl Shell Near Nath S, Aurangabad, Maharashtra, Aurangabad	India	S2-310563636	Anand Brothers Enterprises Private Limited	#4 , BLDG-2, SHIVALAY INDUSTRIAL ESTATE-II, CHINCH PADA, VILLAGE GOKHIWARE, VASAI RO, AD (E), VASAI ROAD EAST, महाराष्ट्र	3	0.4120	SHARED_STEM_OR_PREFIX
S1-872627167	Anand Brothers Limited	Flat No 703 Gut No 70/1 Pearl Shell Near Nath S, Aurangabad, Maharashtra, Aurangabad	India	S2-327510123	Anand Brothers  Ltd	H.NO 299BLOCK. - ES F S FLATS SECTOR - 18 ROHINI, NEW DELHI, Delhi	4	0.4120	SHARED_NAME_AND_LOCATION_TOKENS
S1-872627167	Anand Brothers Limited	Flat No 703 Gut No 70/1 Pearl Shell Near Nath S, Aurangabad, Maharashtra, Aurangabad	India	S2-369547177	Anand Brothers Prívate Limited	BLOCK C-00606 107, NEW MODEL TOWN, LUDHIANA, Punjab	5	0.4120	SHARED_STEM_OR_PREFIX
S1-872627167	Anand Brothers Limited	Flat No 703 Gut No 70/1 Pearl Shell Near Nath S, Aurangabad, Maharashtra, Aurangabad	India	S2-868214821	ANAND BROTHERS LIMITED SERVICES	BUILDING NO. 61/3974, A3, NEAR MEDICAL TRUST HSPITAL, PALLIMUKKU, ERNAKULAM, Keralam	6	0.4120	SHARED_NAME_AND_LOCATION_TOKENS
S1-173906255	Curatolo, Juergens and Arrington	410 Mission Trail, Wimberley, TX	US	S2-635955131	Curatolo, Juergens and Arrington Corp	137 VINE ST, JAMESTOWN, IN	5	1.0970	SHARED_STEM_OR_PREFIX
S1-173906255	Curatolo, Juergens and Arrington	410 Mission Trail, Wimberley, TX	US	S2-185229606	Curatolo, Juergens and Arrington Holdings	##W11490 6ND RD, TOWN OF BEAVER, WI	6	1.0970	SHARED_STEM_OR_PREFIX
S1-173906255	Curatolo, Juergens and Arrington	410 Mission Trail, Wimberley, TX	US	S2-608606797	Curatolo, Juergens and Arinnn Inc.	134-138 VINE ST, JAMESTOWN, IN	7	1.0344	SHARED_STEM_OR_PREFIX
S1-173906255	Curatolo, Juergens and Arrington	410 Mission Trail, Wimberley, TX	US	S2-368586128	CO CURATOLO, JUERGENS AND ARRINGTON	414 Mission Trl, WIMBERLEY, TX	10	0.5912	SHARED_NAME_AND_LOCATION_TOKENS
S1-566012078	Aarvin India Private Limited	West Bengal, Murshidabad, 16/A Radhika Mohan Sen Road, Berhampore, Baharampur West Bengal	India	S2-566909086	Aarvin India (Corp)	C-61, 02TH FLOOR SOUTH EXTENSION PART -II, NEW DELHI, दिल्ली	6	0.6046	SHARED_STEM_OR_PREFIX
S1-566012078	Aarvin India Private Limited	West Bengal, Murshidabad, 16/A Radhika Mohan Sen Road, Berhampore, Baharampur West Bengal	India	S2-698669903	Aarvin India	H.NO 1-9-123  & 124 3RD FLOOR, RAMNAGAR, MUSHEERABAD, HYDERABAD, తెలంగాణ	7	0.6046	SHARED_STEM_OR_PREFIX
S1-610266870	High Estate Limited	Pl. No. 11, W.No.54, Radhika Nagar No.1, Near Hanuman Temple, Amravati, Maharashtra	India	S2-533569887	High  Estate Limited	Maharashtra, RADHAINAGAR C-106, NEAR GOVIND GARDEN PIMPLE SAUDAGAR, PUNE	1	0.8674	SHARED_NAME_AND_LOCATION_TOKENS
S1-610266870	High Estate Limited	Pl. No. 11, W.No.54, Radhika Nagar No.1, Near Hanuman Temple, Amravati, Maharashtra	India	S3-966245023	High Estate Limited	C1 - 208 Nandanvan Homes, Opp Reliance Market, Thane, MH	3	0.8674	SHARED_STEM_OR_PREFIX
S1-610266870	High Estate Limited	Pl. No. 11, W.No.54, Radhika Nagar No.1, Near Hanuman Temple, Amravati, Maharashtra	India	S3-289644203	High  Estate Limited	H No 4-1-79/2, Medchal-malkajgiri, Hyderabad, TG	4	0.8674	SHARED_NAME_AND_LOCATION_TOKENS
S1-610266870	High Estate Limited	Pl. No. 11, W.No.54, Radhika Nagar No.1, Near Hanuman Temple, Amravati, Maharashtra	India	S3-623605406	High Estate Limited	#7-369 Sr No 3/17, Thane, MH	5	0.8674	SHARED_NAME_AND_LOCATION_TOKENS
S1-610266870	High Estate Limited	Pl. No. 11, W.No.54, Radhika Nagar No.1, Near Hanuman Temple, Amravati, Maharashtra	India	S2-72894449	HIGH  ESTATE PRIVATE	###26 30/208, ANANDNAGAR, NR. KRUSHA SOCIETY, NR. 100 FT T.P. ROAD, SATELLITE, VEJALPU, R, AHMEDABAD, ગુજરાત	6	0.4221	SHARED_STEM_OR_PREFIX
S1-610266870	High Estate Limited	Pl. No. 11, W.No.54, Radhika Nagar No.1, Near Hanuman Temple, Amravati, Maharashtra	India	S2-596113150	High Estate Private	C 502., CELESTIAL GREENS, 6, OLD MADRAS ROAD, NAGAVARAPALYA, CV RAMAN NAGAR, BANGALORE, BANGALORE NORTH, Karnataka	10	0.4221	SHARED_STREET_OR_ADDRESS
S1-506810298	ZE Corporate	575 Thornhill Drive, Unit 116, Carol Stream, IL	US	S2-762644367	Z & E Corp  Services	935 DANIELS ST STREET, FORDLAND, MO	5	0.3095	SAME_GEOGRAPHY_AND_GENERIC_KEY
S1-162806244	Claudine Thompson Mitsubishi Corp	41251 Hearne Road, New London, NC	US	S2-481659958	CLAUDINE THOMPSON  MITSU8ISHI	822 420, SANTAQUIN CITY (UTAH CO), UT	3	0.4699	SHARED_STEM_OR_PREFIX
S1-162806244	Claudine Thompson Mitsubishi Corp	41251 Hearne Road, New London, NC	US	S2-192437645	Claudine Thompson Mitsubishi Midtown Corp	041264 HEARNE RD, NEW LONDON, NC	4	0.4699	SHARED_NAME_AND_LOCATION_TOKENS
S1-162806244	Claudine Thompson Mitsubishi Corp	41251 Hearne Road, New London, NC	US	S2-162703660	Claudine Thompson Mítsubishi	SECOND ST, CLINTON, IA	5	0.4699	SHARED_STEM_OR_PREFIX
S1-162806244	Claudine Thompson Mitsubishi Corp	41251 Hearne Road, New London, NC	US	S2-489732303	Claudine  Thompson Center	420, SANTAQUIN CITY (UTAH CO), UT	9	0.4699	SHARED_STEM_OR_PREFIX
S1-162806244	Claudine Thompson Mitsubishi Corp	41251 Hearne Road, New London, NC	US	S3-144938305	CLAUDINE THOMPSON MITSUBISHI	Clinton, Iowa, 508 Second St	10	0.4699	SHARED_STEM_OR_PREFIX
S1-50643392	Loum Lending Inc	2861 Josephine Street, Mobile, AL	US	S2-367781444	loum loum charles co	WV, 8839 VICTORY AVE, GRAFTON	3	0.1270	SHARED_STEM_OR_PREFIX
S1-50643392	Loum Lending Inc	2861 Josephine Street, Mobile, AL	US	S2-167560695	Loum Loum LLC Metro	176 COUNTY ROAD 136, HALLETTSVILLE, TX	4	0.1270	SHARED_STEM_OR_PREFIX
S1-50643392	Loum Lending Inc	2861 Josephine Street, Mobile, AL	US	S2-23429662	Loum-LLC	40 RENSHAW LANE, FUQUAY VARINA, NC	6	0.0635	SHARED_STEM_OR_PREFIX
S1-50643392	Loum Lending Inc	2861 Josephine Street, Mobile, AL	US	S2-341668724	LOUM-GLASS LLC	62 WOODSTOCK RD, OAKLAND, ME	7	0.0635	SHARED_STEM_OR_PREFIX
S1-50643392	Loum Lending Inc	2861 Josephine Street, Mobile, AL	US	S2-754318629	Loum,	1842 MAIN ST, OSHKOSH, WI	9	0.0635	SHARED_STEM_OR_PREFIX
S1-395813861	Sampada Ventures Private Limited	No. 161, 2Nd Stage, 3Rd Block 2Nd F Cross, Nagarabhavi, Bangalore, Karnataka	India	S3-839468961	Sampada Vidyalaya Limited Center	C/o Hakimath, Malappuram, KL	4	0.5288	SHARED_STEM_OR_PREFIX
S1-395813861	Sampada Ventures Private Limited	No. 161, 2Nd Stage, 3Rd Block 2Nd F Cross, Nagarabhavi, Bangalore, Karnataka	India	S2-597161700	Sampada Télecommunications Private Limited		7	0.1904	SHARED_STEM_OR_PREFIX
S1-395813861	Sampada Ventures Private Limited	No. 161, 2Nd Stage, 3Rd Block 2Nd F Cross, Nagarabhavi, Bangalore, Karnataka	India	S2-503328419	Sampada Trlders Industries Private (Limited)	FLAT NO. 204/1 , JAYA COMPLEX, HIG-2, PHASE-6, KPHB, HYDERABAD, తెలంగాణ	8	0.1904	SHARED_NAME_AND_LOCATION_TOKENS
S1-395813861	Sampada Ventures Private Limited	No. 161, 2Nd Stage, 3Rd Block 2Nd F Cross, Nagarabhavi, Bangalore, Karnataka	India	S2-95102707	sampada petcare pvt ltd	A-1402, VIDEOCON TOWER, THAKUR COMPLEX, KANDIVALI EAST, MUMBAI, महाराष्ट्र	10	0.1904	SHARED_STEM_OR_PREFIX
S1-652331096	Arihant Infra Private Limited	Ig -Ii, 738 A, Vikas Puri, New Delhi, Delhi	India	S2-114613976	Arihant  Infra Private [Limited]	GROUND FLOOR, # 101, 12TH CROSS 16TH MAIN, BTM 1ST STAGE, BANGALORE, Karnataka	1	0.5125	SHARED_STEM_OR_PREFIX
S1-652331096	Arihant Infra Private Limited	Ig -Ii, 738 A, Vikas Puri, New Delhi, Delhi	India	S2-736204246	ARIHANT INFRA PRIVATE (LIMITED)	B-233 SECTOR-19, NOIDA, उत्तर प्रदेश	3	0.5125	SHARED_STEM_OR_PREFIX
S1-652331096	Arihant Infra Private Limited	Ig -Ii, 738 A, Vikas Puri, New Delhi, Delhi	India	S3-749514146	Arihant Infra-Private Limited	Navnagar, Hungund, Bagalkot, KA	5	0.5125	SHARED_STEM_OR_PREFIX
S1-652331096	Arihant Infra Private Limited	Ig -Ii, 738 A, Vikas Puri, New Delhi, Delhi	India	S3-314696286	ARIHANT INFRA PRIVATE LIMITED		9	0.5125	SHARED_STEM_OR_PREFIX
S1-652331096	Arihant Infra Private Limited	Ig -Ii, 738 A, Vikas Puri, New Delhi, Delhi	India	S3-176397185	Arihant-Infra Private-Limited	G-19 Apmc Market Phase-2vashi, MH, Navi Mumbai, Thane	10	0.5125	SHARED_STEM_OR_PREFIX
S1-436985273	Corner Pilates	KY, 116 Redwood Drive, Frankfort	US	S3-184273714	CORNERSTONE HERITAGE LIFE	Redwood Street, # Apartment 116, Coon Rapids, Minnesota	3	0.3230	SAME_GEOGRAPHY_AND_GENERIC_KEY
S1-436985273	Corner Pilates	KY, 116 Redwood Drive, Frankfort	US	S2-279413047	Corner-[Pilates]	5702 JOE HERREAR DR, CITY OF EL PASO, TX	7	0.1813	SHARED_STEM_OR_PREFIX
S1-436985273	Corner Pilates	KY, 116 Redwood Drive, Frankfort	US	S2-802679154	Corner Pilates	9970 42ND STREET, SAINT MICHAEL, MN	9	0.1813	SHARED_STEM_OR_PREFIX
S1-336308856	Rajendranagar Agro Private Limited	Rajendranagar, Hyderabad, Bandlaguda Jagir, Telangana, Pno13&14Fno 203 Mounika N	India	S2-612635532	Rajendranagar Agro Private	VILLA NO-5 PRESTIGE ROYALWOODS VILLAS, KISMATHPUR, RAJENDRANAGAR, Telangana	4	0.3817	SHARED_NAME_AND_LOCATION_TOKENS
S1-336308856	Rajendranagar Agro Private Limited	Rajendranagar, Hyderabad, Bandlaguda Jagir, Telangana, Pno13&14Fno 203 Mounika N	India	S2-997021448	Rajendranagar Agro Private	VILLA NO-5 PRESTIGE ROYALWOODS VILLAS, KISMATHPUR, RAJENDRANAGAR, Telangana	5	0.3817	SHARED_NAME_AND_LOCATION_TOKENS
S1-336308856	Rajendranagar Agro Private Limited	Rajendranagar, Hyderabad, Bandlaguda Jagir, Telangana, Pno13&14Fno 203 Mounika N	India	S2-975804310	Rajendranagar Agro Private	VILLA NO-5 PRESTIGE ROYALWOODS VILLAS, KISMATHPUR, RAJENDRANAGAR, Telangana	6	0.3817	SHARED_NAME_AND_LOCATION_TOKENS
S1-459696014	Arihant Builders Private Limited	11A, Lic Office Ke Piche Indra Nagar, Dibiyapur, Auraiya, Etawa, Uttar Pradesh	India	S2-14663995	Arihant Builders Private-Limited		1	0.5321	SHARED_STEM_OR_PREFIX
S1-459696014	Arihant Builders Private Limited	11A, Lic Office Ke Piche Indra Nagar, Dibiyapur, Auraiya, Etawa, Uttar Pradesh	India	S2-402592657	Arihant Builders Private Limited	दिल्ली, PLOT NO. 325, G/F BLOCK B, MOHAN GARDEN, UTTAM NAGAR, NEW DELHI	5	0.5321	SHARED_STREET_OR_ADDRESS
S1-459696014	Arihant Builders Private Limited	11A, Lic Office Ke Piche Indra Nagar, Dibiyapur, Auraiya, Etawa, Uttar Pradesh	India	S3-573361280	Arihant-Builders Private (Limited)	39, Ahmedabad, GJ	7	0.5321	SHARED_STEM_OR_PREFIX
S1-459696014	Arihant Builders Private Limited	11A, Lic Office Ke Piche Indra Nagar, Dibiyapur, Auraiya, Etawa, Uttar Pradesh	India	S3-34083922	ARIHANT BUILDERS PRIVATE LIMITED	Plot No.82to93, Flat No.302, Block 5(E), Casa Rouge, Kothaguda&kondapur Village, Rangareddy, TG	9	0.5321	SHARED_STEM_OR_PREFIX
S1-169008536	Urban Projects	C/O Alauddin Molla Noorpur Ramnagar 24 Parganas, Diamond Harbour - I, South 24 Parganas, West Bengal	India	S2-49289052	Urban Projects	C/O.BASHIR AHAMMED, S.K.S.M.FNDN., TRUST REG.SALAFI CENT., BEHIND KANKANADY MARKET, MANGALORE, Karnataka	1	0.5265	SHARED_NAME_AND_LOCATION_TOKENS
S1-169008536	Urban Projects	C/O Alauddin Molla Noorpur Ramnagar 24 Parganas, Diamond Harbour - I, South 24 Parganas, West Bengal	India	S2-779728347	Urban Projects	D-002 S/F M B ROAD SAKET, OPPOSITE M B ROAD, NEW DELHI, Delhi	2	0.5265	SHARED_STEM_OR_PREFIX
S1-169008536	Urban Projects	C/O Alauddin Molla Noorpur Ramnagar 24 Parganas, Diamond Harbour - I, South 24 Parganas, West Bengal	India	S2-262413931	Urban Projects	C/O VIKAS SEHGAL, BIBI WALA CHOWK, BATHINDA, ਪੰਜਾਬ	3	0.5265	SHARED_NAME_AND_LOCATION_TOKENS
S1-169008536	Urban Projects	C/O Alauddin Molla Noorpur Ramnagar 24 Parganas, Diamond Harbour - I, South 24 Parganas, West Bengal	India	S3-184186680	Urban Projects	C/o Vitas Sehgal, Bibi Wala Chowk, Bathinda, ਪੰਜਾਬ	5	0.5265	SHARED_NAME_AND_LOCATION_TOKENS
S1-169008536	Urban Projects	C/O Alauddin Molla Noorpur Ramnagar 24 Parganas, Diamond Harbour - I, South 24 Parganas, West Bengal	India	S3-187753480	Urban Projects	Door No 6 Gat No 356, Haveli, Pune, MH	6	0.5265	SHARED_STEM_OR_PREFIX
S1-169008536	Urban Projects	C/O Alauddin Molla Noorpur Ramnagar 24 Parganas, Diamond Harbour - I, South 24 Parganas, West Bengal	India	S3-290774323	Urban Projects	C/o Vikas Shegal, Bathinda, PB	7	0.5265	SHARED_NAME_AND_LOCATION_TOKENS
S1-169008536	Urban Projects	C/O Alauddin Molla Noorpur Ramnagar 24 Parganas, Diamond Harbour - I, South 24 Parganas, West Bengal	India	S3-271084776	#urbanprojects	S-8/114-8-3-a, D.i.g Colony, UP	8	0.3613	SAME_GEOGRAPHY_AND_GENERIC_KEY
S1-128347375	Anand Green Logistics Private Limited	107 First Floor Plot No-6T.C, Jaina Tower -2 District Centre Janak New Delhi, Delhi, Jaina Tower -2 District Centre Janak New Delhi, Delhi, New Delhi, West Delhi, Delhi	India	S3-843727805	Anand  Green Business Industries Private	Flta No.#91, Delhi, Anand Vihar Delhi, DL	2	0.7462	SHARED_NAME_AND_LOCATION_TOKENS
S1-128347375	Anand Green Logistics Private Limited	107 First Floor Plot No-6T.C, Jaina Tower -2 District Centre Janak New Delhi, Delhi, Jaina Tower -2 District Centre Janak New Delhi, Delhi, New Delhi, West Delhi, Delhi	India	S3-658138956	Anand Green Construction Limited	Panchasara Parshwanath Bhangwadi Premises Chs Ltd 13&27 Grnflr, MH, Lbadevi Rd, Mumbai	3	0.7462	SHARED_STEM_OR_PREFIX
S1-128347375	Anand Green Logistics Private Limited	107 First Floor Plot No-6T.C, Jaina Tower -2 District Centre Janak New Delhi, Delhi, Jaina Tower -2 District Centre Janak New Delhi, Delhi, New Delhi, West Delhi, Delhi	India	S2-620250338	anandgreatdevelopers.com	OFFICE NO. B-311, VIRWANI INDUSTRIAL ESTATE, WESTERN EXPRESS HIGHWAY, GOREGAON EAST, महाराष्ट्र	5	0.3400	SAME_GEOGRAPHY_AND_GENERIC_KEY
S1-128347375	Anand Green Logistics Private Limited	107 First Floor Plot No-6T.C, Jaina Tower -2 District Centre Janak New Delhi, Delhi, Jaina Tower -2 District Centre Janak New Delhi, Delhi, New Delhi, West Delhi, Delhi	India	S2-248066851	Anand Great International Private Ltd	DOOR NO 12/5 SATHYAMOORTHY ROAD VELANDIPALAYAM (PO), COIMBATORE, Tamil Nadu	6	0.3400	SHARED_NAME_AND_LOCATION_TOKENS
S1-128347375	Anand Green Logistics Private Limited	107 First Floor Plot No-6T.C, Jaina Tower -2 District Centre Janak New Delhi, Delhi, Jaina Tower -2 District Centre Janak New Delhi, Delhi, New Delhi, West Delhi, Delhi	India	S3-139981236	Anand Great कंसल्टेंट्स Private Limited	महाराष्ट्र, Thakurli, #28/6	8	0.3400	SHARED_STEM_OR_PREFIX
S1-128347375	Anand Green Logistics Private Limited	107 First Floor Plot No-6T.C, Jaina Tower -2 District Centre Janak New Delhi, Delhi, Jaina Tower -2 District Centre Janak New Delhi, Delhi, New Delhi, West Delhi, Delhi	India	S3-682683003	Anand Great Fóundation Private Limited	E-3c, Ground Floor, Gali No. - 23 Chanakya Place Part-1, Uttam Nagar, Delhi, West Delhi, दिल्ली	9	0.3400	SHARED_STREET_OR_ADDRESS
S1-493363382	Mitchell Rock of Phoenix, LLC	17950 68th Street, Unit 1044, Phoenix, AZ	US	S2-981173773	LLC Mitchell Rock East,	210 COMMON STREET, QUINCY, MA	5	0.3161	SHARED_STREET_OR_ADDRESS
S1-493363382	Mitchell Rock of Phoenix, LLC	17950 68th Street, Unit 1044, Phoenix, AZ	US	S2-485606702	Mitchell Rock of Phoenix West, [LLC]	17957- 68TH STREET, BOULDER HILLS, AZ	6	0.3161	SHARED_STREET_OR_ADDRESS
S1-493363382	Mitchell Rock of Phoenix, LLC	17950 68th Street, Unit 1044, Phoenix, AZ	US	S2-11553396	Mitchell [Rock,]	189 1/2 COMMON ST, QUINCY, MA	7	0.3161	SHARED_STEM_OR_PREFIX
S1-493363382	Mitchell Rock of Phoenix, LLC	17950 68th Street, Unit 1044, Phoenix, AZ	US	S2-245614219	Dietz Dynamic Iii  Inc	17950 68TH STREET, PHOOENIX, AZ	9	0.2092	SHARED_STREET_OR_ADDRESS
S1-457935815	Liberty Family Office PLLC	1028 Horah Street, Salisbury, NC	US	S2-395260418	-- Liberty Family LLC (Office)	336 BOYLSTON STREET, NEWTON, MA	5	0.1439	SHARED_STREET_OR_ADDRESS
S1-457935815	Liberty Family Office PLLC	1028 Horah Street, Salisbury, NC	US	S2-721596986	Liberty Family Practice Midtown	639 BROADWAY, LINDENHURST, NY	6	0.1439	SHARED_STEM_OR_PREFIX
S1-457935815	Liberty Family Office PLLC	1028 Horah Street, Salisbury, NC	US	S2-834101875	LIBERTY FAMILY PRACTICE CLINIC	59 WESTFORD STREET, SPRINGDALE, AR	9	0.1439	SHARED_STREET_OR_ADDRESS
S1-457935815	Liberty Family Office PLLC	1028 Horah Street, Salisbury, NC	US	S2-75447813	LIBERTY FAMILY PRACTICE	102 MAIN ST, FRANKFORT, NY	10	0.1439	SHARED_STEM_OR_PREFIX
S1-924009686	Elegance Events (India) Private Limited	Bangalore, Swati Enclave, Trb Layout 1St Main, 1St Cross, Bangalore, Karnataka, No. 401	India	S2-74384521	Elegance Events (India) Private Ltd	BUILDING NO. 6, 03RD FLOOR, SANT NAGAR, EAST OF KAILASH, NEW DELHI, दिल्ली	3	0.5330	SHARED_NAME_AND_LOCATION_TOKENS
S1-924009686	Elegance Events (India) Private Limited	Bangalore, Swati Enclave, Trb Layout 1St Main, 1St Cross, Bangalore, Karnataka, No. 401	India	S3-299131243	Elegance Events (India) Exports Private Limited	No 402, Banglore Urban, Bangalore, KA	5	0.5330	SHARED_NAME_AND_LOCATION_TOKENS
S1-924009686	Elegance Events (India) Private Limited	Bangalore, Swati Enclave, Trb Layout 1St Main, 1St Cross, Bangalore, Karnataka, No. 401	India	S3-266430450	Elegance Events (India) Private		6	0.5330	SHARED_STEM_OR_PREFIX
S1-924009686	Elegance Events (India) Private Limited	Bangalore, Swati Enclave, Trb Layout 1St Main, 1St Cross, Bangalore, Karnataka, No. 401	India	S3-124434635	Elegance Events (Índia) LLP	50 Building No. 19, 03Rd Floor, Sant Nagar, East Of Kailash, South Delhi, New Delhi, दिल्ली	7	0.5330	SHARED_NAME_AND_LOCATION_TOKENS
S1-924009686	Elegance Events (India) Private Limited	Bangalore, Swati Enclave, Trb Layout 1St Main, 1St Cross, Bangalore, Karnataka, No. 401	India	S2-529706321	Elegance Elegance Irida Holdings Pvt. Ltd.	DOOR NO ##67 DEHALI APPT V.I.P PARK, BB-100, NORTH 24 PGS, West Bengal	8	0.2671	SHARED_NAME_AND_LOCATION_TOKENS
S1-924009686	Elegance Events (India) Private Limited	Bangalore, Swati Enclave, Trb Layout 1St Main, 1St Cross, Bangalore, Karnataka, No. 401	India	S2-82042840	ELEGANCE ELEGANCE HOMES LTD.	R/0-B-87, T/F, WESTVINODNAGAR, DELHI, Delhi	9	0.2671	SHARED_STEM_OR_PREFIX
S1-924009686	Elegance Events (India) Private Limited	Bangalore, Swati Enclave, Trb Layout 1St Main, 1St Cross, Bangalore, Karnataka, No. 401	India	S2-912653926	Elegance Clinic (Corp)	Delhi, PLOT NO. 3, 2ND FLOOR, NEAR MCD FLAT, BAL VIDYA MANDIR SCHOOL, VILLAGE POOTH KALAN	10	0.2017	SHARED_NAME_AND_LOCATION_TOKENS
S1-820394674	Indu Trust	1001 Wing-D, Rustomjee, Paramount 18Th Rd, Khar W, Mumbai, Maharashtra	India	S2-837754478	Indu Training Prívate Limited	237-238 , UDYOG VIHAR PH-1, INDUSTRIAL COMPLEX DUNDAHERA, Haryana	6	0.2667	SHARED_STEM_OR_PREFIX
S1-820394674	Indu Trust	1001 Wing-D, Rustomjee, Paramount 18Th Rd, Khar W, Mumbai, Maharashtra	India	S2-767658652	Shri Greater Memorial	महाराष्ट्र, ##1001, B-WING, ELANZA, JAWAHAR LAL NEHRU ROAD, VAKOLA, SANTACRU, Z (EAST), MUMBAI	7	0.1682	SAME_GEOGRAPHY_AND_GENERIC_KEY
S1-820394674	Indu Trust	1001 Wing-D, Rustomjee, Paramount 18Th Rd, Khar W, Mumbai, Maharashtra	India	S2-729515920	South Funds Pvt	#1001- , B WING, BAJAJ EMERALD, S.N MARG, MUMBAI, Maharashtra	8	0.1682	SAME_GEOGRAPHY_AND_GENERIC_KEY
S1-820394674	Indu Trust	1001 Wing-D, Rustomjee, Paramount 18Th Rd, Khar W, Mumbai, Maharashtra	India	S2-652783358	Devendra Gárments Pvt Ltd	H.NO 1001 M WING, JADE GARDENS, GANDHI NAGAR, BEHIND MIG CLUB, BANDRA-EAST, MUMBAI, Maharashtra	9	0.1682	SAME_GEOGRAPHY_AND_GENERIC_KEY
S1-116247627	Smart Agricultural Works Associates	1255 Maple Avenue, Southport, NY	US	S2-590004435	SMART AGRICULTURAL WORKS CARE	3010 M 291 HWY, INDEPENDECE, MO	4	0.3553	SHARED_STEM_OR_PREFIX
S1-116247627	Smart Agricultural Works Associates	1255 Maple Avenue, Southport, NY	US	S2-91354766	Smart Agricultural Consultants, LLC	003932 SPICA WAY, VANDENBERG VILLAGE, CA	5	0.3553	SHARED_STEM_OR_PREFIX
S1-116247627	Smart Agricultural Works Associates	1255 Maple Avenue, Southport, NY	US	S2-790981797	Smart Agricultural	310  LESLIE STREET, GORDON, AL	7	0.3553	SHARED_STEM_OR_PREFIX
S1-116247627	Smart Agricultural Works Associates	1255 Maple Avenue, Southport, NY	US	S2-512321710	Smart Agricultural Systéms LLC	3  GREENWOOD SQUARE, BOSTON, MA	8	0.3553	SHARED_STEM_OR_PREFIX
S1-116247627	Smart Agricultural Works Associates	1255 Maple Avenue, Southport, NY	US	S2-478413816	Smart Agricultural Systems Llc | www.smartagri.com	3  GREENWOOD SQ, HYDE PARK, MA	9	0.3553	SHARED_STEM_OR_PREFIX
S1-116247627	Smart Agricultural Works Associates	1255 Maple Avenue, Southport, NY	US	S2-643793542	smart agricultural services	7600 SUFFIELD ST, IL, MORTON GROVE	10	0.3553	SHARED_STEM_OR_PREFIX
S1-409451774	All Cargo Company	4725 Chowen Avenue, Minneapolis, MN	US	S2-312667314	all cargo company	14350  B, TOWN OF SPARTA, WI	1	1.1250	SHARED_STEM_OR_PREFIX
S1-409451774	All Cargo Company	4725 Chowen Avenue, Minneapolis, MN	US	S3-486126935	All Cargo  Company	Arizona, 5629 Hidalgo Avenue, Phoenix	2	1.1250	SHARED_STREET_OR_ADDRESS
S1-409451774	All Cargo Company	4725 Chowen Avenue, Minneapolis, MN	US	S2-313032024	All Cargo Company Highland	14353 B, TOWN OF SPARTA, WI	5	0.5000	SHARED_STEM_OR_PREFIX
S1-409451774	All Cargo Company	4725 Chowen Avenue, Minneapolis, MN	US	S2-563384453	All-Cargo	1704 B BONNIE DOON AVE, YAKIMA, WA	7	0.5000	SHARED_STEM_OR_PREFIX
S1-409451774	All Cargo Company	4725 Chowen Avenue, Minneapolis, MN	US	S2-46824758	All Cargo  Partners Inc	3506- Trail Ridge Rd, LOUISVILLE, KY	8	0.5000	SHARED_STEM_OR_PREFIX
S1-270844042	Chellam Management Limited	C/O Omparkash S/O Umrao V.P.O. Makdola (42), Farukh Nagar, Gurgaon, Haryana	India	S2-108503833	Chellam Management-Pvt Ltd	IQBAL COMPLEX, OPP., BN COLLEGE, ASHOK RAJPATH, SAMPATCHAK, Bihar	3	0.7955	SHARED_STEM_OR_PREFIX
S1-270844042	Chellam Management Limited	C/O Omparkash S/O Umrao V.P.O. Makdola (42), Farukh Nagar, Gurgaon, Haryana	India	S2-992436915	CHELLAM MANAGEMENT PVT LTD	95A, PARK STREET, 3RD FLOOR PARK STREET, KOLKLATA, KOLKATA, পশ্চিমবঙ্গ	4	0.7955	SHARED_STEM_OR_PREFIX
S1-270844042	Chellam Management Limited	C/O Omparkash S/O Umrao V.P.O. Makdola (42), Farukh Nagar, Gurgaon, Haryana	India	S3-443186516	Chellam-Management Pvt	095A, Park Street, 3Rd Floor Park Street, Kolklata, Kolkata, Serampore, WB	7	0.7955	SHARED_STEM_OR_PREFIX
S1-165891282	Industries Grand Brick Group	Shop No.-S-8, Second Floor, Plot No.-5 Pankaj Central Plaza, Pocket-5, Sector-12, Dwarka, New Delhi, Delhi	India	S2-160013107	INDUSTRIES GRAND BRICK PRIVATE LTD	59 , SRI SWAMY AYYAPPA CO-OPERATIVE SOCIETY MADHAPUR, HYDERABAD, Telangana	2	0.4679	SHARED_STEM_OR_PREFIX
S1-165891282	Industries Grand Brick Group	Shop No.-S-8, Second Floor, Plot No.-5 Pankaj Central Plaza, Pocket-5, Sector-12, Dwarka, New Delhi, Delhi	India	S3-284981841	industries grand brick private limited	Paot No.59, Sri Swamy Ayyappa Co-operative Society Madhapur, Hyderabad, TG	4	0.4679	SHARED_NAME_AND_LOCATION_TOKENS
S1-165891282	Industries Grand Brick Group	Shop No.-S-8, Second Floor, Plot No.-5 Pankaj Central Plaza, Pocket-5, Sector-12, Dwarka, New Delhi, Delhi	India	S2-682261693	Producer Rex-Brick Rex-Brick Private Ltd	HAGUE BUILDING SPEAT ROADBALLARD ESTATE, MUMBAI, महाराष्ट्र	5	0.1234	SHARED_STEM_OR_PREFIX
S1-165891282	Industries Grand Brick Group	Shop No.-S-8, Second Floor, Plot No.-5 Pankaj Central Plaza, Pocket-5, Sector-12, Dwarka, New Delhi, Delhi	India	S2-341727736	Adarsh Brick Brick Private	PLOT NO-4-5, S.S.I. INDUSTRIAL AREA, GT KARNAL ROAD NEAR JAHANGIRPURI METRO STATION, NEW DELHI, दिल्ली	6	0.1234	SHARED_NAME_AND_LOCATION_TOKENS
S1-165891282	Industries Grand Brick Group	Shop No.-S-8, Second Floor, Plot No.-5 Pankaj Central Plaza, Pocket-5, Sector-12, Dwarka, New Delhi, Delhi	India	S2-147213195	Brick Brick Logic Private Limited	C/O VED PAL KISHNA RAM B/KHURD, TARAORI, Haryana	7	0.1234	SHARED_STEM_OR_PREFIX
S1-165891282	Industries Grand Brick Group	Shop No.-S-8, Second Floor, Plot No.-5 Pankaj Central Plaza, Pocket-5, Sector-12, Dwarka, New Delhi, Delhi	India	S3-28039514	Brick Brick Corp Center	Xl/9350 Fuji Color Lab Bldgm G Road P O Cochin, Ernakulam, KL	8	0.1234	SHARED_STEM_OR_PREFIX
S1-165891282	Industries Grand Brick Group	Shop No.-S-8, Second Floor, Plot No.-5 Pankaj Central Plaza, Pocket-5, Sector-12, Dwarka, New Delhi, Delhi	India	S2-304667963	Jkm Technology LLP	SCO NO. 8, SECOND FOLOOR HUDA MAIN MARKET, SECTOR-31, GURGAON, हरियाणा	9	0.0939	SAME_GEOGRAPHY_AND_GENERIC_KEY
S1-581797355	Virtus Lifespaces Private Limited	Sy No 10/28, Ambalipura, Bangalore South, Bangalore, Karnataka	India	S2-888226041	Virtus &	DOOR NO D/13/3 , II ND MAIN RD. IIIRD CROSS, CHAMRAJPET, BANGALORE- 18., ಕರ್ನಾಟಕ	9	0.2221	SHARED_NAME_AND_LOCATION_TOKENS
S1-284710338	Inter India	A-2106, Ace Platinum, Block Zeta-1, Plot No Gh 12/1, Greater Noida, Dadri, Gautam Buddha Nagar, Uttar Pradesh	India	S2-989231960	Inter India	B 10, 10 3 1, C B D, SECTOR NO 4, CBD BELAPUR WASHI, THANE, Maharashtra	2	1.0459	SHARED_NAME_AND_LOCATION_TOKENS
S1-284710338	Inter India	A-2106, Ace Platinum, Block Zeta-1, Plot No Gh 12/1, Greater Noida, Dadri, Gautam Buddha Nagar, Uttar Pradesh	India	S2-958639980	INTER INDIA	B 10, 10 3 1, C B D, SECTOR NO 4, CBD BELAPUR WASHI, THANE, Maharashtra	3	1.0459	SHARED_NAME_AND_LOCATION_TOKENS
S1-284710338	Inter India	A-2106, Ace Platinum, Block Zeta-1, Plot No Gh 12/1, Greater Noida, Dadri, Gautam Buddha Nagar, Uttar Pradesh	India	S2-508759676	Inter (India) Cable Cable	KANTORE UTTER DINAJPUR, RAIGANJ, West Bengal	5	0.5075	SHARED_STEM_OR_PREFIX
S1-284710338	Inter India	A-2106, Ace Platinum, Block Zeta-1, Plot No Gh 12/1, Greater Noida, Dadri, Gautam Buddha Nagar, Uttar Pradesh	India	S2-501822424	Inter India Enterprises Ltd	B 19, 10 3 1, C B D, SECTOR NO 4, CBD BELAPUR WASHI, THANE, Maharashtra	6	0.5075	SHARED_NAME_AND_LOCATION_TOKENS
S1-812886866	Creative Purchase Private Limited	No 19/2/369/108/15 Chandulal, Baradari Colony, Hyderabad, Telangana	India	S3-902954969	CREATIVE PURCHASE INFRATECH PRIVATE LIMITED	#19/2/369/108/19 Chandulal, Baradari Colony, Hyderabad, తెలంగాణ	3	0.6549	SHARED_NAME_AND_LOCATION_TOKENS
S1-812886866	Creative Purchase Private Limited	No 19/2/369/108/15 Chandulal, Baradari Colony, Hyderabad, Telangana	India	S2-398229736	Raja  & Co Ventures Corporation	H. NO.: 19-2-431 CHANDULAL BARADARI COLONY, HYDERABAD, Telangana	6	0.2027	SAME_GEOGRAPHY_AND_GENERIC_KEY
S1-812886866	Creative Purchase Private Limited	No 19/2/369/108/15 Chandulal, Baradari Colony, Hyderabad, Telangana	India	S2-744075554	SHAKTI FÓUNDATION (LIMITED)	H. NO. 19-2-246 CHANDULAL, BARADARI, BAHADURPURA, HYDERABAD, Telangana	7	0.2027	SAME_GEOGRAPHY_AND_GENERIC_KEY
S1-812886866	Creative Purchase Private Limited	No 19/2/369/108/15 Chandulal, Baradari Colony, Hyderabad, Telangana	India	S3-736779443	శక్తి ఫౌండేషన్ ఇండస్ట్రీస్ లిమిటెడ్	H. No. 19-2-257 Chandulal, Baradari, Bahadurpura, Hyderabad, TG	8	0.2027	SAME_GEOGRAPHY_AND_GENERIC_KEY
S1-812886866	Creative Purchase Private Limited	No 19/2/369/108/15 Chandulal, Baradari Colony, Hyderabad, Telangana	India	S3-831582836	... coral synthetics pvt ltd	19-2-422- Chandulal Baradari Colony, Hyderabad, TG	9	0.2027	SAME_GEOGRAPHY_AND_GENERIC_KEY
S1-812886866	Creative Purchase Private Limited	No 19/2/369/108/15 Chandulal, Baradari Colony, Hyderabad, Telangana	India	S3-141671116	coral synthetics pvt ltd	19-2-422- Chandulal Baradari Colony, Hyderabad, TG	10	0.2027	SAME_GEOGRAPHY_AND_GENERIC_KEY
S1-677741106	Paul Holdings	C/O- Akhilesh Kr Chauhan Patwatoli, Near Naksha Ghar, Hajipur, Vaishali, Bihar	India	S2-187583780	Paul Hoilsteeal	PLOT 588 2/5, GUPTA MARKET LAJPAT NAGAR-IV, दिल्ली	4	0.2840	SHARED_STEM_OR_PREFIX
S1-677741106	Paul Holdings	C/O- Akhilesh Kr Chauhan Patwatoli, Near Naksha Ghar, Hajipur, Vaishali, Bihar	India	S3-612433412	Paul Hospisbal	Gupta Market Lajpat Nagar-iv, दिल्ली, New Delhi, 2/5	9	0.2840	SHARED_STEM_OR_PREFIX
S1-677741106	Paul Holdings	C/O- Akhilesh Kr Chauhan Patwatoli, Near Naksha Ghar, Hajipur, Vaishali, Bihar	India	S3-595079037	Paul Hoispl	2/5, New Delhi, Gupta Market Lajpat Nagar-iv, DL	10	0.2840	SHARED_STEM_OR_PREFIX
S1-447103941	Bell Flexipack Private Limited	Ground Floor, Pitru Chhaya Bldg, 6 Sleater Road, First Cross Lane, Grant Road, Mumbai, Mumbai City, Maharashtra	India	S2-725034324	Bellflower Electronics Private Ltd	B3/764 103, FIRST FLOOR, SUYOG PLATINUM TOWER SR 1B, NEAR HOTEL CONRAD, NAYLOR ROAD, PUNE, Maharashtra	6	0.1484	SHARED_STREET_OR_ADDRESS
S1-447103941	Bell Flexipack Private Limited	Ground Floor, Pitru Chhaya Bldg, 6 Sleater Road, First Cross Lane, Grant Road, Mumbai, Mumbai City, Maharashtra	India	S2-817052033	Bellflower  Exim	NO-C, SAKTHI TOWERS, TOWER I, 4TH/1 FLOOR NO. 766, ANNA SALAI, CHENNAI, தமிழ்நாடு	7	0.1484	SHARED_STREET_OR_ADDRESS
S1-447103941	Bell Flexipack Private Limited	Ground Floor, Pitru Chhaya Bldg, 6 Sleater Road, First Cross Lane, Grant Road, Mumbai, Mumbai City, Maharashtra	India	S2-277522918	Bellflower Electronics Private Limited	#B3/764 103, FIRST FLOOR, SUYOG PLATINUM TOWER SR 1B, NEAR HOTEL CONRAD, NAYLOR ROAD, PUNE, Maharashtra	8	0.1484	SHARED_STREET_OR_ADDRESS
S1-447103941	Bell Flexipack Private Limited	Ground Floor, Pitru Chhaya Bldg, 6 Sleater Road, First Cross Lane, Grant Road, Mumbai, Mumbai City, Maharashtra	India	S2-957428803	Bellflower Contracts Contracts Limited Private	DOOR NO C-723 OFFICE NUMBER-1219, 12TH FLOOR, 83 METRO STREET, SECTOR -83, NARSINGHPUR, Haryana	9	0.1484	SHARED_STREET_OR_ADDRESS
S1-177375169	High and Dills Generation LLC	3211 Heathstead Place, Unit C, Charlotte, NC	US	S2-897611462	Delphinia Dills, M.D.,	14436 ST RTE 93, LOGAN, OH	4	0.0967	SHARED_STEM_OR_PREFIX
S1-177375169	High and Dills Generation LLC	3211 Heathstead Place, Unit C, Charlotte, NC	US	S2-199970503	Dills Precision LLC Center	4849 STATE RTE 151, MINGO JUNCTION, OH	5	0.0967	SHARED_STEM_OR_PREFIX
S1-177375169	High and Dills Generation LLC	3211 Heathstead Place, Unit C, Charlotte, NC	US	S2-724315243	Dills Plumbing	AZ, PHOENIX, 3714 INDIAN SCHOOL ROAD	6	0.0967	SHARED_STEM_OR_PREFIX
S1-177375169	High and Dills Generation LLC	3211 Heathstead Place, Unit C, Charlotte, NC	US	S2-488412942	Corp Dills Enterprises	2517. Old Newport Hwy, SEVIERVILLE, TN	7	0.0967	SHARED_STEM_OR_PREFIX
S1-177375169	High and Dills Generation LLC	3211 Heathstead Place, Unit C, Charlotte, NC	US	S2-558455501	Dills National Kodiak Co	MN, 42188 EAIT BIG MCDONALD DR, DENT	9	0.0967	SHARED_STEM_OR_PREFIX
S1-706514314	Dental Quality Associates, LLC	2831 Sutton Avenue, Kettering, OH	US	S2-165038944	Dental Quality Associates Llc	24 ELLIS BROOK RD, DOVER, VT	2	0.8349	SHARED_STEM_OR_PREFIX
S1-706514314	Dental Quality Associates, LLC	2831 Sutton Avenue, Kettering, OH	US	S3-881673057	Dental Quality Associates Llc	Dover, Vermont, 24 Ellis Brook Rd	4	0.8349	SHARED_STEM_OR_PREFIX
S1-706514314	Dental Quality Associates, LLC	2831 Sutton Avenue, Kettering, OH	US	S2-549934801	DENTAL QUALITY  ASSOCIATES	905 CHADBOURNE RD, PMB 6277, STANDISH, ME	6	0.3513	SHARED_STEM_OR_PREFIX
S1-706514314	Dental Quality Associates, LLC	2831 Sutton Avenue, Kettering, OH	US	S2-472151404	Dental Quality	#293 11TH ST, GRIMES, IA	7	0.3513	SHARED_STEM_OR_PREFIX
S1-706514314	Dental Quality Associates, LLC	2831 Sutton Avenue, Kettering, OH	US	S2-924148695	DENTAL QUALITY CENTRE	HWY 156, NULL, SOUTH PITTSBURG, TN	8	0.3513	SHARED_STEM_OR_PREFIX
S1-706514314	Dental Quality Associates, LLC	2831 Sutton Avenue, Kettering, OH	US	S2-145868969	Dental Quality Assosciaets Inc	37- ELLIS BROOK RD, PMB 5261, W.  DOVER, VT	10	0.3513	SHARED_STEM_OR_PREFIX
S1-352234501	Clean Investment Services	34 Abbott Square, Birmingham, AL	US	S2-313956437	Clean Investment Group [Eastgate]	1329-1331 LINCOLN WAY, FAIRMONT, WV	4	0.3602	SHARED_STEM_OR_PREFIX
S1-352234501	Clean Investment Services	34 Abbott Square, Birmingham, AL	US	S2-264323359	Clean Investment	6315 BRASSIE DR, GRIFTON, NC	5	0.3602	SHARED_STEM_OR_PREFIX
S1-352234501	Clean Investment Services	34 Abbott Square, Birmingham, AL	US	S2-79276492	Clean Investment Ws	2262  DIVISION STREET, MOUNT VERNON, WA	8	0.3602	SHARED_STEM_OR_PREFIX
S1-352234501	Clean Investment Services	34 Abbott Square, Birmingham, AL	US	S2-191720674	CLEAN INVESTMENT	24 GLENWOOD ROAD, CLINTON, CT	10	0.3602	SHARED_STEM_OR_PREFIX
S1-225119054	Complete Certified Pharmaceutical LLC	193 Maple Avenue, White Sulphur Springs, WV	US	S2-877286894	Metropolitan Allegro	193 MAPLE ST, LAWRENCE, MA	2	0.2168	SAME_GEOGRAPHY_AND_GENERIC_KEY
S1-225119054	Complete Certified Pharmaceutical LLC	193 Maple Avenue, White Sulphur Springs, WV	US	S3-501205959	Metropolitan Allegro	193 Maple St, Lawrence, Massachusetts	5	0.2168	SAME_GEOGRAPHY_AND_GENERIC_KEY
S1-225119054	Complete Certified Pharmaceutical LLC	193 Maple Avenue, White Sulphur Springs, WV	US	S3-680657477	Happy Diner, Ltd Partners	193 Maple Ave, Southampton, New York	6	0.2168	SAME_GEOGRAPHY_AND_GENERIC_KEY
S1-225119054	Complete Certified Pharmaceutical LLC	193 Maple Avenue, White Sulphur Springs, WV	US	S3-87127610	Metro Smart	193 Maple Ave, Bethpage, New York	7	0.2168	SAME_GEOGRAPHY_AND_GENERIC_KEY
S1-543144015	Freight Foods	B.K. Dutt Colony Lodhi Road, Delhi, K-5, New Delhi	India	S2-387949211	Freight-Foundation	Delhi, FLAT NO-178-PKT-6/3 , G/F SITE, NASIRPUR, DWARKA, NEW DELHI	3	0.3574	SHARED_NAME_AND_LOCATION_TOKENS
S1-543144015	Freight Foods	B.K. Dutt Colony Lodhi Road, Delhi, K-5, New Delhi	India	S2-959346759	FREIGHT FREIGHT POWER PRIVATE LIMITED	2/1406-S, TALIRAGAM BUILDING 2 ND FLOOR, KANJANAICKENPATTI, TIRUCHULI MAIN ROAD, ARUPPUKOTTAI, Tamil Nadu	5	0.3574	SHARED_STREET_OR_ADDRESS
S1-543144015	Freight Foods	B.K. Dutt Colony Lodhi Road, Delhi, K-5, New Delhi	India	S3-530174877	freightfoundation.com	#915 69/C, Vapi, GJ	6	0.3574	SAME_GEOGRAPHY_AND_GENERIC_KEY
S1-543144015	Freight Foods	B.K. Dutt Colony Lodhi Road, Delhi, K-5, New Delhi	India	S3-40318935	Freight (Foundation)	Flat No-178-pkt-6/3, New Delhi, DL	7	0.3574	SHARED_NAME_AND_LOCATION_TOKENS
S1-543144015	Freight Foods	B.K. Dutt Colony Lodhi Road, Delhi, K-5, New Delhi	India	S3-240591025	Freight Fncarcial Private Limited	House No 4-5 Tagore Nagar, Ludhiana, PB	8	0.3574	SHARED_NAME_AND_LOCATION_TOKENS
S1-543144015	Freight Foods	B.K. Dutt Colony Lodhi Road, Delhi, K-5, New Delhi	India	S3-3644439	Freightfoundation.Com	Bangalore, #2631, Bangalore South, KA	10	0.3574	SAME_GEOGRAPHY_AND_GENERIC_KEY
S1-233584777	Fischer Burtech Partners	2362 Stop 11 Road, Indianapolis, IN	US	S2-506863335	Fischer Burtech	2499 375, BEULAH, AL	4	0.4623	SHARED_STEM_OR_PREFIX
S1-233584777	Fischer Burtech Partners	2362 Stop 11 Road, Indianapolis, IN	US	S3-380013480	Fischer Burtech LLC	6236 Tulip Lane, Dallas, Texas	8	0.4623	SHARED_STEM_OR_PREFIX
S1-233584777	Fischer Burtech Partners	2362 Stop 11 Road, Indianapolis, IN	US	S3-817273625	Fischer  Burtech Inc.	16583 Crestmont, Montgomery, Texas	9	0.4623	SHARED_STEM_OR_PREFIX
S1-192327811	NP Global Company	61 T/F, Third Floor, Vijay Block, East Delhi, Delhi	India	S2-60358577	NP GLOBAL HOLDINGS CO	68 T/F, THIRD FLOOR, VIJAY BLOCK, EAST DELHI, दिल्ली	1	0.7525	SHARED_STREET_OR_ADDRESS
S1-192327811	NP Global Company	61 T/F, Third Floor, Vijay Block, East Delhi, Delhi	India	S2-742058819	NP Global Private (Ltd)	DOOR NO ##922 D 304 RAMESHWARAM CHS, CHINCHPADA ROAD, NEAR SAKET COLLEGE, KALYAN EAST, KALYAN, Maharashtra	3	0.7525	SHARED_NAME_AND_LOCATION_TOKENS
S1-192327811	NP Global Company	61 T/F, Third Floor, Vijay Block, East Delhi, Delhi	India	S3-587748257	... NP Global Private Ltd	Girija Enclave, F.no.-1/e, Brahmsthani Road, Shekhpura, Patna, BR	8	0.7525	SHARED_NAME_AND_LOCATION_TOKENS
S1-192327811	NP Global Company	61 T/F, Third Floor, Vijay Block, East Delhi, Delhi	India	S3-166157115	NP Global Private	D 304 Rameshwaram Chs, Thane, MH, Kalyan	10	0.7525	SHARED_STEM_OR_PREFIX
S1-993357110	Chiropractic Center	416 5th Avenue, East Grand Forks, MN	US	S2-921523553	Western Clinic, LLC Service	416 GRAND AVE, CITY OF PORT WASHINGTON, WI	1	0.1970	SAME_GEOGRAPHY_AND_GENERIC_KEY
S1-993357110	Chiropractic Center	416 5th Avenue, East Grand Forks, MN	US	S2-755052123	NERTA LLEODCEAZE GRAND PERIMETER GROUP	MN, GRAND RAPIDS, 416 THIRTEENTH ST	2	0.1970	SAME_GEOGRAPHY_AND_GENERIC_KEY
S1-993357110	Chiropractic Center	416 5th Avenue, East Grand Forks, MN	US	S2-696407704	Clean Ridge Nétwork Inc	WI, 416 GRAND AVENUE, MERRILL CITY	5	0.1970	SHARED_STREET_OR_ADDRESS
S1-993357110	Chiropractic Center	416 5th Avenue, East Grand Forks, MN	US	S3-952578975	cleanridgenetwork.com	416 Grand Avenue, Merrill, Wisconsin	6	0.1970	SHARED_STREET_OR_ADDRESS
S1-993357110	Chiropractic Center	416 5th Avenue, East Grand Forks, MN	US	S3-613654754	Nerta Lopez Grand Group Perimeter	Grand Rapids, Minnesota, 416 13st Street	9	0.1970	SAME_GEOGRAPHY_AND_GENERIC_KEY
S1-440023753	Brown Complete Coca LLC	3580 Jackson Avenue, Ogden City, UT	US	S2-868895936	Brown Complete Coca L.L.C.	003236 NICHOLAS AVE, INDIANAPOLIS, IN	2	0.9385	SHARED_STEM_OR_PREFIX
S1-440023753	Brown Complete Coca LLC	3580 Jackson Avenue, Ogden City, UT	US	S2-716633829	Brown Complete Coca		4	0.3135	SHARED_STEM_OR_PREFIX
S1-440023753	Brown Complete Coca LLC	3580 Jackson Avenue, Ogden City, UT	US	S2-194038228	Brown Complete Sscagry Inc		5	0.3135	SHARED_STEM_OR_PREFIX
S1-440023753	Brown Complete Coca LLC	3580 Jackson Avenue, Ogden City, UT	US	S2-465788516	Brown Complete Ccóa	3620 SUNSET BLVD, STEUBENVILLE, OH	6	0.3135	SHARED_STEM_OR_PREFIX
S1-440023753	Brown Complete Coca LLC	3580 Jackson Avenue, Ogden City, UT	US	S2-500941803	BROWN COMPLETE TOWING	1096 KIMS COVE RD, CANTON, NC	8	0.3135	SHARED_STEM_OR_PREFIX
S1-440023753	Brown Complete Coca LLC	3580 Jackson Avenue, Ogden City, UT	US	S2-173292408	Brown Complete Coca (Associates)	5509 ROBBINS AVE, PORTAGE, IN	9	0.3135	SHARED_STEM_OR_PREFIX
S1-440023753	Brown Complete Coca LLC	3580 Jackson Avenue, Ogden City, UT	US	S2-396014002	Brown Complete	IN, 003236 NICHOLAS AVENUE, INDIANAPOLIS	10	0.3135	SHARED_STREET_OR_ADDRESS
S1-854319024	Regional Trust PLLC	7007 Savannah Run, Katy, TX	US	S2-283841056	Regional Trust PLLC	20TH AVENUE, SEATTLE CITY, WA	3	0.5828	SHARED_STEM_OR_PREFIX
S1-854319024	Regional Trust PLLC	7007 Savannah Run, Katy, TX	US	S3-410782722	REGIONAL TRUST PLLC	11950-11952 Shoal Creek Road, Ashville, Alabama	4	0.5828	SHARED_STEM_OR_PREFIX
S1-854319024	Regional Trust PLLC	7007 Savannah Run, Katy, TX	US	S3-591110510	Regional Trust [PLLC]	11950-11952 Shoal Creek Road, Ashville, Alabama	5	0.5828	SHARED_STEM_OR_PREFIX
S1-854319024	Regional Trust PLLC	7007 Savannah Run, Katy, TX	US	S2-192291895	Regional Trust	4960 BAMFORD DR, SACRAMENTO, CA	9	0.1375	SHARED_STEM_OR_PREFIX
S1-86094936	Jain Developers	88/A M C Garden Road Dumdum, Kolkata, Calcutta, West Bengal	India	S2-490946837	JAIN DEVELOPERS	Gujarat, 18/4..18/19/25/26/27/28, SUNDAR ROWHOUSE, SHRIJI PLOTING, OPP. SWAMI NARAYAN MANDIR, B/H DEVBHUMI SOCIETY, AHMADABAD CITY	1	0.8457	SHARED_STEM_OR_PREFIX
S1-86094936	Jain Developers	88/A M C Garden Road Dumdum, Kolkata, Calcutta, West Bengal	India	S2-136125397	Jain Developers	PLOT NO. 10 , GULAB NAGAR, NEAR RTO OFFICE, JODHPUR, राजस्थान	2	0.8457	SHARED_STEM_OR_PREFIX
S1-86094936	Jain Developers	88/A M C Garden Road Dumdum, Kolkata, Calcutta, West Bengal	India	S3-702489695	Jain Developers	#257 Cherukunnothparambath (H), Kannur, Thalassery, കേരളം	5	0.8457	SHARED_STEM_OR_PREFIX
S1-86094936	Jain Developers	88/A M C Garden Road Dumdum, Kolkata, Calcutta, West Bengal	India	S3-888816403	Jain Developers	Smartworks, Raheja Mindspace, Building 3A, 1St Floor Mindspace, Tsiic Software Layout, Hi-tech City, Shaikpet, Hyderabad, తెలంగాణ	7	0.8457	SHARED_STEM_OR_PREFIX
S1-86094936	Jain Developers	88/A M C Garden Road Dumdum, Kolkata, Calcutta, West Bengal	India	S2-156838453	Jain-Developers Private Limited		8	0.4514	SHARED_STEM_OR_PREFIX
S1-86094936	Jain Developers	88/A M C Garden Road Dumdum, Kolkata, Calcutta, West Bengal	India	S2-13685817	Jain  Developers Traders Pvt Ltd	NO 14 SMARTWORKS, RAHEJA MINDSPACE, BUILDING 3A, 1ST FLOOR MINDSPACE, TSIIC SOFTWARE LAYOUT, HI-TECH CIDY, SHAIKPET, Telangana	9	0.4514	SHARED_STEM_OR_PREFIX
S1-86094936	Jain Developers	88/A M C Garden Road Dumdum, Kolkata, Calcutta, West Bengal	India	S2-89064076	Jain Developers Private Ltd	Delhi, BLOCK C-318 PLOT-94, 3RD FLOOR PKT-10, SECTOR-13, DWARKA, DELHI	10	0.4514	SHARED_NAME_AND_LOCATION_TOKENS
S1-981904067	DJ Blue LLC	14 Bemus Street, Lakewood, NY	US	S2-120948088	DJ Blue Corporation	9773 ENRIGHT AVE, DAYTON, OH	2	0.4920	SHARED_STEM_OR_PREFIX
S1-981904067	DJ Blue LLC	14 Bemus Street, Lakewood, NY	US	S2-565864269	DJ Blue Clinic Co	AUSTIN, 1512 LARCH VALLEY DR, TX	4	0.4920	SHARED_STEM_OR_PREFIX
S1-981904067	DJ Blue LLC	14 Bemus Street, Lakewood, NY	US	S2-186904475	DJ  Blue Corp	9773 ENRIGHT AVE, DAYTON, OH	6	0.4920	SHARED_STEM_OR_PREFIX
S1-981904067	DJ Blue LLC	14 Bemus Street, Lakewood, NY	US	S3-164408319	DJ Blue Clinic LP	11512 Lrach Valley Dr, Austin, Texas	7	0.4920	SHARED_STEM_OR_PREFIX
S1-981904067	DJ Blue LLC	14 Bemus Street, Lakewood, NY	US	S3-555634889	DJ Blue Eastgate  Corp	5786 Enright Ave, Ohio, Riverside	9	0.4920	SHARED_STEM_OR_PREFIX
S1-981904067	DJ Blue LLC	14 Bemus Street, Lakewood, NY	US	S3-78604485	DJ Blue Partners Uptown	231 Sweet Bay Dr, # B, Greenville, North Carolina	10	0.4920	SHARED_STEM_OR_PREFIX
S1-832211747	EDT House, Inc	136 Peachtree Memorial Drive, Unit 7, Atlanta, GA	US	S2-608569795	Conchita Kalama Strategies L.L.C.	136 PEACHTREE MEMORIAL DR, PMB 440, ATL, GA	6	0.2366	SAME_GEOGRAPHY_AND_GENERIC_KEY
S1-488506845	Olanora Centers	VA, 156 School Lane, James City County	US	S2-156867210	Olanora Controls  L.L.C.	IRVING, TX, 3551 ROYAL LN	3	0.3493	SHARED_STEM_OR_PREFIX
S1-488506845	Olanora Centers	VA, 156 School Lane, James City County	US	S2-423099440	OLANORA CALIFORNIA	8558 GERBERA DAIS RD, FRISCO, TX	4	0.3493	SHARED_STEM_OR_PREFIX
S1-488506845	Olanora Centers	VA, 156 School Lane, James City County	US	S2-243128643	Olanora Corporation Service	120-122 EDGEMONT RD, GREENBURGH, NY	5	0.3493	SHARED_STEM_OR_PREFIX
S1-488506845	Olanora Centers	VA, 156 School Lane, James City County	US	S2-343667919	OLANORA CHENGHE	JEFFERY LN, HAVERHILL, MA	7	0.3493	SHARED_STEM_OR_PREFIX
S1-488506845	Olanora Centers	VA, 156 School Lane, James City County	US	S2-45334551	Olanora Can Inc	138 LOCH DR, AUGUSTA COUNTY, VA	8	0.3493	SHARED_NAME_AND_LOCATION_TOKENS
S1-488506845	Olanora Centers	VA, 156 School Lane, James City County	US	S2-986315156	Olanora  Costamare	04029 29, BURNET, TX	9	0.3493	SHARED_STEM_OR_PREFIX
S1-488506845	Olanora Centers	VA, 156 School Lane, James City County	US	S2-652328845	Olanora Cnttonr, LLC	618 PATIT AVENUE, DAYTON, WA	10	0.3493	SHARED_STEM_OR_PREFIX
S1-654697159	Sector & Co of Noida	D-72, Sector-55 Noida Gautam Budh Nagar, Noida, Gautam Buddha Nagar, Uttar Pradesh	India	S2-870860015	Sector  + Co of Overseas Center	D-85, SECTOR-55 NOIDA GAUTAM BUDH NAGAR, NOIDA, Uttar Pradesh	3	0.6922	SHARED_STREET_OR_ADDRESS
S1-654697159	Sector & Co of Noida	D-72, Sector-55 Noida Gautam Budh Nagar, Noida, Gautam Buddha Nagar, Uttar Pradesh	India	S2-868252335	Sector & Co.	H.NO 18/2/1. , 2ND FLOOR, 10TH D MAIN ROAD JAYANAGAR 4TH BLOCK, BANGALORE, Karnataka	6	0.2860	SHARED_NAME_AND_LOCATION_TOKENS
S1-654697159	Sector & Co of Noida	D-72, Sector-55 Noida Gautam Budh Nagar, Noida, Gautam Buddha Nagar, Uttar Pradesh	India	S2-179388928	Sector & Co  Corp	48-C, FIRST FLOOR, VILLAGE, KOTLA, MAYUR VIHAR, PH-1, EAST DELHI, Delhi	7	0.2860	SHARED_STEM_OR_PREFIX
S1-654697159	Sector & Co of Noida	D-72, Sector-55 Noida Gautam Budh Nagar, Noida, Gautam Buddha Nagar, Uttar Pradesh	India	S2-42909902	Royal Trading (India) Private	H-72, SECTOR-63 NOIDA, UTTAR PRADESH, NOIDA, उत्तर प्रदेश	9	0.1280	SAME_GEOGRAPHY_AND_GENERIC_KEY
S1-739195544	Neilla Killian Communications Inc	200 Faber Avenue, Waterbury, CT	US	S2-869468682	Neilla, Neilla Robinson, Ph.D.,	HOOUSTON, 5335 BROOKWAY DR, TX	5	0.2569	SHARED_STEM_OR_PREFIX
S1-739195544	Neilla Killian Communications Inc	200 Faber Avenue, Waterbury, CT	US	S2-711629135	Neilla A. Hall, DMCD, M.D., P.C.	812 MEMORY LN, MCKINNY, TX	7	0.1869	SHARED_STEM_OR_PREFIX
S1-739195544	Neilla Killian Communications Inc	200 Faber Avenue, Waterbury, CT	US	S2-584883557	Neilla's Global Industries Associates LLC	3826- CHICKASHA CIRCLE, GRANBURY, TX	10	0.1869	SHARED_STEM_OR_PREFIX
S1-559551054	Prine Heartland Globa	115 State Street, Falmouth, KY	US	S2-564558581	Prine, H0skins & Réyna Payment LLC	122 MIDDLE BEACH ROAD, MADISON, CT	4	0.3156	SHARED_STEM_OR_PREFIX
S1-559551054	Prine Heartland Globa	115 State Street, Falmouth, KY	US	S3-96676460	Prine, Hoskins & Reyna Payment Co	135 Middle Beach Rd, Madison, Connecticut	8	0.3156	SHARED_STEM_OR_PREFIX
S1-559551054	Prine Heartland Globa	115 State Street, Falmouth, KY	US	S3-446746257	PRINE, HOSKINS & REYNA PAYMENT LLC		9	0.3156	SHARED_STEM_OR_PREFIX
S1-580254632	As & Sons Pvt Ltd	Maharashtra, 401/402, Thane, Smruti Apartment, Vishnunagar, Naupada	India	S2-806106060	As & Sons Industries Private Limited	C-B3/33 MONARCH NAGARJ B NAGAR ANDHERI E, MUMBAI, Maharashtra	7	0.4429	SHARED_NAME_AND_LOCATION_TOKENS
S1-580254632	As & Sons Pvt Ltd	Maharashtra, 401/402, Thane, Smruti Apartment, Vishnunagar, Naupada	India	S2-181894525	AS & SONS LTD	D.NO 49-14-18 , 4TH FLOOR, ISNAR SATYA SRI COMPLEX, DWARAKANAGAR, VISHAKHAPATNAM, Andhra Pradesh	8	0.4429	SHARED_STEM_OR_PREFIX
S1-580254632	As & Sons Pvt Ltd	Maharashtra, 401/402, Thane, Smruti Apartment, Vishnunagar, Naupada	India	S2-673572463	As & Sons Ventures Pvt	HOUSE NO 3/5/35-4- OLD-3/120 PLOT NO 52/2 15ND FLOOR GPOI NATH BAZAR DELHI CANTT, DELHI, Delhi	10	0.4429	SHARED_STEM_OR_PREFIX
S1-405795474	Webster & Mullins LLC	1976 Franklin Place, Hoffman Estates, IL	US	S2-39596725	Webster & Mullins Inc	1980 FRANKLIN PLACE, IL, HOFFMAN ESTATES	3	0.5824	SHARED_NAME_AND_LOCATION_TOKENS
S1-405795474	Webster & Mullins LLC	1976 Franklin Place, Hoffman Estates, IL	US	S2-994331730	Webster Michna Corp	349 1/2 County Rd 875, ETOWAH, TN	5	0.1762	SHARED_STEM_OR_PREFIX
S1-405795474	Webster & Mullins LLC	1976 Franklin Place, Hoffman Estates, IL	US	S2-281706247	Webster  Motors Inc	16 WALNUT CIRCLE, NY, WEBSTER	7	0.1762	SHARED_STEM_OR_PREFIX
S1-405795474	Webster & Mullins LLC	1976 Franklin Place, Hoffman Estates, IL	US	S2-527665672	Webster Montgomery LLC Center	36160 BOYKIN BOULEVARD, LILLIAN CITY, AL	9	0.1762	SHARED_STEM_OR_PREFIX
S1-765456522	Fastgrow Software Limited	Type-02Q.No. -47, Congress Nagar Pathakheda, Shahpura, Betul, Madhya Pradesh	India	S2-181037747	Fastgrow Education Private Ltd	NO 1 , MAHARISHI COMPLEX, OPP. C. P. NAGAR, FIRST FLOOR, NR. BHUYANGDEV CHAR RASTA, GHATLODIA, AHMEDABAD, Gujarat	3	0.5366	SHARED_STREET_OR_ADDRESS
S1-765456522	Fastgrow Software Limited	Type-02Q.No. -47, Congress Nagar Pathakheda, Shahpura, Betul, Madhya Pradesh	India	S2-302866028	Fastgrow Developers L.L.P.	#751 VILL-KAMARDA, PO-KAMARDA BAZAR DIST-PURBA MEDINIPUR, KHEJURI, West Bengal	7	0.5366	SHARED_STEM_OR_PREFIX
S1-765456522	Fastgrow Software Limited	Type-02Q.No. -47, Congress Nagar Pathakheda, Shahpura, Betul, Madhya Pradesh	India	S2-171145399	Fastgrow Chemicals Chemicals (India) Private		8	0.5366	SHARED_STEM_OR_PREFIX
S1-765456522	Fastgrow Software Limited	Type-02Q.No. -47, Congress Nagar Pathakheda, Shahpura, Betul, Madhya Pradesh	India	S3-424343931	Fastgrow Supply Private (Limited)	D No:17-58, Srikakulam, AP	10	0.5366	SHARED_NAME_AND_LOCATION_TOKENS
S1-651095976	Sterling Innovative Electric LLC	1747 Jackson Avenue, Fl 0, Wichita, KS	US	S2-304433619	Sterling  Innovative	32869 FOREST DR, GRAYSLAKE, IL	2	0.2391	SHARED_STEM_OR_PREFIX
S1-651095976	Sterling Innovative Electric LLC	1747 Jackson Avenue, Fl 0, Wichita, KS	US	S2-982072634	Sterling Innovative Electric	1308 RUTH BELL CT, BRYANT, AR	3	0.2391	SHARED_STEM_OR_PREFIX
S1-651095976	Sterling Innovative Electric LLC	1747 Jackson Avenue, Fl 0, Wichita, KS	US	S2-562815912	Sterling Innovative Electric Group	4001 DIXIE DRIVE, PO BOX 4279, KETTERING, OH	5	0.2391	SHARED_STEM_OR_PREFIX
S1-651095976	Sterling Innovative Electric LLC	1747 Jackson Avenue, Fl 0, Wichita, KS	US	S2-173334954	Sterling Innovative Analytics	1340 CASCAED AVE, PMB 9092, TACOMA, WA	7	0.2391	SHARED_STEM_OR_PREFIX
S1-651095976	Sterling Innovative Electric LLC	1747 Jackson Avenue, Fl 0, Wichita, KS	US	S3-29860042	Sterling Innovative Electric Care ((Co))	32869 Foret Drive, Grayslake, Illinois	10	0.2391	SHARED_STEM_OR_PREFIX
S1-522840559	Tulsa Pediatric Dentistry Continental Medicine	7085 Foxtail Lane, Tulsa, OK	US	S2-683214997	tulsa pediatric dentistry coastal center	1714 CAMERON STREET, TULSA, OK	3	0.7910	SHARED_NAME_AND_LOCATION_TOKENS
S1-522840559	Tulsa Pediatric Dentistry Continental Medicine	7085 Foxtail Lane, Tulsa, OK	US	S3-975863523	Tulsa Pediatric Dentistry Coastal Center Corp	1717 Camersn St, Tulsa, Oklahoma	5	0.7910	SHARED_NAME_AND_LOCATION_TOKENS
S1-522840559	Tulsa Pediatric Dentistry Continental Medicine	7085 Foxtail Lane, Tulsa, OK	US	S3-825523956	Tulsa Pediatric Medicine Continental Dentistry Partners	7087 Foxtail Ln, Tulsa, Oklahoma	6	0.7910	SHARED_NAME_AND_LOCATION_TOKENS
S1-522840559	Tulsa Pediatric Dentistry Continental Medicine	7085 Foxtail Lane, Tulsa, OK	US	S3-10027427	Rendon & Davis	7085 Foxtail Ln, Oklahoma, Tulsa	10	0.2901	SAME_GEOGRAPHY_AND_GENERIC_KEY
S1-601945198	United Con LLP	Flat 1314/B Om Kalyani Chs Holy Cross Road Navagoan Dahisar West, Mumbai, Mumbai City, Maharashtra	India	S2-371046308	Smt Neon Partners Group Services	FLAT NO.1314, J WING, PHASE-2, BHOOMI ACRE HIRANANDANI ESTATE, WAGHBIL G.B. ROAD, THANE, Maharashtra	4	0.2500	SHARED_STREET_OR_ADDRESS
S1-757082720	Urology Regional Clinic	50085 288, Young, AZ	US	S2-488863283	Urology Regional Clinic	139 STANFORD AVE, OXARD, CA	1	0.6040	SHARED_STEM_OR_PREFIX
S1-757082720	Urology Regional Clinic	50085 288, Young, AZ	US	S2-878307019	UROLOGY-REGIONAL SPECIALISTS LLC	26-28 HIAWATHA AVENUE, ESSEX JUNCTION CITY, VT	8	0.1587	SHARED_STEM_OR_PREFIX
S1-757082720	Urology Regional Clinic	50085 288, Young, AZ	US	S2-573061085	Urology Regional Medicine, Group	712 PETERSBURG RD, TUSCALOOSA, AL	10	0.1587	SHARED_STEM_OR_PREFIX
S1-590134263	Global Financial Global	Unit Suite 235, 10500 Bergtold Road, NY, Clarence	US	S2-220290887	Global Financial International Inc	854 LEONARD AVE, OH, ZANESVILLE	3	0.3375	SHARED_STEM_OR_PREFIX
S1-590134263	Global Financial Global	Unit Suite 235, 10500 Bergtold Road, NY, Clarence	US	S2-65597894	Global Financial Labs Ltd	14461 STANLEY TERRACE, FISHERS, IN	4	0.3375	SHARED_STEM_OR_PREFIX
S1-590134263	Global Financial Global	Unit Suite 235, 10500 Bergtold Road, NY, Clarence	US	S2-355271576	GLOBAL FINANCIAL LABS PARTNERS CO	501 MEADOWCROFT LANE, WINNIE, TX	5	0.3375	SHARED_STEM_OR_PREFIX
S1-590134263	Global Financial Global	Unit Suite 235, 10500 Bergtold Road, NY, Clarence	US	S2-301265572	Global Financial Products Ltd	3183 1/2 PINEWOOD DRIVE, PNE CDP, AZ	6	0.3375	SHARED_STEM_OR_PREFIX
S1-590134263	Global Financial Global	Unit Suite 235, 10500 Bergtold Road, NY, Clarence	US	S2-685518107	Global Financial Product Inc	10837 BELLA VISTA DR, ELP ASO, TX	7	0.3375	SHARED_STEM_OR_PREFIX
S1-590134263	Global Financial Global	Unit Suite 235, 10500 Bergtold Road, NY, Clarence	US	S2-898894900	Global Financial Products Co	3187 PINEWOOD DRIVE, PINE, AZ	9	0.3375	SHARED_STEM_OR_PREFIX
S1-842497118	Atlantic Chiron	3744 Blue Trace Lane, Farmers Branch, TX	US	S3-650377695	Atlantic Chiron	2225 9rd St, Fargo CITY, North Dakota	4	0.8148	SHARED_STEM_OR_PREFIX
S1-842497118	Atlantic Chiron	3744 Blue Trace Lane, Farmers Branch, TX	US	S2-792090717	Atlantic  Chiron LLC	2225 NINTH ST, FARGO TOWNSHIP, ND	6	0.3312	SHARED_STEM_OR_PREFIX
S1-842497118	Atlantic Chiron	3744 Blue Trace Lane, Farmers Branch, TX	US	S3-380273222	Atlantic Chiron [P.C.]	2225 9rd St, Fargo CITY, North Dakota	8	0.3312	SHARED_STEM_OR_PREFIX
S1-4869416	Pasillas and Rabinovich Group	4938 13th Avenue, Keizer, OR	US	S2-754367351	Pasillas, Hewett And Zipperer	3300 WATERSIDE DRIVE, NEW KENT COUNTY, VA	5	0.4011	SHARED_STEM_OR_PREFIX
S1-4869416	Pasillas and Rabinovich Group	4938 13th Avenue, Keizer, OR	US	S2-405460314	Pasillas, Overcash & Paolino Ubs Incorporated	1903-A 19TH PASS, TOWN OF STRONGS PRAIRIE, WI	6	0.4011	SHARED_STEM_OR_PREFIX
S1-4869416	Pasillas and Rabinovich Group	4938 13th Avenue, Keizer, OR	US	S2-633722518	Pasillas, Ht and Zipperer Ltd	##3304 WATERSIDE DR, VA, LANEXA	8	0.4011	SHARED_STEM_OR_PREFIX
S1-4869416	Pasillas and Rabinovich Group	4938 13th Avenue, Keizer, OR	US	S2-784805282	PASILLAS, (CASIE,)	BLADENBORO, NC, 2037B CENTER ROAD	9	0.4011	SHARED_STEM_OR_PREFIX
S1-4869416	Pasillas and Rabinovich Group	4938 13th Avenue, Keizer, OR	US	S2-663200289	Pasillas, Casie, MD Corp	2037B CENTER ROAD, BLADENBORO, NC	10	0.4011	SHARED_STEM_OR_PREFIX
S1-720468760	B & G Exchange	354 Claremont Road, Kingsport, TN	US	S2-267621350	B G Trust PLLC PLLC Services	TERRACE AVE, HEMPSTEAD, NY	4	0.1757	SHARED_STEM_OR_PREFIX
S1-720468760	B & G Exchange	354 Claremont Road, Kingsport, TN	US	S2-405420442	B G & W	CAROL PL, PELHAM, NY	5	0.1757	SHARED_STEM_OR_PREFIX
S1-720468760	B & G Exchange	354 Claremont Road, Kingsport, TN	US	S2-525412079	B G Covarrubias King	853 Oakwood Avenue, COLUMBUS, OH	6	0.1757	SHARED_STEM_OR_PREFIX
S1-720468760	B & G Exchange	354 Claremont Road, Kingsport, TN	US	S2-130804751	B/G COMMODITY PARTNERS LTD	07 NORTHWOOD DR, ASHEBORO, NC	9	0.1757	SHARED_STEM_OR_PREFIX
S1-720468760	B & G Exchange	354 Claremont Road, Kingsport, TN	US	S2-897539970	B G & W Permian Holdings	1431- DUFF AVE, IA, AMES	10	0.1757	SHARED_STEM_OR_PREFIX
S1-93806322	New Media Private Limited	Arabikula Street, Chinnakadai Veethi, No. 4, Tamil Nadu, Tiruchirappalli, Trichy	India	S2-289620962	new media private limited	182 R FIRST FLOOR BUSINESS BAY, MODEL TOWN, JALANDHAR - I, Punjab	1	0.7481	SHARED_STEM_OR_PREFIX
S1-93806322	New Media Private Limited	Arabikula Street, Chinnakadai Veethi, No. 4, Tamil Nadu, Tiruchirappalli, Trichy	India	S3-880450458	New-Media Private Limited	Sohp No. 01, Ground Floor, Block -A Mahendra Enclave, Delhi, West Delhi, DL	5	0.7481	SHARED_NAME_AND_LOCATION_TOKENS
S1-93806322	New Media Private Limited	Arabikula Street, Chinnakadai Veethi, No. 4, Tamil Nadu, Tiruchirappalli, Trichy	India	S3-868888530	new media private limited	H. No. G-62, Ward No. 04, Lamkana, Jabalpur, MP	6	0.7481	SHARED_NAME_AND_LOCATION_TOKENS
S1-93806322	New Media Private Limited	Arabikula Street, Chinnakadai Veethi, No. 4, Tamil Nadu, Tiruchirappalli, Trichy	India	S3-283288944	New Media Private [Limited]	MH, Agarkar Nagar, Pune, H.no ##79 1St Floor Buildin No. 10 Next To Mahada Office Station Road	7	0.7481	SHARED_NAME_AND_LOCATION_TOKENS
S1-93806322	New Media Private Limited	Arabikula Street, Chinnakadai Veethi, No. 4, Tamil Nadu, Tiruchirappalli, Trichy	India	S3-753590417	NEW MEDIA PRIVATE LIMITED	B-8a, DL, New Delhi, Kailash Colony	8	0.7481	SHARED_STEM_OR_PREFIX
S1-93806322	New Media Private Limited	Arabikula Street, Chinnakadai Veethi, No. 4, Tamil Nadu, Tiruchirappalli, Trichy	India	S3-234435821	New Media Private-Limited	P O Box No 1115, Ernakulam, KL	9	0.7481	SHARED_NAME_AND_LOCATION_TOKENS
S1-93806322	New Media Private Limited	Arabikula Street, Chinnakadai Veethi, No. 4, Tamil Nadu, Tiruchirappalli, Trichy	India	S3-378989113	NEW MEDIA PRIVATE LIMITED	Bnl ##112-B, Parkalands, Bh 22Kv Ss, Pardi, Valsad, GJ	10	0.7481	SHARED_STEM_OR_PREFIX
S1-16642923	Jain Hitech It Pvt Ltd	Celler, Shop No 1, Sarvamangal B/H Zalak Complex, Nr Pankaj Society, Bhattha, Paldi, Ahmedabad, Gujarat	India	S2-422749278	Jain  Hitech	Maharashtra, NO #116 P D'MELLO ROADNEAR CARNAC BRIDGE, MUMBAI	3	0.6525	SHARED_NAME_AND_LOCATION_TOKENS
S1-16642923	Jain Hitech It Pvt Ltd	Celler, Shop No 1, Sarvamangal B/H Zalak Complex, Nr Pankaj Society, Bhattha, Paldi, Ahmedabad, Gujarat	India	S3-886093936	Jain Hitech lnfra	280 Udham Singh Nagar, Jalandhar, PB	10	0.6525	SHARED_STEM_OR_PREFIX
S1-951871591	Poddar College	C/O Lajje, Nr -Main Rasta, Village - Shahpur, Sector-128, Noida, Gautam Buddha Nagar, Uttar Pradesh	India	S3-525040161	Poddar College	#101, Vasai, महाराष्ट्र	2	1.2777	SHARED_STEM_OR_PREFIX
S1-951871591	Poddar College	C/O Lajje, Nr -Main Rasta, Village - Shahpur, Sector-128, Noida, Gautam Buddha Nagar, Uttar Pradesh	India	S2-105220852	PODDAR COLLEGE LIMITED	N-2/33 1ST FLOOR PHASE II DLF CITY, GURGAON, Haryana	6	0.7394	SHARED_STEM_OR_PREFIX
S1-951871591	Poddar College	C/O Lajje, Nr -Main Rasta, Village - Shahpur, Sector-128, Noida, Gautam Buddha Nagar, Uttar Pradesh	India	S2-570097161	Poddar Co &	NO 220- 5TH MAIN MGES HAMPI NAGAR, RPC LAYOUT VIJAYNAGAR, BANGALORE NORTH, Karnataka	8	0.3894	SHARED_STREET_OR_ADDRESS
S1-665355186	International Nestor Interiors Limited	Block D, 2Nd Floor, Flat 2B, 35/1, Bangur Avenue, North 24 Parganas, Sky Residency, Jessore Road, West Bengal	India	S2-478329761	NESTOR NESTOR SERVICES [PRIVATE]	C-27-B, PRITHVIRAJ ROAD, NEW DELHI, Delhi	5	0.1573	SHARED_STREET_OR_ADDRESS
S1-665355186	International Nestor Interiors Limited	Block D, 2Nd Floor, Flat 2B, 35/1, Bangur Avenue, North 24 Parganas, Sky Residency, Jessore Road, West Bengal	India	S2-413475042	Agra Gas Private Ltd	BLOCK NO 35/2/5 UNIT NO F-10 FIRST FLOOR SANJAY PLACE, AGRA, Uttar Pradesh	7	0.0971	SHARED_STREET_OR_ADDRESS
S1-953470089	Tirupati Systems Limited	C/O Mangesh Waman Nirantar, Shop No. G-1, F-Building, Kasliwal Suvarnayog, Garkhed, A, Aurangabad, Maharashtra	India	S2-427719916	Tirupati Systems Limited	1-7-510/E/5 & 3, GEMINI COLONY, MUSHEERABAD, HYDERABAD, Telangana	1	0.6521	SHARED_NAME_AND_LOCATION_TOKENS
S1-953470089	Tirupati Systems Limited	C/O Mangesh Waman Nirantar, Shop No. G-1, F-Building, Kasliwal Suvarnayog, Garkhed, A, Aurangabad, Maharashtra	India	S3-684099182	Tirupati Systems-(Limited)	Calcutta, 49/5B Karl Marx Sarani P S South Port, Kolkata, WB	3	0.6521	SHARED_STEM_OR_PREFIX
S1-953470089	Tirupati Systems Limited	C/O Mangesh Waman Nirantar, Shop No. G-1, F-Building, Kasliwal Suvarnayog, Garkhed, A, Aurangabad, Maharashtra	India	S2-729028529	यूनिक प्रोजेक्ट्स प्राइवेट लिमिटेड	C/O MANGESH THANSING PAWAR HOUSE NO. 1, <NULL>, NASHIK, Maharashtra	5	0.2901	SAME_GEOGRAPHY_AND_GENERIC_KEY
S1-953470089	Tirupati Systems Limited	C/O Mangesh Waman Nirantar, Shop No. G-1, F-Building, Kasliwal Suvarnayog, Garkhed, A, Aurangabad, Maharashtra	India	S2-491126348	Akola Tubes Private [Ltd]	C/O. MANGESH MHAISANE, WARD NO 1, 639, BORGAON, AKOLA, Maharashtra	6	0.2901	SAME_GEOGRAPHY_AND_GENERIC_KEY
S1-953470089	Tirupati Systems Limited	C/O Mangesh Waman Nirantar, Shop No. G-1, F-Building, Kasliwal Suvarnayog, Garkhed, A, Aurangabad, Maharashtra	India	S2-393563842	Tirupati Systems	পশ্চিমবঙ্গ, MANDIR GATE, KALPATARU APTT. BL A, FLAT 3, NARENDRAPUR, KOLKATA	9	0.1686	SHARED_STEM_OR_PREFIX
S1-953470089	Tirupati Systems Limited	C/O Mangesh Waman Nirantar, Shop No. G-1, F-Building, Kasliwal Suvarnayog, Garkhed, A, Aurangabad, Maharashtra	India	S2-894576924	tirupati systems llp	NO 69 MANDIR GATE, KALPATARU APTT. BL A, FLAT 3, NARENDRAPUR, KOLKATA, West Bengal	10	0.1686	SHARED_NAME_AND_LOCATION_TOKENS
S1-464105135	Wynter Secure Sachs	673 Cook Road, Sheldon, VT	US	S2-287641339	WYNTER PRIME SPRING, LLC	3589 441, PALESTINE, TX	7	0.2199	SHARED_STEM_OR_PREFIX
S1-464105135	Wynter Secure Sachs	673 Cook Road, Sheldon, VT	US	S2-791653001	WYNTER GLOBAL  CHAMPIONSGATE	#1830 ARLENE DRIVE, INDIANAPOLIS, IN	9	0.2199	SHARED_STEM_OR_PREFIX
S1-464105135	Wynter Secure Sachs	673 Cook Road, Sheldon, VT	US	S2-596222886	WYNTER ROBINSON ROCKY ENTERTAINMENT	HUNTINGDON VALLEY, 1957 PIONEER RD, PA	10	0.2199	SHARED_STEM_OR_PREFIX
S1-272091966	Begley's Value Pet Care	5909 Brambleberry Way, Raleigh, NC	US	S3-767826429	Begley's Communications Corp Service	108 Navajo Trl, N/A, Portsmouth City, Virginia	7	0.5252	SHARED_STEM_OR_PREFIX
S1-272091966	Begley's Value Pet Care	5909 Brambleberry Way, Raleigh, NC	US	S2-820320860	Autism Assistance Charities Group	5909 BRAMBLEBERRY WAY, RALEIGH, NC	8	0.2258	SAME_GEOGRAPHY_AND_GENERIC_KEY
S1-675959550	Ne Forwarding Private Limited	No.5M-651/A, 1St Floor, 5Th Main, Banasawadi, Ombr Layout, Bangalore, Karnataka	India	S3-414627286	Ne Forwarding Public Limited	#5M-653/A, Bangalore, KA	2	1.4659	SHARED_NAME_AND_LOCATION_TOKENS
S1-675959550	Ne Forwarding Private Limited	No.5M-651/A, 1St Floor, 5Th Main, Banasawadi, Ombr Layout, Bangalore, Karnataka	India	S2-929046464	Maharashtra Salon (India) Infratech Company	NO.651, 5TH, MAIN ROAD, OPP. TO CHAYA SPECIALITY HESPITAL, OMBR LAYOUT, BANGALORE, Karnataka	7	0.2258	SAME_GEOGRAPHY_AND_GENERIC_KEY
S1-675959550	Ne Forwarding Private Limited	No.5M-651/A, 1St Floor, 5Th Main, Banasawadi, Ombr Layout, Bangalore, Karnataka	India	S2-421087075	aho forex enterprises pvt ltd	NO.651, 5TH, MAIN ROAD, OPP. TO CHAYA SPECIALITY HOSPITAL, OMBR LAYOUT, BANGALORE, Karnataka	8	0.2258	SAME_GEOGRAPHY_AND_GENERIC_KEY
S1-675959550	Ne Forwarding Private Limited	No.5M-651/A, 1St Floor, 5Th Main, Banasawadi, Ombr Layout, Bangalore, Karnataka	India	S2-508949748	anantayaimpex.com	#651, 6TH MAIN, 6TH CROSS, HAL 3RD STAGE NEW THIPPASANDRA, BANGALORE, Karnataka	9	0.2258	SAME_GEOGRAPHY_AND_GENERIC_KEY
S1-675959550	Ne Forwarding Private Limited	No.5M-651/A, 1St Floor, 5Th Main, Banasawadi, Ombr Layout, Bangalore, Karnataka	India	S3-458898012	Karol Bagh Century Private Limited	#651 2439/14, Main Ajmal Khan Road Beadonpura, Delhi, DL	10	0.2258	SAME_GEOGRAPHY_AND_GENERIC_KEY
S1-716442915	Creative Plum	7371 Denny Drive, North Ridgeville, OH	US	S2-905240408	Creative Plum Group	1258 OTTER CREEK ROAD, ELGIN, IA	2	0.5250	SHARED_STEM_OR_PREFIX
S1-716442915	Creative Plum	7371 Denny Drive, North Ridgeville, OH	US	S3-942319666	Vanguard Software International LLC	#7371 Denny Dr, North Ridgeville, Ohio	5	0.2672	SAME_GEOGRAPHY_AND_GENERIC_KEY
S1-716442915	Creative Plum	7371 Denny Drive, North Ridgeville, OH	US	S3-564564920	Malone  Vision Center Inc.	#7371 Denny Dr, North Ridgeville, Ohio	6	0.2672	SAME_GEOGRAPHY_AND_GENERIC_KEY
S1-657025372	Ertha M. Swanson, DPM, P.C.	810 Park Avenue, Dunn, NC	US	S2-237694248	Ertha M. Swanson, DPM, P.C. (Northside)	814 PARK AVE, DUNN CDP, NC	5	0.9725	SHARED_NAME_AND_LOCATION_TOKENS
S1-657025372	Ertha M. Swanson, DPM, P.C.	810 Park Avenue, Dunn, NC	US	S2-658666073	Ertha Martin  Trusted	503 THIRD ST, TUTTLE, OK	7	0.2818	SHARED_STEM_OR_PREFIX
S1-657025372	Ertha M. Swanson, DPM, P.C.	810 Park Avenue, Dunn, NC	US	S3-392503136	Ertha Martin Trusted Communications	503 Third Street, Tuttle, Oklahoma	9	0.2818	SHARED_STEM_OR_PREFIX
S1-606480359	Creative Services Private Limited	H.No.8-3-214/1/A-1, Plot No.B2Madhura Nagar, Hyderabad., Andhra Pradesh, Telangana	India	S2-492872776	creative services private limited	HOUSE NO. 152, VILL- SIKANDERPUR, DLF PHASE-1, GURGAON, Haryana	1	0.3378	SHARED_NAME_AND_LOCATION_TOKENS
S1-606480359	Creative Services Private Limited	H.No.8-3-214/1/A-1, Plot No.B2Madhura Nagar, Hyderabad., Andhra Pradesh, Telangana	India	S2-991147730	CREATIVE SERVICES PRIVATE LIMITED	4/6, 3RD STREET, BALA VIGNESHWARA NAGAR MADIPAKKAM, CHENNAI, Tamil Nadu	2	0.3378	SHARED_STREET_OR_ADDRESS
S1-606480359	Creative Services Private Limited	H.No.8-3-214/1/A-1, Plot No.B2Madhura Nagar, Hyderabad., Andhra Pradesh, Telangana	India	S3-162955105	Creative Services-Private Limited	Nd Floor Vishwakarma Sankul, Jalgaon, MH	7	0.3378	SHARED_STEM_OR_PREFIX
S1-606480359	Creative Services Private Limited	H.No.8-3-214/1/A-1, Plot No.B2Madhura Nagar, Hyderabad., Andhra Pradesh, Telangana	India	S3-402527310	Creative Services Private Limited	A-416/7, East Delhi, DL	10	0.3378	SHARED_STEM_OR_PREFIX
S1-378652653	Gulf Network Inc	22022 Shale Barren Court, Cypress, TX	US	S2-781218899	Gulf Network  Inc	SOUTH RICHMOND CIR, BETTENDORF, IA	1	0.7273	SHARED_STEM_OR_PREFIX
S1-378652653	Gulf Network Inc	22022 Shale Barren Court, Cypress, TX	US	S2-946534178	Gulf Network  Inc	BLOOMER LN, SALISBURY, CT	2	0.7273	SHARED_STEM_OR_PREFIX
S1-378652653	Gulf Network Inc	22022 Shale Barren Court, Cypress, TX	US	S2-573379816	Gulf Network Inc.	1201 GEORGE BASON RD, GRAHAM, NC	5	0.7273	SHARED_STEM_OR_PREFIX
S1-378652653	Gulf Network Inc	22022 Shale Barren Court, Cypress, TX	US	S3-254071555	Gulf Network (Inc.)	5 Bloomer Lane, Salisbury, Connecticut	8	0.7273	SHARED_STEM_OR_PREFIX
S1-539197690	Foundation Purple Logistics Limited	Thameens Residence Allumoodu Jn, Neyyattinkara P O, Thiruvananthapuram, Trivandrum, Kerala	India	S2-25114119	Foundation Purple Logistics Infratech Limited	NO 45 THAMEENS RESIDENCE ALLUMOODU JN, NEYYATTINKARA P O, THIRUVANANTHAPURAM, Kerala	3	0.4522	SHARED_NAME_AND_LOCATION_TOKENS
S1-977704542	Williams Strategic	197 Kenton Run, Wythe County, VA	US	S2-627991271	Williams Strategic	HAYES ROAD, LAWRENCEBURG, TN	2	0.5882	SHARED_STEM_OR_PREFIX
S1-977704542	Williams Strategic	197 Kenton Run, Wythe County, VA	US	S2-761707065	Williams Strategic	##731 SHORE ACRES DRIVE, BIG LAKE, MN	3	0.5882	SHARED_STEM_OR_PREFIX
S1-977704542	Williams Strategic	197 Kenton Run, Wythe County, VA	US	S2-103784770	Williams Strategic	110 18 Street, SARTELL, MN	5	0.5882	SHARED_STEM_OR_PREFIX
S1-977704542	Williams Strategic	197 Kenton Run, Wythe County, VA	US	S3-987022942	Williams  Strategic	11939 Maple Ave, Illinois, Blue Island	6	0.5882	SHARED_STEM_OR_PREFIX
S1-977704542	Williams Strategic	197 Kenton Run, Wythe County, VA	US	S3-341747145	Williams Strategic	722 Hayes Rd, Lawrenceburg, Tennessee	7	0.5882	SHARED_STEM_OR_PREFIX
S1-977704542	Williams Strategic	197 Kenton Run, Wythe County, VA	US	S3-751768128	Williams  Strategic	24 Orchard Avenue, Brockton, Massachusetts	8	0.5882	SHARED_STEM_OR_PREFIX
S1-338840619	Quartz, LLC	602 723, Bldg Residence, Crittenden County, KY	US	S2-49268162	Quartz LLC	03850 TUNLAW RD, DC, WASHINGTON	1	0.2835	SHARED_STEM_OR_PREFIX
S1-338840619	Quartz, LLC	602 723, Bldg Residence, Crittenden County, KY	US	S2-36061379	Quartz, LLC		2	0.2835	SHARED_STEM_OR_PREFIX
S1-338840619	Quartz, LLC	602 723, Bldg Residence, Crittenden County, KY	US	S2-634773433	Quartz LLC	#10 BITTERSWEET DRIVE, HAGERSTOWN, MD	4	0.2835	SHARED_STEM_OR_PREFIX
S1-338840619	Quartz, LLC	602 723, Bldg Residence, Crittenden County, KY	US	S2-952002480	Quartz LLC	0103 HMS STAYNER DRIVE, HINGHAM, MA	5	0.2835	SHARED_STEM_OR_PREFIX
S1-338840619	Quartz, LLC	602 723, Bldg Residence, Crittenden County, KY	US	S2-455529667	QUARTZ  LLC	335-A TARRYTOWN RD, GREENBURGH, NY	9	0.2835	SHARED_STEM_OR_PREFIX
S1-170960991	Maanya & Co Center	Mr. Vishun Dayal, Flat No. 91 Pkt B2 Lok Nayak Puram, Mundka Near Ashram, Delhi, West Delhi, Delhi	India	S2-644014520	Maanya Research Overseas Prtvhe Limited	BLDG 8 603 C WING, ARUNODAYA CHS LRTD M S TILAK NAGAR, NR-SAI GANESH CHEMBUR W, MUMBAI, Maharashtra	4	0.2728	SHARED_STEM_OR_PREFIX
S1-170960991	Maanya & Co Center	Mr. Vishun Dayal, Flat No. 91 Pkt B2 Lok Nayak Puram, Mundka Near Ashram, Delhi, West Delhi, Delhi	India	S2-756172535	Maanya Ispat Private	VILL- BORVAV, TA- TALALA, DIST- GIR SOMNATH, TALALA, Gujarat	5	0.2728	SHARED_STEM_OR_PREFIX
S1-170960991	Maanya & Co Center	Mr. Vishun Dayal, Flat No. 91 Pkt B2 Lok Nayak Puram, Mundka Near Ashram, Delhi, West Delhi, Delhi	India	S2-639777835	Maanya-Textile	West Bengal, GREEN WOOD SONATA, HIGH TOWER 4 , FLAT NO. 10M, CITY CENTER II, NEW TOWN, KOLKATA	6	0.2728	SHARED_NAME_AND_LOCATION_TOKENS
S1-170960991	Maanya & Co Center	Mr. Vishun Dayal, Flat No. 91 Pkt B2 Lok Nayak Puram, Mundka Near Ashram, Delhi, West Delhi, Delhi	India	S2-182582878	Maanya Únit Pvt Ltd	C/O- RAHIM HASSAN MUDI PARA, TANGRA PARA, JALPAIGURI, West Bengal	8	0.2728	SHARED_NAME_AND_LOCATION_TOKENS
S1-170960991	Maanya & Co Center	Mr. Vishun Dayal, Flat No. 91 Pkt B2 Lok Nayak Puram, Mundka Near Ashram, Delhi, West Delhi, Delhi	India	S2-701361955	Maanya Búildcon Private Limited	10394/13 MULEANI DHANDAPAHAR GANJ, NEW DELHI, Delhi	10	0.2728	SHARED_NAME_AND_LOCATION_TOKENS
S1-152967828	Grand Staffing Solutions	27 Woodlawn Avenue, Poughkeepsie, NY	US	S2-196895681	Grand Staffing Technologies Co	538 BIDDLE ST, CHESAPEAKE CITY, MD	1	0.3282	SHARED_STEM_OR_PREFIX
S1-152967828	Grand Staffing Solutions	27 Woodlawn Avenue, Poughkeepsie, NY	US	S2-435241260	Grand Staffing Products Ltd	108 FREDEICK AVE, GAITHERSBURG, MD	2	0.3282	SHARED_STEM_OR_PREFIX
S1-152967828	Grand Staffing Solutions	27 Woodlawn Avenue, Poughkeepsie, NY	US	S2-130052559	Grand Staffing Partners Dynamics,	338  1230, SPINGVILLE, UT	8	0.3282	SHARED_STEM_OR_PREFIX
S1-152967828	Grand Staffing Solutions	27 Woodlawn Avenue, Poughkeepsie, NY	US	S2-177358781	Grand  Staffing Products, Inc		10	0.3282	SHARED_STEM_OR_PREFIX
S1-13859063	Garware Educational Society	House No-979/A, Jagdev Nagar, Jagdev Path Behind Chandrama Market, Ps-Nawada, Po-A, Naith, Arrah, Bhojpur, Bihar	India	S3-156568296	Garware Educational Society Corporation	1-28, KA, Dharwad, Dharwar	6	0.8308	SHARED_STEM_OR_PREFIX
S1-13859063	Garware Educational Society	House No-979/A, Jagdev Nagar, Jagdev Path Behind Chandrama Market, Ps-Nawada, Po-A, Naith, Arrah, Bhojpur, Bihar	India	S2-982351524	स्टार टेक्नोलॉजी प्राइवेट लिमिटेड	HOUSE NO- 979., FARIDABAD, Haryana	10	0.2500	SAME_GEOGRAPHY_AND_GENERIC_KEY
S1-113241674	Peek, Hitchings and Cowan	210 Branson Drive, Dickson, TN	US	S3-707911381	Peek Hitchings And Cowan (Ltd)	212A Branson Dr, Dickson, Tennessee	2	1.5991	SHARED_NAME_AND_LOCATION_TOKENS
S1-113241674	Peek, Hitchings and Cowan	210 Branson Drive, Dickson, TN	US	S2-348577780	Hitchings, Chu and	1460 WATERVILLE MONCLOVA RD, WATERVILLE, OH	3	0.1280	SHARED_STEM_OR_PREFIX
S1-113241674	Peek, Hitchings and Cowan	210 Branson Drive, Dickson, TN	US	S2-38395442	HITCHINGS, CHU AND ZHAO	1460 WATERVILLE MONCLOVA ROAD, PO BOX 7728, WATERVILLE, OH	5	0.1280	SHARED_STEM_OR_PREFIX
S1-113241674	Peek, Hitchings and Cowan	210 Branson Drive, Dickson, TN	US	S2-675379412	Covarrubias + Hitchings Quartzsea Summit L.L.C.	1438 Halladay Court, BATAVIA, IL	6	0.1280	SHARED_STEM_OR_PREFIX
S1-113241674	Peek, Hitchings and Cowan	210 Branson Drive, Dickson, TN	US	S2-752490423	Hitchings Scbaenese	36 HOLMES ST, STRATFORD, CT	7	0.1280	SHARED_STEM_OR_PREFIX
S1-113241674	Peek, Hitchings and Cowan	210 Branson Drive, Dickson, TN	US	S3-185684541	Hitchings, Chu and Zhao North LLC	1464a Waterville Monclova Rd, # D, Waterville, Ohio	9	0.1280	SHARED_STEM_OR_PREFIX
S1-711682948	Catherine Nesbit Industries LLC	2 Stonegate Court, Fairfield, OH	US	S3-167129825	Secure Retail-Industries Inc	2 A Stonegate Circle, Branford, Connecticut	6	0.2366	SAME_GEOGRAPHY_AND_GENERIC_KEY
S1-711682948	Catherine Nesbit Industries LLC	2 Stonegate Court, Fairfield, OH	US	S2-639041599	FERNANDINA NESBIT NESBIT CASCADE BANKING	805 CHARLOTTE AVENUE, ALTAVISTA, VA	8	0.1548	SHARED_STEM_OR_PREFIX
S1-711682948	Catherine Nesbit Industries LLC	2 Stonegate Court, Fairfield, OH	US	S2-345529802	Sharp, Nesbit & Gaffney Partners	224 KENILWORTH AVE, PMB 1605, GLEN LLYN, IL	10	0.0774	SHARED_STEM_OR_PREFIX
S1-284209086	Solutions Basco Marine Corp	Sudhaapartment, 2Ndfloor, Flatno.134, N.S.Road, Nabapally, Barasat, 24P, Gs. (N), Kolkata, Howrah, West Bengal	India	S2-76584349	Basco Infra	30/15, CASSIA ROAD, SHIPRA SUNCITY, INDIRAPURAM, उत्तर प्रदेश	7	0.1105	SHARED_STREET_OR_ADDRESS
S1-284209086	Solutions Basco Marine Corp	Sudhaapartment, 2Ndfloor, Flatno.134, N.S.Road, Nabapally, Barasat, 24P, Gs. (N), Kolkata, Howrah, West Bengal	India	S2-202730563	BASCO CREATIVE (INDIA) PRIVATE LIMITED	DOOR NO D/183 , GAYATHRI TECH PARK, EPIP ZONE, WHITEFILED, BANGALORE, ಕರ್ನಾಟಕ	8	0.1105	SHARED_STEM_OR_PREFIX
S1-284209086	Solutions Basco Marine Corp	Sudhaapartment, 2Ndfloor, Flatno.134, N.S.Road, Nabapally, Barasat, 24P, Gs. (N), Kolkata, Howrah, West Bengal	India	S2-948353576	Basco Creative (India) Private Ltd	PLOT NO. D/183 , GAYATHRI TECH PARK, EPIP ZONE, WHITEFILED, BANGALORE, Karnataka	9	0.1105	SHARED_STEM_OR_PREFIX
S1-537478269	National Association Inc.	2907 W, Snyder, TX	US	S2-56859394	National Association  Inc	49 Carpenter Avenue, RIDGELEY, WV	2	0.5432	SHARED_STEM_OR_PREFIX
S1-537478269	National Association Inc.	2907 W, Snyder, TX	US	S2-987216132	National Association Inc	13125 WOODLAND FARM DR, CHARLOTTE, NC	5	0.5432	SHARED_STEM_OR_PREFIX
S1-537478269	National Association Inc.	2907 W, Snyder, TX	US	S2-267916941	National Association LLC	4929 INNSBRUCK DR, ROCKFORD, IL	8	0.1488	SHARED_STEM_OR_PREFIX
S1-537478269	National Association Inc.	2907 W, Snyder, TX	US	S2-198713624	National Association Eastgate	13129 WOODLAND FARM DR, CHARLOTTE, NC	9	0.1488	SHARED_STEM_OR_PREFIX
S1-537478269	National Association Inc.	2907 W, Snyder, TX	US	S2-907775538	NATIONAL ASSOCIATION VI INC	5416 164ND STREET, URBANDALE, IA	10	0.1488	SHARED_STEM_OR_PREFIX
S1-208550511	Muriel Quality Nextera LLC	NC, Sylva, 1580 Blanton Branch Road	US	S2-184385141	MURIEL MURIEL CHÁVEZ, D.C. CLINIC	4408 COSBY AVENUE, EVERETT, WA	2	0.1254	SHARED_STEM_OR_PREFIX
S1-208550511	Muriel Quality Nextera LLC	NC, Sylva, 1580 Blanton Branch Road	US	S3-513466482	Muriel Muriel Laguna Ésq.	3044 Truxillo Street, Houston, Texas	3	0.1254	SHARED_STEM_OR_PREFIX
S1-208550511	Muriel Quality Nextera LLC	NC, Sylva, 1580 Blanton Branch Road	US	S3-318730714	Goodman, Muriel, Muriel, DO Summit LP	32 Abeel Street, # Apartment 6M, Yonkeers, New York	4	0.1254	SHARED_STEM_OR_PREFIX
S1-208550511	Muriel Quality Nextera LLC	NC, Sylva, 1580 Blanton Branch Road	US	S3-222446865	Muriel's Muriel's Snla Laboratories Holdings	57 Sawyer St, Unit Apartment 201, Hornell, New York	7	0.1254	SHARED_STEM_OR_PREFIX
S1-208550511	Muriel Quality Nextera LLC	NC, Sylva, 1580 Blanton Branch Road	US	S2-605854398	Muriel Summfms, D.D.S. LLC	FAYETTEVILLE, 330 22TH STREET, AR	8	0.0627	SHARED_STEM_OR_PREFIX
S1-208550511	Muriel Quality Nextera LLC	NC, Sylva, 1580 Blanton Branch Road	US	S2-320953480	Muriel Heiz Martin Inc	FIFTH ST, RENTON, WA	9	0.0627	SHARED_STEM_OR_PREFIX
S1-208550511	Muriel Quality Nextera LLC	NC, Sylva, 1580 Blanton Branch Road	US	S2-260942248	Muriel's Safe Laboratories South Hutchinson	507 MIAN ST, S HUTCHINSON, KS	10	0.0627	SHARED_STEM_OR_PREFIX
S1-684878299	Kannur Builders Ltd	Room No. 6/443, Kayaralam Motta, Kayaralam Post, Kannur, Kerala	India	S2-537038665	Kannur Builders Public Limited	#4 MALABAR TOWERSC/OSHARPLINE BUILDERS AND DEVELOPERS SOUTH BAZAR, KANNUR, Keralam	2	0.7048	SHARED_NAME_AND_LOCATION_TOKENS
S1-684878299	Kannur Builders Ltd	Room No. 6/443, Kayaralam Motta, Kayaralam Post, Kannur, Kerala	India	S2-282006512	KANNUR BUILDERS ENTERPRISES  PVT LTD.	DOOR NO 4 MALABAR TOWERSC/OSHARPLINE BUILDERS AND DEVELOPERS SOUTH BAZAR, KANNUR, Keralam	3	0.7048	SHARED_NAME_AND_LOCATION_TOKENS
S1-684878299	Kannur Builders Ltd	Room No. 6/443, Kayaralam Motta, Kayaralam Post, Kannur, Kerala	India	S3-135080073	kannur builders private limited	Bijapur, KL, Building No: Tw/52/5411 And 5412 Fifth Floor, Kannur, City Centre At Fort Road	5	0.7048	SHARED_NAME_AND_LOCATION_TOKENS
S1-684878299	Kannur Builders Ltd	Room No. 6/443, Kayaralam Motta, Kayaralam Post, Kannur, Kerala	India	S2-914869927	KANNUR LIMITED PRIVATE BUILDERS	BUILDING NO: TW/52/5411 AND 5412 FIFTH FLOOR, CITY CENTRE AT FDRT ROAD, KANNUR, Keralam	7	0.4481	SHARED_NAME_AND_LOCATION_TOKENS
S1-684878299	Kannur Builders Ltd	Room No. 6/443, Kayaralam Motta, Kayaralam Post, Kannur, Kerala	India	S2-660269745	Kannur Buildersprivate Private Ltd	NO.AP XIV/D/736, THAVAKKAL COMPLEX, CHAKKA, KANNUR, Kerala	8	0.3548	SHARED_NAME_AND_LOCATION_TOKENS
S1-684878299	Kannur Builders Ltd	Room No. 6/443, Kayaralam Motta, Kayaralam Post, Kannur, Kerala	India	S2-393437440	Kannur Buildersprivate Limited (Center)	NO.AP XIV/D/736, THAVAKKAL COMPLEX, CHAKKA, KANNUR, Kerala	9	0.3548	SHARED_NAME_AND_LOCATION_TOKENS
S1-281356776	Allied Educational Society	Gurugram, Gurgaon, Haryana, H-115 South City 2 Gurugram	India	S2-576368250	Allied Educational Society	D A-2 16TH RDM I D C AREA ANDHERI E, MUMBAI, महाराष्ट्र	1	1.6084	SHARED_NAME_AND_LOCATION_TOKENS
S1-281356776	Allied Educational Society	Gurugram, Gurgaon, Haryana, H-115 South City 2 Gurugram	India	S2-981357596	Allied Educational Society Corporation	D A-2 16TH RDM I D C AREA ANDHERI E, MUMBAI, महाराष्ट्र	2	0.8197	SHARED_NAME_AND_LOCATION_TOKENS
S1-281356776	Allied Educational Society	Gurugram, Gurgaon, Haryana, H-115 South City 2 Gurugram	India	S3-302474130	मॉडर्न हॉस्पिटैलिटी प्रा. लि.	C-115 Gurugram, Galleria Dlf-iv, Gurgaon, HR	5	0.2672	SAME_GEOGRAPHY_AND_GENERIC_KEY
S1-281356776	Allied Educational Society	Gurugram, Gurgaon, Haryana, H-115 South City 2 Gurugram	India	S3-537102300	Kims & Biothsr Group Private Limited	HR, Gurugram, F - 115	6	0.2672	SAME_GEOGRAPHY_AND_GENERIC_KEY
S1-89093509	Saini Drinks Limited	D 35 Pocket C Mayur Vihar Phase Ii, East Delhi, Delhi	India	S2-913044559	Saini Drinks Limited	430-, 4TH FLOOR, ALANKAR PLAZA, A-10 CENTRAL SPINE, VIDHYADAHR NAGAR, JAIPUR, Rajasthan	1	1.4623	SHARED_STEM_OR_PREFIX
S1-89093509	Saini Drinks Limited	D 35 Pocket C Mayur Vihar Phase Ii, East Delhi, Delhi	India	S3-757261293	Saini Drinks Limited	#D/3 430, Jaipur, राजस्थान	2	1.4623	SHARED_NAME_AND_LOCATION_TOKENS
S1-89093509	Saini Drinks Limited	D 35 Pocket C Mayur Vihar Phase Ii, East Delhi, Delhi	India	S2-157264523	Saini Drinks  Industries	434, 4TH FLOOR, ALANKAR PLAZA, A-10 CENTRAL SPINE, VIDHYADAHR NAGAR, JAIPUR, Rajasthan	3	0.8373	SHARED_STEM_OR_PREFIX
S1-89093509	Saini Drinks Limited	D 35 Pocket C Mayur Vihar Phase Ii, East Delhi, Delhi	India	S2-134766593	Saini Drinks LLP	S. NO. 39, CHAWL-B-41, PL-14-15 UPPER BIBVEWADI, PUNE, महाराष्ट्र	6	0.8373	SHARED_STEM_OR_PREFIX
S1-89093509	Saini Drinks Limited	D 35 Pocket C Mayur Vihar Phase Ii, East Delhi, Delhi	India	S2-56917566	Saini-Drinks	S. NO. 39, CHAWL-B-41, PL-14-15 UPPER BIBVEWADI, PUNE, Maharashtra	7	0.8373	SHARED_STEM_OR_PREFIX
S1-89093509	Saini Drinks Limited	D 35 Pocket C Mayur Vihar Phase Ii, East Delhi, Delhi	India	S2-170942973	Saini Drinks Pvt Ltd	D 36 POCKET C MAYUR VIHAR PHASE II, Delhi	9	0.8373	SHARED_STREET_OR_ADDRESS
S1-89093509	Saini Drinks Limited	D 35 Pocket C Mayur Vihar Phase Ii, East Delhi, Delhi	India	S3-174604060	Saini Drinks	S. No. 639, Chawl-b-41, Pl-14-15 Upper Bibvewadi, Pune, Pune City, महाराष्ट्र	10	0.8373	SHARED_STEM_OR_PREFIX
S1-287666599	Bates Generation LLC	25943 Highland Road, Richmond Heights, OH	US	S2-11821506	Bates Grand Xsolla Harbor	1622 CITY NIGHTS WAY, HUSTON, TX	6	0.1664	SHARED_STEM_OR_PREFIX
S1-287666599	Bates Generation LLC	25943 Highland Road, Richmond Heights, OH	US	S2-669489841	BATESGROWTH.COM	GILBERT AVENUE, DOWNERS GROVE, IL	7	0.1664	SAME_GEOGRAPHY_AND_GENERIC_KEY
S1-287666599	Bates Generation LLC	25943 Highland Road, Richmond Heights, OH	US	S2-937137362	Bates Galaxy Incorporated	130-C LARAMIE CIRCLE, DANVILLE CITY, VA	8	0.1664	SHARED_STEM_OR_PREFIX
S1-287666599	Bates Generation LLC	25943 Highland Road, Richmond Heights, OH	US	S2-691714020	Bates Global Maintenance LLC	1316 WILSON STREET, BATAVIA, IL	9	0.1664	SHARED_STEM_OR_PREFIX
S1-952988982	Reed, Taylor & Simien LLC	180 Anchor Drive, Somerset, MA	US	S2-623022625	Reed, Taylor Simien & Ltd	191 ANCHOR DR, SOMERSET, MA	3	1.2760	SHARED_NAME_AND_LOCATION_TOKENS
S1-952988982	Reed, Taylor & Simien LLC	180 Anchor Drive, Somerset, MA	US	S2-716893766	reedtalonchavez.com	9292 EVERGREEN AVE, SOLON SRPINGS, WI	5	0.3095	SAME_GEOGRAPHY_AND_GENERIC_KEY
S1-952988982	Reed, Taylor & Simien LLC	180 Anchor Drive, Somerset, MA	US	S2-705438863	Simien Simien Arcco Repair LLC	430D KAUFMAN ST, MOUNT VERNON, TX	6	0.2103	SHARED_STEM_OR_PREFIX
S1-952988982	Reed, Taylor & Simien LLC	180 Anchor Drive, Somerset, MA	US	S2-598392252	Simien Auto Repair of Weatherford	10536 2400 CIR, WEATHERFORD, OK	7	0.1052	SHARED_STEM_OR_PREFIX
S1-952988982	Reed, Taylor & Simien LLC	180 Anchor Drive, Somerset, MA	US	S2-827826657	Simien Auto Repair of Wéatherford	10536 2400 CIRCLE, CUSTER COUNTY, OK	8	0.1052	SHARED_STEM_OR_PREFIX
S1-952988982	Reed, Taylor & Simien LLC	180 Anchor Drive, Somerset, MA	US	S2-92053975	Auto Simien Repair	3607 MISER STATION ROAD, LOUISVILLE, TN	10	0.1052	SHARED_STEM_OR_PREFIX
S1-279661956	Historical League	2875 Jackdaw Drive, Bend, OR	US	S2-744601960	Historical League	5712 77TH SAINT, N/A, PUYALLUP, WA	2	0.3986	SHARED_STEM_OR_PREFIX
S1-279661956	Historical League	2875 Jackdaw Drive, Bend, OR	US	S2-132887574	Historical  League	5 VISTA DR, CHESTER, NY	5	0.3986	SHARED_STEM_OR_PREFIX
S1-279661956	Historical League	2875 Jackdaw Drive, Bend, OR	US	S2-580630437	historical league	5959 LECLERC RD, NEWPRT, WA	6	0.3986	SHARED_STEM_OR_PREFIX
S1-279661956	Historical League	2875 Jackdaw Drive, Bend, OR	US	S2-439432962	Historical League	3005 SIENA DRIVE, BULLHEAD CITY, AZ	8	0.3986	SHARED_STREET_OR_ADDRESS
S1-279661956	Historical League	2875 Jackdaw Drive, Bend, OR	US	S2-367907043	HISTORICAL-LEAGUE	7658 BROADWYN DRIVE, REEYNOLDSBURG, OH	9	0.3986	SHARED_STREET_OR_ADDRESS
S1-279661956	Historical League	2875 Jackdaw Drive, Bend, OR	US	S2-198771722	HISTORICAL  LEAGUE	614 PERDIDO DR, GARLAND, TX	10	0.3986	SHARED_STEM_OR_PREFIX
S1-353948236	Golden Keystone LLC	600 Grove Parkway, Unit 1091, Tempe, AZ	US	S2-517545221	Golden Keystone Textiles Group	25291 OLD MINE RD, APPLE VALLEY, CA	2	0.4605	SHARED_STEM_OR_PREFIX
S1-353948236	Golden Keystone LLC	600 Grove Parkway, Unit 1091, Tempe, AZ	US	S2-857564210	GOLDEN  KEYSTONE	15ND AVENUE, FARGO, ND	3	0.4605	SHARED_STEM_OR_PREFIX
S1-353948236	Golden Keystone LLC	600 Grove Parkway, Unit 1091, Tempe, AZ	US	S2-102375398	Golden Keystone Center		5	0.4605	SHARED_STEM_OR_PREFIX
S1-353948236	Golden Keystone LLC	600 Grove Parkway, Unit 1091, Tempe, AZ	US	S2-699489127	GOLDEN KEYSTONE CAN	##1038 CHELSEA PLACE WAY, CONCORD, TN	6	0.4605	SHARED_STEM_OR_PREFIX
S1-126927804	Future Healthcare Pvt Ltd	Unit No. 14, Krishna Commercial Centre, 6, Udyog Nagar, Near Kamat Club, Goregaon, (West), Mumbai, Maharashtra	India	S3-874429397	Future Healthcare Pvt (Ltd)	14/E/1, Attibele, Industrial Area, Bangaluru Urban, Bangalore, KA	4	0.7944	SHARED_NAME_AND_LOCATION_TOKENS
S1-126927804	Future Healthcare Pvt Ltd	Unit No. 14, Krishna Commercial Centre, 6, Udyog Nagar, Near Kamat Club, Goregaon, (West), Mumbai, Maharashtra	India	S3-159210059	Future Healthcare Pvt Ltd.	14/E/1, Bangalore, Attibele, Industrial Area, Bangaluru Urban, KA	5	0.7944	SHARED_NAME_AND_LOCATION_TOKENS
S1-126927804	Future Healthcare Pvt Ltd	Unit No. 14, Krishna Commercial Centre, 6, Udyog Nagar, Near Kamat Club, Goregaon, (West), Mumbai, Maharashtra	India	S2-391476435	Future Healthcare Pvt	Karnataka, 14/E/1, ATTIBELE, INDUSTRIAL AREA, BANGALORE	7	0.3492	SHARED_NAME_AND_LOCATION_TOKENS
S1-627443733	Freight India Private Limited	175, Sec 16-17, Hissar, Haryana	India	S2-98843781	Freight India Corporation	3-101, CRESCENT BUSINESS PARK, SAMSITHA INDS.COMPLEX OFF ANDHERI KURLA ROAD\, ANDHERI EAST, MUMBAI, Maharashtra	5	0.6046	SHARED_STEM_OR_PREFIX
S1-627443733	Freight India Private Limited	175, Sec 16-17, Hissar, Haryana	India	S2-981786937	Freight India  Corporation	3-101, CRESCENT BUSINESS PARK, SAMSITHA INDS.COMPLEX OFF ANDHERI KURLA ROAD\, ANDHERI EAST, MUMBAI, Maharashtra	6	0.6046	SHARED_STEM_OR_PREFIX
S1-627443733	Freight India Private Limited	175, Sec 16-17, Hissar, Haryana	India	S2-149217526	Freight India  Limited	H. NO ##100 YADAV NIWAS GALI NO 1, RAHUL VIHAR 2ND, PRATAP VIHAR, GHAZIABAD, Uttar Pradesh	7	0.6046	SHARED_STEM_OR_PREFIX
S1-627443733	Freight India Private Limited	175, Sec 16-17, Hissar, Haryana	India	S3-715600239	Freight India Privaet-Limited	Thermolab Glass Compoundchinchwad, Pune, MH	9	0.6046	SHARED_STEM_OR_PREFIX
S1-627443733	Freight India Private Limited	175, Sec 16-17, Hissar, Haryana	India	S3-865905539	Freight India Group L.L.P.	Mumbai, Plot No. 57, Swastik Chl, Between 3Rd And 4Th Road, Jvpd, Mumbai, MH, 703	10	0.6046	SHARED_STEM_OR_PREFIX
S1-280818643	Torgerson & Perry	445 Broadway, Unit Apartment 3B, Hastings-on-hudson, NY	US	S3-808484317	Torgerson Torgerson Peavler And Torres Inc	100 Foreman St, Osceola Mills, Pennsylvania	2	0.4875	SHARED_STEM_OR_PREFIX
S1-280818643	Torgerson & Perry	445 Broadway, Unit Apartment 3B, Hastings-on-hudson, NY	US	S2-781849200	Torgerson Keystone Co	##34 SKYLARK DRIVE, WINCHESTER, KY	3	0.4039	SHARED_STEM_OR_PREFIX
S1-280818643	Torgerson & Perry	445 Broadway, Unit Apartment 3B, Hastings-on-hudson, NY	US	S2-423607166	Torgerson LLC Peoria Keystone	WESTERN AVENUE, PEORIA, IL	6	0.4039	SHARED_STEM_OR_PREFIX
S1-280818643	Torgerson & Perry	445 Broadway, Unit Apartment 3B, Hastings-on-hudson, NY	US	S2-97779919	Torgerson, Torres and Peavler	100 FOREMAN STREET, PMB 3789, OSCEOLA MILLS, PA	9	0.4039	SHARED_STEM_OR_PREFIX
S1-280818643	Torgerson & Perry	445 Broadway, Unit Apartment 3B, Hastings-on-hudson, NY	US	S2-962076866	Torgerson, Peavler and	116 HIGHTIDE DRIVE, DECATUR, IL	10	0.4039	SHARED_STEM_OR_PREFIX
S1-85500745	Ines Varnado Beacon Lithium	105 303, Orangetown, NY	US	S2-480995537	Varnado Cascade Mrtittime	LAKE STREET, ROUSES POINT, NY	7	0.0837	SHARED_NAME_AND_LOCATION_TOKENS
S1-85500745	Ines Varnado Beacon Lithium	105 303, Orangetown, NY	US	S2-134792678	Partners Varnado Quasmarrdge	174 GILBERT RD, PALATINE, IL	8	0.0837	SHARED_STEM_OR_PREFIX
S1-85500745	Ines Varnado Beacon Lithium	105 303, Orangetown, NY	US	S2-155040747	VARNADO, JOLETTA OBIC INC	12531 HOLMES RD, KANSAS CITY, MO	9	0.0837	SHARED_STEM_OR_PREFIX
S1-85500745	Ines Varnado Beacon Lithium	105 303, Orangetown, NY	US	S2-469063397	Varnado College East	14553 WHITE VALLEY RD, MUBLERRY, AR	10	0.0837	SHARED_STEM_OR_PREFIX
S1-452308590	Midwest Coalition	126 6645, Tennessee Colony, TX	US	S2-112862108	Midwest Coalition	2 LAFAYETTE STREET, WORCESTRE, MA	4	0.3951	SHARED_STEM_OR_PREFIX
S1-452308590	Midwest Coalition	126 6645, Tennessee Colony, TX	US	S2-954984913	Midwest Coalition	26191 EDINBOROUGH CIR, PERRYSBURG, OH	5	0.3951	SHARED_STEM_OR_PREFIX
S1-452308590	Midwest Coalition	126 6645, Tennessee Colony, TX	US	S2-556471383	Midwest Coalition	955 26TH ST, SPRINGFIELD, OR	8	0.3951	SHARED_STEM_OR_PREFIX
S1-452308590	Midwest Coalition	126 6645, Tennessee Colony, TX	US	S2-563718091	MIDWEST-COALITION	451 ORCHARD LN, RICHMOND, VT	9	0.3951	SHARED_STEM_OR_PREFIX
S1-452308590	Midwest Coalition	126 6645, Tennessee Colony, TX	US	S2-187302068	Midwest Coalition	5. PLEASANT RIDGE DR, OWINGS MILLS, MD	10	0.3951	SHARED_STEM_OR_PREFIX
S1-330281696	New International Private Limited	B-148, Vikas Vihar Vikas Nagar, Uttam Nagar, New Delhi, West Delhi, Delhi	India	S2-171193711	NEW INTERNATIONAL PRIVATE LIMITED	H.NO 11/3- THIRD FLOOR RAHEJA SQUARE SECTOR 2, IMT MANESAR, Haryana	3	0.5552	SHARED_STEM_OR_PREFIX
S1-330281696	New International Private Limited	B-148, Vikas Vihar Vikas Nagar, Uttam Nagar, New Delhi, West Delhi, Delhi	India	S2-171633414	New International Private-Limited	132, MILESTONE, NH-44 G.T ROAD, V.P.O JHANJHARI, KARNAL, Haryana	4	0.5552	SHARED_STEM_OR_PREFIX
S1-330281696	New International Private Limited	B-148, Vikas Vihar Vikas Nagar, Uttam Nagar, New Delhi, West Delhi, Delhi	India	S2-830921350	New International  Private Limited	WZ-10/20 FIRST FLOOR PEELI KOTHI, KIRTI NAGAR INDUSTRIAL ARE, A, दिल्ली	5	0.5552	SHARED_STREET_OR_ADDRESS
S1-330281696	New International Private Limited	B-148, Vikas Vihar Vikas Nagar, Uttam Nagar, New Delhi, West Delhi, Delhi	India	S3-109752644	New International Private [Limited]	D/11-13-908 & 909, Hyderabad, TG	7	0.5552	SHARED_STEM_OR_PREFIX
S1-330281696	New International Private Limited	B-148, Vikas Vihar Vikas Nagar, Uttam Nagar, New Delhi, West Delhi, Delhi	India	S3-401974400	New International  Private Limited	Door No D/11-13-908 & 909, 404, Greenhillscolony, Kothapet, Hyderabad, TG	8	0.5552	SHARED_STEM_OR_PREFIX
S1-75862106	Department of Environmental Protection	1122 Wankan Road, Nacogdoches, TX	US	S2-763811894	Department of Environmental-Protection	1654 VETERANS BOULEVARD, SEVIERVILLE, TN	4	0.2152	SHARED_STEM_OR_PREFIX
S1-75862106	Department of Environmental Protection	1122 Wankan Road, Nacogdoches, TX	US	S2-407171125	Department of  Environmental Protection	#13637 ECLIPSE DRIVE, SCOTTSDALE, AZ	5	0.2152	SHARED_STEM_OR_PREFIX
S1-75862106	Department of Environmental Protection	1122 Wankan Road, Nacogdoches, TX	US	S2-261517576	Department of Environmental (Protection)	10603 VINTON AVE, LUBOCK, TX	8	0.2152	SHARED_NAME_AND_LOCATION_TOKENS
S1-75862106	Department of Environmental Protection	1122 Wankan Road, Nacogdoches, TX	US	S2-207877846	Department of Environmental  Protection	3911 YOUNGS RD, CLARKSVILLE, NY	9	0.2152	SHARED_STEM_OR_PREFIX
S1-75862106	Department of Environmental Protection	1122 Wankan Road, Nacogdoches, TX	US	S2-393579603	Department of Environmental (Protection)	SCHILLER AVENUE, AKRON, OH	10	0.2152	SHARED_STEM_OR_PREFIX
S1-763496609	Shakti Consulting Limited	Flat No. 8, C Wing, Sai Tower Chs Ltd, Ambadi Road, Vasai West, Thane, Maharashtra	India	S2-962880300	Shakti Consulting Automobiles Private  Limited	0030/6 CIT ROAD SCHEME VIM, GROUND FLOOR, KANKURGACHI, KOLKATA, West Bengal	3	0.1912	SHARED_STREET_OR_ADDRESS
S1-763496609	Shakti Consulting Limited	Flat No. 8, C Wing, Sai Tower Chs Ltd, Ambadi Road, Vasai West, Thane, Maharashtra	India	S2-958783302	Shakti Consulting Private	NO 80- RADHIKA, PALLICHAKKALA ROAD, EROOR SOUTH P O, TRIPUNITHURA, ERNAKULAM, Kerala	5	0.1912	SHARED_STREET_OR_ADDRESS
S1-763496609	Shakti Consulting Limited	Flat No. 8, C Wing, Sai Tower Chs Ltd, Ambadi Road, Vasai West, Thane, Maharashtra	India	S2-760046155	Shakti  Consulting Private Limited	4/28, NETAJI NAGAR, HOWRAH, West Bengal	7	0.1912	SHARED_NAME_AND_LOCATION_TOKENS
S1-763496609	Shakti Consulting Limited	Flat No. 8, C Wing, Sai Tower Chs Ltd, Ambadi Road, Vasai West, Thane, Maharashtra	India	S2-406172679	Shakti Consulting Private Ltd	#44 , JANKI NAGAR, NEAR, MISHRAULIA CH, BAHRAICH RD, GONDA, Uttar Pradesh	8	0.1912	SHARED_STEM_OR_PREFIX
S1-631165181	Brown & Martinez	1119 24th Avenue, Grand Forks, ND	US	S3-582632727	Brown, Martinez Bragg Advantage Inc Partners	722 Eastern White Ln, Sanford, North Carolina	8	0.4588	SHARED_STEM_OR_PREFIX
S1-631165181	Brown & Martinez	1119 24th Avenue, Grand Forks, ND	US	S3-414177841	Brown Martinez and Gehm LLC	869 Pine Kill Road, Mamakating, New York	9	0.4588	SHARED_STEM_OR_PREFIX
S1-631165181	Brown & Martinez	1119 24th Avenue, Grand Forks, ND	US	S3-928064695	Brown, Martinez & Isbell	4530 Rangeline Rd, Anderson, Indiana	10	0.4588	SHARED_STEM_OR_PREFIX
S1-987994833	Muskan India Limited	S F Shop 2, Vaidehi Shine, Near Suraj 48, Gandhinagar, Gandhi Nagar, Gujarat	India	S2-638785681	Muskan (India) Solutions Holdings Private Ltd	தமிழ்நாடு, 6, CENOTAPH 1ST STREET, TEYNAMPET, CHENNAI	1	0.4793	SHARED_STEM_OR_PREFIX
S1-987994833	Muskan India Limited	S F Shop 2, Vaidehi Shine, Near Suraj 48, Gandhinagar, Gandhi Nagar, Gujarat	India	S2-55206105	Muskan (India) C1ub Private Límited	23 SAKTHI AERO GARDEN VENGADAMANGALAM MAIN ROAD VENGADAMANGALAM PONMAR, CHENNAI, தமிழ்நாடு	2	0.4793	SHARED_STEM_OR_PREFIX
S1-987994833	Muskan India Limited	S F Shop 2, Vaidehi Shine, Near Suraj 48, Gandhinagar, Gandhi Nagar, Gujarat	India	S2-193426206	Muskan  (India)	H.NO 0255 5-4, SINGAIPALLY VILLAGE, POTHAIPALLY GRAM, TIRUMALAGIRI, Telangana	6	0.4793	SHARED_STEM_OR_PREFIX
S1-987994833	Muskan India Limited	S F Shop 2, Vaidehi Shine, Near Suraj 48, Gandhinagar, Gandhi Nagar, Gujarat	India	S2-569421057	Muskan India Pcirbbtsae Limited	18/1, OLD KADAVU ROAD, NEAR NH 66, PUTHUPONNANI BRIDGE, VELIYANCODE P O, MALAPPURAM, MALAPPURAM, Kerala	8	0.4793	SHARED_NAME_AND_LOCATION_TOKENS
S1-987994833	Muskan India Limited	S F Shop 2, Vaidehi Shine, Near Suraj 48, Gandhinagar, Gandhi Nagar, Gujarat	India	S2-678972621	Muskan (India) Solutions (Ltd)	SCO NO 17 1ST FLOOR, SATYAM TOWER GREEN ESTATE, DERABASSI, null, Punjab	9	0.4793	SHARED_STEM_OR_PREFIX
S1-987994833	Muskan India Limited	S F Shop 2, Vaidehi Shine, Near Suraj 48, Gandhinagar, Gandhi Nagar, Gujarat	India	S2-785154849	MUSKAN INDIA HOLDINGS PRIVATE [LIMITED]	NO 203 18/3, OLD KADAVU ROAD, NEAR NH 66, PUTHUPONNANI BRIDGE, VELIYANCODE P O, MALAPPURAM, MALAPPURAM, കേരളം	10	0.4793	SHARED_NAME_AND_LOCATION_TOKENS
S1-512288351	Arambagh Crm Private Limited	West Bengal, W/N 5, Rabindrapally, Opposite Electric Supply Office, Hooghly, Arambagh	India	S2-36831857	Arambagh & Sons Pvt.	H.NO 865 B-588 SUDARSHAN PAKR, दिल्ली	7	0.4372	SHARED_STEM_OR_PREFIX
S1-512288351	Arambagh Crm Private Limited	West Bengal, W/N 5, Rabindrapally, Opposite Electric Supply Office, Hooghly, Arambagh	India	S2-872311670	Arambagh + 5ons Ltd. Pvt. Enterprises	H.NO 88 B-589 SUDARSHAN PARK, Delhi	9	0.4372	SHARED_STEM_OR_PREFIX
S1-198026451	Shivam Producer Private Limited	Karnal, Shop No. 34 Sbs Market, Haryana, Karnal	India	S2-678467252	Shivam Producer Private Limited	917/4 TODI CORNER SOUTH BLOCK32 EZRA STREET PS HARE STREET, KOLKATA, West Bengal	1	0.5674	SHARED_STEM_OR_PREFIX
S1-198026451	Shivam Producer Private Limited	Karnal, Shop No. 34 Sbs Market, Haryana, Karnal	India	S2-346964969	Shivam Producer Private [Limited]	EP-3, 3A, MAHARAJA ROAD, MUNISWAMAPPA, SHIVAMANDIR, NETHAJI LAYOUT ALL ROADS, 1ST MAIN, SHIVAMANDIR ROAD, UDAYANAGAR, BANGALORE NORTH, ಕರ್ನಾಟಕ	2	0.5674	SHARED_STEM_OR_PREFIX
S1-198026451	Shivam Producer Private Limited	Karnal, Shop No. 34 Sbs Market, Haryana, Karnal	India	S3-401083954	Shivam Producer  Private Limited	#4-5-66/1, Sangareddy, Medak, TG	4	0.5674	SHARED_STEM_OR_PREFIX
S1-198026451	Shivam Producer Private Limited	Karnal, Shop No. 34 Sbs Market, Haryana, Karnal	India	S3-838562306	Shivam Producer Private  Limited	Udaipur, 30, Girwa, RJ, Third Floor, S/o Ali Hussain Dalal	5	0.5674	SHARED_STEM_OR_PREFIX
S1-198026451	Shivam Producer Private Limited	Karnal, Shop No. 34 Sbs Market, Haryana, Karnal	India	S3-5435090	shivam producer private limited	17, Mitra Bhuvan, A. M. M, Street, Lal Maidan, Mumbai, महाराष्ट्र	6	0.5674	SHARED_STEM_OR_PREFIX
S1-198026451	Shivam Producer Private Limited	Karnal, Shop No. 34 Sbs Market, Haryana, Karnal	India	S3-737807887	Shivam Producer Private-[Limited]	Door No 98/1, Nuzvid Mandal, Eluru, AP	7	0.5674	SHARED_NAME_AND_LOCATION_TOKENS
S1-198026451	Shivam Producer Private Limited	Karnal, Shop No. 34 Sbs Market, Haryana, Karnal	India	S2-274420917	SAMEER & CO.	H.NO. 34/8 U.E. KARNAL, KARNAL, Haryana	8	0.2168	SAME_GEOGRAPHY_AND_GENERIC_KEY
S1-493059116	Kehoe, Crespo & Tysinger Inc.	64 Lions Creek Court, Noblesville, IN	US	S2-256069119	Kehoe Clinic Ábrdn	3411 DOLFIELD AVE, BALTIMORE, MD	8	0.2504	SHARED_STEM_OR_PREFIX
S1-493059116	Kehoe, Crespo & Tysinger Inc.	64 Lions Creek Court, Noblesville, IN	US	S2-187376034	Kehoe, Calamari & Boykin Corp	CHESTERFIELD COUNTY, VA, 12014-A GARDENGATE RD	9	0.2504	SHARED_STEM_OR_PREFIX
S1-493059116	Kehoe, Crespo & Tysinger Inc.	64 Lions Creek Court, Noblesville, IN	US	S2-515276667	KEHOE COUTURE HOLDINGS	00215 B LITTLE MOUNTAIN ROAD, PREWITT, NM	10	0.2504	SHARED_STEM_OR_PREFIX
S1-74901450	Silver Star Products	Shed No. E-26 Road No. 12 Aie(Apiic), Pedagantyada, Visakhapatnam, Vishakhapatnam, Andhra Pradesh	India	S2-832009278	SILVER STAR TECH PRIVATE	MAJAGE NAGAR H.NO 5455 TA- LATUR DIST- LATUR, LATUR, Maharashtra	5	0.4308	SHARED_NAME_AND_LOCATION_TOKENS
S1-74901450	Silver Star Products	Shed No. E-26 Road No. 12 Aie(Apiic), Pedagantyada, Visakhapatnam, Vishakhapatnam, Andhra Pradesh	India	S3-260493369	Silver Star Industries Limited Center		7	0.4308	SHARED_STEM_OR_PREFIX
S1-74901450	Silver Star Products	Shed No. E-26 Road No. 12 Aie(Apiic), Pedagantyada, Visakhapatnam, Vishakhapatnam, Andhra Pradesh	India	S3-913235557	Silver Star Care Automobiles Limited Service	Gala No. A-149, 1St Flr., Sadguru Business Center, Vasai, Palghar, MH	9	0.4308	SHARED_NAME_AND_LOCATION_TOKENS
S1-74901450	Silver Star Products	Shed No. E-26 Road No. 12 Aie(Apiic), Pedagantyada, Visakhapatnam, Vishakhapatnam, Andhra Pradesh	India	S3-717799503	Silver Star Tech Private [Limited] [Limited]	Majage Nagar H.no 5455 Ta- Latur Dist- Latur, Latur, MH	10	0.4308	SHARED_NAME_AND_LOCATION_TOKENS
S1-19868030	Leech, Hammer & Baratta Environmental Services	730 Bierly Street, Walkerton, IN	US	S2-95160349	Leech, Hammer-+ Baratta Environmental Services	NULL, KY, 231 WILDCAT LN, LITTLE SANDY	2	1.4570	SHARED_STEM_OR_PREFIX
S1-19868030	Leech, Hammer & Baratta Environmental Services	730 Bierly Street, Walkerton, IN	US	S3-37842464	Leech Hammer & Baratta Environmental Services	8724 36nd Street, Fircrest, Washington	3	1.4570	SHARED_STREET_OR_ADDRESS
S1-19868030	Leech, Hammer & Baratta Environmental Services	730 Bierly Street, Walkerton, IN	US	S2-410449003	Leech, Hammer & Baratta Networks	OLD ORCHARD BEACH, 13 HOBSON AVE, ME	7	0.9187	SHARED_STEM_OR_PREFIX
S1-19868030	Leech, Hammer & Baratta Environmental Services	730 Bierly Street, Walkerton, IN	US	S2-986637891	Leech, Hammer & Baratta Environmental Service		8	0.9187	SHARED_STEM_OR_PREFIX
S1-19868030	Leech, Hammer & Baratta Environmental Services	730 Bierly Street, Walkerton, IN	US	S2-72299582	LEECH, HAMMER  & BARATTA ENVIRONMENTAL SERVICES ASSOCIATES	SALISBURY CITY, 101 CARAVAN WAY, MD	10	0.9187	SHARED_STEM_OR_PREFIX
S1-460136045	Lakshmi It Private Limited	Puri, Orissa, Puri, Station Road	India	S2-346619227	Lakshmi  It Private Limited	UNIQUE HOUSE, IST FLOOR, SAYEED ABDULLA ROAD, FORT, Maharashtra	2	0.4582	SHARED_STREET_OR_ADDRESS
S1-460136045	Lakshmi It Private Limited	Puri, Orissa, Puri, Station Road	India	S3-574333335	Lakshmi It Private  Limited	C/o Sri. Shambhu Kr. Saha Gareri Tola Tola Mofarganj Ward No.-4-1, Katihar, बिहार	6	0.4582	SHARED_STEM_OR_PREFIX
S1-460136045	Lakshmi It Private Limited	Puri, Orissa, Puri, Station Road	India	S3-41102482	LAKSHMI IT PRIVATE LIMITED		7	0.4582	SHARED_STEM_OR_PREFIX
S1-460136045	Lakshmi It Private Limited	Puri, Orissa, Puri, Station Road	India	S3-258628981	Lakshmi It  Private Limited	C-148a, Kolkata, Howrah, WB	8	0.4582	SHARED_STEM_OR_PREFIX
S1-460136045	Lakshmi It Private Limited	Puri, Orissa, Puri, Station Road	India	S3-157024149	Lakshmi It Private Limited	M102, Kp-1, Jaypee Greens, Sector -133, Gautam Bodda Nagar, Noida, उत्तर प्रदेश	9	0.4582	SHARED_STEM_OR_PREFIX
S1-332388880	Bedford County Community Church Group	Unit STE A-07, Bedford County, VA, 18013 Forest Road	US	S2-243265713	Bedford  County Interfaith Express Program	VA, 2531 GUNSTOCK CREEK ROAD, BEDFROD CITY	6	0.4580	SHARED_STREET_OR_ADDRESS
S1-332388880	Bedford County Community Church Group	Unit STE A-07, Bedford County, VA, 18013 Forest Road	US	S2-457676574	Bedford County  Womens Health Best Care Associates PLLC	1925 VIRGINIA WOODS DRIVE, VA, BEDFORD COUNTY	8	0.4580	SHARED_NAME_AND_LOCATION_TOKENS
S1-332388880	Bedford County Community Church Group	Unit STE A-07, Bedford County, VA, 18013 Forest Road	US	S2-756608238	Bedford County First Research Care Care Ltd	1032C LITTLE PINE CIRCLE, <NULL>, FOREEST, VA	10	0.4580	SHARED_NAME_AND_LOCATION_TOKENS
S1-792880767	Gray Financial LLC	404 Coxs Fork Road, Danville, WV	US	S2-956115645	Gray First Saratoga Ltd.	22258 76ND DR, PEORIA, AZ	7	0.2313	SHARED_STEM_OR_PREFIX
S1-792880767	Gray Financial LLC	404 Coxs Fork Road, Danville, WV	US	S2-693576823	Gray First Smaotoa  Inc	22257 76RD DRIVE, PEORIA, AZ	8	0.2313	SHARED_STEM_OR_PREFIX
S1-792880767	Gray Financial LLC	404 Coxs Fork Road, Danville, WV	US	S3-889586991	Gray Firncs LLC	42- Colton Road, Mahopac, New York	10	0.2313	SHARED_STREET_OR_ADDRESS
S1-457615425	Shanks's Interstate Physical Therapy	6515 Belcrest Road, Unit 1416, Hyattsville, MD	US	S2-573748153	Shanks's  Crystal	23708 WHITMORE RD, MILLVILLE, CA	10	0.4463	SHARED_STEM_OR_PREFIX
S1-944430830	Real Trading	Plot 120, Sy No 41 Kavuri Hills Phase-1, Jubilee Hills, Hyderabad, Telangana	India	S2-535121731	REAL TRADING	211D/, BAGMARI ROAD, GROUND FLOOR, KOLKATA, পশ্চিমবঙ্গ	2	0.6858	SHARED_STEM_OR_PREFIX
S1-944430830	Real Trading	Plot 120, Sy No 41 Kavuri Hills Phase-1, Jubilee Hills, Hyderabad, Telangana	India	S2-226976894	Real-Trading	C/O SANDEEP SANTOSH AHIRE, FLAT NO- 202 G-WING SHREE NIWAS RESIDENCY HARI OM CON, THANE, Maharashtra	4	0.6858	SHARED_NAME_AND_LOCATION_TOKENS
S1-944430830	Real Trading	Plot 120, Sy No 41 Kavuri Hills Phase-1, Jubilee Hills, Hyderabad, Telangana	India	S3-97712388	Real Trading	#7-2-53R E M Street Tirupathi North, Tirupathi One, Tirupathi, Chittoor, AP	8	0.6858	SHARED_STEM_OR_PREFIX
S1-944430830	Real Trading	Plot 120, Sy No 41 Kavuri Hills Phase-1, Jubilee Hills, Hyderabad, Telangana	India	S3-712550659	Real  Trading	Sb 14, Blue Cheep Appt, Near Vadodara Stock Exch, Vadodara, ગુજરાત	9	0.6858	SHARED_STEM_OR_PREFIX
S1-944430830	Real Trading	Plot 120, Sy No 41 Kavuri Hills Phase-1, Jubilee Hills, Hyderabad, Telangana	India	S3-178808535	Real Trading	B/2, 1St Floor, Bellapu Sobhanadri Street, Suryaraopet, ఆంధ్రప్రదేశ్, 33-25-42, Krishna, Gorantla	10	0.6858	SHARED_STEM_OR_PREFIX
S1-90032658	Fortune Energy Private Limited	F No.201, Keshavkala Appt, Sauth Ambazari Rd, Rahate, Nagpur, Maharashtra	India	S2-121818654	Fortune Energy Private Limited	L-902, SAVVY SWARAJPHASE2, VANDEMATARAM ROAD, DASCROI, Gujarat	2	0.6549	SHARED_STEM_OR_PREFIX
S1-90032658	Fortune Energy Private Limited	F No.201, Keshavkala Appt, Sauth Ambazari Rd, Rahate, Nagpur, Maharashtra	India	S3-127532821	Fortune Energy Private (Limited)	912, Panvel, Raigarh(mh), MH	3	0.6549	SHARED_STEM_OR_PREFIX
S1-90032658	Fortune Energy Private Limited	F No.201, Keshavkala Appt, Sauth Ambazari Rd, Rahate, Nagpur, Maharashtra	India	S2-596900380	Limited Fortune Energy Electronics	PLOT NO.C-30 RAD NO.25, WAGLE INDUSTRIAL ESTATE, THANE, Maharashtra	9	0.1713	SHARED_NAME_AND_LOCATION_TOKENS
S1-90032658	Fortune Energy Private Limited	F No.201, Keshavkala Appt, Sauth Ambazari Rd, Rahate, Nagpur, Maharashtra	India	S2-254776194	Fortune Energy	G-208/1666 , GRD FLR, GANESH GALLI, ROAD NO 4, GOREGAON WEST, Maharashtra	10	0.1713	SHARED_NAME_AND_LOCATION_TOKENS
S1-483140947	Highland Continental Photonics Inc.	1023 Gravel Lick Road, Sand Gap, KY	US	S3-227781677	Highland Continental Photonics (Inc.)	6780 Country Oaks Drive, Highland, California	2	0.7465	SHARED_STEM_OR_PREFIX
S1-483140947	Highland Continental Photonics Inc.	1023 Gravel Lick Road, Sand Gap, KY	US	S3-974800736	Highland Continental Photonics (Inc.)	19119 Caribou Ridge Dr, Tomball, Texas	3	0.7465	SHARED_STEM_OR_PREFIX
S1-483140947	Highland Continental Photonics Inc.	1023 Gravel Lick Road, Sand Gap, KY	US	S2-12913216	Highland  Continental	HIGHLAND, CA, 6780 COUNTRY OAKS DR	9	0.2082	SHARED_STEM_OR_PREFIX
S1-483140947	Highland Continental Photonics Inc.	1023 Gravel Lick Road, Sand Gap, KY	US	S2-180391518	Highland Continental Photonic Care Ltd	3  BEDFORD ROAD, NULL, FRANKLIN, MA	10	0.2082	SHARED_STREET_OR_ADDRESS
S1-566183725	Coco Sangh	H.No. 9-586/I, Shaikroza Road, Opp. Genius School, Aland Colony, Gulbarga, Karnataka	India	S3-712205502	Coco Sangh Infratech	H.no. 9-597/I, Shaikroza Road, Opp. Genius School, Aland Colony, Gulbarga, KA	4	1.2991	SHARED_STREET_OR_ADDRESS
S1-566183725	Coco Sangh	H.No. 9-586/I, Shaikroza Road, Opp. Genius School, Aland Colony, Gulbarga, Karnataka	India	S2-875866291	COCO SANGH CORP GROUP	309, D-9, GOYAL COMPLEX OPP SAI BABA MANDIR, LAXMI NAGAR, Delhi	5	1.0089	SHARED_NAME_AND_LOCATION_TOKENS
S1-566183725	Coco Sangh	H.No. 9-586/I, Shaikroza Road, Opp. Genius School, Aland Colony, Gulbarga, Karnataka	India	S2-652699322	COCO COCO WELFARE-SOCIETY CO	B-38/A , SUSHANT LOK-1, GURUGRAM, DLF QE, Haryana	8	0.1512	SHARED_STEM_OR_PREFIX
S1-566183725	Coco Sangh	H.No. 9-586/I, Shaikroza Road, Opp. Genius School, Aland Colony, Gulbarga, Karnataka	India	S2-165730140	Coco & Co Exports	PT: B-302, FLAT NO.202, SAI SRUTHI RESIDENCY, RAGHAVENDRA COLONY, KONDAPUR, HYDERABAD, తెలంగాణ	9	0.0756	SHARED_NAME_AND_LOCATION_TOKENS
S1-756304715	Choice Rate	2333 Sierra Madre Court, Rancho Cordova, CA	US	S2-155162317	Choice Rate	921 BANINNG ST ST, MARSHFIELD, MO	3	1.0066	SHARED_STEM_OR_PREFIX
S1-756304715	Choice Rate	2333 Sierra Madre Court, Rancho Cordova, CA	US	S2-139337202	Choice Rapid Pbc South Inc	GARRISON, TX, 867 138	8	0.1918	SHARED_STEM_OR_PREFIX
S1-756304715	Choice Rate	2333 Sierra Madre Court, Rancho Cordova, CA	US	S2-619309338	Choice Rapid Hcoslmes LLC	##1124 DEKALB AVE, <NULL>, ATL, GA	9	0.1918	SHARED_STEM_OR_PREFIX
S1-756304715	Choice Rate	2333 Sierra Madre Court, Rancho Cordova, CA	US	S2-678406795	CHOICE RAPID GROUP AVE	25-29 SUMMIT DR, KIMBERLING CITY, MO	10	0.1918	SHARED_STEM_OR_PREFIX
S1-306095185	Leo International School	Mumbai, Maharashtra, Mumbai City, Al-Safa Chs, Millat Nagar, Andheri (West), 104/A-1	India	S2-191630015	Ltd East Trading	104, महाराष्ट्र, MUMBAI CITY, B, PANCHTANTRA, PANCH MARG, OFF YARI ROAD, VERSOVA, ANDHERI (W)., MUMBAI	3	0.0953	SAME_GEOGRAPHY_AND_GENERIC_KEY
S1-306095185	Leo International School	Mumbai, Maharashtra, Mumbai City, Al-Safa Chs, Millat Nagar, Andheri (West), 104/A-1	India	S2-481243083	Public For Foundation Limited	MUMBAI, महाराष्ट्र, 104, MUMBAI, NULL	4	0.0953	SAME_GEOGRAPHY_AND_GENERIC_KEY
S1-306095185	Leo International School	Mumbai, Maharashtra, Mumbai City, Al-Safa Chs, Millat Nagar, Andheri (West), 104/A-1	India	S2-126355581	साउथ फूड्स प्राइवेट लिमिटेड	B/104, MUMBAI CITY, MUMBAI, महाराष्ट्र	5	0.0953	SAME_GEOGRAPHY_AND_GENERIC_KEY
S1-306095185	Leo International School	Mumbai, Maharashtra, Mumbai City, Al-Safa Chs, Millat Nagar, Andheri (West), 104/A-1	India	S2-265975736	क्रिएटिव हाई इंफ्रास्ट्रक्चर प्राइवेट लिमिटेड	MUMBAI, DOOR NO 104 BUILDING NO 3 AROMA OSHIWRAA MAHADA COMPLEX ANDHERI, Maharashtra	7	0.0953	SAME_GEOGRAPHY_AND_GENERIC_KEY
S1-306095185	Leo International School	Mumbai, Maharashtra, Mumbai City, Al-Safa Chs, Millat Nagar, Andheri (West), 104/A-1	India	S2-565118911	सिल्वर इम्पेक्स प्राइवेट लिमिटेड	MUMBAI, OFF NO A##104 BOOMERANG EQUITY BUSINESS PARK, MUMBAI, Maharashtra	8	0.0953	SAME_GEOGRAPHY_AND_GENERIC_KEY
S1-306095185	Leo International School	Mumbai, Maharashtra, Mumbai City, Al-Safa Chs, Millat Nagar, Andheri (West), 104/A-1	India	S2-243721905	साउथ बिजनेस प्राइवेट लिमिटेड	104, MUMBAI, MUMBAI CITY, Maharashtra	9	0.0953	SAME_GEOGRAPHY_AND_GENERIC_KEY
S1-306095185	Leo International School	Mumbai, Maharashtra, Mumbai City, Al-Safa Chs, Millat Nagar, Andheri (West), 104/A-1	India	S2-323842067	... Deccan Pasrrgducer Private Limited	MUMBAI CITY, 104, APOLLO COMPLEX, R. K. SINGH MARG, MOGRA VILLAGE, ANDHERI EAST, BOMBAY, Maharashtra	10	0.0953	SAME_GEOGRAPHY_AND_GENERIC_KEY
S1-387418200	Dixon Learning Center Inc.	228 Blue Ridge Drive, Old Hickory, TN	US	S2-951839609	Dixon Learning Centlr Inc.	NY, 61 UPLAND STREET, PORT CHESTER	4	0.5614	SHARED_STEM_OR_PREFIX
S1-387418200	Dixon Learning Center Inc.	228 Blue Ridge Drive, Old Hickory, TN	US	S2-747888260	Dixon Learning Center North Inc	IL, 003N 680 HERMAN MELVILLE LANE, SAINTC HARLES CITY, PMB 712	5	0.5614	SHARED_STEM_OR_PREFIX
S1-387418200	Dixon Learning Center Inc.	228 Blue Ridge Drive, Old Hickory, TN	US	S2-16817037	DIXON LEARNING [CENTER]	600 LUTHER DR, GEORGETOWN, TX	6	0.5614	SHARED_STEM_OR_PREFIX
S1-387418200	Dixon Learning Center Inc.	228 Blue Ridge Drive, Old Hickory, TN	US	S2-302213952	Dixon Learning Center Assoctes	002089 SETH DR, WESTVILLE, FL	7	0.5614	SHARED_STEM_OR_PREFIX
S1-387418200	Dixon Learning Center Inc.	228 Blue Ridge Drive, Old Hickory, TN	US	S3-344894503	Dixon-Learning	61 Upland St, Port Chester, New York	8	0.5614	SHARED_STEM_OR_PREFIX
S1-387418200	Dixon Learning Center Inc.	228 Blue Ridge Drive, Old Hickory, TN	US	S3-670070237	Dixon Learning Center Coastal	N/A, Haileyt Ownship, Idaho, 3354 Woodside Blvd	10	0.5614	SHARED_STEM_OR_PREFIX
S1-500998121	Odonnell Spa, LLC	4354 Patterson Street, Omaha, NE	US	S2-966460703	odonnellbrown.com	218 WILLIS ROAD, SUDBURY, MA	5	0.2149	SAME_GEOGRAPHY_AND_GENERIC_KEY
S1-500998121	Odonnell Spa, LLC	4354 Patterson Street, Omaha, NE	US	S2-178117194	ODONNELL 5ACHEM LLC	3730-3732 TICE CREEK WAY, SACRAMENTO, CA	6	0.2149	SHARED_STEM_OR_PREFIX
S1-500998121	Odonnell Spa, LLC	4354 Patterson Street, Omaha, NE	US	S2-250416700	Odonnell & Eddy Holdings	398  COHANNET ST, TAUNTON, MA	9	0.2149	SHARED_STEM_OR_PREFIX
S1-500998121	Odonnell Spa, LLC	4354 Patterson Street, Omaha, NE	US	S2-628562256	Odonnell and Edington Co	0225 06TH AVENUE, BEECH GROVE, IN	10	0.2149	SHARED_STEM_OR_PREFIX
S1-362880192	Gulf Apex LLC	1025 Holland Sylvania Road, Unit 5, Toledo, OH	US	S2-204172845	Gulf Apex	347 ROY WEBB ROAD, TRINITY, TX	3	0.4907	SHARED_STREET_OR_ADDRESS
S1-362880192	Gulf Apex LLC	1025 Holland Sylvania Road, Unit 5, Toledo, OH	US	S2-308424039	Gulf Apex Securities Co	26 Summercrest Ln, FAYETTEVILLE CITY, TN	4	0.4907	SHARED_STEM_OR_PREFIX
S1-362880192	Gulf Apex LLC	1025 Holland Sylvania Road, Unit 5, Toledo, OH	US	S2-785445145	GULF APEX SECURITIES LLC	13 SUMMERCREST LN, FAYETTEVILLE, TN	5	0.4907	SHARED_STEM_OR_PREFIX
S1-362880192	Gulf Apex LLC	1025 Holland Sylvania Road, Unit 5, Toledo, OH	US	S2-560638659	GULF  APEX	73rd Place, MARYSVILLE, WA	6	0.4907	SHARED_STEM_OR_PREFIX
S1-362880192	Gulf Apex LLC	1025 Holland Sylvania Road, Unit 5, Toledo, OH	US	S2-977810169	Gulf Apex  Commercial Partners	451 WARFIELD DR, HYATTSVILLE, MD	8	0.4907	SHARED_STEM_OR_PREFIX
S1-362880192	Gulf Apex LLC	1025 Holland Sylvania Road, Unit 5, Toledo, OH	US	S2-883419259	GULF APEX MONTAGE INC	613 50ST STREET, CHICAGO, IL	9	0.4907	SHARED_STEM_OR_PREFIX
S1-362880192	Gulf Apex LLC	1025 Holland Sylvania Road, Unit 5, Toledo, OH	US	S2-449092702	Gulf Apex Winvest	112 DEERFIELD HILLS RD, ELIZABETHTOWN, KY	10	0.4907	SHARED_STEM_OR_PREFIX
S1-932539298	Escobedo Smart of Williamson	NY, Williamson, 6475 Salmon Creek Road	US	S2-275139798	Escobedo Smart Care Harbor	1375. HARTFORD PIKE, <NULL>, KILLINGLY, CT	5	0.4771	SHARED_STEM_OR_PREFIX
S1-932539298	Escobedo Smart of Williamson	NY, Williamson, 6475 Salmon Creek Road	US	S2-443037724	Escobedo Smart Uptown	45. RUSSELL AVENUE, ORANGE, CT	6	0.4771	SHARED_STEM_OR_PREFIX
S1-932539298	Escobedo Smart of Williamson	NY, Williamson, 6475 Salmon Creek Road	US	S2-456227882	Escobedo Smart of Williamson Inc	6496 SALMON CREEK RD, WILLIAMSOON, NY	7	0.4771	SHARED_NAME_AND_LOCATION_TOKENS
S1-932539298	Escobedo Smart of Williamson	NY, Williamson, 6475 Salmon Creek Road	US	S2-865638159	Escobedo Smart	38 RUSSELL AVE, ORANGE, CT	9	0.4771	SHARED_STEM_OR_PREFIX
S1-932539298	Escobedo Smart of Williamson	NY, Williamson, 6475 Salmon Creek Road	US	S2-912732317	Escobedo  Smart	38 RUSSELL AVE, ORANGE, CT	10	0.4771	SHARED_STEM_OR_PREFIX
S1-98168281	Ortiz's Advanced Freight	61022 Holly Court, OR, Bend	US	S2-624492887	Ortiz's Advisors Partners	621. HALLVALE DR, FT. OWRTH, TX	2	0.6767	SHARED_STEM_OR_PREFIX
S1-98168281	Ortiz's Advanced Freight	61022 Holly Court, OR, Bend	US	S3-616941573	Ortiz, Sader And Manning Muzero		3	0.5101	SHARED_STEM_OR_PREFIX
S1-98168281	Ortiz's Advanced Freight	61022 Holly Court, OR, Bend	US	S2-533475902	ORTIZ'S AMERICAN LLC SPA	2816 EVERGREEN AVE, BALTIMORE, MD	6	0.2675	SHARED_STEM_OR_PREFIX
S1-98168281	Ortiz's Advanced Freight	61022 Holly Court, OR, Bend	US	S2-313480185	ORTIZ'S MASSAGE  LLC	8325 BRIGHTMOOR COURT, KNOXVILLE, TN	7	0.2675	SHARED_NAME_AND_LOCATION_TOKENS
S1-98168281	Ortiz's Advanced Freight	61022 Holly Court, OR, Bend	US	S2-177077905	Ortiz's Dh South	1011 DIXIE STREET, HORSE CAVE, KY	9	0.2675	SHARED_STEM_OR_PREFIX
S1-839067903	Dustin Premier Spdr	2602 Hemlock Avenue, Baltimore, MD	US	S2-182524692	Dustin National  Income North	0160 FOX POINT LOOP RD, EVANSTON CITY, WY	10	0.2774	SHARED_STEM_OR_PREFIX
S1-572490154	Krishan Services Ltd	G-31, Preet Vihar, Delhi	India	S2-456638492	Krishan & Sons Private Ltd	PLOT 20, SHANTA COTTAGE, J.B. NAGAR, NR SPRING FIELD BLDG ANDHERI EAST, MUMBAI, महाराष्ट्र	2	0.3049	SHARED_STEM_OR_PREFIX
S1-572490154	Krishan Services Ltd	G-31, Preet Vihar, Delhi	India	S3-323905559	Krishan Services	Near Vijay Iti, Maharana Pratap Colony, Dausa, RJ	8	0.3049	SHARED_STEM_OR_PREFIX
S1-572490154	Krishan Services Ltd	G-31, Preet Vihar, Delhi	India	S3-369119674	-- Krishan Services Private Ltd	WB, Darjeeling, M R Compound Siliguri	9	0.3049	SHARED_STEM_OR_PREFIX
S1-572490154	Krishan Services Ltd	G-31, Preet Vihar, Delhi	India	S3-903543166	Krishan Sevties Private Limited	MH, Mumbai, 601 Sharda Chambers New Marinelines, Mumbai	10	0.3049	SHARED_STEM_OR_PREFIX
S1-444149322	White, Helge W., DDS	12007 Rock Spring Dr, Coldstream, KY	US	S2-395520340	Helge Randall LLC Services	5231 HARBOR COURT DR, FAIRFAX COUNTY, VA	7	0.0682	SHARED_NAME_AND_LOCATION_TOKENS
S1-444149322	White, Helge W., DDS	12007 Rock Spring Dr, Coldstream, KY	US	S2-213054390	Helge Royalty Électricity Limited	802 MARGARET DR, WILMORE, KY	9	0.0682	SHARED_NAME_AND_LOCATION_TOKENS
S1-232999426	Maa Works Private Limited	At House No.35, Wadad, Tq-Aundha, Dist-Hingoli, Hingoli, Maharashtra	India	S2-126735619	Maa Works Private Ltd	A6E- CMDA INDUSTRAIL COMPLEX, MARAIMALAI NAGAR, CHENGALPATTU, Tamil Nadu	1	1.7666	SHARED_STEM_OR_PREFIX
S1-232999426	Maa Works Private Limited	At House No.35, Wadad, Tq-Aundha, Dist-Hingoli, Hingoli, Maharashtra	India	S2-967914184	HGB Mobility Piriedtde Piriedtde Limited	HOUSE NO 35, UPPER GROUND FLOOR BLK-K-31, MOHAN PARK, MODEL TOWN PH-3, DELHI, Delhi	3	0.0950	SAME_GEOGRAPHY_AND_GENERIC_KEY
S1-232999426	Maa Works Private Limited	At House No.35, Wadad, Tq-Aundha, Dist-Hingoli, Hingoli, Maharashtra	India	S2-136247472	Delhi Technology Group Private [Ltd]	HOUSE NO G-35 PLOT NO. 63, KHNO.1304 2ND FLOOR BLK-G, DELHI, Delhi	4	0.0950	SAME_GEOGRAPHY_AND_GENERIC_KEY
S1-232999426	Maa Works Private Limited	At House No.35, Wadad, Tq-Aundha, Dist-Hingoli, Hingoli, Maharashtra	India	S2-871700728	DELHIENGINEERING.COM	HN 35 HOUSE NO 372 FIRST FLOOR, BLOCK A SHASTRI NAGCR NEAR NIMRI DHARAMSHALA, DELHI, Delhi	7	0.0950	SAME_GEOGRAPHY_AND_GENERIC_KEY
S1-232999426	Maa Works Private Limited	At House No.35, Wadad, Tq-Aundha, Dist-Hingoli, Hingoli, Maharashtra	India	S2-236695031	ਸ਼ਕਤੀ ਫਾਊਂਡੇਸ਼ਨ ਪ੍ਰਾਈਵੇਟ ਲਿਮਟਿਡ	HOUSE NO. Z 35, GURDASPUR, Punjab	8	0.0950	SAME_GEOGRAPHY_AND_GENERIC_KEY
S1-232999426	Maa Works Private Limited	At House No.35, Wadad, Tq-Aundha, Dist-Hingoli, Hingoli, Maharashtra	India	S2-217255469	Shri White Care  LLP	H.NO B3/35 ROAD NO. 5, HOUSE NO. 3, THOMAS COMPOUND HOLY CROSS ROAD, BORIVALI(W), I C COLONY, MUMBAI, Maharashtra	9	0.0950	SAME_GEOGRAPHY_AND_GENERIC_KEY
S1-323747485	Cacioppo, Webster & Sheets Biopharmaceuticals LLC	36724 Carter Street, Yucaipa, CA	US	S2-929276945	Cacioppo Cacioppo & Slfítnh	2609 BERNARDO DE GALVEZ, NULL, GALVESTON, TX	7	0.5718	SHARED_STEM_OR_PREFIX
S1-323747485	Cacioppo, Webster & Sheets Biopharmaceuticals LLC	36724 Carter Street, Yucaipa, CA	US	S2-444161905	Cacioppo Lée Select Cadaeien Group	1770 1/2 GROVE STREET, WICHITA, KS	10	0.4699	SHARED_STREET_OR_ADDRESS
S1-780502827	Congregation Community Church	WI, Unit Site 69, Town Of Alma, N11702 Elker Road	US	S2-870128799	Congregation Community  Church	DUBLIN COURT, PO BOX 4611, DANVILLE, VA	1	0.3593	SHARED_STEM_OR_PREFIX
S1-780502827	Congregation Community Church	WI, Unit Site 69, Town Of Alma, N11702 Elker Road	US	S2-299389290	Congregation  Community Church	455 SULLIVAN STREET, KINGSPORT DCP, TN	3	0.3593	SHARED_STEM_OR_PREFIX
S1-780502827	Congregation Community Church	WI, Unit Site 69, Town Of Alma, N11702 Elker Road	US	S2-723261550	Congregation Community (Church)	OCEANSIDE, OR, 1635  ROSENBERG LOOP	4	0.3593	SHARED_STEM_OR_PREFIX
S1-780502827	Congregation Community Church	WI, Unit Site 69, Town Of Alma, N11702 Elker Road	US	S2-934837425	congregation community church	2635 COOKEVILLE HWY, LIVINSTON TOWNSHIP, TN	6	0.3593	SHARED_STEM_OR_PREFIX
S1-780502827	Congregation Community Church	WI, Unit Site 69, Town Of Alma, N11702 Elker Road	US	S2-119710778	Congregation Community  Church	BRICK VILLAGE DR, HOUSTON, TX	7	0.3593	SHARED_STEM_OR_PREFIX
S1-780502827	Congregation Community Church	WI, Unit Site 69, Town Of Alma, N11702 Elker Road	US	S2-227861245	Congregation Community (Church)	925-B CANTERBURY RD, <NULL>, ATL, GA	10	0.3593	SHARED_STEM_OR_PREFIX
S1-120433302	Authentic Electro Ltd	House No. S-219, Basement, Greater Kailash-Ii, New Delhi, South Delhi, Delhi	India	S2-35449714	AUTHENTIC ELECTRO LTD		1	1.1283	SHARED_STEM_OR_PREFIX
S1-120433302	Authentic Electro Ltd	House No. S-219, Basement, Greater Kailash-Ii, New Delhi, South Delhi, Delhi	India	S2-129942177	Authentic Electro	C/O ABODH KUMAR SINGH, PANCH VILL GARHSISAI, SAMASTIPUR, बिहार	5	0.6447	SHARED_STEM_OR_PREFIX
S1-120433302	Authentic Electro Ltd	House No. S-219, Basement, Greater Kailash-Ii, New Delhi, South Delhi, Delhi	India	S2-119648764	AUTHENTIC ELECTRO LIMITED	5TH & 9TH FLOOR, BLOCK 3, DLF CYBERCITY, PLOT NO. 129 TO 132, A.P.H.B COLONY, SERI LINGAMPALLY, Telangana	6	0.6447	SHARED_NAME_AND_LOCATION_TOKENS
S1-120433302	Authentic Electro Ltd	House No. S-219, Basement, Greater Kailash-Ii, New Delhi, South Delhi, Delhi	India	S2-649031329	Authentic (India)  Electronics Limited	PLOT NO-1/11, SECTOR-1 GOMTI NAGAR, LUCKNOW, Uttar Pradesh	9	0.3287	SHARED_NAME_AND_LOCATION_TOKENS
S1-120433302	Authentic Electro Ltd	House No. S-219, Basement, Greater Kailash-Ii, New Delhi, South Delhi, Delhi	India	S2-750877910	Authentic World Private	DOOR NO 33/1801 D4, D5, 2ND FLOOR, LNARA ARCADE MADATHIPARAMBU ROAD, VENNALA P.O, KOCHI, Kerala	10	0.3287	SHARED_NAME_AND_LOCATION_TOKENS
S1-131038804	Torres Heartland Northland LLC	5515 Strawberry Hill Drive, Charlotte, NC	US	S2-80350438	TORRES HEARTLAND [[CENTER]]	1632 GREY FOX TRL, MUKWONAGO, WI	4	0.5150	SHARED_STEM_OR_PREFIX
S1-131038804	Torres Heartland Northland LLC	5515 Strawberry Hill Drive, Charlotte, NC	US	S3-203302294	Torres Heartland Northland  Ltd	5528 Strawberry Hill Dr, Charlotte, North Carolina	5	0.5150	SHARED_NAME_AND_LOCATION_TOKENS
S1-131038804	Torres Heartland Northland LLC	5515 Strawberry Hill Drive, Charlotte, NC	US	S2-977960552	Torres  Health Center Corporation	6130 PARKSIDE AVE, CHICAGO, IL	10	0.1838	SHARED_STEM_OR_PREFIX
S1-436307824	Franni's Chemical Group	6800 Clover Avenue, Mason, OH	US	S2-825195753	FRANNI'S CHEMICAL	1812 1/2 4100, WEST VALLEY CITY, UT	3	0.5951	SHARED_STEM_OR_PREFIX
S1-436307824	Franni's Chemical Group	6800 Clover Avenue, Mason, OH	US	S2-409610394	Franni's Chemical	3000 SEABECK HOLLY ROAD, BREMERTON, WA	5	0.5951	SHARED_STEM_OR_PREFIX
S1-436307824	Franni's Chemical Group	6800 Clover Avenue, Mason, OH	US	S2-21054218	Franni's Chemical	WAPPINGERS FALLS, 0035 HEATHER DR, NY	6	0.5951	SHARED_STEM_OR_PREFIX
S1-436307824	Franni's Chemical Group	6800 Clover Avenue, Mason, OH	US	S2-735568626	Franni's (Chemical)	0035 HEATHER DR, FISHKILL, NY	8	0.5951	SHARED_STEM_OR_PREFIX
S1-436307824	Franni's Chemical Group	6800 Clover Avenue, Mason, OH	US	S3-102902194	Franni's Chemical Group Ltd	6802 Clover Avenue, Masoon, Ohio	10	0.5951	SHARED_STREET_OR_ADDRESS
S1-314962839	Dalmia Speciality Pvt. Ltd.	Fk-50, Block-Fk Shastri Nagar, Delhi	India	S3-666173595	Dalmia Speciality Overseas Pvt. Pvt.	DL, Block-fk Shastri Nagar, Fk-63, Wazirpur	2	1.1672	SHARED_STREET_OR_ADDRESS
S1-314962839	Dalmia Speciality Pvt. Ltd.	Fk-50, Block-Fk Shastri Nagar, Delhi	India	S2-193756760	dalmia dalmia welfare society	P-NO-151E/A, SRI MAHALAXMI NAGAR, NARAPALLY, HYDERABAD, Andhra Pradesh	4	0.2297	SHARED_STREET_OR_ADDRESS
S1-314962839	Dalmia Speciality Pvt. Ltd.	Fk-50, Block-Fk Shastri Nagar, Delhi	India	S3-782819606	Dalmia Dalmia India Limited Center	Trilakpur Muradeeh, Bansdih, Ballia, UP	5	0.2297	SHARED_STEM_OR_PREFIX
S1-314962839	Dalmia Speciality Pvt. Ltd.	Fk-50, Block-Fk Shastri Nagar, Delhi	India	S2-685349899	Dalmia Trading Center LLP	58 CHOUDHRY H. JHADEWALA, NEAR OLD POLICE CHOWKI, THAKURDWARA, Uttar Pradesh	6	0.1672	SHARED_STEM_OR_PREFIX
S1-314962839	Dalmia Speciality Pvt. Ltd.	Fk-50, Block-Fk Shastri Nagar, Delhi	India	S2-626457403	Dalmia Filters (India) Enterprises Private Limited	#0067 C/O YAMUNA PRASAD, KHAWASPUR MILIK, PRIPAINTI, Bihar	8	0.1672	SHARED_STEM_OR_PREFIX
S1-804663373	Universal Management Private Limited	100 Ft Bye Pass Road, Chennai, Chennai City Corporation, 127, Tamil Nadu	India	S2-727701442	universal management private limited		2	0.4772	SHARED_STEM_OR_PREFIX
S1-804663373	Universal Management Private Limited	100 Ft Bye Pass Road, Chennai, Chennai City Corporation, 127, Tamil Nadu	India	S2-33786126	Universal Management Private [Limited]		3	0.4772	SHARED_STEM_OR_PREFIX
S1-804663373	Universal Management Private Limited	100 Ft Bye Pass Road, Chennai, Chennai City Corporation, 127, Tamil Nadu	India	S2-239519110	Universal Management Private Limited	H.NO 149 , GIDC COLONY, Gujarat	5	0.4772	SHARED_STEM_OR_PREFIX
S1-804663373	Universal Management Private Limited	100 Ft Bye Pass Road, Chennai, Chennai City Corporation, 127, Tamil Nadu	India	S3-541183822	Universal-Management Private Limited	No.1, Madras-, Chennai, TN	9	0.4772	SHARED_NAME_AND_LOCATION_TOKENS
S1-804663373	Universal Management Private Limited	100 Ft Bye Pass Road, Chennai, Chennai City Corporation, 127, Tamil Nadu	India	S3-655717660	UNIVERSAL MANAGEMENT PRIVATE LIMITED	Plot 491 Room No-06, Keonhar, ଓଡ଼ିଶା	10	0.4772	SHARED_STEM_OR_PREFIX
S1-760380153	Bryant Corporation	884 Palmer Road, Memphis, TN	US	S2-371663137	Bryant, Contreras & Stonehouse Data	139  EDGEWATER DR, QUINCY CITY, MA	7	0.1883	SHARED_STEM_OR_PREFIX
S1-760380153	Bryant Corporation	884 Palmer Road, Memphis, TN	US	S2-971153316	bryant, corny platinum line group	TEXAS PL, PORT ORCHARD, WA	9	0.1883	SHARED_STEM_OR_PREFIX
S1-760380153	Bryant Corporation	884 Palmer Road, Memphis, TN	US	S2-670044488	@bryantcommunity	3014 WARD DR, BRYANT, AR	10	0.1883	SAME_GEOGRAPHY_AND_GENERIC_KEY
S1-820935401	Research (India) Bengal Private Limited	G-244, Vikas Nagar Colony, Near Ketan Hospital Barga, Gorakhpur Sadar, Gorakhpur, Uttar Pradesh	India	S2-19334581	Research (India) Bengal Infratech Private (Limited)	Uttar Pradesh, G-249, VIKAS NAGAR COLONY, NEAR KETAN HOSPITAL BARGA, GORAKHPUR SADAR	5	0.5018	SHARED_STREET_OR_ADDRESS
S1-820935401	Research (India) Bengal Private Limited	G-244, Vikas Nagar Colony, Near Ketan Hospital Barga, Gorakhpur Sadar, Gorakhpur, Uttar Pradesh	India	S2-876699579	RESEARCH LTD (INDIA)	H.NO. 103, GROUND FLOOR, R/S 5 BISHWA MOHALLA, MAIDAN GARHI, DELHI, Delhi	6	0.5018	SHARED_STEM_OR_PREFIX
S1-820935401	Research (India) Bengal Private Limited	G-244, Vikas Nagar Colony, Near Ketan Hospital Barga, Gorakhpur Sadar, Gorakhpur, Uttar Pradesh	India	S2-963268049	Research (India) Management L.L.P.		8	0.5018	SHARED_STEM_OR_PREFIX
S1-820935401	Research (India) Bengal Private Limited	G-244, Vikas Nagar Colony, Near Ketan Hospital Barga, Gorakhpur Sadar, Gorakhpur, Uttar Pradesh	India	S2-124694762	Research  (India) Power Pvt. Ltd.	8TH FLOOR, TOWER C, NILAMBER CORPORATE PARK, NR NILAMBER CIRCLE, VASNA SAIYED, GOTRI, VADODARA, Gujarat	9	0.5018	SHARED_STEM_OR_PREFIX
S1-820935401	Research (India) Bengal Private Limited	G-244, Vikas Nagar Colony, Near Ketan Hospital Barga, Gorakhpur Sadar, Gorakhpur, Uttar Pradesh	India	S2-12259867	RESEARCH INDIA GOLDEN PRIVATE LIMITED	NC-D/2B, LOHIYA NAGAR KANKARBAGH, PATNA, Bihar	10	0.5018	SHARED_STREET_OR_ADDRESS
S1-562989120	Acp Plus Private Limited	Hyderabad, Telangana, Pt-55 & 56, Sy No.102, 103(P) & 1 Ph-Ii H No 4-50/P-Ii/55/1F To 5F, Gachibowli, Hyderabad	India	S2-221798121	Limited Universal Consulting Prívate	#55, HYDERABAD, Telangana	4	0.1440	SAME_GEOGRAPHY_AND_GENERIC_KEY
S1-562989120	Acp Plus Private Limited	Hyderabad, Telangana, Pt-55 & 56, Sy No.102, 103(P) & 1 Ph-Ii H No 4-50/P-Ii/55/1F To 5F, Gachibowli, Hyderabad	India	S2-41541977	హరి మీడియా హార్డ్‌వేర్ ప్రైవేట్ లిమిటెడ్	NO 55, HYDERABAD, Telangana	5	0.1440	SAME_GEOGRAPHY_AND_GENERIC_KEY
S1-562989120	Acp Plus Private Limited	Hyderabad, Telangana, Pt-55 & 56, Sy No.102, 103(P) & 1 Ph-Ii H No 4-50/P-Ii/55/1F To 5F, Gachibowli, Hyderabad	India	S2-425701603	పర్‌ఫెక్ట్ యునైటెడ్ మీడియా లిమిటెడ్	B-55/67, HYDERABAD, ANDHRA PRADESH, Telangana	7	0.1440	SAME_GEOGRAPHY_AND_GENERIC_KEY
S1-562989120	Acp Plus Private Limited	Hyderabad, Telangana, Pt-55 & 56, Sy No.102, 103(P) & 1 Ph-Ii H No 4-50/P-Ii/55/1F To 5F, Gachibowli, Hyderabad	India	S2-564750766	గ్రీన్ కన్‌స్ట్రక్షన్ ప్రైవేట్ లిమిటెడ్	HYDERABAD, Telangana, #55 UNIT # G2B, RANGAREDDY, P NO 75 - A, RD NO - 13 SITE - I, FILM NAGAR	8	0.1440	SAME_GEOGRAPHY_AND_GENERIC_KEY
S1-562989120	Acp Plus Private Limited	Hyderabad, Telangana, Pt-55 & 56, Sy No.102, 103(P) & 1 Ph-Ii H No 4-50/P-Ii/55/1F To 5F, Gachibowli, Hyderabad	India	S2-44038448	స్మార్ట్ ఇంజనీరింగ్ ప్రైవేట్ లిమిటెడ్	HYDERABAD, Andhra Pradesh, SUDHA NAGAR R K PURAMPOST, 55	9	0.1440	SAME_GEOGRAPHY_AND_GENERIC_KEY
S1-276322405	Kellie Rowley, D.C., P.C.	115 Grant Street, Brownsburg, IN	US	S2-771961560	Jolie Crfword Jones	115 GRANT AVE, INDIANAOPLIS, IN	6	0.2366	SAME_GEOGRAPHY_AND_GENERIC_KEY
S1-276322405	Kellie Rowley, D.C., P.C.	115 Grant Street, Brownsburg, IN	US	S3-306626541	Jolie Crawford Jones LLC	115 Grant Avenue, Indianaoplis, Indiana	8	0.2366	SAME_GEOGRAPHY_AND_GENERIC_KEY
S1-276322405	Kellie Rowley, D.C., P.C.	115 Grant Street, Brownsburg, IN	US	S3-219525739	Lynn Trujillo Best LLC Center	115- Grant Street, Carthae, Missouri	9	0.2366	SHARED_STREET_OR_ADDRESS
S1-276322405	Kellie Rowley, D.C., P.C.	115 Grant Street, Brownsburg, IN	US	S2-97203313	Kellie's Venture	12083 LEOPOLD LN, HUNTLEY, IL	10	0.1921	SHARED_STEM_OR_PREFIX
S1-71714945	Legacy Engineering Enterprises Corp	1208 Farrington Drive, Knoxville, TN	US	S2-351309332	Legacy Engineering Véntures Inc	AL, 54 SELMA ROAD, BESSEMER	6	0.3067	SHARED_STEM_OR_PREFIX
S1-71714945	Legacy Engineering Enterprises Corp	1208 Farrington Drive, Knoxville, TN	US	S2-81584555	Legacy Engineering Advisors LLC	CLEVELAND, OH, 15706-D LYDIAN AVE	7	0.3067	SHARED_STEM_OR_PREFIX
S1-71714945	Legacy Engineering Enterprises Corp	1208 Farrington Drive, Knoxville, TN	US	S2-938701852	Legacy Engineering Global Group	733-D CENTENNIAL AVENUE, MUNICE, IN	9	0.3067	SHARED_STEM_OR_PREFIX
S1-71714945	Legacy Engineering Enterprises Corp	1208 Farrington Drive, Knoxville, TN	US	S2-903309343	LEGACY ENGINEERING TÉCHNOLOGIES INC	SMALLEY AVENUE, KANSAS CITY, MO	10	0.3067	SHARED_STEM_OR_PREFIX
S1-636549603	Family Physicians Inc	1024 31st Avenue, Bellwood, IL	US	S2-155576048	Family-Physicians Inc	7861- INDUSTRIAL PARKWAY, JEROME TWP, OH	3	0.2083	SHARED_STEM_OR_PREFIX
S1-636549603	Family Physicians Inc	1024 31st Avenue, Bellwood, IL	US	S2-503789376	Family Physicians-Inc	75 DUNHAM ST, ATTLEBORO, MA	4	0.2083	SHARED_STEM_OR_PREFIX
S1-636549603	Family Physicians Inc	1024 31st Avenue, Bellwood, IL	US	S2-882332314	Family Physicians Inc	CHANDLER, 2264 GERMANN ROAD, AZ	6	0.2083	SHARED_STEM_OR_PREFIX
S1-636549603	Family Physicians Inc	1024 31st Avenue, Bellwood, IL	US	S2-591794073	FAMILY PHYSICIANS INC	ND, 1801 35TH ST, WILLISTON	7	0.2083	SHARED_STEM_OR_PREFIX
S1-147465602	Apex Foods Private Limited	25A, Model Town, Phagwara, Kapurthala, Punjab	India	S2-147606076	Apex-Foods Private Limited	H NO 194K, P GAON ROAD, MASEGAON, TQ - GHANSAWANGI, GHANSAWANGI, महाराष्ट्र	1	0.7274	SHARED_STEM_OR_PREFIX
S1-147465602	Apex Foods Private Limited	25A, Model Town, Phagwara, Kapurthala, Punjab	India	S2-809005474	APEX FOODS PRIVATE LIMITED	B 208D, STREET NO.2 MAJLIS PARK, ADARSH NAGAR, DELHI, Delhi	4	0.7274	SHARED_STEM_OR_PREFIX
S1-147465602	Apex Foods Private Limited	25A, Model Town, Phagwara, Kapurthala, Punjab	India	S3-553993310	Apex Foods Private Limited	#516 22/4, Jodhpur, Heavy Industrial Area, RJ	6	0.7274	SHARED_STEM_OR_PREFIX
S1-147465602	Apex Foods Private Limited	25A, Model Town, Phagwara, Kapurthala, Punjab	India	S3-288348965	Apex Foods Private Limited	Bangalore, Door No 154, Bangalore, KA	10	0.7274	SHARED_STEM_OR_PREFIX
S1-724291976	Gonzalezlopez's Wholesale	CA, 1235 Chestnut Street, Upland	US	S2-665550772	... Gonzalezlopez's Wholesale	21 SNOW PINE CT, OWINGS MILLS, MD	1	0.7864	SHARED_STEM_OR_PREFIX
S1-724291976	Gonzalezlopez's Wholesale	CA, 1235 Chestnut Street, Upland	US	S3-501878374	Gonzalezlopez's  (Wholesale)	##21 Snow Pine Ct, Owings Mills, Maryland	2	0.7864	SHARED_STEM_OR_PREFIX
S1-724291976	Gonzalezlopez's Wholesale	CA, 1235 Chestnut Street, Upland	US	S3-30982169	Gonzalezlopez'S Wholesale	##21 Snow Pine Court, Owings Mills, Maryland	4	0.7864	SHARED_STEM_OR_PREFIX
S1-724291976	Gonzalezlopez's Wholesale	CA, 1235 Chestnut Street, Upland	US	S2-882012584	Gonzalezlopez's Brokerage Llc	24901 FREDERICK RD, CLARKSBURG, MD	9	0.3412	SHARED_STEM_OR_PREFIX
S1-906281937	Ada G. Curtis, CPA Partners	1903 Las Palmaritas Drive, Unit 225, Phoenix, AZ	US	S2-462986517	Ada G. Curtis, CPA Partners Holdings	1905 LAS PALMARITAS DRIVE, WASHINGTON, AZ	3	0.9146	SHARED_STREET_OR_ADDRESS
S1-906281937	Ada G. Curtis, CPA Partners	1903 Las Palmaritas Drive, Unit 225, Phoenix, AZ	US	S2-778762527	estesstifel.com	1903 LAS PALMARITAS DR, WASHINGTON, AZ	9	0.1920	SAME_GEOGRAPHY_AND_GENERIC_KEY
S1-97581850	Green Exports Private Limited	B-3, B-71C, Janakpuri, New Delhi, West Delhi, Delhi	India	S2-59698739	Green Exports Private [Limited]	HOUSE NO. 31A, 37/B DEFENCE ESTATE, PHASE-1, BUNDU KATRA, AGA, Uttar Pradesh	1	0.6384	SHARED_NAME_AND_LOCATION_TOKENS
S1-97581850	Green Exports Private Limited	B-3, B-71C, Janakpuri, New Delhi, West Delhi, Delhi	India	S2-386912588	GREEN EXPORTS PRIVATE LIMITED	HN 904 AVER PLAZA, PLOT NO.B-13 OPP. CITI MALL NEW LINK ROAD, ANDHERI WEST, ANDHERI, Maharashtra	2	0.6384	SHARED_NAME_AND_LOCATION_TOKENS
S1-97581850	Green Exports Private Limited	B-3, B-71C, Janakpuri, New Delhi, West Delhi, Delhi	India	S2-15591049	Green  Exports Private Limited	#1/187, MEENAKSHI AMMAN NAGAR, SURYA NAGAR EXTN, K. PUDUR, MADURAI, Tamil Nadu	4	0.6384	SHARED_STEM_OR_PREFIX
S1-97581850	Green Exports Private Limited	B-3, B-71C, Janakpuri, New Delhi, West Delhi, Delhi	India	S3-482676734	green exports private limited	Room Number 20, Haji Abdul Aziz Chawl Qureshi Nagar, Hill Road, Kurla East, Mumbai, Mumbai City, MH	8	0.6384	SHARED_STEM_OR_PREFIX
S1-15005997	Raphaela F. Newell, O.D.	34 Bank Street, New Bedford, MA	US	S2-612685445	raphaela f. newell, o.d. corp	POPLAR ST, BRISTOW, OK	4	0.5956	SHARED_STEM_OR_PREFIX
S1-15005997	Raphaela F. Newell, O.D.	34 Bank Street, New Bedford, MA	US	S3-542907569	RAPHAELA F. NEWELL, O.D. HOLDINGS	70 Poplar Street, Bristow, Oklahoma	5	0.5956	SHARED_STREET_OR_ADDRESS
S1-15005997	Raphaela F. Newell, O.D.	34 Bank Street, New Bedford, MA	US	S3-705362665	Raphaela Raphaela Yoimo, (DMD)	# APT 142, 6017 Winding Way, California, Carmichael	10	0.3707	SHARED_STEM_OR_PREFIX
S1-866369736	CDR Digital, Inc	Grove, NY, 11852 16	US	S2-970903817	cdr digital, ltd	11861 16, GROVE, NY	4	1.0296	SHARED_NAME_AND_LOCATION_TOKENS
S1-989125871	Houston Alto	638 Majestic Ridge Drive, Houston, TX	US	S2-535596998	Houston Automobile	1820 MAIN STREET, HOUSTON, TX	4	0.1380	SHARED_NAME_AND_LOCATION_TOKENS
S1-989125871	Houston Alto	638 Majestic Ridge Drive, Houston, TX	US	S2-826862747	Houston Animal Welfare Gúild Llc	14411 SMITHERMN RD, HOUSTON, TX	5	0.1380	SHARED_NAME_AND_LOCATION_TOKENS
S1-989125871	Houston Alto	638 Majestic Ridge Drive, Houston, TX	US	S2-59396427	houston affiliated corp	2016 TUAM STREET, HOUSTON, TX	6	0.1380	SHARED_NAME_AND_LOCATION_TOKENS
S1-989125871	Houston Alto	638 Majestic Ridge Drive, Houston, TX	US	S2-277675462	Houston  Antimony	003606 Marquesa Lane, HOUSTON, TX	7	0.1380	SHARED_NAME_AND_LOCATION_TOKENS
S1-989125871	Houston Alto	638 Majestic Ridge Drive, Houston, TX	US	S2-39573294	Houston Axiom Co	8618-8620 LAKE CRYSTAL DRIVE, HOUSTON, TX	8	0.1380	SHARED_STREET_OR_ADDRESS
S1-989125871	Houston Alto	638 Majestic Ridge Drive, Houston, TX	US	S2-264291126	Houston Automobile-Co	1820 Main St, HOUSTON, TX	10	0.1380	SHARED_NAME_AND_LOCATION_TOKENS
S1-447452795	Blue Network Corporation	177 1st Avenue, Nashville, TN	US	S3-105554181	Blue Network [Corporation]	009000 Hammond Dr, # Lot 45, Eden, New York	2	0.8127	SHARED_STEM_OR_PREFIX
S1-447452795	Blue Network Corporation	177 1st Avenue, Nashville, TN	US	S3-182896321	Blue Network Corporation	Becker Ln, Surprise, Arizona	3	0.8127	SHARED_STEM_OR_PREFIX
S1-447452795	Blue Network Corporation	177 1st Avenue, Nashville, TN	US	S3-179921574	Blue Network Corporation	620 Glencrest Drive, Spokane, Washington	5	0.8127	SHARED_STEM_OR_PREFIX
S1-447452795	Blue Network Corporation	177 1st Avenue, Nashville, TN	US	S2-625145688	Horton-Global	NASHVILLE, 177 PEASANT VALEY ROAD, AR	7	0.3750	SAME_GEOGRAPHY_AND_GENERIC_KEY
S1-447452795	Blue Network Corporation	177 1st Avenue, Nashville, TN	US	S2-836394307	BLUE NETWORK CORP	3533 AIRLINE HIGHWAY, WATERLOO, IA	8	0.3674	SHARED_STEM_OR_PREFIX
S1-698954473	Pnc (India) Design Private Limited	Sonkh Road Kumher, Bharatpur, Rajasthan	India	S2-325729828	pnc (india) design ventures private limited	NO 70 SONKH ROAD KUMHER, BHARATPUR, Rajasthan	2	0.9146	SHARED_STREET_OR_ADDRESS
S1-698954473	Pnc (India) Design Private Limited	Sonkh Road Kumher, Bharatpur, Rajasthan	India	S3-893946731	Private Pnc (india) Enterprises Limited	Thane, Ratna Priya Complex, Smashan Road Near Reliance Power Station, Bhayander W, Thane, D/217, महाराष्ट्र	7	0.3312	SHARED_STREET_OR_ADDRESS
S1-701741704	Bay Granite LLC	AR, Blytheville, 4437 Unnamed	US	S2-640232699	Bay Granite Ltd	4446 UNNAMED, BLYTHEVILLE, AR	2	1.0808	SHARED_NAME_AND_LOCATION_TOKENS
S1-701741704	Bay Granite LLC	AR, Blytheville, 4437 Unnamed	US	S2-861100047	Bay Gravity Holdings	326 SLIMP BLUFF, AZLE, TX	4	0.1536	SHARED_STEM_OR_PREFIX
S1-701741704	Bay Granite LLC	AR, Blytheville, 4437 Unnamed	US	S2-93817102	Bay Grand Mrgage Inc	BUNKER HILL ROAD, PULASKI, TN	5	0.1536	SHARED_STEM_OR_PREFIX
S1-701741704	Bay Granite LLC	AR, Blytheville, 4437 Unnamed	US	S2-267549806	Bay Grand	804 HARRIER WAY, ELK GROVE, CA	9	0.1536	SHARED_STEM_OR_PREFIX
S1-314045617	Williams Premier Xrp	845 Mildred Avenue, Dundalk, MD	US	S2-371485688	Williams Premier Xrp North	848 MILDRED AVE, DUNDALK, MD	2	0.2625	SHARED_NAME_AND_LOCATION_TOKENS
S1-314045617	Williams Premier Xrp	845 Mildred Avenue, Dundalk, MD	US	S2-178007144	WILLIAMS  PREMIER FINANCIAL INC		4	0.2625	SHARED_STEM_OR_PREFIX
S1-314045617	Williams Premier Xrp	845 Mildred Avenue, Dundalk, MD	US	S2-380589275	Williams Premier Inc Flag,	3640 7, HOOSICK FALLS, NY	5	0.2625	SHARED_STEM_OR_PREFIX
S1-314045617	Williams Premier Xrp	845 Mildred Avenue, Dundalk, MD	US	S2-574290192	WILLIAMS PREMIER NEUBERGER LLC	##3572 HIGHWAY 36, SEARCY, AR	6	0.2625	SHARED_STEM_OR_PREFIX
S1-314045617	Williams Premier Xrp	845 Mildred Avenue, Dundalk, MD	US	S2-38744118	Williams Premier Neuberger Llc	HIGHWAY 36, SEARCY, AR	7	0.2625	SHARED_STEM_OR_PREFIX
S1-314045617	Williams Premier Xrp	845 Mildred Avenue, Dundalk, MD	US	S2-477798412	WILLIAMS PREMIER GARDEN INC	3 BRYANT RD, FREEDOM, ME	9	0.2625	SHARED_STEM_OR_PREFIX
S1-832593986	Bureau of Health	370 Buckeye Circle, La Plata, MD	US	S2-153670947	Bureau of Health	4407 MILITARY RD, NIAGARA, NY	2	0.2046	SHARED_STEM_OR_PREFIX
S1-832593986	Bureau of Health	370 Buckeye Circle, La Plata, MD	US	S2-622696773	Bureau of  Health	6445- N PARK DR, FT. WORTH, TX	3	0.2046	SHARED_STEM_OR_PREFIX
S1-832593986	Bureau of Health	370 Buckeye Circle, La Plata, MD	US	S2-128652487	Bureau of Health	MAIDEN, NC, 2616 LEE LAWING RD	4	0.2046	SHARED_STEM_OR_PREFIX
S1-832593986	Bureau of Health	370 Buckeye Circle, La Plata, MD	US	S2-17721118	BUREAU  OF HEALTH	1504-C Mccrary Street, HUNTSVILLE, AL	7	0.2046	SHARED_STEM_OR_PREFIX
S1-832593986	Bureau of Health	370 Buckeye Circle, La Plata, MD	US	S2-241113961	BUREAU OF HEALTH	1064 PINE ST, FALL RIVER, MA	8	0.2046	SHARED_STEM_OR_PREFIX
S1-832593986	Bureau of Health	370 Buckeye Circle, La Plata, MD	US	S2-603345840	Bureau of Health	480 1331, TAYLOR, TX	9	0.2046	SHARED_STEM_OR_PREFIX
S1-832593986	Bureau of Health	370 Buckeye Circle, La Plata, MD	US	S2-664769881	BUREAU  OF HEALTH	PARKVIEW DR, WESTOVER, WV	10	0.2046	SHARED_STEM_OR_PREFIX
S1-889584874	Bebe Singletary Empire Blackstone LLC	146 Forest Oaks Lane, Lake Jackson, TX	US	S3-888633131	Bebe  Singletary Empire Blackstone LLC	Ohio, Grove City, 1605-1607 Newport Loop	3	1.1229	SHARED_STEM_OR_PREFIX
S1-889584874	Bebe Singletary Empire Blackstone LLC	146 Forest Oaks Lane, Lake Jackson, TX	US	S2-169769549	BEBE SINGLETARY EMPIRE BLACKSTONE	700 West Street, FAIR HAVEN, VT	9	0.6776	SHARED_STEM_OR_PREFIX
S1-926018314	X T Weinstein Painting	8049 Bay Bend Drive, Willis, TX	US	S3-845162030	X T Weinstein Pointing [Group]	050 Bay Bend Drive, Willis, Texas	5	0.8581	SHARED_STREET_OR_ADDRESS
S1-926018314	X T Weinstein Painting	8049 Bay Bend Drive, Willis, TX	US	S2-883206712	X/T Ligand Corp	424 COMANCHE, CLEVER, MO	8	0.1671	SHARED_STEM_OR_PREFIX
S1-926018314	X T Weinstein Painting	8049 Bay Bend Drive, Willis, TX	US	S2-961734187	X T and Lake (J)	004515 SEMINOLE ST, PASADENA, TX	9	0.1671	SHARED_NAME_AND_LOCATION_TOKENS
S1-926018314	X T Weinstein Painting	8049 Bay Bend Drive, Willis, TX	US	S2-911821280	X/T LIGAND INC	41 COMANCHE, CLEVER, MO	10	0.1671	SHARED_STEM_OR_PREFIX
S1-90128015	Valley Charter School	VA, Prince William County, 1541 Colonial Drive, Unit UNIT 303	US	S2-46713318	Valley  Charter School	100 LINCOLN STREET, IONIA, IA	3	0.4821	SHARED_STEM_OR_PREFIX
S1-90128015	Valley Charter School	VA, Prince William County, 1541 Colonial Drive, Unit UNIT 303	US	S2-417056729	Valley Charter School	1139 VILLAGE GREEN DR, DECATUR, IN	7	0.4821	SHARED_STEM_OR_PREFIX
S1-748243940	Blaine Box	3008 Davis Road, Spokane Valley, WA	US	S2-115182811	BLAINE BEHAVIORAL HEALTH KEYSTONE	10198 EAST PLEASURE CREEK PKWY, PMB 5327, BLAINE, MN	2	0.1867	SHARED_STEM_OR_PREFIX
S1-748243940	Blaine Box	3008 Davis Road, Spokane Valley, WA	US	S2-665357777	Blaine,  Town	88 ROBINSON RD, BLAINE, ME	4	0.1867	SHARED_STEM_OR_PREFIX
S1-748243940	Blaine Box	3008 Davis Road, Spokane Valley, WA	US	S2-706315483	... BLAINE BIG	4801 OUTRIGGER LOOP, BLAINE, WA	7	0.1867	SHARED_NAME_AND_LOCATION_TOKENS
S1-543291404	Southern Technologies Private Limited	Excelsior Building Thengana, Perumpanachy P.O., Changanacherry, Kottayam, Kerala	India	S2-55394803	SOUTHERN TECHNOLOGIES PRIVATE LIMITED	C/O. ANIL KUMAR SINGH, AS/6/23/2, KALYANPUR HOUSIN POST - RAMKRRISHNA MISSION, ASANSOL, West Bengal	2	0.4611	SHARED_NAME_AND_LOCATION_TOKENS
S1-543291404	Southern Technologies Private Limited	Excelsior Building Thengana, Perumpanachy P.O., Changanacherry, Kottayam, Kerala	India	S2-546080630	Southern  Technologies Private Limited	29/1-29/2 1ST FLR 5TH CRS, MUNICHIANNA IND LAYOUT, BANGALORE SOUTH, Karnataka	3	0.4611	SHARED_STEM_OR_PREFIX
S1-543291404	Southern Technologies Private Limited	Excelsior Building Thengana, Perumpanachy P.O., Changanacherry, Kottayam, Kerala	India	S2-6399931	Southern Technologies-Private Limited	DOOR NO 10-3-1/14 , FLAT NO 504, SY NO 19, LAXMI RESIDENCY, SECUNDERABAD, Andhra Pradesh	4	0.4611	SHARED_STEM_OR_PREFIX
S1-543291404	Southern Technologies Private Limited	Excelsior Building Thengana, Perumpanachy P.O., Changanacherry, Kottayam, Kerala	India	S2-971266074	southern technologies private limited	H NO 1625, 2ND FLOOR, SEC-45, NEAR JUNIOR ST ANGEL SCHOOL, GURUGRAM, Haryana	5	0.4611	SHARED_STEM_OR_PREFIX
S1-543291404	Southern Technologies Private Limited	Excelsior Building Thengana, Perumpanachy P.O., Changanacherry, Kottayam, Kerala	India	S3-109161881	Southern Technologies Private Limited	H.no 29/1-29/2 1St Flr 5Th Crs, Bangalore, Bangalore South, KA	7	0.4611	SHARED_STEM_OR_PREFIX
S1-543291404	Southern Technologies Private Limited	Excelsior Building Thengana, Perumpanachy P.O., Changanacherry, Kottayam, Kerala	India	S3-550773244	Southern-Technologies Private Limited	Block G-476/8 Chirag Appartment Bl-a, Grd-fr, Fl-ge/1, 4 Italgacha Road, Kolkata, Parganas North, পশ্চিমবঙ্গ	9	0.4611	SHARED_STEM_OR_PREFIX
S1-543291404	Southern Technologies Private Limited	Excelsior Building Thengana, Perumpanachy P.O., Changanacherry, Kottayam, Kerala	India	S3-339136145	SOUTHERN TECHNOLOGIES PRIVATE LIMITED	Unit No. 10A, <NULL>, Mumbai, MH	10	0.4611	SHARED_STEM_OR_PREFIX
S1-878904744	Downtown Ice Cream	138 23rd Avenue, Melrose Park, IL	US	S2-515727735	Downtown  Ice Cream	##109 KOHL DRIVE, SEARCY, AR	2	0.3572	SHARED_STEM_OR_PREFIX
S1-878904744	Downtown Ice Cream	138 23rd Avenue, Melrose Park, IL	US	S2-637389937	Downtown Ice  [Cream!]	16  MARSHWOOD DR, N/A, UPPER PROVIDENCE TOWNSHIP, PA	3	0.3572	SHARED_STEM_OR_PREFIX
S1-878904744	Downtown Ice Cream	138 23rd Avenue, Melrose Park, IL	US	S2-91546479	Downtown Ice (Cream)	2870 CRESCENT OAK LN, AURORA, IL	4	0.3572	SHARED_NAME_AND_LOCATION_TOKENS
S1-878904744	Downtown Ice Cream	138 23rd Avenue, Melrose Park, IL	US	S2-419323029	DOWNTOWN  ICE CREAM!	132 OAKWELL LANE, PMB 5140, JONESBORROUGH, TN	5	0.3572	SHARED_STEM_OR_PREFIX
S1-878904744	Downtown Ice Cream	138 23rd Avenue, Melrose Park, IL	US	S2-48673653	DOWNTOWN-ICE  CREAM	263 MIDDLESEX ROAD, BUFFALO CDP, NY	6	0.3572	SHARED_STEM_OR_PREFIX
S1-878904744	Downtown Ice Cream	138 23rd Avenue, Melrose Park, IL	US	S2-928454147	downtown ice cream!	12380- COPPER QUEEN WAY, null, ORO VALLEY, AZ	8	0.3572	SHARED_STEM_OR_PREFIX
S1-878904744	Downtown Ice Cream	138 23rd Avenue, Melrose Park, IL	US	S2-145618445	DOWNTOWN ICE CREAM!	373 Aiken Ave, LOWLEL, MA	10	0.3572	SHARED_STEM_OR_PREFIX
S1-778456014	Tot Network Company	Mahuva, Bhavnagar, Behind Kings Cold Storage, Mahuva-Bhavnagar Highway, Mahuva, Revenue Survey No. 190P1/P1 & 190P1/P2, Gujarat	India	S2-818270157	TOT NETWORK OVERSEAS PRIVATE LIMITED	Bihar, NO 9-7 C/O- RITA KUMARI SINHA, NAHAR ROAD, HARIDASPUR KHAGAUL, DANAPUR, PATNA	2	0.6479	SHARED_NAME_AND_LOCATION_TOKENS
S1-778456014	Tot Network Company	Mahuva, Bhavnagar, Behind Kings Cold Storage, Mahuva-Bhavnagar Highway, Mahuva, Revenue Survey No. 190P1/P1 & 190P1/P2, Gujarat	India	S2-182088872	Tot Network Clinic Enterprises Corp	NO 4/327.6 , AUTO NAGAR, ATTUR BYPASS ROAD, SALEM, Tamil Nadu	5	0.6479	SHARED_NAME_AND_LOCATION_TOKENS
S1-778456014	Tot Network Company	Mahuva, Bhavnagar, Behind Kings Cold Storage, Mahuva-Bhavnagar Highway, Mahuva, Revenue Survey No. 190P1/P1 & 190P1/P2, Gujarat	India	S2-184111348	Tot Network Industries Private	Kerala, NO. 321 TC-53/2972, PANDARAVILA VEEDU, THIRUVANANTHAPURAM, THIRUVANANTHAPURAM	6	0.6479	SHARED_NAME_AND_LOCATION_TOKENS
S1-778456014	Tot Network Company	Mahuva, Bhavnagar, Behind Kings Cold Storage, Mahuva-Bhavnagar Highway, Mahuva, Revenue Survey No. 190P1/P1 & 190P1/P2, Gujarat	India	S2-400968897	Tot Network	C/O KRISHNA MURARI, NH-31, NAYABAZAR WARD NO. 3, NEAR PASWAN TOLA, SAHARSA, Bihar	7	0.6479	SHARED_NAME_AND_LOCATION_TOKENS
S1-778456014	Tot Network Company	Mahuva, Bhavnagar, Behind Kings Cold Storage, Mahuva-Bhavnagar Highway, Mahuva, Revenue Survey No. 190P1/P1 & 190P1/P2, Gujarat	India	S2-388192360	Tot Network Private Ltd	C/O- RITA KUAMRI SINHA, NAHAR ROAD, HARIDASPUR KHAGAUL, DANAPUR, PATNA, Bihar	8	0.6479	SHARED_STEM_OR_PREFIX
S1-887285254	Frontier Resilience LLC	6022 Railroad, Wallis, TX	US	S3-948146093	FRONTIER RESILIENCE GROUP	Baldwin County, Alabama, 391 Majestic Beauty Avenue	6	0.3500	SHARED_STEM_OR_PREFIX
S1-387008828	Shyam All Finance Private Limited	248/1731 Fakirmohan Nagar, Balasore, Orissa	India	S2-235106020	SHYAM ALL ÍT PRIVATE LIMITED	Telangana, null, 12-13 , PLOT NO. 13, PRESTIGE PARK GUNDLA POCHAMPALLY, MEDCHAL MANDAL	1	0.6712	SHARED_STEM_OR_PREFIX
S1-387008828	Shyam All Finance Private Limited	248/1731 Fakirmohan Nagar, Balasore, Orissa	India	S3-138926685	-- Shyam All Producer Automobiles Pviae Limited	Built - Up Property Bearing Kh. No. 638, New Delhi, West Delhi, DL	4	0.6712	SHARED_STEM_OR_PREFIX
S1-387008828	Shyam All Finance Private Limited	248/1731 Fakirmohan Nagar, Balasore, Orissa	India	S2-870354533	SHYAMAL LOGISTICS PRIVATE	1/31, KAUNK SHRUTHI AVENUE, THUDIYALUR, COIMBATORE NORTH, Tamil Nadu	6	0.2650	SAME_GEOGRAPHY_AND_GENERIC_KEY
S1-387008828	Shyam All Finance Private Limited	248/1731 Fakirmohan Nagar, Balasore, Orissa	India	S3-276388257	Shyama LLP Center	264, Ward 23, Navanagar, Sidhi, Kachnimamla, MP, Plot Of Ram Naresh Kushwaha	8	0.2650	SAME_GEOGRAPHY_AND_GENERIC_KEY
S1-387008828	Shyam All Finance Private Limited	248/1731 Fakirmohan Nagar, Balasore, Orissa	India	S3-263283368	Shyamal  LLP Partners	5/40, தமிழ்நாடு, Coimbatore North, Coimbatore	9	0.2650	SAME_GEOGRAPHY_AND_GENERIC_KEY
S1-387008828	Shyam All Finance Private Limited	248/1731 Fakirmohan Nagar, Balasore, Orissa	India	S3-940578668	Shyamal Limited (India) Overseas Private Systems	B-##3, Shukham Govindam Apartment, A-2/1 Vivekanand Colony, Near Tagore School, Jaipur, RJ	10	0.2650	SAME_GEOGRAPHY_AND_GENERIC_KEY
S1-407730822	Anant Trade Private Limited	Kaushik Sadan, Subhash Nagar Makrana Tehsil Makrana, Nagaur, Rajasthan	India	S3-274452905	Anant Trade Group Private Limited	No 31 Kaushik Sadan, Subhash Nagar Makrana Tehsil Makrana, Nagaur, RJ	2	0.7895	SHARED_STREET_OR_ADDRESS
S1-407730822	Anant Trade Private Limited	Kaushik Sadan, Subhash Nagar Makrana Tehsil Makrana, Nagaur, Rajasthan	India	S2-749694543	Anant Trading  Holdings Private Ltd	A40, GROUND FLOOR, FIEE COMPLEX, SUITE #1161, OKHLA INDUSTRIAL AREA PHASE-II, NEW DELHI, Delhi	4	0.3373	SHARED_STEM_OR_PREFIX
S1-407730822	Anant Trade Private Limited	Kaushik Sadan, Subhash Nagar Makrana Tehsil Makrana, Nagaur, Rajasthan	India	S2-772421508	ANANT TRADELINK PRIVATE LIMITED	Maharashtra, GEETANJALI 28, SHIVPRABHU NAGAR NEAR KALAMBA NAKA, KOLHAPUR	7	0.3373	SHARED_STREET_OR_ADDRESS
S1-407730822	Anant Trade Private Limited	Kaushik Sadan, Subhash Nagar Makrana Tehsil Makrana, Nagaur, Rajasthan	India	S2-142972634	Anant Trading Infratech Private Limited	NO 94  C/O. NAND KUMAR SINGH, N.C.GOSH LANE, YARPUR, GARDANIBAGH, PATNA, Bihar	8	0.3373	SHARED_STEM_OR_PREFIX
S1-584442364	Ar Law Chambers	Mr-3/242 Mahalaxmi Nagar, Indore, Madhya Pradesh	India	S2-9407365	KARAN WELFARE SOCIETY LTD	SF 3, C 1, MAHALAXMI METRO TOWER SEC 4 VA, GHAZIABAD, Uttar Pradesh	4	0.1560	SAME_GEOGRAPHY_AND_GENERIC_KEY
S1-584442364	Ar Law Chambers	Mr-3/242 Mahalaxmi Nagar, Indore, Madhya Pradesh	India	S2-246410448	Baba Properties General Pvt Ltd.	MAHALAXMI PLAZA VC6, 1ST FLOOR SEC. 3 VAISHALI, GHAZIABAD, Uttar Pradesh	8	0.1560	SAME_GEOGRAPHY_AND_GENERIC_KEY
S1-584442364	Ar Law Chambers	Mr-3/242 Mahalaxmi Nagar, Indore, Madhya Pradesh	India	S2-245229357	बाबा प्रॉपर्टीज प्रा. लि.	MAHALAXMI PLAZA VC2, 1ST FLOOR SEC. 3 VAISHALI, GHAZIABAD, VAISHALI, Uttar Pradesh	9	0.1560	SAME_GEOGRAPHY_AND_GENERIC_KEY
S1-584442364	Ar Law Chambers	Mr-3/242 Mahalaxmi Nagar, Indore, Madhya Pradesh	India	S2-221661736	Technology Blue Agro	3, MAHALAXMI PLAZA, NEAR HOTEL MANIPRABHA AKOLA HYDERABAD ROAD, WASHIM, Maharashtra	10	0.1560	SAME_GEOGRAPHY_AND_GENERIC_KEY
S1-590082446	First Food Private Limited	20, Baranashi Ghosh Street, Kolkata, Kolkata, Howrah, West Bengal	India	S2-173381721	First-Food Private Limited	HN 210 F NO 5, SHRI RAM RAJYA PLAZA, P NO 67, 68, S NO 222/1A, NR GULMOHOR COLONY, NASHIK, Maharashtra	2	0.7163	SHARED_STEM_OR_PREFIX
S1-590082446	First Food Private Limited	20, Baranashi Ghosh Street, Kolkata, Kolkata, Howrah, West Bengal	India	S2-707349349	First Food Private Limited	#A-727/2687 , SAKUNTALA NIWAS, KAIBALYA VIHAR, PHASE-IV, PO-DUMDUMA, BHUBANESWAR, Odisha	3	0.7163	SHARED_STEM_OR_PREFIX
S1-590082446	First Food Private Limited	20, Baranashi Ghosh Street, Kolkata, Kolkata, Howrah, West Bengal	India	S3-990878952	FIRST FOOD PRIVATE LIMITED	C-86 Green Park Colony, Meerut, Ghaziabad, उत्तर प्रदेश	4	0.7163	SHARED_STEM_OR_PREFIX
S1-590082446	First Food Private Limited	20, Baranashi Ghosh Street, Kolkata, Kolkata, Howrah, West Bengal	India	S3-56495330	First Food Private [Limited]	Sco 08 Innovtaions Tower, Ludhiana, Chandigarh, PB	6	0.7163	SHARED_STEM_OR_PREFIX
S1-590082446	First Food Private Limited	20, Baranashi Ghosh Street, Kolkata, Kolkata, Howrah, West Bengal	India	S2-156268656	First Food Pvt Limited	SARVESHWARI NAGAR, BEHIND SURYA COMPLEX NAKA BY PASS, FAIZABAD, Uttar Pradesh	7	0.2996	SHARED_STEM_OR_PREFIX
S1-629969170	Keelia White Smart Futurewave Inc	12 Haffards Street, Unit 1N, Fall River, MA	US	S3-104819792	Keelia White Smart Futurewave Holdings	19 Haffards St, # 1N, Fall River, Massachusetts	2	1.1275	SHARED_NAME_AND_LOCATION_TOKENS
S1-629969170	Keelia White Smart Futurewave Inc	12 Haffards Street, Unit 1N, Fall River, MA	US	S2-936625073	Keelia Cohen Synchrony	WI, 9150 FAIRVIEW AVENUE, MITON	4	0.1933	SHARED_STEM_OR_PREFIX
S1-629969170	Keelia White Smart Futurewave Inc	12 Haffards Street, Unit 1N, Fall River, MA	US	S2-944413390	KEELIA SOLOMON EDP CARE	TELL CITY, IN, 1607 14ND	6	0.1933	SHARED_STEM_OR_PREFIX
S1-629969170	Keelia White Smart Futurewave Inc	12 Haffards Street, Unit 1N, Fall River, MA	US	S2-636109080	Keelia's Patriot Advisors Corp	1712 SIMPKINS ST, RAEIGH, NC	7	0.1933	SHARED_STEM_OR_PREFIX
S1-629969170	Keelia White Smart Futurewave Inc	12 Haffards Street, Unit 1N, Fall River, MA	US	S2-301428688	Keelia-Solomon Edp Incorporated	19117 GREASY CREEK RD, BIG LAUREL, KY	10	0.1933	SHARED_STEM_OR_PREFIX
S1-883468618	Tmr (india) Private Limited	Plot No. A 390 391, Riico Growth Centre, Swaroopganj, Hamirgarh, Bhilwara, Rajasthan	India	S2-810478522	Tmr (india) Private Limited	PLOT NO. 141, SECTOR-3, HSIIDC PH-I, GROWTH CENTRE, BAWAL, Haryana	1	1.5651	SHARED_NAME_AND_LOCATION_TOKENS
S1-883468618	Tmr (india) Private Limited	Plot No. A 390 391, Riico Growth Centre, Swaroopganj, Hamirgarh, Bhilwara, Rajasthan	India	S3-983844152	Tmr (india) Private	Cabin No. 03-49, Third Floor, Flexone, Building 15C2, Block 15, Road No. 1C, Zone-1, Gift Sez, Gandhi Nagar, GJ	4	0.7764	SHARED_NAME_AND_LOCATION_TOKENS
S1-883468618	Tmr (india) Private Limited	Plot No. A 390 391, Riico Growth Centre, Swaroopganj, Hamirgarh, Bhilwara, Rajasthan	India	S3-580631980	Tmr (india) (india) Overseas Private	No 437 Plot No. A 390 404, Riico Growth Centre, Swaroopganj, Hamirgarh, Bhilwara, राजस्थान	6	0.7764	SHARED_NAME_AND_LOCATION_TOKENS
S1-883468618	Tmr (india) Private Limited	Plot No. A 390 391, Riico Growth Centre, Swaroopganj, Hamirgarh, Bhilwara, Rajasthan	India	S3-241385751	Tmr (india) Private Ltd	No B3/141, Sector-3, Hsiidc Ph-i, Growth Centre, Bawal, Mahendragarh, HR	7	0.7764	SHARED_NAME_AND_LOCATION_TOKENS
S1-883468618	Tmr (india) Private Limited	Plot No. A 390 391, Riico Growth Centre, Swaroopganj, Hamirgarh, Bhilwara, Rajasthan	India	S3-536406706	Tmr (india) Ventures Private Limited	Door No 142, Bawal, HR, Mahendragarh	8	0.7764	SHARED_NAME_AND_LOCATION_TOKENS
S1-883468618	Tmr (india) Private Limited	Plot No. A 390 391, Riico Growth Centre, Swaroopganj, Hamirgarh, Bhilwara, Rajasthan	India	S2-754734527	#tmrindia	NO 141 , SECTOR-3, HSIIDC PH-I, GROWTH CENTRE, BAWAL, Haryana	9	0.4729	SAME_GEOGRAPHY_AND_GENERIC_KEY
S1-904228116	Office of Aging	2637 Greenbrier Drive, Hinton, WV	US	S2-586890860	OFFICE OF AGING	NY, ALBANY TOWNSHIP, 244 MORON AVE	6	0.1955	SHARED_STEM_OR_PREFIX
S1-805104360	Mcleod Cardiology	1000 Taywood Road, Unit 112, Englewood, OH	US	S3-161280116	Mcleod Cardiology Co	2049 Morningside Terrace, Sterling, Virginia	5	0.7102	SHARED_STEM_OR_PREFIX
S1-805104360	Mcleod Cardiology	1000 Taywood Road, Unit 112, Englewood, OH	US	S3-335003362	Mcleod  Cardiology Southside	Sterling, <NULL>, Virginia, 20498 Morningside Terrace	6	0.7102	SHARED_STEM_OR_PREFIX
S1-805104360	Mcleod Cardiology	1000 Taywood Road, Unit 112, Englewood, OH	US	S3-102002504	mcleodcardiology.com	2049 Morningside Ter, Sterling, Virginia	10	0.3602	SAME_GEOGRAPHY_AND_GENERIC_KEY
S1-224534945	Gitanjali Realestate Private Limited	Khasra No 950, 950 Me And 951, Village Kilhora Jalalabad Hapur, Hapur, Ghaziabad, Uttar Pradesh	India	S3-213891701	Gitanjali Realestate Industries Private	Khasra No ##955, 950 Me And 951, Village Kilhora Jalalabad Hapur, Hapur, Ghaziabad, UP	2	0.7901	SHARED_NAME_AND_LOCATION_TOKENS
S1-224534945	Gitanjali Realestate Private Limited	Khasra No 950, 950 Me And 951, Village Kilhora Jalalabad Hapur, Hapur, Ghaziabad, Uttar Pradesh	India	S2-112245274	Gitanjali Gitanjali Vídyalaya	NO V -24/ I MILLUNGAL JUNCTION, KANJIRAMATTOM PO, KANAYANNUR, കേരളം	4	0.4105	SHARED_NAME_AND_LOCATION_TOKENS
S1-224534945	Gitanjali Realestate Private Limited	Khasra No 950, 950 Me And 951, Village Kilhora Jalalabad Hapur, Hapur, Ghaziabad, Uttar Pradesh	India	S2-778644199	Gitanjali Private  Agri Limited	Maharashtra, 103 RAJGURU APARTMENTS, BABURAO PARULEKAR ROAD, MUMBAI	6	0.3379	SHARED_STEM_OR_PREFIX
S1-224534945	Gitanjali Realestate Private Limited	Khasra No 950, 950 Me And 951, Village Kilhora Jalalabad Hapur, Hapur, Ghaziabad, Uttar Pradesh	India	S2-209817539	Gitanjali  + Associates	GROUND FLOOR, NO. 115, SHARADA, P & T COLONY, 6TH MAIN ROAD, SANJAYNAGAR, BANGALORE NORTH, Karnataka	7	0.3379	SHARED_NAME_AND_LOCATION_TOKENS
S1-224534945	Gitanjali Realestate Private Limited	Khasra No 950, 950 Me And 951, Village Kilhora Jalalabad Hapur, Hapur, Ghaziabad, Uttar Pradesh	India	S2-508194855	GITANJALI CONSULTANTS LIMITED	#368 LAJPAT NAGAROPP GYMKHANA CLUB JALANDHAR, PUNJAB, ਪੰਜਾਬ	10	0.3379	SHARED_STEM_OR_PREFIX
S1-631840437	Romero and Almendares Enbridge LLC	4695 Shagbark Court, City Of Brookfield, WI	US	S3-559584807	ROMERO AND ALMENDARES ENBRIDGE LLC	Maine, Avon, 46 Babb Road	2	1.0222	SHARED_STEM_OR_PREFIX
S1-631840437	Romero and Almendares Enbridge LLC	4695 Shagbark Court, City Of Brookfield, WI	US	S2-575558975	Romero and Almendares Enbridge	13246 CEDAR ISLAND RD, TOWN OF HIGHLAND, WI	4	0.3972	SHARED_NAME_AND_LOCATION_TOKENS
S1-631840437	Romero and Almendares Enbridge LLC	4695 Shagbark Court, City Of Brookfield, WI	US	S2-191243514	Romero and Almendares Enbridge Inc	013267 CEDAR ISLAND RD, TOWN OF HIGHLAND, WI	7	0.3972	SHARED_NAME_AND_LOCATION_TOKENS
S1-631840437	Romero and Almendares Enbridge LLC	4695 Shagbark Court, City Of Brookfield, WI	US	S2-405055073	Romero and Almendares Enbridge	146- BABB ROAD, AVON, ME	8	0.3972	SHARED_STEM_OR_PREFIX
S1-117902162	Atharva Promoters (India) Pvt. Ltd.	215, Vats Market Pitam Pura, Delhi	India	S3-156845761	Atharva Promoters (India) Exports Pvt.	219, Vats Market Pitam Pura, Delhi, दिल्ली	3	0.6557	SHARED_STREET_OR_ADDRESS
S1-117902162	Atharva Promoters (India) Pvt. Ltd.	215, Vats Market Pitam Pura, Delhi	India	S2-852662168	Atharva Private Limited Center	H.NO 25 BLACK BURN LANE3RD FLOOR, KOLKATA, West Bengal	6	0.2495	SHARED_STEM_OR_PREFIX
S1-117902162	Atharva Promoters (India) Pvt. Ltd.	215, Vats Market Pitam Pura, Delhi	India	S2-232243299	Atharva P0lytechnic	HIG-197, K-5, SUBUDHIPUR, TAMANDO, KALINGA VIHAR, BHUBANESWAR, ଓଡ଼ିଶା	7	0.2495	SHARED_STEM_OR_PREFIX
S1-117902162	Atharva Promoters (India) Pvt. Ltd.	215, Vats Market Pitam Pura, Delhi	India	S3-110286477	Atharva & Partners	B-b3/29 Sector-36, Greater Noida, Gautam Buddha Nagar, उत्तर प्रदेश	9	0.2495	SHARED_STEM_OR_PREFIX
S1-381957415	Digital Care Limited	Flat No. 1 Sumangal Resi. Ulka Nagari, Aurngabad, Aurangabad, Maharashtra	India	S2-173186952	Digital Care (Limited)	B-108, ACE PLATINUM, SECTOR - ZETA 1, GREATER NOIDA, Uttar Pradesh	1	0.9508	SHARED_NAME_AND_LOCATION_TOKENS
S1-381957415	Digital Care Limited	Flat No. 1 Sumangal Resi. Ulka Nagari, Aurngabad, Aurangabad, Maharashtra	India	S2-570309286	Digital Care  Limited Private	#600 244, SIDDHISPHERE, RB BUILDING, MATHAVIMUKK, KOTTARAKARA, Kerala	3	0.1621	SHARED_STEM_OR_PREFIX
S1-381957415	Digital Care Limited	Flat No. 1 Sumangal Resi. Ulka Nagari, Aurngabad, Aurangabad, Maharashtra	India	S2-815326898	Digital (Care)	DOOR NO. 39, WARD - 27 KALAMASSERY MUNCIPALITY, PIPELINE JUNCTION, PUKATTUPADY ROAD, KANAYANNUR, Keralam	6	0.1621	SHARED_NAME_AND_LOCATION_TOKENS
S1-381957415	Digital Care Limited	Flat No. 1 Sumangal Resi. Ulka Nagari, Aurngabad, Aurangabad, Maharashtra	India	S2-935800890	private digital care provision limited	110, JAIPUR, Rajasthan	7	0.1621	SHARED_STEM_OR_PREFIX
S1-381957415	Digital Care Limited	Flat No. 1 Sumangal Resi. Ulka Nagari, Aurngabad, Aurangabad, Maharashtra	India	S2-339140373	Digital LLP Care	#4/1 , AMS HOUSE, 3RD CROSS, KANAKA NAGAR, YELCHENAHALLI, JP NAGAR POST, NR K S LY, T, BANGALORE, Karnataka	8	0.1621	SHARED_NAME_AND_LOCATION_TOKENS
S1-381957415	Digital Care Limited	Flat No. 1 Sumangal Resi. Ulka Nagari, Aurngabad, Aurangabad, Maharashtra	India	S2-952031319	Digital  Care Private Limited	7-1-5/A, PALLAPU VEEDHI, PITHAPURAM, Andhra Pradesh	10	0.1621	SHARED_NAME_AND_LOCATION_TOKENS
S1-258353664	Porur Vyapar Private Limited	No.137, Gandhi Street, 2Nd Main Road Subhashri Nagar, Mugalivakkam, Porur, Chennai, Tamil Nadu	India	S2-448302065	Porur Infrastructure Public	NO 30-61 , TOWER 3B, PRESTIAGE BELLA VISTA, MOUNT POONAMALEE HIGH ROAD, AYYAPANTHANGA, L, PORUR, Tamil Nadu	9	0.1091	SHARED_STREET_OR_ADDRESS
S1-745976550	Driver, Lewis & Harris	230 Arbor Drive, Carmel, IN	US	S3-206125031	Driver, Lewis & Harris East	241 Arbor Dr, Carmel, Indiana	3	1.0364	SHARED_NAME_AND_LOCATION_TOKENS
S1-745976550	Driver, Lewis & Harris	230 Arbor Drive, Carmel, IN	US	S2-84560700	Driver's Capital	821. TOPAZ TRL, AZLE, TX	5	0.1751	SHARED_STEM_OR_PREFIX
S1-745976550	Driver, Lewis & Harris	230 Arbor Drive, Carmel, IN	US	S2-590228023	Driver Carlota DDS  M.D. P.C. Valley	442 SPENCERS GATE, YOUNGSVILLE, NC	7	0.1751	SHARED_STEM_OR_PREFIX
S1-745976550	Driver, Lewis & Harris	230 Arbor Drive, Carmel, IN	US	S2-136519647	DRIVER, JANIS, ESQ.		9	0.1751	SHARED_STEM_OR_PREFIX
S1-164240371	Family Association	OH, Fl 3, Columbus, 5059 Enclave Boulevard	US	S2-538629540	Family Association	8 CENTTR AVENUE, SOUTHAMPTON, NY	1	0.1801	SHARED_STEM_OR_PREFIX
S1-164240371	Family Association	OH, Fl 3, Columbus, 5059 Enclave Boulevard	US	S2-365383242	Family Association	#111 Ryan Dr, HENDERSONVILLE, TN	3	0.1801	SHARED_STEM_OR_PREFIX
S1-164240371	Family Association	OH, Fl 3, Columbus, 5059 Enclave Boulevard	US	S2-316069728	Family Association	GREENCASTLE, IN, 80. MARTINSVILLE ST	6	0.1801	SHARED_STEM_OR_PREFIX
S1-346603579	Reliable Quality Motors LLC	Utica, 21 Rose Place, NY	US	S3-186266098	Legacy Electronics Dynamics Corp	21 Utica Street, Unit Apartment 206, Buffalo, New York	1	0.4732	SAME_GEOGRAPHY_AND_GENERIC_KEY
S1-346603579	Reliable Quality Motors LLC	Utica, 21 Rose Place, NY	US	S2-904821921	Reliable Quality [Triton]	16585 COURTYARD LN, FONTANA, CA	3	0.2064	SHARED_STEM_OR_PREFIX
S1-346603579	Reliable Quality Motors LLC	Utica, 21 Rose Place, NY	US	S2-827095650	Reliable Quality  Kochav	944 58ND STREET, SAN BERNARDINO, CA	7	0.2064	SHARED_STEM_OR_PREFIX
S1-346603579	Reliable Quality Motors LLC	Utica, 21 Rose Place, NY	US	S2-624186839	RELIABLE QUALITY TRITON LLC	16585 COURTYARD LN, FONTANA, CA	8	0.2064	SHARED_STEM_OR_PREFIX
S1-346603579	Reliable Quality Motors LLC	Utica, 21 Rose Place, NY	US	S2-167237459	Reliable Quality Triton LLC	16585 COURTYARD LN, FONTANA, CA	9	0.2064	SHARED_STEM_OR_PREFIX
S1-346603579	Reliable Quality Motors LLC	Utica, 21 Rose Place, NY	US	S2-988818734	Reliable Quality Holdings	3816 326TH ST, FEDERAL WAY, WA	10	0.2064	SHARED_STEM_OR_PREFIX
S1-328371553	Rajdhani Holdings	Noida, Uttar Pradesh, Habibpur, Greater Noida, C/O Daya Chandra R/O Shop No.5 D Sharma Market, Gautam Buddha Nagar	India	S2-2306568	Rajdhani  Holdings	H.NO 4-7-155/37 PANDURANGA RAO NAGAR, HYDERABAD, Telangana	1	0.6617	SHARED_STREET_OR_ADDRESS
S1-542424915	Taravi Andfinance	Office No. A-508, 5Th Floor, Shiv Chamber Plot No. 21, Sector-11, Cbd Belapur, Navi Mumbai, Mumbai City, Maharashtra	India	S2-164425374	Taravi Producer Private Ltd	PL.NO.9, AAVANI VEETHI, MULLAI NAGAR, TPK ROAD, MADURAI SOUTH, Tamil Nadu	8	0.1729	SHARED_NAME_AND_LOCATION_TOKENS
S1-542424915	Taravi Andfinance	Office No. A-508, 5Th Floor, Shiv Chamber Plot No. 21, Sector-11, Cbd Belapur, Navi Mumbai, Mumbai City, Maharashtra	India	S2-146106687	Taravi Énterprises Private Limited	NO # 24/, 2ND MAIN ROAD, VISHWANEEDAM POST, HEGGANAHALLI, BENGALURU, Karnataka	9	0.1729	SHARED_NAME_AND_LOCATION_TOKENS
S1-116081375	Kestex Park	6334 Chandler Street, Cincinnati, OH	US	S2-432542734	KESTEX KESTEX RÓBOTICS LLC	138 Cambridge Dr, GALLATIN, TN	9	0.2353	SHARED_STEM_OR_PREFIX
S1-116081375	Kestex Park	6334 Chandler Street, Cincinnati, OH	US	S2-517389483	Kestex Kestex Apparel	533 COUNTY LILE RD, REIDSVILLE, NC	10	0.2353	SHARED_STEM_OR_PREFIX
S1-956108284	Gunina Travels Private Limited	Panchsheel Greens, Gautam Buddha Nagar, Uttar Pradesh, Gautam Buddha Nagar, 1403 Type C I 14Th Floor	India	S3-121493640	Gunina Travels Overseas Private (Limited)	Gautam Buddha Nagar, H.no 1407 Type C I 14Th Floor, Panchsheel Greens, Gautam Buddha Nagar, UP	3	1.0992	SHARED_STREET_OR_ADDRESS
S1-956108284	Gunina Travels Private Limited	Panchsheel Greens, Gautam Buddha Nagar, Uttar Pradesh, Gautam Buddha Nagar, 1403 Type C I 14Th Floor	India	S2-513722798	Gunina Gunina Fármers Ltd	#727 C/O- ABHINAY 1, MAHA, VIDYALAYA LODIPUR NE, HAMIRPUR, Uttar Pradesh	4	0.3274	SHARED_NAME_AND_LOCATION_TOKENS
S1-956108284	Gunina Travels Private Limited	Panchsheel Greens, Gautam Buddha Nagar, Uttar Pradesh, Gautam Buddha Nagar, 1403 Type C I 14Th Floor	India	S2-185698501	Gunina Investments (India) Pvt	FLOOR-6, PLOT-5, DEVIDAS MANSION, DINBAI PETIT LANE, OFF BALARAM STREET, GRANT ROAD, MUMBAI, Maharashtra	5	0.2379	SHARED_STREET_OR_ADDRESS
S1-956108284	Gunina Travels Private Limited	Panchsheel Greens, Gautam Buddha Nagar, Uttar Pradesh, Gautam Buddha Nagar, 1403 Type C I 14Th Floor	India	S2-665684559	Gunina Brothers Private Limited	ROOM NO 45, 46, 47&48, ARAYAKANDIPARA, AZHIKODE SOUTH, AZHIKODE, Keralam	6	0.2379	SHARED_STEM_OR_PREFIX
S1-956108284	Gunina Travels Private Limited	Panchsheel Greens, Gautam Buddha Nagar, Uttar Pradesh, Gautam Buddha Nagar, 1403 Type C I 14Th Floor	India	S2-176810673	Gunina H0spitals Private Ltd	VILLA NO. 2072, BOLLYWOOD GALLI, CHANDIGARH ROYALE CITY, BANUR, RAJPURA, ਪੰਜਾਬ	7	0.2379	SHARED_STEM_OR_PREFIX
S1-956108284	Gunina Travels Private Limited	Panchsheel Greens, Gautam Buddha Nagar, Uttar Pradesh, Gautam Buddha Nagar, 1403 Type C I 14Th Floor	India	S2-780224329	Gunina Hospitals Co Co	RZ-##45/256, FIRST FLOOR, PLOT NO. 45 GALI NO. 3, WEST SAGARPUR, DAYAL PARK, DELHI, Delhi	8	0.2379	SHARED_STREET_OR_ADDRESS
S1-956108284	Gunina Travels Private Limited	Panchsheel Greens, Gautam Buddha Nagar, Uttar Pradesh, Gautam Buddha Nagar, 1403 Type C I 14Th Floor	India	S2-575205199	Gunina Investments (Iid)a Pvt Ltd	FLOOR-6, PLOT-5, DEVIDAS MANSION, DINBAI PETIT LANE, OFF BALARAM STREET, GRANT ROAD, MUMBAI, Maharashtra	9	0.2379	SHARED_STREET_OR_ADDRESS
S1-599703679	Moylan Argentina L.L.C.	OK, Spiro, 24062 Tucker Road	US	S2-108310694	Moylan Argentina Argentina LLC	SPIRO, OK, 4064 TUCKER ROAD	3	1.1401	SHARED_STREET_OR_ADDRESS
S1-599703679	Moylan Argentina L.L.C.	OK, Spiro, 24062 Tucker Road	US	S2-922096361	Moylan Top L.L.C.	4394 1/2 PORTER CENTER RD, LEWISTON, NY	5	0.2787	SHARED_STEM_OR_PREFIX
S1-599703679	Moylan Argentina L.L.C.	OK, Spiro, 24062 Tucker Road	US	S2-536019298	Moylan Institute of Technology South	2317 12TH AVENUE, NASHVILLE, TN	6	0.2787	SHARED_STEM_OR_PREFIX
S1-599703679	Moylan Argentina L.L.C.	OK, Spiro, 24062 Tucker Road	US	S2-405293639	Moylan Construction  LLC	4397 PORTER CENTER ROAD, LEWISTON, NY	9	0.2787	SHARED_STREET_OR_ADDRESS
S1-159067707	Parth Technologies (India) Private Limited	C/O Karan Singh Parmar Shop No. 08, Ramayan South Katara Hills, Bhopal, Madhya Pradesh	India	S2-577597114	Parth Technologies Private	HN 56 C 111 DHARMSHEELA JAYPRAKASH NAGAR NORTH WEST OF AG COLONY PARK ASHIANA NAGAR, PATNA, Bihar	3	0.7717	SHARED_NAME_AND_LOCATION_TOKENS
S1-159067707	Parth Technologies (India) Private Limited	C/O Karan Singh Parmar Shop No. 08, Ramayan South Katara Hills, Bhopal, Madhya Pradesh	India	S2-335851007	Parth  Technologies Private Ltd	Bihar, HN 56 C 111 DHARMSHEELA JAYPRAKASH NAGAR NORTH WEST OF AG COLONY PARK ASHIANA NAGAR, PATNA	4	0.7717	SHARED_NAME_AND_LOCATION_TOKENS
S1-159067707	Parth Technologies (India) Private Limited	C/O Karan Singh Parmar Shop No. 08, Ramayan South Katara Hills, Bhopal, Madhya Pradesh	India	S2-95424406	Parth Technologies Overseas  Private Limited	C 132 DHARMSHEELA JAYPRAKASH NAGAR NORTH WEST OF AG COLONY PARK ASHIANA NAGAR, PATNA, बिहार	5	0.7717	SHARED_NAME_AND_LOCATION_TOKENS
S1-159067707	Parth Technologies (India) Private Limited	C/O Karan Singh Parmar Shop No. 08, Ramayan South Katara Hills, Bhopal, Madhya Pradesh	India	S3-244005451	Parth-Technologies (India) Industries Industries Private Limited	C/o Karan Singh Parmar Shop No. 29, null, Bhopal, मध्य प्रदेश	6	0.7717	SHARED_NAME_AND_LOCATION_TOKENS
S1-159067707	Parth Technologies (India) Private Limited	C/O Karan Singh Parmar Shop No. 08, Ramayan South Katara Hills, Bhopal, Madhya Pradesh	India	S2-822146873	Pvt Parth Technologies Exports Ltd	SHOP NO 40, NR. KAPILMUNI ASHRAM VILLAGE ANTARJAL, ADIPUR, TALUKA GANDHIDHAM, KACHCHH, Gujarat	9	0.3161	SHARED_NAME_AND_LOCATION_TOKENS
S1-590285242	Netta Giddings Spire	254 Capitol Drive, Village Of Hartland, WI	US	S2-264868327	Giddings College	141 ELM STREET, POTSDAM TOWNSIP, NY	5	0.0854	SHARED_STEM_OR_PREFIX
S1-590285242	Netta Giddings Spire	254 Capitol Drive, Village Of Hartland, WI	US	S2-133925544	Giddings LLC Oyster	124 Polk St, GIDDINGS, TX	8	0.0854	SHARED_STEM_OR_PREFIX
S1-590285242	Netta Giddings Spire	254 Capitol Drive, Village Of Hartland, WI	US	S2-75031118	Dixon, Giddings and Cornell Electrical	9538 MILLERS POINTE COURT, SHERWOOD, AR	9	0.0854	SHARED_STEM_OR_PREFIX
S1-730858380	Silver Consultants Private Limited	# 4, New Vinoba Basti, Sri Ganganagar, Sriganga Nagar, Rajasthan	India	S2-125449675	Silver Consultants  Private Limited	19, FIRST FLOOR, 10TH STREET, ANNAI VELANKANNI NAGAR PHASE 1, MADANANDAPURAM, MUGALIVAKKAM, CHENNAI, தமிழ்நாடு	3	0.3058	SHARED_STREET_OR_ADDRESS
S1-730858380	Silver Consultants Private Limited	# 4, New Vinoba Basti, Sri Ganganagar, Sriganga Nagar, Rajasthan	India	S2-926017733	Silver Consultants Private (Limited)	G##2, VIDHARBHA MAHESH CHS, CORALHEIGHTS LANE GB ROAD, THANE, Maharashtra	4	0.3058	SHARED_STEM_OR_PREFIX
S1-730858380	Silver Consultants Private Limited	# 4, New Vinoba Basti, Sri Ganganagar, Sriganga Nagar, Rajasthan	India	S2-65394735	Silver Consultants Private [Limited]	VAIKUNTH SO B NO 20, PLOT 504 516 GIDC ANKLESHWAR, AHMEDABAD, Gujarat	7	0.3058	SHARED_STEM_OR_PREFIX
S1-730858380	Silver Consultants Private Limited	# 4, New Vinoba Basti, Sri Ganganagar, Sriganga Nagar, Rajasthan	India	S2-377518608	Silver Consultants-Private Limited	NO.61, PLOT NO. 001, RAJ MANSION, 10TH CROSS RBI COLONY, ANANDNAGAR, BANGALORE, Karnataka	8	0.3058	SHARED_STEM_OR_PREFIX
S1-101076392	Straight Edge Pub	515 Monroe Avenue, Mcalester, OK	US	S2-184318257	Straight Edge Pub	965 HAMPTON AVENUE, MESA, AZ	2	0.2290	SHARED_STREET_OR_ADDRESS
S1-101076392	Straight Edge Pub	515 Monroe Avenue, Mcalester, OK	US	S2-568970390	STRAIGHT EDGE PUB	STATE ROAD 68, VELARDE, NM	4	0.2290	SHARED_STEM_OR_PREFIX
S1-101076392	Straight Edge Pub	515 Monroe Avenue, Mcalester, OK	US	S2-284176819	Straight Edge  Pub		7	0.2290	SHARED_STEM_OR_PREFIX
S1-101076392	Straight Edge Pub	515 Monroe Avenue, Mcalester, OK	US	S2-86080350	Straight Edge  Pub!	75  SYCAMORE STREET, HUUNTINGTON CDP, WV	8	0.2290	SHARED_STEM_OR_PREFIX
S1-101076392	Straight Edge Pub	515 Monroe Avenue, Mcalester, OK	US	S2-170577889	STRAIGHT  EDGE [PUB]	9020 DAUPHIN ISLAND PARKWAY, THEODORE, AL	10	0.2290	SHARED_STEM_OR_PREFIX
S1-635491453	Bay Investment LLC	820 Chicago Avenue, Downers Grove, IL	US	S2-566371368	Bay Invesmottn Holdings	821 CHICAGO AVE, null, DOWNERS GROVE, IL	3	0.4668	SHARED_NAME_AND_LOCATION_TOKENS
S1-635491453	Bay Investment LLC	820 Chicago Avenue, Downers Grove, IL	US	S2-339569363	BAYINVESTMENTS.COM	ONTARIO, 789  SIERRA VISTA DR, OR	6	0.4668	SAME_GEOGRAPHY_AND_GENERIC_KEY
S1-635491453	Bay Investment LLC	820 Chicago Avenue, Downers Grove, IL	US	S3-552598818	Bay Investments Corp	942 Middlebury Drive, Columbus, Ohio	7	0.4668	SHARED_STEM_OR_PREFIX
S1-635491453	Bay Investment LLC	820 Chicago Avenue, Downers Grove, IL	US	S3-103512519	Bay Investments  L.L.C.	# Unit 8, Ontario, Oregon, 789 Sierra Vista Drive	8	0.4668	SHARED_STEM_OR_PREFIX
S1-635491453	Bay Investment LLC	820 Chicago Avenue, Downers Grove, IL	US	S3-450663480	Bay Investments Inc.	Lake Ozark, Missouri, Unit 2B, ##382 Regatta Bay Cir	10	0.4668	SHARED_STEM_OR_PREFIX
S1-148845479	Nowaczyk Continental Neurosciences, Inc.	524 Fifth Avenue, City Of Stevens Point, WI	US	S2-779978604	Nowaczyk, Edwards &	145 GRACD AVE, PO BOX 6858, BENSENVILLE CDP, IL	6	0.4301	SHARED_STEM_OR_PREFIX
S1-148845479	Nowaczyk Continental Neurosciences, Inc.	524 Fifth Avenue, City Of Stevens Point, WI	US	S2-684159681	Nowaczyk and Davis Co Services	3219 VAUGHN LANE, PO BOX 8853, KONXVILLE, TN	8	0.4301	SHARED_STEM_OR_PREFIX
S1-148845479	Nowaczyk Continental Neurosciences, Inc.	524 Fifth Avenue, City Of Stevens Point, WI	US	S2-527538174	Nowaczyk and Davis Antimony [LLC]	1138 MIDLDEBROOK AVE, STAUNTON CITY, VA	10	0.4301	SHARED_NAME_AND_LOCATION_TOKENS
S1-29696416	Silver Exports Private Limited	Noida, Gautam Buddha Nagar, Jasas C-58/8, Sector-62, Uttar Pradesh, A-101	India	S2-626110866	Silver Exports Private [Limited]		1	0.6425	SHARED_STEM_OR_PREFIX
S1-29696416	Silver Exports Private Limited	Noida, Gautam Buddha Nagar, Jasas C-58/8, Sector-62, Uttar Pradesh, A-101	India	S2-819752796	Silver Exports Private Limited	36 C R AVENUE 1ST FLOOR, KOLKATA, KOLKATA, West Bengal	2	0.6425	SHARED_NAME_AND_LOCATION_TOKENS
S1-29696416	Silver Exports Private Limited	Noida, Gautam Buddha Nagar, Jasas C-58/8, Sector-62, Uttar Pradesh, A-101	India	S2-240191300	Silver Exports Private Limited	499, TEMBWADI, GHADIGAON, SONAVADE TARF KALSULI, KUDAL, Maharashtra	3	0.6425	SHARED_STEM_OR_PREFIX
S1-29696416	Silver Exports Private Limited	Noida, Gautam Buddha Nagar, Jasas C-58/8, Sector-62, Uttar Pradesh, A-101	India	S2-929283344	Silver Exports-Private Limited	Maharashtra, 133 MITTAL COURT'B' WING NARIMAN POINT, MUMBAI	4	0.6425	SHARED_STEM_OR_PREFIX
S1-29696416	Silver Exports Private Limited	Noida, Gautam Buddha Nagar, Jasas C-58/8, Sector-62, Uttar Pradesh, A-101	India	S3-903524830	Silver Exports Private Limited	Ganapathy Pudur 3Rd Street, (Opp. To Textool), H.no 249 A, Ganapathy, Coimbatore, TN	10	0.6425	SHARED_STEM_OR_PREFIX
S1-684012770	PCO Golden Oncology, Inc.	4204 Applegate Lane, Suitland, MD	US	S3-965455681	PCO Golden Oncology, Partners Corporation	4207. Applegate Lane, Suitland, Maryland	4	1.0832	SHARED_STREET_OR_ADDRESS
S1-71172417	Tirupati Estate Private Limited	Flat No: 302, Foor No 3, Krishna Kunj, Gokuldham, Film City Road, Goregon, Mumbai, Mumbai City, Maharashtra	India	S2-605893969	Tirupati Estate Private  Limited	H.NO 60/1 ITI BACK SIDE, POLUR ROAD, POLUR, Tamil Nadu	1	0.5569	SHARED_STREET_OR_ADDRESS
S1-71172417	Tirupati Estate Private Limited	Flat No: 302, Foor No 3, Krishna Kunj, Gokuldham, Film City Road, Goregon, Mumbai, Mumbai City, Maharashtra	India	S2-170377863	Tirupati Estate-Private Limited	PLOT 461 D-32 SAROJINI NAGAR, DELHI, दिल्ली	2	0.5569	SHARED_STEM_OR_PREFIX
S1-71172417	Tirupati Estate Private Limited	Flat No: 302, Foor No 3, Krishna Kunj, Gokuldham, Film City Road, Goregon, Mumbai, Mumbai City, Maharashtra	India	S2-321781301	Tirupati Estate  Private Limited	NO 779 KARIGANUR, HOSPET, null, ಕರ್ನಾಟಕ	3	0.5569	SHARED_NAME_AND_LOCATION_TOKENS
S1-71172417	Tirupati Estate Private Limited	Flat No: 302, Foor No 3, Krishna Kunj, Gokuldham, Film City Road, Goregon, Mumbai, Mumbai City, Maharashtra	India	S3-713466714	Tirupati Estate Private  Limited	Door No ##67, Lane No. 4, Lawate Nagar, Untwadi Road, Nashik, महाराष्ट्र	4	0.5569	SHARED_STREET_OR_ADDRESS
S1-71172417	Tirupati Estate Private Limited	Flat No: 302, Foor No 3, Krishna Kunj, Gokuldham, Film City Road, Goregon, Mumbai, Mumbai City, Maharashtra	India	S3-657439682	Tirupati Estate Private  Limited	Flat 2D, Delhi, East Delhi, DL	6	0.5569	SHARED_NAME_AND_LOCATION_TOKENS
S1-71172417	Tirupati Estate Private Limited	Flat No: 302, Foor No 3, Krishna Kunj, Gokuldham, Film City Road, Goregon, Mumbai, Mumbai City, Maharashtra	India	S2-862142294	Tirupati International Estate-Private Limited	5-42-1, PARVATHI NILAYA, MUDARANGADI, PILAR POST, KAUP TALUK, UDUPI, Karnataka	9	0.1626	SHARED_STEM_OR_PREFIX
S1-71172417	Tirupati Estate Private Limited	Flat No: 302, Foor No 3, Krishna Kunj, Gokuldham, Film City Road, Goregon, Mumbai, Mumbai City, Maharashtra	India	S2-810420431	Tirupati Limited Private Estate	NO 198 OLD.NO.57 NANDIDURG ROADBANGALORE, BANGALORE, Karnataka	10	0.1626	SHARED_NAME_AND_LOCATION_TOKENS
S1-8813651	High Industries Private Limited	42/333 Sant Tukaram Nagar, Pimpri, Pune, Maharashtra	India	S2-122695620	High  Industries Private Limited	G 30, FANTASIA MULTIPLEX & INTERTAINMENT COMPLEX, PLOT NO 47, SECTOR 30A, VASHI, NAVI MUMBAI, Maharashtra	4	0.6561	SHARED_NAME_AND_LOCATION_TOKENS
S1-8813651	High Industries Private Limited	42/333 Sant Tukaram Nagar, Pimpri, Pune, Maharashtra	India	S3-938069261	high industries private limited	00967, Saripalli, Pendurthi, Visakhapatnam, Vishakhapatnam, ఆంధ్రప్రదేశ్	7	0.6561	SHARED_STEM_OR_PREFIX
S1-8813651	High Industries Private Limited	42/333 Sant Tukaram Nagar, Pimpri, Pune, Maharashtra	India	S3-448020122	High  Industries Private Limited	G-1762/23, Gurgaon, NULL, HR	8	0.6561	SHARED_STEM_OR_PREFIX
S1-8813651	High Industries Private Limited	42/333 Sant Tukaram Nagar, Pimpri, Pune, Maharashtra	India	S3-127656687	High Industries Private Limited	709, Rajkamal Tower Loha Mandi Road, Near Chawni Anaj Mandi, Indore, MP	9	0.6561	SHARED_STEM_OR_PREFIX
S1-8813651	High Industries Private Limited	42/333 Sant Tukaram Nagar, Pimpri, Pune, Maharashtra	India	S3-459172732	High Industries Private Limited	4-7 Khullar Farmnew Mangla Puri Mandi Road Mehruli, South Delhi, Newdelhi, DL	10	0.6561	SHARED_STEM_OR_PREFIX
S1-183363639	Metro Green Biosciences, Inc	1617 Woodbridge Court, Leesburg Town, VA	US	S2-128047188	Metro Green Biosibemnces, LLC	1622 WODBRIDGE COURT, LEESBURG TOWN, VA	4	0.4049	SHARED_NAME_AND_LOCATION_TOKENS
S1-183363639	Metro Green Biosciences, Inc	1617 Woodbridge Court, Leesburg Town, VA	US	S2-127065048	Metro Green Robotics	4 ROMBOUT RIDEG, PUOGHKEEPSIE, NY	5	0.4049	SHARED_STEM_OR_PREFIX
S1-183363639	Metro Green Biosciences, Inc	1617 Woodbridge Court, Leesburg Town, VA	US	S2-733211984	Metro  Green Robotics Inc	4 ROMBOUT RDG, PUOGHKEEPSIE, NY	8	0.4049	SHARED_STEM_OR_PREFIX
S1-999555430	Diamond Marine Products LLC	3768 Oleander Avenue, Corvallis, OR	US	S2-651889021	DIAMOND MARINE LABS INC.	300. OAK STREET, WACONIA, MN	2	0.1833	SHARED_STEM_OR_PREFIX
S1-999555430	Diamond Marine Products LLC	3768 Oleander Avenue, Corvallis, OR	US	S2-843244334	Diamond Marine	2216 JACOB DRIVE, SANTA CLARA CITY, UT	4	0.1833	SHARED_STEM_OR_PREFIX
S1-999555430	Diamond Marine Products LLC	3768 Oleander Avenue, Corvallis, OR	US	S2-717955861	DIAMOND MARINE LABORATORIES LLC	2130 LAKELAND AVE, LAKEWOOD, OH	5	0.1833	SHARED_STEM_OR_PREFIX
S1-999555430	Diamond Marine Products LLC	3768 Oleander Avenue, Corvallis, OR	US	S2-164645767	Diamond Marine Corp (Partners)	6054 PRESTONSHIRE LANE, DALLAS, TX	6	0.1833	SHARED_STEM_OR_PREFIX
S1-999555430	Diamond Marine Products LLC	3768 Oleander Avenue, Corvallis, OR	US	S2-416890985	Diamond Marine	OK, ENID, 4915 WHEATRIDGE ROAD	7	0.1833	SHARED_STEM_OR_PREFIX
S1-999555430	Diamond Marine Products LLC	3768 Oleander Avenue, Corvallis, OR	US	S2-175666551	DIAMOND MARINE LLC	JACOB DR, SANTA CLARA CITY, UT	8	0.1833	SHARED_STEM_OR_PREFIX
S1-999555430	Diamond Marine Products LLC	3768 Oleander Avenue, Corvallis, OR	US	S2-850066579	Diamond Marine Laboratories LLC	2130 LAKELAND AVENUE, LAKEWOOD, OH	10	0.1833	SHARED_STREET_OR_ADDRESS
S1-633779655	Aspen Zhejiang LLC	24304 33rd Avenue, WA, Spanaway	US	S2-551681757	ASPEN ZHEJIANG CO	24325 33ND AVE, SPANAWAY, WA	1	1.6064	SHARED_NAME_AND_LOCATION_TOKENS
S1-633779655	Aspen Zhejiang LLC	24304 33rd Avenue, WA, Spanaway	US	S3-207433420	Alvarado Fróntier Precious LLC	24304 33rd Ave, Spanaway, Washington	5	0.2901	SAME_GEOGRAPHY_AND_GENERIC_KEY
S1-633779655	Aspen Zhejiang LLC	24304 33rd Avenue, WA, Spanaway	US	S3-379999648	Kreutzer Willow	24304 33rd Avenue, Spanaway, Washington	6	0.2901	SHARED_STREET_OR_ADDRESS
S1-633779655	Aspen Zhejiang LLC	24304 33rd Avenue, WA, Spanaway	US	S3-39878582	Eaton  Willow	24304 33rd Avenue, Spanaway, Washington	7	0.2901	SHARED_STREET_OR_ADDRESS
S1-558031216	50/53 Mobility	MO, Saint Louis, 588 Garden Avenue	US	S2-165399791	50/53  Mobility	4614-D MCLAREN DRIVE, OSWEGO, IL	1	1.2930	SHARED_STEM_OR_PREFIX
S1-690538628	Hydro Krupa	4-139, Maruthi Nagar, Guduru Mandal, Guduru, Krishna, Andhra Pradesh	India	S2-968457226	Hydro Krupa Infratech Limited	H.NO 57 4-160, MARUTHI NAGAR, GUDURU MANDAL, GUDURU, Andhra Pradesh	2	1.4621	SHARED_STREET_OR_ADDRESS
S1-690538628	Hydro Krupa	4-139, Maruthi Nagar, Guduru Mandal, Guduru, Krishna, Andhra Pradesh	India	S2-766380415	Services Bansiwala Port Private	P. NO 4 NEW MARUTHI NAGAR, R.K PURAM, SAROORNAGAR, తెలంగాణ	6	0.1560	SHARED_STREET_OR_ADDRESS
S1-690538628	Hydro Krupa	4-139, Maruthi Nagar, Guduru Mandal, Guduru, Krishna, Andhra Pradesh	India	S2-754331999	Sri Wildcard Technology-Private	4-6-355, ROAD NO 1, STREET NO 11 MARUTHI NAGAR, CHAMPAPET, HYDERABAD, తెలంగాణ	8	0.1560	SHARED_STREET_OR_ADDRESS
S1-690538628	Hydro Krupa	4-139, Maruthi Nagar, Guduru Mandal, Guduru, Krishna, Andhra Pradesh	India	S2-305133751	Navbharat 5aoltciuons Private Limited	4 & 5, SY NO. 135/1, MARUTHI INDUSTRIAL ESTATE RAJPALYA, HOODY, WHITEFIELD MAIN ROAD, BENGALURU, ಕರ್ನಾಟಕ	9	0.1560	SAME_GEOGRAPHY_AND_GENERIC_KEY
S1-86804153	Regional Cornerstone Citizens LLC	1300 Winding Creek Road, NC, Granite Quarry	US	S2-81494350	Regional Cornerstone Chiropractic Group	10079 Prince Dr, SANIT LOUIS CITY, MO	5	0.1851	SHARED_STEM_OR_PREFIX
S1-86804153	Regional Cornerstone Citizens LLC	1300 Winding Creek Road, NC, Granite Quarry	US	S2-101126500	Regional Cornerstone-Chiropractic	10066 Prince Dr, CASTLE POINT, MO	6	0.1851	SHARED_STEM_OR_PREFIX
S1-86804153	Regional Cornerstone Citizens LLC	1300 Winding Creek Road, NC, Granite Quarry	US	S2-164942429	Regional Cornerstone Center LLC	3207 DIANA CIR, BURLINGTON, NC	9	0.1851	SHARED_NAME_AND_LOCATION_TOKENS
S1-246225268	Wooten Continental Enterprises Inc	AZ, Prescott, 469 Miracle Rider Road	US	S3-591531896	Wooten Consulting Care	529 Poppy Pl, Chesapeake City, Virginia	3	0.5109	SHARED_STEM_OR_PREFIX
S1-246225268	Wooten Continental Enterprises Inc	AZ, Prescott, 469 Miracle Rider Road	US	S2-763579363	Inc Wooten Continental Eoberprises Valley	476 MIRACLE RIDER ROAD, PRESCOTT, AZ	4	0.4522	SHARED_STREET_OR_ADDRESS
S1-246225268	Wooten Continental Enterprises Inc	AZ, Prescott, 469 Miracle Rider Road	US	S2-410469400	WOOTEN, MERCADO AND  GRIFFITH PERIMETER INC	3975 SIMPSON AVENUE, CINCINNATI, OH	8	0.1017	SHARED_STEM_OR_PREFIX
S1-246225268	Wooten Continental Enterprises Inc	AZ, Prescott, 469 Miracle Rider Road	US	S2-79785678	Wooten, Pattie, L.C.S.W., M.D., P.C. Incorporated	2591 JEFFERSON PLAIE, STOOW, OH	9	0.1017	SHARED_STEM_OR_PREFIX
S1-979509841	Golden Medical Alliance	307 Riggs Road, Unit 419, Washington, DC	US	S2-145854575	GOLDEN MEDICAL CONCEPTS INC	1111 12TH ST, BARABBOO CITY, WI	3	0.3335	SHARED_STEM_OR_PREFIX
S1-979509841	Golden Medical Alliance	307 Riggs Road, Unit 419, Washington, DC	US	S2-147920495	Golden Medical	9010 EMERALD HILL DRIVE, LEWIS CENTER, OH	4	0.3335	SHARED_STEM_OR_PREFIX
S1-979509841	Golden Medical Alliance	307 Riggs Road, Unit 419, Washington, DC	US	S2-15234704	Golden Medical Systems West Inc	8509 TRESTLES RD, FRSICO, TX	5	0.3335	SHARED_STEM_OR_PREFIX
S1-979509841	Golden Medical Alliance	307 Riggs Road, Unit 419, Washington, DC	US	S2-16002498	Golden Medical Enterprises Corp	532 CO RD 41, ISLAND CREEK TWP, OH	6	0.3335	SHARED_STEM_OR_PREFIX
S1-979509841	Golden Medical Alliance	307 Riggs Road, Unit 419, Washington, DC	US	S2-448008519	Golden Medical-Concepts	919-B SCEPTER DR, MURFFREESBORO, TN	9	0.3335	SHARED_STEM_OR_PREFIX
S1-979509841	Golden Medical Alliance	307 Riggs Road, Unit 419, Washington, DC	US	S2-806492831	Golden Medical  Concepts	1111 TWELFTH STREET, BARABBOO CITY, WI	10	0.3335	SHARED_STEM_OR_PREFIX
S1-942087593	Wells Management P.C.	1343 Highway 88, Pencil Bluff, AR	US	S2-575013209	Wells Management Co	7544 COORS BLVD, ALBUQUERQUE, NM	3	0.5780	SHARED_STEM_OR_PREFIX
S1-942087593	Wells Management P.C.	1343 Highway 88, Pencil Bluff, AR	US	S2-31566671	Wells Management  Partners	617 Grand Avenue, SCHOOFIELD, WI	4	0.5780	SHARED_STEM_OR_PREFIX
S1-942087593	Wells Management P.C.	1343 Highway 88, Pencil Bluff, AR	US	S2-453212366	Wells Management	PROVIDENCE TWP, 7722 YAWBERG ROAD, OH	5	0.5780	SHARED_STEM_OR_PREFIX
S1-942087593	Wells Management P.C.	1343 Highway 88, Pencil Bluff, AR	US	S3-879955689	Wells Management  Incorporated	#7722 Yawberg Road, Providence Twp, Ohio	7	0.5780	SHARED_STEM_OR_PREFIX
S1-942087593	Wells Management P.C.	1343 Highway 88, Pencil Bluff, AR	US	S3-26428280	Wells  Management #79265	#7722 Yawberg Rd, Whitehouse, Ohio	10	0.5780	SHARED_STEM_OR_PREFIX
S1-566485202	New Life Synagogue	2035 Litchfield Dr, Hiawatha, IA	US	S2-982677949	NEW LIFE  SYNAGOGUE	9495 54, AMHERST, WI	3	0.3363	SHARED_STEM_OR_PREFIX
S1-566485202	New Life Synagogue	2035 Litchfield Dr, Hiawatha, IA	US	S2-79552158	NEW-LIFE SYNAGOGUE	13731 GLENDORCH LANE, AL, ATHENS	5	0.3363	SHARED_STEM_OR_PREFIX
S1-566485202	New Life Synagogue	2035 Litchfield Dr, Hiawatha, IA	US	S2-986892455	New Life  Synagogue	CARMEL, IN, 1200 RANGELINE ROAD	7	0.3363	SHARED_STEM_OR_PREFIX
S1-566485202	New Life Synagogue	2035 Litchfield Dr, Hiawatha, IA	US	S2-921289838	NEW LIFE SYNAGOGUE	03489 COLERIDGE ROAD, SILER CCITY, NC	8	0.3363	SHARED_STEM_OR_PREFIX
S1-566485202	New Life Synagogue	2035 Litchfield Dr, Hiawatha, IA	US	S2-935062496	New  Life Synagogue	9503 MCRAE WAY, PEORIA, AZ	10	0.3363	SHARED_STEM_OR_PREFIX
S1-360188878	Good Constructions	C/O Jaharoom Bee Qureshi Near Jobat Tent House, Rajiv Colony, Deodara, Mandla, Madhya Pradesh	India	S2-227618839	Good Constructions	SR.NS. 172, FL B-1205, N. D. TOWER, PL 2 DNYANESHWAR NAGAR, AKURDI, PUNE, Maharashtra	1	0.4917	SHARED_STEM_OR_PREFIX
S1-360188878	Good Constructions	C/O Jaharoom Bee Qureshi Near Jobat Tent House, Rajiv Colony, Deodara, Mandla, Madhya Pradesh	India	S2-173457584	Good  Constructions	GOKUL KUNJ, BLOCK NO.1, GROND FLOOR, KHAR DANDA ROAD, KHAR (WEST), MUMBAI, महाराष्ट्र	2	0.4917	SHARED_STEM_OR_PREFIX
S1-360188878	Good Constructions	C/O Jaharoom Bee Qureshi Near Jobat Tent House, Rajiv Colony, Deodara, Mandla, Madhya Pradesh	India	S2-428407805	Good Constructions	F-35A, S/F, ABUL FAZAL, ENCLAVE PART 1 JAMIA NAGAR, OKHLA, CHAR MINAR MASJID, DELHI, Delhi	3	0.4917	SHARED_STEM_OR_PREFIX
S1-360188878	Good Constructions	C/O Jaharoom Bee Qureshi Near Jobat Tent House, Rajiv Colony, Deodara, Mandla, Madhya Pradesh	India	S2-396986718	Good Constructions	HOUSE NO-6-11, SECTOR 31 AMARNAGAR, FARIDABAD, हरियाणा	4	0.4917	SHARED_NAME_AND_LOCATION_TOKENS
S1-360188878	Good Constructions	C/O Jaharoom Bee Qureshi Near Jobat Tent House, Rajiv Colony, Deodara, Mandla, Madhya Pradesh	India	S3-937062820	Good Constructions	811 8Th Floor Vijaya Building 17 Barakhamba Road, New Delhi, Delhi, Central Delhi	6	0.4917	SHARED_STEM_OR_PREFIX
S1-360188878	Good Constructions	C/O Jaharoom Bee Qureshi Near Jobat Tent House, Rajiv Colony, Deodara, Mandla, Madhya Pradesh	India	S3-462040782	Good Constructions	T-2 Old Indushrial Area, Bahadurgarh, Jhajjar, HR	9	0.4917	SHARED_STEM_OR_PREFIX
S1-360188878	Good Constructions	C/O Jaharoom Bee Qureshi Near Jobat Tent House, Rajiv Colony, Deodara, Mandla, Madhya Pradesh	India	S3-800837379	Good Constructions	Pl. No. 220, 2Nd Flr., Vinayak Nagar, Gate No. 5, Opp. Shiv Channel, 120 Ft. Bamroli Road, Udhna, Surat, GJ	10	0.4917	SHARED_STEM_OR_PREFIX
S1-607646145	Gleda Engle Heritage Fuels Inc	847 Horseman Drive, Rock Hill, SC	US	S2-811085205	Engle Engle Rising PC	BALA CYNWYD CITY, PA, 230- BALA AVE	6	0.1238	SHARED_STEM_OR_PREFIX
S1-607646145	Gleda Engle Heritage Fuels Inc	847 Horseman Drive, Rock Hill, SC	US	S2-723262132	Gleda Radford	8000 PINE NEEDLE DR, GLOUCESTER COUNTY, VA	8	0.0758	SHARED_STEM_OR_PREFIX
S1-607646145	Gleda Engle Heritage Fuels Inc	847 Horseman Drive, Rock Hill, SC	US	S2-31519486	Vandermark, Gleda, O.D., Inc	24262 550ND STREET, POCAHONTAS, IA	9	0.0758	SHARED_STEM_OR_PREFIX
S1-422926253	Sky Enterprises Pvt Ltd	A- 42, Ground Front Side, Dayal Bagh Faridabad, Faridabad, Haryana	India	S2-173829032	SKY ENTERPRISES  PVT-LTD	NO 83 C/O J BASUDEV RAO, CANAL STREET, BRAHMAPUR SADAR, Orissa	1	0.7687	SHARED_STEM_OR_PREFIX
S1-422926253	Sky Enterprises Pvt Ltd	A- 42, Ground Front Side, Dayal Bagh Faridabad, Faridabad, Haryana	India	S3-739297721	Sky  Enterprises Pvt Ltd	Dadri, Gautam Buddha Nagar, H.no 1002, UP, Tower-2, S, Sector - 168	3	0.7687	SHARED_STEM_OR_PREFIX
S1-422926253	Sky Enterprises Pvt Ltd	A- 42, Ground Front Side, Dayal Bagh Faridabad, Faridabad, Haryana	India	S2-597562350	Sky Enterprises Pvt Pvt	Uttar Pradesh, FLAT NO. 1002, TOWER-2, S, SECTOR - 168, DADRI	5	0.2852	SHARED_STEM_OR_PREFIX
S1-422926253	Sky Enterprises Pvt Ltd	A- 42, Ground Front Side, Dayal Bagh Faridabad, Faridabad, Haryana	India	S2-154859821	Sky Enterprises Private Ltd	H.NO B3/157 39, II ND BHUBLESHWAR, महाराष्ट्र	7	0.2852	SHARED_STEM_OR_PREFIX
S1-422926253	Sky Enterprises Pvt Ltd	A- 42, Ground Front Side, Dayal Bagh Faridabad, Faridabad, Haryana	India	S2-716952674	Sky Enterprises Infratech	H-23, GREEN PARK EXT., Delhi	10	0.2852	SHARED_STEM_OR_PREFIX
S1-92729851	Capital Council Inc	221 Main Street, Florence, KY	US	S2-595711056	Capital Council  Inc	YELLOWBIRD WOMAN RD, BROWNING, MT	1	0.4987	SHARED_STEM_OR_PREFIX
S1-92729851	Capital Council Inc	221 Main Street, Florence, KY	US	S3-334036329	Capital-Council Inc	119-11 Liberty Avenue, South Richmond Hill, New York	3	0.4987	SHARED_STEM_OR_PREFIX
S1-92729851	Capital Council Inc	221 Main Street, Florence, KY	US	S3-632406149	Capital Council Inc	94 Saginaw Court, Carol Stream, Illinois	9	0.4987	SHARED_STEM_OR_PREFIX
S1-92729851	Capital Council Inc	221 Main Street, Florence, KY	US	S3-116059871	Capital Council Inc.	4570 Mellowlight Dr, Fl 0, Mehlville, Missouri	10	0.4987	SHARED_STEM_OR_PREFIX
S1-674558177	Synergic Lifestyle Private Limited	5Th Floor, Kailash-B, 5, Sumangalam Society Opp. Drive In Cinema, Drive In Road, Ahmedabad, Gujarat	India	S2-227377456	*** Synergic (India) Handicrafts (Limited)	AA-1 304 SWASTIK VILA, SURAT, Gujarat	6	0.2464	SHARED_NAME_AND_LOCATION_TOKENS
S1-674558177	Synergic Lifestyle Private Limited	5Th Floor, Kailash-B, 5, Sumangalam Society Opp. Drive In Cinema, Drive In Road, Ahmedabad, Gujarat	India	S2-151194316	Synergic Limited Private Services	UNIT NO. 405 & 414, 4TH FLOOR, GALLERIA TOWER, DLF PH-4 SECTOR 28, SADAR BAZAR, Haryana	8	0.2464	SHARED_STREET_OR_ADDRESS
S1-126393436	Al Trading Private Limited	Maharashtra, Mumbai, T G Shah Buildingsecond Floor Pydhonie Chowk, Mumbai	India	S2-450792836	AL TRADING PRIVATE  LIMITED	A-21 GRD FLOOR VILLA-A, ZETA-1 PARAMOUNT GOLF, DADRI, Uttar Pradesh	1	0.6928	SHARED_STREET_OR_ADDRESS
S1-126393436	Al Trading Private Limited	Maharashtra, Mumbai, T G Shah Buildingsecond Floor Pydhonie Chowk, Mumbai	India	S2-557309656	Al Trading Private Limited	H.NO 4ND FLOOR, HALL NO. - 4, NBCC TOWER 15 BHIKAJI CAMA PLACE, NEW DELHI, Delhi	2	0.6928	SHARED_STREET_OR_ADDRESS
S1-126393436	Al Trading Private Limited	Maharashtra, Mumbai, T G Shah Buildingsecond Floor Pydhonie Chowk, Mumbai	India	S2-772395542	AL TRADING PRIVATE LIMITED	OFFICE NO 310, KESAVAM SQUARE, OPP RAO WORLD, GANDHINAGAR, Gujarat	3	0.6928	SHARED_STEM_OR_PREFIX
S1-126393436	Al Trading Private Limited	Maharashtra, Mumbai, T G Shah Buildingsecond Floor Pydhonie Chowk, Mumbai	India	S2-967016669	Al  Trading Private Limited	D-55, BASEMENT D BLOCK, EAST OF KAILASH, OPP. COMMUNITY CENTRE, NEW DELHI, Delhi	5	0.6928	SHARED_STEM_OR_PREFIX
S1-126393436	Al Trading Private Limited	Maharashtra, Mumbai, T G Shah Buildingsecond Floor Pydhonie Chowk, Mumbai	India	S2-304368422	AL TRADING PRIVATE LIMITED	NO. C-10/7/F1 PERUMAL KOIL STREET, KOTTUR, CHENNAI CITY CORPORATION, Tamil Nadu	6	0.6928	SHARED_STEM_OR_PREFIX
S1-126393436	Al Trading Private Limited	Maharashtra, Mumbai, T G Shah Buildingsecond Floor Pydhonie Chowk, Mumbai	India	S2-8917901	Al-Trading Private  Limited	NO 19, THANE, Maharashtra	7	0.6928	SHARED_NAME_AND_LOCATION_TOKENS
S1-806365059	Jaganath Dev Pvt Ltd	14/3A Gariahat Road, Kolkata, Calcutta, West Bengal	India	S3-637200520	Jaganath Dev Exports Pvt Ltd	#14/10A Gariahat Road, Calcutta, WB	2	1.1607	SHARED_STREET_OR_ADDRESS
S1-806365059	Jaganath Dev Pvt Ltd	14/3A Gariahat Road, Kolkata, Calcutta, West Bengal	India	S2-639057553	Jaganath Moarkethng Ltd	PRAGATI BUNGLOW, 16/2, MADHUBAN COLONY LANE NO.4, SHITOLE NAGAR, SANGVI, Maharashtra	6	0.4585	SHARED_STEM_OR_PREFIX
S1-806365059	Jaganath Dev Pvt Ltd	14/3A Gariahat Road, Kolkata, Calcutta, West Bengal	India	S2-209192594	JAGANATH NIDHI CORP	105, BLUE BLEL ANSH, NR, UTOPIAN CORNER, GOTRI, VADODARA, Gujarat	9	0.4585	SHARED_STEM_OR_PREFIX
S1-790887991	Agni College	37/3, Kala Complex Fourth Avenue, Ashok Nagar, Chennai, Tamil Nadu	India	S3-243005594	Agni College Infratech [Co]	37/24, Kala Complex Fourth Avenue, Ashok Nagar, Chennai, null, தமிழ்நாடு	2	1.4000	SHARED_STREET_OR_ADDRESS
S1-790887991	Agni College	37/3, Kala Complex Fourth Avenue, Ashok Nagar, Chennai, Tamil Nadu	India	S2-343536807	Agni Consulting Limited Center	A/A-501A, PLOT NO.2A, 'A' WING, KAILASH IND. ESTATE, PARK SITE, VIKHROLI (WEST), MUMBAI, महाराष्ट्र	10	0.2632	SHARED_STEM_OR_PREFIX
S1-46049969	Dynamic National Westin LLC	Charles City, 2163 Old Highway Road, IA	US	S2-240752020	DYNAMIC NATIONAL COSTAMARE	2900 BROWN AVENUE, TERRE HAUTE, IN	1	0.3456	SHARED_STEM_OR_PREFIX
S1-46049969	Dynamic National Westin LLC	Charles City, 2163 Old Highway Road, IA	US	S2-60276922	Dynamic  National Costamare	841 BLUE SGGE AVE, LOS LUNAS, NM	2	0.3456	SHARED_STEM_OR_PREFIX
S1-46049969	Dynamic National Westin LLC	Charles City, 2163 Old Highway Road, IA	US	S2-147313163	Dynamic National Grill		4	0.3456	SHARED_STEM_OR_PREFIX
S1-46049969	Dynamic National Westin LLC	Charles City, 2163 Old Highway Road, IA	US	S2-390985778	-- Dynamic National Costamare  Inc.	1609 SKYLINE DRIVE, NORFOLK, VA	5	0.3456	SHARED_STEM_OR_PREFIX
S1-46049969	Dynamic National Westin LLC	Charles City, 2163 Old Highway Road, IA	US	S2-970280581	Dynamic National	VA, NORFOLK CITY, SKYLINE DR	8	0.3456	SHARED_NAME_AND_LOCATION_TOKENS
S1-46049969	Dynamic National Westin LLC	Charles City, 2163 Old Highway Road, IA	US	S2-587620588	Dynamic National Costamare Group	2901 BROWN AVENUE, TERRE HAUTE, IN	9	0.3456	SHARED_STEM_OR_PREFIX
S1-46049969	Dynamic National Westin LLC	Charles City, 2163 Old Highway Road, IA	US	S2-448514980	Dynamic  National Costamare	NM, 841 BLUE SAGE AVENUE, LOS LUNAS	10	0.3456	SHARED_STEM_OR_PREFIX
S1-106691524	Saiprasad Online Private Limited	215/275/4 B S Palya, Bangalore, Karnataka	India	S2-94717589	SAIPRASAD ONLINE ASSOCIATES  CORPORATION		3	1.0649	SHARED_STEM_OR_PREFIX
S1-106691524	Saiprasad Online Private Limited	215/275/4 B S Palya, Bangalore, Karnataka	India	S2-840352247	Saiprasad Cube Corporation	C/O KRISHAN CHOUDHARY, VILL AGHAPUR, NOIDA, Uttar Pradesh	4	0.6127	SHARED_STEM_OR_PREFIX
S1-106691524	Saiprasad Online Private Limited	215/275/4 B S Palya, Bangalore, Karnataka	India	S2-807503002	Saiprasad Cube Enterprises	DOOR NO 82 C/O KRISHAN CHOUDHARY, VILL AGHAPUR, NOIDA, Uttar Pradesh	5	0.6127	SHARED_STEM_OR_PREFIX
S1-106691524	Saiprasad Online Private Limited	215/275/4 B S Palya, Bangalore, Karnataka	India	S2-836561293	Saiprasad Cube Limited	NO 798 C-515, SRINILAYA ASIAN MANOT ROAD NO 2 BANJARAHILLS, HYDERABAD, Andhra Pradesh	6	0.6127	SHARED_STEM_OR_PREFIX
S1-106691524	Saiprasad Online Private Limited	215/275/4 B S Palya, Bangalore, Karnataka	India	S2-374693166	Saiprasad Cube [Ltd]	C-502, SRINILAYA ASIAN MANOT ROAD NO 2 BANJARAHILLS, HYDERABAD, Andhra Pradesh	7	0.6127	SHARED_STEM_OR_PREFIX
S1-106691524	Saiprasad Online Private Limited	215/275/4 B S Palya, Bangalore, Karnataka	India	S3-611081350	Saiprasad Center	C/o Krishan Choudhary, Noida, Gautam Buddha Nagar, UP	9	0.6127	SHARED_STEM_OR_PREFIX
S1-106691524	Saiprasad Online Private Limited	215/275/4 B S Palya, Bangalore, Karnataka	India	S3-272951912	Mr Saiprasad Online Ventures Private Ltd	No 215/275/13 B S Palya, Bangalore, ಕರ್ನಾಟಕ	10	0.5030	SHARED_NAME_AND_LOCATION_TOKENS
S1-183540234	Hussain (thrissur) Private Limited	Yasmin 0131 Umar Sardar, Road Near Azad Hind Club, Barrackpur - I, North 24 Parganas, West Bengal	India	S2-670758001	Hussain Trust		6	0.5080	SHARED_STEM_OR_PREFIX
S1-183540234	Hussain (thrissur) Private Limited	Yasmin 0131 Umar Sardar, Road Near Azad Hind Club, Barrackpur - I, North 24 Parganas, West Bengal	India	S2-219862909	HUSSAIN TRADERS GROUP PRVAAET (LIMITED)	SHOP NO.#14 &13, GEMSTAR COMMERCIAL COMPLEX, NEXT TO IDBI BANK, RAMCHANDRA LANE EXTN KACHPADA, MALAD (W), MUMBAI, Maharashtra	7	0.5080	SHARED_STEM_OR_PREFIX
S1-545370440	Oliver Springs Urology Precision Care PC	628 Sleepy Hollow Road, Oliver Springs, TN	US	S2-507286753	OLIVER SPRINGS UROLOGY PRECISION CARE LTD.	641-643 SLEEPY HOLLOW ROAD, OLIVER SPRINGS, TN	5	0.6600	SHARED_STREET_OR_ADDRESS
S1-410040347	Temple Synagogue	10202 W Maple Road, Omaha, NE	US	S2-409910382	Temple Synagogue	APPLE ST, FAYETTEVILLE, OH	2	0.4598	SHARED_STEM_OR_PREFIX
S1-410040347	Temple Synagogue	10202 W Maple Road, Omaha, NE	US	S2-704689530	Temple Synagogue	2 Saint Pauls Place, TROY, NY	3	0.4598	SHARED_STEM_OR_PREFIX
S1-410040347	Temple Synagogue	10202 W Maple Road, Omaha, NE	US	S2-820607111	TEMPLE SYNAGOGUE	801 PAULA LN, TX, KENNEDALE	4	0.4598	SHARED_STEM_OR_PREFIX
S1-410040347	Temple Synagogue	10202 W Maple Road, Omaha, NE	US	S2-365645392	temple synagogue	73 1/2 SHASAM CT, SALER CITY, TX	5	0.4598	SHARED_STEM_OR_PREFIX
S1-410040347	Temple Synagogue	10202 W Maple Road, Omaha, NE	US	S2-941949411	Temple  Synagogue	26 GRAFTON ROAD, UPTON, MA	7	0.4598	SHARED_STREET_OR_ADDRESS
S1-410040347	Temple Synagogue	10202 W Maple Road, Omaha, NE	US	S2-55463095	Temple Synagogue		9	0.4598	SHARED_STEM_OR_PREFIX
S1-174390454	Awesome Trading Private Limited	F.No.404 And 405, 4 Th Floor Maithri Vihar Complex, Ameerpet, Hyderabad, Telangana	India	S2-602085241	Awesome Trading		4	0.7321	SHARED_STEM_OR_PREFIX
S1-174390454	Awesome Trading Private Limited	F.No.404 And 405, 4 Th Floor Maithri Vihar Complex, Ameerpet, Hyderabad, Telangana	India	S2-514347017	Awesome Trading Group Pvt Ltd	NO 74 SHANKHAMANI, 12 FL, FL212B, 338 MOTILAL GUPTA ROAD, KOLKATA, KOLKATA, West Bengal	5	0.7321	SHARED_NAME_AND_LOCATION_TOKENS
S1-174390454	Awesome Trading Private Limited	F.No.404 And 405, 4 Th Floor Maithri Vihar Complex, Ameerpet, Hyderabad, Telangana	India	S2-102269817	Awesome Tságng Pvt Ltd	SHANKHAMANI, 12 FL, FL212B, 338 MOTILAL GUPTA ROAD, KOLKATA, KOLKATA, West Bengal	10	0.4161	SHARED_STEM_OR_PREFIX
S1-695737678	Paschal and Liu Associates	Albemarle, 1006 Charlotte Road, NC	US	S2-816997768	Paschal and Liu Co	1244 SPRINGSHIRE LN, SALT LAKE CIY, UT	2	0.6973	SHARED_STEM_OR_PREFIX
S1-695737678	Paschal and Liu Associates	Albemarle, 1006 Charlotte Road, NC	US	S2-846396418	paschal and liu east company	#1247 SPRINGSHIRE LANE, MURRAY, UT	3	0.6973	SHARED_STEM_OR_PREFIX
S1-695737678	Paschal and Liu Associates	Albemarle, 1006 Charlotte Road, NC	US	S2-162491017	Paschal and Pfilae Uptown	#699 NEBO WALKER RD, NEBO, WV	5	0.6973	SHARED_STEM_OR_PREFIX
S1-695737678	Paschal and Liu Associates	Albemarle, 1006 Charlotte Road, NC	US	S2-230296348	Paschal and Priebe	PMB 7168, 692 NEBO WALKER ROAD, NEBO, WV	6	0.6973	SHARED_STREET_OR_ADDRESS
S1-695737678	Paschal and Liu Associates	Albemarle, 1006 Charlotte Road, NC	US	S3-250672757	Paschal and (Dowling)	2285 Verona Mount Zion Rd, Dry Ridge, Kentucky	8	0.6973	SHARED_STEM_OR_PREFIX
S1-143410687	Sanders Superior Data LLC	1522 Aberdeen Road, Unit APT. 13, Hampton City, VA	US	S2-851996813	Sanders Superior Data LLC	87 SUMMER CLOUD DRIVE, SPRING, TX	2	0.9724	SHARED_STEM_OR_PREFIX
S1-143410687	Sanders Superior Data LLC	1522 Aberdeen Road, Unit APT. 13, Hampton City, VA	US	S2-191917191	Sanders Superior Management LLC	1524 ABERDEEN RD, HAMPTON CITY, VA	4	0.4341	SHARED_NAME_AND_LOCATION_TOKENS
S1-143410687	Sanders Superior Data LLC	1522 Aberdeen Road, Unit APT. 13, Hampton City, VA	US	S3-63398926	Sanders Superior Data East	88 Summer Cloud Dr, Spring, Texas	5	0.4341	SHARED_STEM_OR_PREFIX
S1-143410687	Sanders Superior Data LLC	1522 Aberdeen Road, Unit APT. 13, Hampton City, VA	US	S3-562477654	Sanders Superior Corp	732 Jennifer Jean Drive, Baton Rouge City, Louisiana	9	0.4341	SHARED_NAME_AND_LOCATION_TOKENS
S1-690898835	Yee Royal Factory LLC	124 Walcott Avenue, Staten Island, NY	US	S2-202455864	GOSHORN STRATEGIC AEON  INC	124 WALCOTT AVENUE, STATEN ISLAND, NY	9	0.1429	SHARED_STREET_OR_ADDRESS
S1-690898835	Yee Royal Factory LLC	124 Walcott Avenue, Staten Island, NY	US	S2-675389841	Connolly Beacon Services	124 WALCOTT AVE, STATEN ISLAND, NY	10	0.1429	SAME_GEOGRAPHY_AND_GENERIC_KEY
S1-196054265	Healy Endocrinology	30 Coolidge Road, Winchester, MA	US	S2-860458217	Healy Equity LLC Center	80 RED TOP RD, WIBAUUX, MT	5	0.3301	SHARED_STEM_OR_PREFIX
S1-196054265	Healy Endocrinology	30 Coolidge Road, Winchester, MA	US	S2-688293047	& Healy Eat0n, Berger	3195 93RD PLACE, CROWN POINT, IN	6	0.3301	SHARED_STEM_OR_PREFIX
S1-196054265	Healy Endocrinology	30 Coolidge Road, Winchester, MA	US	S2-216646170	Healy Healy N. Vivie D.C.	OXNARD, CA, 4514 LA BREA ST	7	0.1269	SHARED_STEM_OR_PREFIX
S1-196054265	Healy Endocrinology	30 Coolidge Road, Winchester, MA	US	S2-785442361	HEALY STERLING IMMUNOPHARMA	CT, SOUTHWOOD ACRES, 3 DEERFIELD CIRCLE	8	0.0634	SHARED_STEM_OR_PREFIX
S1-196054265	Healy Endocrinology	30 Coolidge Road, Winchester, MA	US	S2-967622235	Eaton, Healy 8erger and Summit	AR, IMBODEN, 2554  SQUIRREL RD	9	0.0634	SHARED_STEM_OR_PREFIX
S1-710909094	Halley Parker American Corporation	4502 Indian School Road, Unit 221, Phoenix, AZ	US	S3-123502938	Halley Parker American Corporation Co	450 Indian School Road, Unit 221, Phoenix, Arizona	3	1.0471	SHARED_STREET_OR_ADDRESS
S1-710909094	Halley Parker American Corporation	4502 Indian School Road, Unit 221, Phoenix, AZ	US	S2-993819525	Halley Halley Sánchez, M.D., M.D., P.C.	21825 SIOUX RD, APPLE VALLEY, CA	5	0.2548	SHARED_STEM_OR_PREFIX
S1-710909094	Halley Parker American Corporation	4502 Indian School Road, Unit 221, Phoenix, AZ	US	S2-169405750	Greensboro Care Chiropractic Associates	4502 INDIAN WELLS DR, GREENSBORO, NC	7	0.2168	SAME_GEOGRAPHY_AND_GENERIC_KEY
S1-171653159	First Hospitality LLP	Wz-351, Delhi, Shakurpur Village, Delhi	India	S2-99668468	First Hospitality LLP	F-4, KHAJOORI ROAD, BATLA HOUSE, JAMIA NAGAR, Delhi	2	1.0486	SHARED_NAME_AND_LOCATION_TOKENS
S1-171653159	First Hospitality LLP	Wz-351, Delhi, Shakurpur Village, Delhi	India	S2-75883149	First Hospitality Limited Partners	122 SECOND FLOOR, KUNDAN KUTIR ASHRAM, NEW DELHI, दिल्ली	3	0.4236	SHARED_NAME_AND_LOCATION_TOKENS
S1-171653159	First Hospitality LLP	Wz-351, Delhi, Shakurpur Village, Delhi	India	S2-776521067	FIRST HOSPITALITY PRIVATE LIMITED	SF, 104, PT.NO, 57, G.1, QUEENS MULLAI BALAJI AVENUE, SRIPERUMBUDUR, Tamil Nadu	4	0.4236	SHARED_STEM_OR_PREFIX
S1-171653159	First Hospitality LLP	Wz-351, Delhi, Shakurpur Village, Delhi	India	S2-257583361	First Hospitality Limited	326 M B RAOD, BIRATI, KOLKATA, পশ্চিমবঙ্গ	6	0.4236	SHARED_STEM_OR_PREFIX
S1-171653159	First Hospitality LLP	Wz-351, Delhi, Shakurpur Village, Delhi	India	S2-647160677	First  Hospitality Industries Private Limited	NO. 149 717, FLOREAL TOWERS, ORRS ENTERTAINLAND, SECTOR 83, NARSINGHPUR, Haryana	8	0.4236	SHARED_STEM_OR_PREFIX
S1-171653159	First Hospitality LLP	Wz-351, Delhi, Shakurpur Village, Delhi	India	S2-124464751	FIRST HOSPITALITY PRIVATE LIMITED	NO 29 D BLOCK, 14A FACTORY ROAD, FIRST FLOOR, NEW DELHI, दिल्ली	10	0.4236	SHARED_NAME_AND_LOCATION_TOKENS
S1-861378966	Matrix Sangh	House No. A-408A New Ashok Nagar, New Delhi, Delhi	India	S2-771853446	Matrix  Sangh	3143/45, GALI-33, GROUND FLOOR, BEADONPURA, NEW DELHI, दिल्ली	2	0.9919	SHARED_NAME_AND_LOCATION_TOKENS
S1-861378966	Matrix Sangh	House No. A-408A New Ashok Nagar, New Delhi, Delhi	India	S2-247058540	Matrix Sangh Ventures	3143/58, GALI-33, GROUND FLOOR, BEADONPURA, NEW DELHI, Delhi	6	0.5467	SHARED_NAME_AND_LOCATION_TOKENS
S1-861378966	Matrix Sangh	House No. A-408A New Ashok Nagar, New Delhi, Delhi	India	S2-589382280	Matrix Samiti Seva	Delhi, H.NO #43 G/F BLOCK - B PKT 10 SECTOR 13 DWARKA, SOUTH WEST DELHI	10	0.2432	SHARED_NAME_AND_LOCATION_TOKENS
S1-60629534	Delta Center	26 Brookdale Street, Valley Falls, RI	US	S2-687374012	Delta Center	6103 43RD TERRACE, TOPEKACDP, KS	4	0.1691	SHARED_STEM_OR_PREFIX
S1-60629534	Delta Center	26 Brookdale Street, Valley Falls, RI	US	S2-420798477	Delta Center	5651 4100, KAUFMAN, TX	5	0.1691	SHARED_STEM_OR_PREFIX
S1-60629534	Delta Center	26 Brookdale Street, Valley Falls, RI	US	S2-873023836	Delta Center	3934 GLENDORA DR, NULL, SPOKANE, WA	6	0.1691	SHARED_STEM_OR_PREFIX
S1-60629534	Delta Center	26 Brookdale Street, Valley Falls, RI	US	S2-395906548	Delta-Center	KY, 1960 DAWSON SPRINGS RD, HOPKINSVILE	8	0.1691	SHARED_STEM_OR_PREFIX
S1-60629534	Delta Center	26 Brookdale Street, Valley Falls, RI	US	S2-577229703	Delta Center	3491. ARIZONA AVENUE, CHANDLER, AZ	9	0.1691	SHARED_STEM_OR_PREFIX
S1-60629534	Delta Center	26 Brookdale Street, Valley Falls, RI	US	S2-297084993	Delta  Center	##4140 CENTRAL PLANK RD, WETUMPKA, AL	10	0.1691	SHARED_STEM_OR_PREFIX
S1-679782609	Creative Semiconductor Ventures Inc	10864 Prairie Rose Road, Frisco, TX	US	S2-979067676	Midwest Services	10864 PRAIRIE ROSE ROAD, FRISCO, TX	2	0.2901	SHARED_STREET_OR_ADDRESS
S1-679782609	Creative Semiconductor Ventures Inc	10864 Prairie Rose Road, Frisco, TX	US	S2-388093840	Midwest Academy	10864 PRAIRIE ROSE RD, FRISCO, TX	3	0.2901	SAME_GEOGRAPHY_AND_GENERIC_KEY
S1-679782609	Creative Semiconductor Ventures Inc	10864 Prairie Rose Road, Frisco, TX	US	S3-638353362	Midwest  Academy	10864 Prairie Rse Rd, Frisco, Texas	4	0.2901	SAME_GEOGRAPHY_AND_GENERIC_KEY
S1-679782609	Creative Semiconductor Ventures Inc	10864 Prairie Rose Road, Frisco, TX	US	S2-418163852	Ltd Creative Semiconductor Group	21 DOGWOOD DRIVE, POUGHKEEPSIE, NY	6	0.1675	SHARED_STEM_OR_PREFIX
S1-679782609	Creative Semiconductor Ventures Inc	10864 Prairie Rose Road, Frisco, TX	US	S2-873258896	CREATIVE-SEMICONDUCTOR SYSTEMS INCORPORATED	19412 416TH STREET, <NULL>, ENUMCLAW, WA	8	0.1675	SHARED_STEM_OR_PREFIX
S1-679782609	Creative Semiconductor Ventures Inc	10864 Prairie Rose Road, Frisco, TX	US	S2-238015061	Creative Semiconductor Company Harbor Co	4314-D FERNWOOD DR, HOUSTON, TX	9	0.1675	SHARED_NAME_AND_LOCATION_TOKENS
S1-150829563	Verron Software, LLC	25432 Park Avenue, Buckeye, AZ	US	S2-235216607	verron software, llc	7018  AVE E, SANTA FE CITY, TX	1	1.1167	SHARED_STEM_OR_PREFIX
S1-150829563	Verron Software, LLC	25432 Park Avenue, Buckeye, AZ	US	S2-57099513	Verron Software-Brookhaven [Corporation]	29 MIDLAND POND CT, BROOKHAVEN, NY	8	0.6715	SHARED_STEM_OR_PREFIX
S1-150829563	Verron Software, LLC	25432 Park Avenue, Buckeye, AZ	US	S3-282942765	verron software pllc	2656 Lauretta Avenue, Maryland, Baltimore CITY	10	0.6715	SHARED_STREET_OR_ADDRESS
S1-986863583	Caldeon Duke Inc	8747 Santa Ridge Circle, Elk Grove, CA	US	S2-955383899	Caldeon-Deutsche	7235 WILLIAM STREET, HARRISTOWN, IL	4	0.4279	SHARED_STEM_OR_PREFIX
S1-986863583	Caldeon Duke Inc	8747 Santa Ridge Circle, Elk Grove, CA	US	S3-172859225	Caldeon Déutsche	7235-C William St, Harristown, Illinois	9	0.4279	SHARED_STEM_OR_PREFIX
S1-986863583	Caldeon Duke Inc	8747 Santa Ridge Circle, Elk Grove, CA	US	S3-81469387	Caldeon Deutsche LP	7235-C William St, Harristown, Illinois	10	0.4279	SHARED_STEM_OR_PREFIX
S1-531110798	Clarabelle's Signature Home Improvements	118 Main Street, St Charles, MO	US	S2-48728954	CLARABELLE'S CEBRFIEED (ASSOCIATES)	3857 SALEM CHURCH ROAD, PMB 9715, JARRETTSVILLE, MD	5	0.6170	SHARED_STEM_OR_PREFIX
S1-531110798	Clarabelle's Signature Home Improvements	118 Main Street, St Charles, MO	US	S3-388944723	Clarabelle Lester Direct Hologram | www.clarabelle.com	696 James Street, PO Box 5046, Carthage, New York	10	0.3822	SHARED_STREET_OR_ADDRESS
S1-88905792	Sunderban Welfare Society	Lucknow, T C- 46, Lucknow, Uttar Pradesh, Vibhuti Khand, Gomti Nagar, Lucknow	India	S2-725833972	Sunderban Solutions	3-18/188, PRAGATHI NAGAR RAMANTHPUR, HYDERABAD, తెలంగాణ	6	0.4191	SHARED_STREET_OR_ADDRESS
S1-88905792	Sunderban Welfare Society	Lucknow, T C- 46, Lucknow, Uttar Pradesh, Vibhuti Khand, Gomti Nagar, Lucknow	India	S2-60809672	Sunderban Navipeth-(india) Society Corporation	Maharashtra, 999/9, C/B/1, SUNDERBAN SOCIETY NAVIPETH	7	0.4191	SHARED_NAME_AND_LOCATION_TOKENS
S1-88905792	Sunderban Welfare Society	Lucknow, T C- 46, Lucknow, Uttar Pradesh, Vibhuti Khand, Gomti Nagar, Lucknow	India	S2-396011319	SUNDERBAN (&)	Kerala, 21/520, VADAKKEMURI, CHEVAYUR PO, KOZHIKODE	8	0.4191	SHARED_STEM_OR_PREFIX
S1-88905792	Sunderban Welfare Society	Lucknow, T C- 46, Lucknow, Uttar Pradesh, Vibhuti Khand, Gomti Nagar, Lucknow	India	S2-985290583	Sunderban Institute Corporation	PLOT 78 3-18/181, PRAGATHI NAGAR RAMANTHAPUR, HYDERABAD, Telangana	9	0.4191	SHARED_STREET_OR_ADDRESS
S1-88905792	Sunderban Welfare Society	Lucknow, T C- 46, Lucknow, Uttar Pradesh, Vibhuti Khand, Gomti Nagar, Lucknow	India	S2-19574606	Sunderban Colony Lekha Nagar Processing Corp		10	0.4191	SHARED_STEM_OR_PREFIX
S1-403028834	Piedmont Construction LLC	OK, 917 Linn Lane, Yukon	US	S3-665753953	Piedmont Construction  LLC	22, Alexander City, Alabama	3	0.7265	SHARED_STEM_OR_PREFIX
S1-403028834	Piedmont Construction LLC	OK, 917 Linn Lane, Yukon	US	S2-230470030	Piedmont Construction	005369 22, ALEXANDER CITY, AL	8	0.2429	SHARED_STEM_OR_PREFIX
S1-403028834	Piedmont Construction LLC	OK, 917 Linn Lane, Yukon	US	S2-12032574	Co Piedmont Construction	5371 22, ALEXANDER CITY, AL	9	0.2429	SHARED_STEM_OR_PREFIX
S1-403028834	Piedmont Construction LLC	OK, 917 Linn Lane, Yukon	US	S2-101537828	Piedmont Construction	44 FAIRWAY DR, PMB 3680, PLYMOUTH, MA	10	0.2429	SHARED_STEM_OR_PREFIX
S1-279014952	Kt Animation Private Limited	Flat No-124, Cate Iii Sfs Hauz Khas, New Delhi, South West Delhi, Delhi	India	S3-179183554	Sri Vp (India) Animation Animation Pvt Ltd.	#442 L/5-6, Green Park Extension, South Delhi, New Delhi, दिल्ली	2	0.1307	SHARED_NAME_AND_LOCATION_TOKENS
S1-279014952	Kt Animation Private Limited	Flat No-124, Cate Iii Sfs Hauz Khas, New Delhi, South West Delhi, Delhi	India	S2-265550326	Navi Mumbai Chits Infratech Có	FLAT NO A/124, PLOT NO 7 SECTOR 15, GES SANPADA, NAVI MUMBAI, Maharashtra	5	0.1228	SAME_GEOGRAPHY_AND_GENERIC_KEY
S1-279014952	Kt Animation Private Limited	Flat No-124, Cate Iii Sfs Hauz Khas, New Delhi, South West Delhi, Delhi	India	S2-644600166	Vishal Soetir Limited	FLAT NO. D-124-, PURVA PARK, NO. 53, MSO COLONY, COX TOWN, BANGALORE NORTH, ಕರ್ನಾಟಕ	7	0.1228	SAME_GEOGRAPHY_AND_GENERIC_KEY
S1-66101502	Lemay Quetta LLC	1 Spring House Road, Lutherville, MD	US	S3-168774756	Lemay Lemay Innovative,-LLC	Albuquerque, New Mexico, 2422 Spring Flower Pl	5	0.1552	SHARED_NAME_AND_LOCATION_TOKENS
S1-66101502	Lemay Quetta LLC	1 Spring House Road, Lutherville, MD	US	S2-921569421	Board of  [Finance]	1 SPRING ST, ODON, IN	6	0.1316	SAME_GEOGRAPHY_AND_GENERIC_KEY
S1-66101502	Lemay Quetta LLC	1 Spring House Road, Lutherville, MD	US	S2-781006502	Board of Finance	1 SPRING STREET, ODON, IN	7	0.1316	SAME_GEOGRAPHY_AND_GENERIC_KEY
S1-66101502	Lemay Quetta LLC	1 Spring House Road, Lutherville, MD	US	S2-959297199	DESERT BLUSEROCK LLC	1 1/2 SPRING GARDEN DR, FORT WORTH, TX	9	0.1316	SAME_GEOGRAPHY_AND_GENERIC_KEY
S1-419304665	Akola Glove LLP	168 Tambaour Road, Near Goverment Hospital, Biswan, Sitapur, Uttar Pradesh	India	S3-30343309	AKOLA GALLERIES PVT. (LTD.)	MH, Akola, #10 C/o Shri Sai Traders First Floor, Akola, Opp Open Theater, M. G. Roa, D	5	0.2850	SHARED_STEM_OR_PREFIX
S1-419304665	Akola Glove LLP	168 Tambaour Road, Near Goverment Hospital, Biswan, Sitapur, Uttar Pradesh	India	S2-314261256	Mr indu glove pvt. ltd.	ಕರ್ನಾಟಕ, HENNUR MAIN ROAD HOSUR BANDE KANNUR POST, BANGALORE-6214, 9, BANGALORE	6	0.1505	SHARED_STREET_OR_ADDRESS
S1-419304665	Akola Glove LLP	168 Tambaour Road, Near Goverment Hospital, Biswan, Sitapur, Uttar Pradesh	India	S3-199070058	Radha Glove	Bahubali Complex, 4, KA, Belthangady	9	0.1505	SHARED_STEM_OR_PREFIX
S1-189831319	Jai Foods Private Limited	Netawar, Post - Belaon, Siwan, Siwan, Bihar	India	S2-614986142	Jai Foods-Private (Limited)	16-2-446, 4TH LANE, PALTON, MALAKPPET, Telangana	3	0.7975	SHARED_STEM_OR_PREFIX
S1-189831319	Jai Foods Private Limited	Netawar, Post - Belaon, Siwan, Siwan, Bihar	India	S2-177650121	Jai Foods Private (Limited)	9. LAL BAZAR STREETB BLOCK 3RD, FLOOR, KOLKATA, West Bengal	4	0.7975	SHARED_STEM_OR_PREFIX
S1-189831319	Jai Foods Private Limited	Netawar, Post - Belaon, Siwan, Siwan, Bihar	India	S3-799915301	jai foods private limited	No 9 Lal Bazar Streetb Block 3Rd, Floor, Kolkata, Howrah, WB	6	0.7975	SHARED_STEM_OR_PREFIX
S1-189831319	Jai Foods Private Limited	Netawar, Post - Belaon, Siwan, Siwan, Bihar	India	S3-797252260	Jai Foods  Private Limited	No. 305 Door # 11/241 Cherai, Ernakulam, KL	7	0.7975	SHARED_STEM_OR_PREFIX
S1-189831319	Jai Foods Private Limited	Netawar, Post - Belaon, Siwan, Siwan, Bihar	India	S2-987466636	Jai Foods-Limited Service Service	373 DOOR # 11/241 CHERAI, ERNAKULAM, Keralam	10	0.4212	SHARED_STEM_OR_PREFIX
S1-464514986	Valley Fund	97 Cass Avenue, Cheektowaga, NY	US	S2-758940532	Valley Fund	14 RIDSE DR, N/A, DUDLEY CIITY, MA	3	0.4855	SHARED_STEM_OR_PREFIX
S1-464514986	Valley Fund	97 Cass Avenue, Cheektowaga, NY	US	S2-942090230	Valley  Fund	5809 HUMMINGBIRD LN, JACKSONVILLE, AR	6	0.4855	SHARED_STEM_OR_PREFIX
S1-464514986	Valley Fund	97 Cass Avenue, Cheektowaga, NY	US	S2-488747950	Valley Fund	2103 EMMERS DRIVE, APPLETON CITTY, WI	10	0.4855	SHARED_STEM_OR_PREFIX
S1-418896338	Miller Rocky Ses LLC	401 Cascade View Drive, Ronald, WA	US	S2-388002845	Miller Rocky Anadolu Inc.	340 3RD STREET, LINTON, PMB 8784, IN	8	0.3505	SHARED_STEM_OR_PREFIX
S1-418896338	Miller Rocky Ses LLC	401 Cascade View Drive, Ronald, WA	US	S2-423513765	Miller Rocky  Great LLC	113 CHAMPION HILLS DRIVE, BERRYVILLE, AR	9	0.3505	SHARED_STREET_OR_ADDRESS
S1-492793391	Audio Infrastructure Limited	Ernakulam, Iv E Fourt Floor Rds Retreatchittoor Road Kacheripady, Kerala, Ernakulam	India	S3-601885643	audio infrastructure ventures limited	No 40- Iv E Fuort Floor Rds Retreatchittoor Road Kacheripady, Ernakulam, KL	1	1.0098	SHARED_STREET_OR_ADDRESS
S1-492793391	Audio Infrastructure Limited	Ernakulam, Iv E Fourt Floor Rds Retreatchittoor Road Kacheripady, Kerala, Ernakulam	India	S2-58150786	Audio Infraspace		6	0.4848	SHARED_STEM_OR_PREFIX
S1-492793391	Audio Infrastructure Limited	Ernakulam, Iv E Fourt Floor Rds Retreatchittoor Road Kacheripady, Kerala, Ernakulam	India	S2-295585640	Audio Infraspace(India) Infratech LLP	HN 0731 PLOT NO-516/1677/48, SAMPARK VIHAR, NEAR SIKHAR CHANDI, BHUBANESWAR, Orissa	8	0.4848	SHARED_STEM_OR_PREFIX
S1-492793391	Audio Infrastructure Limited	Ernakulam, Iv E Fourt Floor Rds Retreatchittoor Road Kacheripady, Kerala, Ernakulam	India	S2-150028127	Audio Infraspace  (India) LLP | www.audioinfr.com	Maharashtra, BAGATI HOUSE, PLOT NO 24, SECTOR 26-27 PARSIK HILL, CBD BELAPUR, NAVI MUMBAI	9	0.4848	SHARED_STEM_OR_PREFIX
S1-492793391	Audio Infrastructure Limited	Ernakulam, Iv E Fourt Floor Rds Retreatchittoor Road Kacheripady, Kerala, Ernakulam	India	S2-896496217	AUDIO-INFRASPACE (INDIA) [LLP]	#2ND- FLOOR, 201-202, GIRNAR COLONY, GANDHI PATH, VAISHALI NAGAR, JAIPUR, राजस्थान	10	0.4848	SHARED_STREET_OR_ADDRESS
S1-648894561	Supreme Consultants Private Limited	236 & 237, The Galleria Dlf, Second Floor, Mayur Vihar Ext-1, Noida Link Road, New Delhi, East Delhi, Delhi	India	S2-126828811	Supreme Consultants Private Limited	PLOT 5-933 FLAT NO AL 102 BLOCK Q SEC 13 ALAKNANDA APARTMENT, GOMTINAGAR EXTENSION, LUCKNOW, Uttar Pradesh	1	0.3283	SHARED_STEM_OR_PREFIX
S1-648894561	Supreme Consultants Private Limited	236 & 237, The Galleria Dlf, Second Floor, Mayur Vihar Ext-1, Noida Link Road, New Delhi, East Delhi, Delhi	India	S2-192585647	SUPREME CONSULTANTS PRIVATE LIMITED	302, AMARANTA, NO. 584, 9TH A MAIN RAOD, DEFENCE COLONY, BANGALORE NORTH, Karnataka	2	0.3283	SHARED_STEM_OR_PREFIX
S1-648894561	Supreme Consultants Private Limited	236 & 237, The Galleria Dlf, Second Floor, Mayur Vihar Ext-1, Noida Link Road, New Delhi, East Delhi, Delhi	India	S3-657220812	Supreme Consultants Private Limited	H.no 647/P19 Kha No 799 Madiyaon Naher Road Jankipuram 1, Lucknow, UP	6	0.3283	SHARED_STREET_OR_ADDRESS
S1-648894561	Supreme Consultants Private Limited	236 & 237, The Galleria Dlf, Second Floor, Mayur Vihar Ext-1, Noida Link Road, New Delhi, East Delhi, Delhi	India	S3-152315790	supreme consultants private limited	No 878 01 Tambat Lane Nashik, Nashik, महाराष्ट्र	8	0.3283	SHARED_STEM_OR_PREFIX
S1-648894561	Supreme Consultants Private Limited	236 & 237, The Galleria Dlf, Second Floor, Mayur Vihar Ext-1, Noida Link Road, New Delhi, East Delhi, Delhi	India	S3-349118016	SUPREME CONSULTANTS PRIVATE LIMITED	6-46, Mumbai, Mumbai City, MH	9	0.3283	SHARED_STEM_OR_PREFIX
S1-143671838	Svs Lal LLP	Pune, Plaza, Sn -27 (Pt) Plot-3, Pune City, Maharashtra, Office No 612 Clover Hill	India	S3-177683105	SVS LAL LLP	Hd-083, Wework Prestige Cube, Site No. 26, Laskar Hosur Road, Adugodi, Koramangala, Bangalore South, Bengaluru Urban, ಕರ್ನಾಟಕ	2	1.5177	SHARED_NAME_AND_LOCATION_TOKENS
S1-143671838	Svs Lal LLP	Pune, Plaza, Sn -27 (Pt) Plot-3, Pune City, Maharashtra, Office No 612 Clover Hill	India	S2-304102969	Svs Lal  Group [LLP]	OFFICE NO 615 CLOVER HILL, PLAZA, SN -27 (PT) PLOT-3, PUNE CITY, Maharashtra	4	0.5702	SHARED_STREET_OR_ADDRESS
S1-143671838	Svs Lal LLP	Pune, Plaza, Sn -27 (Pt) Plot-3, Pune City, Maharashtra, Office No 612 Clover Hill	India	S3-929453631	Svs Lal Enterprises [LLP]	KA, Bangalore South, Bangalore, Wework Prestige Cube, Site No. 26, Laskar Hosur Road, Adugodi, Koramangala, Hd-104	5	0.5702	SHARED_NAME_AND_LOCATION_TOKENS
S1-143671838	Svs Lal LLP	Pune, Plaza, Sn -27 (Pt) Plot-3, Pune City, Maharashtra, Office No 612 Clover Hill	India	S3-125165774	Svs Lal [Co.]	Plot No.- 28/1 Maheshpur, Varanasi, UP	6	0.5702	SHARED_NAME_AND_LOCATION_TOKENS
S1-143671838	Svs Lal LLP	Pune, Plaza, Sn -27 (Pt) Plot-3, Pune City, Maharashtra, Office No 612 Clover Hill	India	S2-121958507	SVS LLP LAL (ID: 42097)	HD-083, WEWORK PRESTIGE CUBE, SITE NO. 26, LASKAR HOSUR ROAD, ADUGODI, KORAMANGALA, BANGALORE SOUTH, Karnataka	7	0.3035	SHARED_NAME_AND_LOCATION_TOKENS
S1-143671838	Svs Lal LLP	Pune, Plaza, Sn -27 (Pt) Plot-3, Pune City, Maharashtra, Office No 612 Clover Hill	India	S2-405224160	LLP Svs Lal Overseas	H.NO ##29 A-30 RAJU PARK, NEAR KHAN PUR, NEW DELHI, Delhi	8	0.3035	SHARED_NAME_AND_LOCATION_TOKENS
S1-143671838	Svs Lal LLP	Pune, Plaza, Sn -27 (Pt) Plot-3, Pune City, Maharashtra, Office No 612 Clover Hill	India	S2-623128395	ग्लोबल इंटरनेशनल लिमिटेड	PUNE, RAHEJA VISTA-IV, S. NO. 27, MOHAMMED WADI, FLAT NO. T12/4 1202, Maharashtra	10	0.1126	SAME_GEOGRAPHY_AND_GENERIC_KEY
S1-851799346	Mountain Animal Hospital Associates	5389 Ferndale Road, Ferndale, WA	US	S2-389029862	Mountain Animal	511 NURSERY DRIVE, UPPER ALLEN TOWNSHIP, PA	3	0.1737	SHARED_STEM_OR_PREFIX
S1-851799346	Mountain Animal Hospital Associates	5389 Ferndale Road, Ferndale, WA	US	S2-41283097	Mountain Animal Hotoiotl Co	515 1/2 NURSERY DR, UPPER ALLEN TOWNSHIP, PA	5	0.1737	SHARED_STEM_OR_PREFIX
S1-851799346	Mountain Animal Hospital Associates	5389 Ferndale Road, Ferndale, WA	US	S2-78140007	MOUNTAIN  ANIMAL HOSPITAL,	32 TALL TIMBERS, null, TRINITY, TX	9	0.1737	SHARED_STEM_OR_PREFIX
S1-851799346	Mountain Animal Hospital Associates	5389 Ferndale Road, Ferndale, WA	US	S2-922726762	Mountain Animal Center	166, BEAUREGARD, AL	10	0.1737	SHARED_STEM_OR_PREFIX
S1-804171096	Uptown Yoga!	8001 Coastal Highway, Unit C, Ocean City, MD	US	S2-174105297	Uptown Yoga	501D DUNWOODY CT, FRANKLIN, TN	5	0.4749	SHARED_STEM_OR_PREFIX
S1-804171096	Uptown Yoga!	8001 Coastal Highway, Unit C, Ocean City, MD	US	S2-670054955	Uptown  Yoga	6773 415, BATH, NY	7	0.4749	SHARED_STEM_OR_PREFIX
S1-804171096	Uptown Yoga!	8001 Coastal Highway, Unit C, Ocean City, MD	US	S2-840307115	Uptown  Yoga	13132 WOODMONT ROAD, MD, HANCOCK	9	0.4749	SHARED_NAME_AND_LOCATION_TOKENS
S1-804171096	Uptown Yoga!	8001 Coastal Highway, Unit C, Ocean City, MD	US	S2-324093435	Uptown Yoga	1 WATERFORD CV, EADS, TN	10	0.4749	SHARED_STEM_OR_PREFIX
S1-751608780	Day Maintenance LLC	485 Ruby Raymond Road, Waterbury, VT	US	S3-480624787	Day Maintenance [LLC]	Fox Ridge Rd, Unit D, Radcliff, Kentucky	1	1.6327	SHARED_STEM_OR_PREFIX
S1-163766842	Star Offshore Care	235 Sunset Avenue, Wenatchee, WA	US	S2-273699663	Star Offshore LLC	08 STONEFIELD TRL, S. WINDDSOR, CT	3	0.7488	SHARED_STEM_OR_PREFIX
S1-163766842	Star Offshore Care	235 Sunset Avenue, Wenatchee, WA	US	S2-839603882	STAR OFFSHORE LLC	HICKORY SAINT, OOLTEWAH, TN	5	0.7488	SHARED_STEM_OR_PREFIX
S1-163766842	Star Offshore Care	235 Sunset Avenue, Wenatchee, WA	US	S2-484097072	Star Offshore Llc	CT, SOUTH WINDSOR, STONEFIELD TRL	6	0.7488	SHARED_STEM_OR_PREFIX
S1-163766842	Star Offshore Care	235 Sunset Avenue, Wenatchee, WA	US	S3-383890780	Star Offshore LLC	3520 Baseline Road, Lavveen CITY, Arizona	7	0.7488	SHARED_STEM_OR_PREFIX
S1-163766842	Star Offshore Care	235 Sunset Avenue, Wenatchee, WA	US	S3-262901253	Star-Offshore	99 Stonefield Trl, So Windsor, Connecticut	8	0.7488	SHARED_STEM_OR_PREFIX
S1-163766842	Star Offshore Care	235 Sunset Avenue, Wenatchee, WA	US	S2-510137499	... staroffshore.com	99 STONEFIELD TRL, SO WINDSOR, CT	10	0.4452	SAME_GEOGRAPHY_AND_GENERIC_KEY
S1-569100881	Resorts Traders Pvt Ltd	Office No.9, Miragaothan Mahajanwadi, National Highway, Mira Road East, Thane, Mumbai, Mumbai City, Maharashtra	India	S2-479792791	Resorts Traders Private Limited	5, RAJENDRA CHAMBERS, 19, NANABHAI LANE, FORT, MUMBAI, Maharashtra	2	0.9390	SHARED_NAME_AND_LOCATION_TOKENS
S1-569100881	Resorts Traders Pvt Ltd	Office No.9, Miragaothan Mahajanwadi, National Highway, Mira Road East, Thane, Mumbai, Mumbai City, Maharashtra	India	S3-717181754	#resortstrading	Panchkula, 202, HR, Panchkula, Tower-4a Suncity Parikarma, Sector-20	5	0.4140	SAME_GEOGRAPHY_AND_GENERIC_KEY
S1-569100881	Resorts Traders Pvt Ltd	Office No.9, Miragaothan Mahajanwadi, National Highway, Mira Road East, Thane, Mumbai, Mumbai City, Maharashtra	India	S3-20707024	Resorts Trading Pvt  Ltd	हरियाणा, 202, Tower-4a Suncity Parikarma, Sector-20, Panchkula	6	0.4140	SHARED_STEM_OR_PREFIX
S1-569100881	Resorts Traders Pvt Ltd	Office No.9, Miragaothan Mahajanwadi, National Highway, Mira Road East, Thane, Mumbai, Mumbai City, Maharashtra	India	S2-889414230	RESORTS NURSING (HOME)	PL.NO 013, DIPANJALI SOCIETY, PUNAGAM, SURAT, Gujarat	10	0.1143	SHARED_NAME_AND_LOCATION_TOKENS
S1-104955523	Infotech Engineering Pvt. Ltd.	H No 555, 556 Budhwar Peth, Pune City, Maharashtra, Ground Floor Shop No 2A, Pune	India	S2-598637691	Infotech  Engineering Pvt. Holdings Ltd.	GROUND FLOOR SHOP NO 3A, H NO 555, 556 BUDHWAR PETH, PUNE CITY, Maharashtra	1	0.5250	SHARED_STREET_OR_ADDRESS
S1-291991311	Physical Therapy Coastal Group	710 7th Avenue, Mandan, ND	US	S2-605384211	PHYSICAL THERAPY COASTAL GROUP		2	0.5383	SHARED_STEM_OR_PREFIX
S1-364278564	Mount Chapel	151 32 Parkway, Mt Orab, OH	US	S2-178279399	Mount [Chapel]	MANHATTAN, KS, 4550 Meadow Crest	4	0.4715	SHARED_STEM_OR_PREFIX
S1-364278564	Mount Chapel	151 32 Parkway, Mt Orab, OH	US	S2-815481472	Mount Chapel	8204 CAHILL DR, AUSTIN, TX	5	0.4715	SHARED_STEM_OR_PREFIX
S1-364278564	Mount Chapel	151 32 Parkway, Mt Orab, OH	US	S2-437093408	MOUNT CHAPEL	##119 57TH ST, MINNEAPOLIS, MN	6	0.4715	SHARED_STEM_OR_PREFIX
S1-364278564	Mount Chapel	151 32 Parkway, Mt Orab, OH	US	S2-379647868	Mount Chapel	2431 LAKE RIDGE DR, PO BOX 2630, FT. AWYNE, IN	7	0.4715	SHARED_STEM_OR_PREFIX
S1-364278564	Mount Chapel	151 32 Parkway, Mt Orab, OH	US	S2-861053482	Mount Chapel	1231 WEATHERSTONE CT, RESTON, VA	8	0.4715	SHARED_STEM_OR_PREFIX
S1-364278564	Mount Chapel	151 32 Parkway, Mt Orab, OH	US	S2-683127361	Mount Chapel	503 HICKMAN DRIVE, SAUK CENTRE, MN	9	0.4715	SHARED_STEM_OR_PREFIX
S1-509571057	Keystone Summit Platforms	356 Racetrack Road, Unit #13, KY, Henderson	US	S3-198493793	Orbipyra formerly known as Claudelle Ryan General	356 Racetrack Road, Unit #8, Henderson, KY	4	0.2901	SHARED_STREET_OR_ADDRESS
S1-509571057	Keystone Summit Platforms	356 Racetrack Road, Unit #13, KY, Henderson	US	S2-288286386	Keystone Summit Westin	#175 Barters Ln, SAINT JOE, AR	5	0.2429	SHARED_STEM_OR_PREFIX
S1-509571057	Keystone Summit Platforms	356 Racetrack Road, Unit #13, KY, Henderson	US	S2-31930128	Keystone-Summit  Westin Partners	186 BARTERS LN, ST JOE, AR	6	0.2429	SHARED_STEM_OR_PREFIX
S1-509571057	Keystone Summit Platforms	356 Racetrack Road, Unit #13, KY, Henderson	US	S2-583002677	Keystone Summit	805 32ND AVE, COUNCIL BLUFFS, IA	7	0.2429	SHARED_STEM_OR_PREFIX
S1-509571057	Keystone Summit Platforms	356 Racetrack Road, Unit #13, KY, Henderson	US	S2-895115583	Keystone Summit Corp Center	360. RACETRACK ROAD, HENDERSON, KY	8	0.2429	SHARED_STREET_OR_ADDRESS
S1-509571057	Keystone Summit Platforms	356 Racetrack Road, Unit #13, KY, Henderson	US	S2-407234564	Keystone Summit		10	0.2429	SHARED_STEM_OR_PREFIX
S1-150821320	CI Consulting Private Limited	84/63 H.No. 264 Tejab Mill Campus Anwarganj, Kanpur Nagar, Kanpur, Uttar Pradesh	India	S2-707164936	CI CONSTRUCTION-PRIVATE LIMITED	DOOR NO 557 109, GATEWAY PARK, SIDDAPURA RAMAGONDANAHALI, BANGALORE, Karnataka	5	0.2232	SHARED_NAME_AND_LOCATION_TOKENS
S1-150821320	CI Consulting Private Limited	84/63 H.No. 264 Tejab Mill Campus Anwarganj, Kanpur Nagar, Kanpur, Uttar Pradesh	India	S2-575784246	CI CONSTRUCTION  LLP	130, GATEWAY PARK, SIDDAPURA RAMAGONDANAHALI, BANGALORE, Karnataka	8	0.2232	SHARED_STEM_OR_PREFIX
S1-150821320	CI Consulting Private Limited	84/63 H.No. 264 Tejab Mill Campus Anwarganj, Kanpur Nagar, Kanpur, Uttar Pradesh	India	S2-115255825	CI  Construction Private Limited	NO. 557 109, GATEWAY PARK, SIDDAPURA RAMAGONDANAHALI, BANGALORE, Karnataka	9	0.2232	SHARED_NAME_AND_LOCATION_TOKENS
S1-150821320	CI Consulting Private Limited	84/63 H.No. 264 Tejab Mill Campus Anwarganj, Kanpur Nagar, Kanpur, Uttar Pradesh	India	S3-822420754	CI-Constructiens Private Limited	401, Wing D, Kukreja Palace, Ex Vallabh Baug Lane Garodia Nagar, Ghatkopar East, Mumbai City, Mumbai, MH	10	0.2232	SHARED_STREET_OR_ADDRESS
S1-78166516	Faque Capital Partners	275 Midway Oval, Groton, CT	US	S2-756015388	Faque  Capital Partners	23 ELIZABETH PLACE, ASHEVILLE, NC	2	1.1750	SHARED_STEM_OR_PREFIX
S1-78166516	Faque Capital Partners	275 Midway Oval, Groton, CT	US	S3-334823462	Faque  Capital-Partners	306 17nd Ave, Milton-Freewater, Oregon	4	1.1750	SHARED_STEM_OR_PREFIX
S1-78166516	Faque Capital Partners	275 Midway Oval, Groton, CT	US	S2-773521852	Faque Capital Capital Partners LP	PRESCOTT CDP, 4105 HIGHWAY 24, AR	5	0.6915	SHARED_STEM_OR_PREFIX
S1-78166516	Faque Capital Partners	275 Midway Oval, Groton, CT	US	S2-747375902	Faque Capital	4105 Highway 24, PRESCOTT CDP, AR	6	0.6915	SHARED_STEM_OR_PREFIX
S1-78166516	Faque Capital Partners	275 Midway Oval, Groton, CT	US	S2-101009612	Faque Capital Pártners Ltd	282 MIDWAY OVAL, POQUONOCK BRIDGE, CT	7	0.6915	SHARED_NAME_AND_LOCATION_TOKENS
S1-78166516	Faque Capital Partners	275 Midway Oval, Groton, CT	US	S3-763465545	Faque Capital Partners Co		10	0.6915	SHARED_STEM_OR_PREFIX
S1-112860356	Good Logistics Private Limited	Office No 1405, Kamdhenu Commerz Premises, Sector 14, Plot No 02, Panvel, Raigarh(Mh), Maharashtra	India	S2-660336711	GOOD LOGISTICS PRIVATE LIMITED	Uttar Pradesh, UNO.507, URBTECH TRADE CEN, UNO.507, URBTECH TRADE CEN, TOWER A/BLOCK C, SECTOR 132, GAUTAM BUDDHA NAGAR, NOIDA	1	0.7741	SHARED_NAME_AND_LOCATION_TOKENS
S1-112860356	Good Logistics Private Limited	Office No 1405, Kamdhenu Commerz Premises, Sector 14, Plot No 02, Panvel, Raigarh(Mh), Maharashtra	India	S2-796780089	good logistics private limited	##58 , 3RD FLOOR, ROAD NO.72, ASWINI LAYOUT, JOURNALIST COLSNY, JUBILEE HILLS, HYDERABAD, Telangana	2	0.7741	SHARED_NAME_AND_LOCATION_TOKENS
S1-112860356	Good Logistics Private Limited	Office No 1405, Kamdhenu Commerz Premises, Sector 14, Plot No 02, Panvel, Raigarh(Mh), Maharashtra	India	S2-483203433	Good Logistics Private  Limited	H.NO 9/1 SWASTIK PARK N G ACHARYAROAD CHEMBUR, MUMBAI, Maharashtra	3	0.7741	SHARED_NAME_AND_LOCATION_TOKENS
S1-112860356	Good Logistics Private Limited	Office No 1405, Kamdhenu Commerz Premises, Sector 14, Plot No 02, Panvel, Raigarh(Mh), Maharashtra	India	S3-651103852	GOOD LOGISTICS PRIVATE LIMITED	B 203- Sunbreeze Appartments Sector 5, Vaishali, Delhi, UP	6	0.7741	SHARED_NAME_AND_LOCATION_TOKENS
S1-112860356	Good Logistics Private Limited	Office No 1405, Kamdhenu Commerz Premises, Sector 14, Plot No 02, Panvel, Raigarh(Mh), Maharashtra	India	S3-359532034	Good-Logistics Private Limited	Hn B3/227 G1, Indore, MP	7	0.7741	SHARED_STEM_OR_PREFIX
S1-112860356	Good Logistics Private Limited	Office No 1405, Kamdhenu Commerz Premises, Sector 14, Plot No 02, Panvel, Raigarh(Mh), Maharashtra	India	S3-561584001	Good Logistics Private  Limited	8-479 D-1 / D-2, Bharat Baug, Nr. Shankar Mandir, S. V. Road, Borivali (West), Mumbai, Borivali West, MH	10	0.7741	SHARED_NAME_AND_LOCATION_TOKENS
S1-419129929	Ali Green Edp LLC	217 Valleys Edge Street, Mcminnville, OR	US	S2-132190285	ALI GREEN EDP CORP.	218 VALLEYS EDGE STREET, MCMINNVILLE, OR	3	1.0832	SHARED_STREET_OR_ADDRESS
S1-40045119	Chloette Mason Allied Tree LLC	1 Overland Street, Boston, MA	US	S2-565433866	CHLOETTE  MASON ALLIED TREE LLC	236 NPONSET STREET, CANTON, MA	1	1.1068	SHARED_STREET_OR_ADDRESS
S1-40045119	Chloette Mason Allied Tree LLC	1 Overland Street, Boston, MA	US	S3-540659081	Chloette  Mason Allied Tree LLC	Massachusetts, 236D Neponset Street, # 2, Canton	3	1.1068	SHARED_STREET_OR_ADDRESS
S1-40045119	Chloette Mason Allied Tree LLC	1 Overland Street, Boston, MA	US	S3-230175633	Chloette Mason Allied  Tree Ltd	# 2, 243 Neponset St, Massachusetts, Canton	8	0.6233	SHARED_STEM_OR_PREFIX
S1-837908386	A Cure 3 You Inc.	103 Hampton Lee Court, Unit 1A, Cary, NC	US	S2-656461507	A Cure 3 You Inc	TX, 13633 CHERRYDOWN ST, SUGAR LAND	1	0.4058	SHARED_STEM_OR_PREFIX
S1-837908386	A Cure 3 You Inc.	103 Hampton Lee Court, Unit 1A, Cary, NC	US	S2-280526082	A Cure 3 You Inc	396 OLD LEETOWN PIKE, KEARNEYSVILLE, WV	2	0.4058	SHARED_STEM_OR_PREFIX
S1-837908386	A Cure 3 You Inc.	103 Hampton Lee Court, Unit 1A, Cary, NC	US	S2-106061117	A Cure 3 You Inc.	WACHUSETT STREET, BOSTON, MA	6	0.4058	SHARED_STEM_OR_PREFIX
S1-837908386	A Cure 3 You Inc.	103 Hampton Lee Court, Unit 1A, Cary, NC	US	S2-315353318	a cure 3 you inc	5 LEGACY CT, GREENLAWN, NY	7	0.4058	SHARED_STEM_OR_PREFIX
S1-837908386	A Cure 3 You Inc.	103 Hampton Lee Court, Unit 1A, Cary, NC	US	S2-589654504	A  CURE 3 YOU INC	116 MCKEE ST, VENTURA, CA	9	0.4058	SHARED_STEM_OR_PREFIX
S1-837908386	A Cure 3 You Inc.	103 Hampton Lee Court, Unit 1A, Cary, NC	US	S2-902215078	A CURE 3 YOU INC	LILY VALLEY DRIVE, PROTER, TX	10	0.4058	SHARED_STEM_OR_PREFIX
S1-967500830	Cozy Tavern!	505 White Street, Unit 505, Floydada, TX	US	S2-983249780	Cozy Tavern	27598 86TH LANE, PEORIA, AZ	3	0.4454	SHARED_STEM_OR_PREFIX
S1-967500830	Cozy Tavern!	505 White Street, Unit 505, Floydada, TX	US	S2-224179228	cozy tavern	MOHAVE VALLEY, AZ, 6580 JOJOBA DR	4	0.4454	SHARED_STEM_OR_PREFIX
S1-967500830	Cozy Tavern!	505 White Street, Unit 505, Floydada, TX	US	S2-149218229	Cozy Tavern	UT, 4740  HIDDEN LAKE DRIVE, BOUNTIFUL	5	0.4454	SHARED_STEM_OR_PREFIX
S1-967500830	Cozy Tavern!	505 White Street, Unit 505, Floydada, TX	US	S2-481695037	Cozy Tavern	3585 BRAMBLETON AVENUE, ROANOKE, VA	8	0.4454	SHARED_STEM_OR_PREFIX
S1-967500830	Cozy Tavern!	505 White Street, Unit 505, Floydada, TX	US	S2-458400176	COZY TAVERN	450. COLDENHAM RD, MONTGOMERY, NY	10	0.4454	SHARED_STEM_OR_PREFIX
S1-718976444	Mumbai Bharat Pvt. Ltd.	702 Sneh Building, Anandnagar Near Mohan Soc, Dahisar East, Mumbai, Mumbai City, Maharashtra	India	S3-913835041	Mumbai Bharat Private Limited	Flst No. G/#08, Grnd Floor, Jaymala Aprts L T Road, Vazira Village, Borivali (W), Mumbai (SUBURBAN), Mumbai City, MH	2	0.6652	SHARED_NAME_AND_LOCATION_TOKENS
S1-718976444	Mumbai Bharat Pvt. Ltd.	702 Sneh Building, Anandnagar Near Mohan Soc, Dahisar East, Mumbai, Mumbai City, Maharashtra	India	S3-690503067	Mumbai Bharat Overseas Private Limited	Flat No. G/0012, Mumbai City, null, MH, Mumbai (SUBURBAN)	3	0.6652	SHARED_NAME_AND_LOCATION_TOKENS
S1-718976444	Mumbai Bharat Pvt. Ltd.	702 Sneh Building, Anandnagar Near Mohan Soc, Dahisar East, Mumbai, Mumbai City, Maharashtra	India	S2-274983537	Mumbai Bharti Prioavte Limited	E/501, 5TH FLOOR, RAHEJA VISTAS RAHEJA VIHAR, CHANDIVALI, POWAI, MUMBAI, महाराष्ट्र	5	0.2130	SHARED_NAME_AND_LOCATION_TOKENS
S1-718976444	Mumbai Bharat Pvt. Ltd.	702 Sneh Building, Anandnagar Near Mohan Soc, Dahisar East, Mumbai, Mumbai City, Maharashtra	India	S2-648353945	Mumbai Bhava Public Ltd	A-2/105, KAILASH COMPLEX OPP. DREAMS THE MALL, LBS MARG, BHANDUP-, W, MUMBAI, Maharashtra	6	0.2130	SHARED_NAME_AND_LOCATION_TOKENS
S1-718976444	Mumbai Bharat Pvt. Ltd.	702 Sneh Building, Anandnagar Near Mohan Soc, Dahisar East, Mumbai, Mumbai City, Maharashtra	India	S2-26563536	Mumbai Bhakti Private Ltd	80, FLOOR-3, 18, B D D CHAWL, G M BHOSALE MARG, WORLI, MUMBAI, Maharashtra	7	0.2130	SHARED_NAME_AND_LOCATION_TOKENS
S1-718976444	Mumbai Bharat Pvt. Ltd.	702 Sneh Building, Anandnagar Near Mohan Soc, Dahisar East, Mumbai, Mumbai City, Maharashtra	India	S2-636932797	Mumbai Bhoomi Co	W-90/N 7 TTC-M I D C AREATHANE BELAPUR ROAD RABALE, MUMBAI, Maharashtra	9	0.2130	SHARED_NAME_AND_LOCATION_TOKENS
S1-304297041	Shivam Projects Private Limited	Howrah, Kolkata, Ground Floor Princeton Club 26 Prince Anwar Shah Road, West Bengal, Kolkata	India	S2-480080780	SHIVAM PROJECTS PRIVATE LIMITED	668/10, 1ST FLOOR, SRI NAGAR RANI BAGH, NEW DELHI, Delhi	1	0.4950	SHARED_STREET_OR_ADDRESS
S1-304297041	Shivam Projects Private Limited	Howrah, Kolkata, Ground Floor Princeton Club 26 Prince Anwar Shah Road, West Bengal, Kolkata	India	S2-121877853	SHIVAM  PROJECTS PRIVATE LIMITED	महाराष्ट्र, S. NO 43, PRASAD RESIDENCY, WADGAON SHERI, PUNE	2	0.4950	SHARED_STEM_OR_PREFIX
S1-304297041	Shivam Projects Private Limited	Howrah, Kolkata, Ground Floor Princeton Club 26 Prince Anwar Shah Road, West Bengal, Kolkata	India	S2-412558587	SHIVAM PROJECTS  PRIVATE LIMITED	HN 358 6/331, MOGAPPAIR EASTANNA NAGAR, CHENNAI-600 037. ANNA NAGAR, CHENNAI-600 037., ANNA NAGAR, Tamil Nadu	3	0.4950	SHARED_STEM_OR_PREFIX
S1-304297041	Shivam Projects Private Limited	Howrah, Kolkata, Ground Floor Princeton Club 26 Prince Anwar Shah Road, West Bengal, Kolkata	India	S2-235923079	Shivam Projects Private Limited	Bihar, NO 74  LALBAGH, DARBHANGA	5	0.4950	SHARED_STEM_OR_PREFIX
S1-304297041	Shivam Projects Private Limited	Howrah, Kolkata, Ground Floor Princeton Club 26 Prince Anwar Shah Road, West Bengal, Kolkata	India	S3-239172929	Shivam-Projects Private (Limited)	Hig-414, Khordha, OD	6	0.4950	SHARED_STEM_OR_PREFIX
S1-304297041	Shivam Projects Private Limited	Howrah, Kolkata, Ground Floor Princeton Club 26 Prince Anwar Shah Road, West Bengal, Kolkata	India	S3-801760098	Shivam Projects Private  Limited	C/o Yadav Timber, Main Road Kankarbagh, Bahadurpur, Sampatchak, Patna, बिहार	8	0.4950	SHARED_STREET_OR_ADDRESS
S1-177943533	Orbyn Federal	606 Panama Court, Granbury, TX	US	S3-313237894	Orbyn Federal	26 Winn St, Wakefield, Massachusetts	4	1.3443	SHARED_STEM_OR_PREFIX
S1-177943533	Orbyn Federal	606 Panama Court, Granbury, TX	US	S2-845802830	Orbyn-Federal (ID: 34931)	26 WINN SAINT, WAKEFIELD, MA	5	0.8607	SHARED_STEM_OR_PREFIX
S1-177943533	Orbyn Federal	606 Panama Court, Granbury, TX	US	S2-166219631	Orbyn Federal Llc	MA, WAKEFIELD, 26 Winn Street	6	0.8607	SHARED_STEM_OR_PREFIX
S1-177943533	Orbyn Federal	606 Panama Court, Granbury, TX	US	S2-800982790	Orbyn Federal (LLC)	26 WINN SAINT, WAKEFIELD, MA	7	0.8607	SHARED_STEM_OR_PREFIX
S1-177943533	Orbyn Federal	606 Panama Court, Granbury, TX	US	S2-353620104	ORBYN FEDERAL LLC	26 WINN STREET, WAKEFIELD, MA	8	0.8607	SHARED_STEM_OR_PREFIX
S1-177943533	Orbyn Federal	606 Panama Court, Granbury, TX	US	S2-233669971	Orbyn For	432 LAUREL DR, SANDY CITY, UT	9	0.2586	SHARED_STEM_OR_PREFIX
S1-868064087	Kashish Fuel Private Limited	Chennai, Tamil Nadu, 3/171 Silicon Valley Q Block I. T. Highway Old Mahapalipuram Road, Thuraipakkam	India	S2-998119471	Kashish Fuel Private Ltd	104, PLOT NO. 281, LAXMI VILLA CHS, JAWAHAR NAGAR ROAD NO. 3, NEAR SUVIDHA HOSPITAL, GOREG, AON WEST, MUMBAI, Maharashtra	3	0.7369	SHARED_STREET_OR_ADDRESS
S1-868064087	Kashish Fuel Private Limited	Chennai, Tamil Nadu, 3/171 Silicon Valley Q Block I. T. Highway Old Mahapalipuram Road, Thuraipakkam	India	S2-156617523	KASHISH FUEL ENTERPRISES PRÍVATE	Tamil Nadu, 3/172 SILICON VALLEY Q BLOCK I. T. HIGHWAY OLD MAHAPALIPURAM ROAD, THURAIPAKKAM, CHENNAI	5	0.7369	SHARED_STREET_OR_ADDRESS
S1-868064087	Kashish Fuel Private Limited	Chennai, Tamil Nadu, 3/171 Silicon Valley Q Block I. T. Highway Old Mahapalipuram Road, Thuraipakkam	India	S3-392366025	Kashish Fuel Limited	#107, MH, Mumbai, Mumbai City	6	0.7369	SHARED_STEM_OR_PREFIX
S1-868064087	Kashish Fuel Private Limited	Chennai, Tamil Nadu, 3/171 Silicon Valley Q Block I. T. Highway Old Mahapalipuram Road, Thuraipakkam	India	S3-311053892	Kashish Fuel Pevae  Limited	Door No 6-3-563, Erramanzil Somajiguda, Hyderabad, TG	8	0.7369	SHARED_NAME_AND_LOCATION_TOKENS
S1-868064087	Kashish Fuel Private Limited	Chennai, Tamil Nadu, 3/171 Silicon Valley Q Block I. T. Highway Old Mahapalipuram Road, Thuraipakkam	India	S3-478731082	Kashish Fuel Public Limited	H.no.6-3-584, Hyderabad, TG	9	0.7369	SHARED_NAME_AND_LOCATION_TOKENS
S1-868064087	Kashish Fuel Private Limited	Chennai, Tamil Nadu, 3/171 Silicon Valley Q Block I. T. Highway Old Mahapalipuram Road, Thuraipakkam	India	S3-657910268	Kashish Limited-Private Fuel	104, Plot No. 281, Laxmi Villa Chs, Jawahar Nagar Road No. 3, Near Suvidha Hospital, Goreg, Aon West, Mumbai, Mumbai City, MH	10	0.4874	SHARED_STREET_OR_ADDRESS
S1-409256428	Future Projects Private Limited	No-10, West Karikalan, Street, Adambakkam, Saidapet, Kanchipuram, Tamil Nadu	India	S2-769672821	Future Projects Private Limited	NO 34 C/O DELHI GAS AGENCY VPO SAMALKA, GURGAON ROAD, NEW DELHI, Delhi	1	0.5465	SHARED_NAME_AND_LOCATION_TOKENS
S1-409256428	Future Projects Private Limited	No-10, West Karikalan, Street, Adambakkam, Saidapet, Kanchipuram, Tamil Nadu	India	S2-212973319	FUTURE PROJECTS PRIVATE [LIMITED]	Uttar Pradesh, 21A LANE NO 1 RAVINDRAPURI COLONY, VARANASI	3	0.5465	SHARED_NAME_AND_LOCATION_TOKENS
S1-409256428	Future Projects Private Limited	No-10, West Karikalan, Street, Adambakkam, Saidapet, Kanchipuram, Tamil Nadu	India	S3-955417370	FUTURE PROJECTS PRIVATE LIMITED	Hn 312 12-13-367, Tarnaka, Hyderabad, Andhra Pradesh	6	0.5465	SHARED_STEM_OR_PREFIX
S1-631031485	Federal Arrow	91 1170, Logan City, UT	US	S2-786765882	Federal [Arrow]	534 INDIAN DRIVE, OKLAHOMA CITY, OK	4	0.7078	SHARED_NAME_AND_LOCATION_TOKENS
S1-631031485	Federal Arrow	91 1170, Logan City, UT	US	S2-105228502	Federal Arrow Partners Inc	3322-3324 NEAL BOYCE ROAD, MONROE, NC	8	0.2625	SHARED_STEM_OR_PREFIX
S1-16807998	Innovative Payment Digital	1202 Scottsboro Road, Unit C, Marion, IL	US	S2-514732999	INNOVATIVE PAYMENT DIGITAL	234 GLEN STREET, GLEN COVE, NY	2	0.6716	SHARED_STEM_OR_PREFIX
S1-16807998	Innovative Payment Digital	1202 Scottsboro Road, Unit C, Marion, IL	US	S3-122697741	Innovative  Payment Digital	09856 4100, Pleasant Grove, Utah	3	0.6716	SHARED_STEM_OR_PREFIX
S1-16807998	Innovative Payment Digital	1202 Scottsboro Road, Unit C, Marion, IL	US	S2-707685241	Innovative Payment Concepts Corp	187-189 GROTON AVENUE, CORTLAND CDP, NY	7	0.1880	SHARED_STEM_OR_PREFIX
S1-16807998	Innovative Payment Digital	1202 Scottsboro Road, Unit C, Marion, IL	US	S2-190958633	Innovative Payment Solutions L.L.C.	#6050 SANDARIO RD, TUCSON, AZ	8	0.1880	SHARED_STEM_OR_PREFIX
S1-240050566	Frontier Holdings	216 Jefferson Pike, Lavergne, TN	US	S2-539842882	Frontier Holdings	##11566 FRONTIER DR, SAINT LOUIS, MO	5	0.2600	SHARED_STEM_OR_PREFIX
S1-240050566	Frontier Holdings	216 Jefferson Pike, Lavergne, TN	US	S2-971142106	Frontier  Holdings	1127-B CHANCELLOR WALK CT, VIRGINIA BEACH, VA	7	0.2600	SHARED_STEM_OR_PREFIX
S1-240050566	Frontier Holdings	216 Jefferson Pike, Lavergne, TN	US	S2-51186257	FRONTIER-HOLDINGS	655 HOLLAND RIDGE DR, TN, LAVERGNE	8	0.2600	SHARED_NAME_AND_LOCATION_TOKENS
S1-840622396	Gulf Kochav	1801 Baker Boulevard, Carthage, MO	US	S2-721436482	Gulf  Kochav	720-C TEXAS AVE, DATYON, OH	1	1.5317	SHARED_STEM_OR_PREFIX
S1-840622396	Gulf Kochav	1801 Baker Boulevard, Carthage, MO	US	S2-857839070	Gulf Kochav Llc | www.gulfkocha.com	239 1/2 PECAN PL, TEMPE, AZ	2	0.7430	SHARED_STEM_OR_PREFIX
S1-840622396	Gulf Kochav	1801 Baker Boulevard, Carthage, MO	US	S2-91015101	Gulf Kochav Clinic Commission	##1424 POWELLS TAVERN PLACE, PMB 7351, HERNDON, VA	3	0.7430	SHARED_STEM_OR_PREFIX
S1-840622396	Gulf Kochav	1801 Baker Boulevard, Carthage, MO	US	S3-832012381	Gulf Kochav Clinic Group	1429 Powells Tavern Pl, Fairfax County, Virginia	5	0.7430	SHARED_STEM_OR_PREFIX
S1-840622396	Gulf Kochav	1801 Baker Boulevard, Carthage, MO	US	S3-725168387	Gulf Kochav Inc	750 Sixth Street, New Albany, Indiana	6	0.7430	SHARED_STEM_OR_PREFIX
S1-840622396	Gulf Kochav	1801 Baker Boulevard, Carthage, MO	US	S2-571637613	gulfkochav.com	720-C TEXAS AVENUE, DATYON, OH	9	0.4501	SAME_GEOGRAPHY_AND_GENERIC_KEY
S1-840622396	Gulf Kochav	1801 Baker Boulevard, Carthage, MO	US	S3-102142073	gulfkochav.com	729 6rd Street, New Albany, Indiana	10	0.4501	SAME_GEOGRAPHY_AND_GENERIC_KEY
S1-130034572	Piedmont Alliance V PC	Weddington, 1224 Willow Oaks Trail, NC	US	S2-155507226	Piedmont Alliance	NE, OMAHA, 2411 100TH STRET	2	0.1491	SHARED_STEM_OR_PREFIX
S1-130034572	Piedmont Alliance V PC	Weddington, 1224 Willow Oaks Trail, NC	US	S2-72570160	Piedmont Alliance (Inc)	920 12TH ST, LOUISBURG, KS	3	0.1491	SHARED_STEM_OR_PREFIX
S1-130034572	Piedmont Alliance V PC	Weddington, 1224 Willow Oaks Trail, NC	US	S2-761881077	Piedmont Alliance Iv	SHORT BARK ROAD, TN, MADISONVILLE TOWNSHIP	5	0.1491	SHARED_STEM_OR_PREFIX
S1-130034572	Piedmont Alliance V PC	Weddington, 1224 Willow Oaks Trail, NC	US	S2-155281589	Piedmont Alliance Inc	4222 PRINCETON AVE, SPOKANE, WA	6	0.1491	SHARED_STEM_OR_PREFIX
S1-130034572	Piedmont Alliance V PC	Weddington, 1224 Willow Oaks Trail, NC	US	S2-505768561	Piedmont Alliance Incorporated	ELK GROVE, CA, 9000 LAGUNA PLACE WAY	8	0.1491	SHARED_STEM_OR_PREFIX
S1-130034572	Piedmont Alliance V PC	Weddington, 1224 Willow Oaks Trail, NC	US	S2-287269225	Piedmont Alliance	24 BEECHWOOD DR, COLONIE, NY	10	0.1491	SHARED_STEM_OR_PREFIX
S1-164072881	Bennett's Transport	46 Village Gate Boulevard, Delaware, OH	US	S3-326891788	Bennett's  (Transport)	11801 Laguna St, Wellton, Arizona	3	0.6895	SHARED_STEM_OR_PREFIX
S1-164072881	Bennett's Transport	46 Village Gate Boulevard, Delaware, OH	US	S3-198970565	Bennett'S Transport	31 Leoleis Drive, Marlborough, Massachusetts	5	0.6895	SHARED_STEM_OR_PREFIX
S1-164072881	Bennett's Transport	46 Village Gate Boulevard, Delaware, OH	US	S2-93211145	Bennett's Pefca Diagnostics LLC	124 WOODLAND AVE, WINNETTKA TOWNSHIP, IL	10	0.2951	SHARED_STEM_OR_PREFIX
S1-587645790	Bjr Impex Private Limited	C Block Jaldarourkela, Sundargarh, Orissa	India	S2-609836564	Bjr Impex Holdings Private Limited	Odisha, NO 16 C BLOCK JALDAROURKELA, SUNDARGARH	1	1.1292	SHARED_NAME_AND_LOCATION_TOKENS
S1-577250550	Pixels Public School	92/110, Nehru Place, New Delhi, South Delhi, Delhi	India	S2-568096363	PIXELS PUBLIC SCHOOL VENTURES	92/113, NEHRU PLACE, NEW DELHI, Delhi	2	1.3069	SHARED_NAME_AND_LOCATION_TOKENS
S1-577250550	Pixels Public School	92/110, Nehru Place, New Delhi, South Delhi, Delhi	India	S2-69361403	Pixel & Sons Holdings Ltd	DOOR NO 21 C/O PRAVENDRA KUMAR, 88 BADHAI KHURD, BADHAI KHURD, MUZAFFARNAGAR, MUZAFFARNAGAR, UTTAR PRADESH, INDIA, MUZAFFARNAGAR, Uttar Pradesh	5	0.2162	SAME_GEOGRAPHY_AND_GENERIC_KEY
S1-577250550	Pixels Public School	92/110, Nehru Place, New Delhi, South Delhi, Delhi	India	S2-583566993	Pixel  & Sos Limited	2ND FLOOR, 185/Y/9, 12TH MAIN ROAD, BANGALORE NORTH, Karnataka	8	0.2162	SAME_GEOGRAPHY_AND_GENERIC_KEY
S1-577250550	Pixels Public School	92/110, Nehru Place, New Delhi, South Delhi, Delhi	India	S2-180910752	pixelsons.com	उत्तर प्रदेश, C/O PRAVENDRA KUMAR, 88 BADHAI KHURD, BADHAI KHURD, MUZAFFARNAGAR, MUZAFFARNAGAR, UTTAR PRADESH, INDIA, MUZAFFARNAGAR	9	0.2162	SAME_GEOGRAPHY_AND_GENERIC_KEY
S1-487652257	Vedyne Detailing LLC	24W 740 Argyle Avenue, IL, Roselle	US	S2-39018940	vedyne detailing co	25474 GRASS LAKE RD, ANTIOCH, IL	3	0.8338	SHARED_NAME_AND_LOCATION_TOKENS
S1-487652257	Vedyne Detailing LLC	24W 740 Argyle Avenue, IL, Roselle	US	S3-11119890	Vedyne Detaialdigg LLC	1264 38th Avenue, Tuscaloosa, Alabama	8	0.4838	SHARED_STREET_OR_ADDRESS
S1-487652257	Vedyne Detailing LLC	24W 740 Argyle Avenue, IL, Roselle	US	S2-240525131	LLC Vedyne Detailing Lakeside	1269 38TH AVNEUE, TUSCALOOSA, AL	9	0.4212	SHARED_STEM_OR_PREFIX
S1-281725882	Chennai Developmentcompany Private Limited	No.4, Raniji Nagar Annex 1St Street, Madananthapuram, Porur, Chennai, Tamil Nadu	India	S2-148503000	CHENNAI DEVELOPERS LTD	715A, 7TH FLOOR, SPENCER PLAZA, SUITE #519, MOUNT ROAD, ANNA SALAI., CHENNAI, Tamil Nadu	6	0.1228	SHARED_NAME_AND_LOCATION_TOKENS
S1-281725882	Chennai Developmentcompany Private Limited	No.4, Raniji Nagar Annex 1St Street, Madananthapuram, Porur, Chennai, Tamil Nadu	India	S2-692600588	Chennai Developers Private Ltd	NO.1/175/6 , 1ST FLOOR 2ND STREET J J NAGAR MUGAPPAIR EAST, CHENNAI, Tamil Nadu	7	0.1228	SHARED_STREET_OR_ADDRESS
S1-281725882	Chennai Developmentcompany Private Limited	No.4, Raniji Nagar Annex 1St Street, Madananthapuram, Porur, Chennai, Tamil Nadu	India	S2-53599689	Chennai Developers Public Limited	Tamil Nadu, H.NO 96 FIRST FLOOR, NO.24, TAMILAR VEETHI CHOOLAIMEDU, CHENNAI	8	0.1228	SHARED_NAME_AND_LOCATION_TOKENS
S1-281725882	Chennai Developmentcompany Private Limited	No.4, Raniji Nagar Annex 1St Street, Madananthapuram, Porur, Chennai, Tamil Nadu	India	S2-365668162	Chennai Developers	FLAT NO:0015012, GROUNDFLOOR, B-23, PRESTIGE BELLAVISTA TOWER 15A, POONAMALLE HIGH ROAD, AYYAPP, ANTHANGAL, CHENNAI, Tamil Nadu	9	0.1228	SHARED_NAME_AND_LOCATION_TOKENS
S1-562163221	Good Constructions Limited	F-35A, S/F, Abul Fazal, Enclave Part 1 Jamia Nagar, Okhla, Char Minar Masjid, Delhi, South Delhi, Delhi	India	S2-825740556	GOOD CONSTRUCTIONS [LIMITED]	H.NO 597 , BASANTPUR SAINTLY NEAR BP, MURAD NAGAR, उत्तर प्रदेश	1	0.6087	SHARED_STREET_OR_ADDRESS
S1-562163221	Good Constructions Limited	F-35A, S/F, Abul Fazal, Enclave Part 1 Jamia Nagar, Okhla, Char Minar Masjid, Delhi, South Delhi, Delhi	India	S3-513060211	Good Constructions Limited	K-114, 3Rd Flr Kirti Nagar, West Delhi, DL	4	0.6087	SHARED_STREET_OR_ADDRESS
S1-562163221	Good Constructions Limited	F-35A, S/F, Abul Fazal, Enclave Part 1 Jamia Nagar, Okhla, Char Minar Masjid, Delhi, South Delhi, Delhi	India	S2-381691983	JAI FOUNDATION  LIMITED	Z-1 ABUL FAZAL ENCALVE-16, JAMIA NAGAR OKHLA, NEW DELHI, दिल्ली	9	0.1835	SHARED_STREET_OR_ADDRESS
S1-562163221	Good Constructions Limited	F-35A, S/F, Abul Fazal, Enclave Part 1 Jamia Nagar, Okhla, Char Minar Masjid, Delhi, South Delhi, Delhi	India	S2-403705445	JAI FURNITURE	Z-1. ABUL FAZAL ENCALVE-3, JAMIA NAGAR OKHLA, NEW DELHI, दिल्ली	10	0.1835	SHARED_STREET_OR_ADDRESS
S1-92502000	Gadin (India) Electricals Public Limited	30 Apaki Industrial Premises Co-Op Socy. Ltd., Sidhpura Ind Estate Masranilane, Mumbai, Mumbai City, Maharashtra	India	S2-566168081	GADIN GADIN &	HOUSE NO.4012 PRAGYA KUNJ SECTOR 4C VASUNDHRA, GHAZIABAD, Uttar Pradesh	4	0.1966	SHARED_STEM_OR_PREFIX
S1-92502000	Gadin (India) Electricals Public Limited	30 Apaki Industrial Premises Co-Op Socy. Ltd., Sidhpura Ind Estate Masranilane, Mumbai, Mumbai City, Maharashtra	India	S2-539777228	Gadin & Sóns Limited		5	0.0983	SHARED_STEM_OR_PREFIX
S1-92502000	Gadin (India) Electricals Public Limited	30 Apaki Industrial Premises Co-Op Socy. Ltd., Sidhpura Ind Estate Masranilane, Mumbai, Mumbai City, Maharashtra	India	S2-210451730	Gadin-& Sons Associates	HOUSE NO.4012 PRAGYA KUNJ SECTOR 4C VASUNDHRA, GHAZIABSD, Uttar Pradesh	7	0.0983	SHARED_STEM_OR_PREFIX
S1-92502000	Gadin (India) Electricals Public Limited	30 Apaki Industrial Premises Co-Op Socy. Ltd., Sidhpura Ind Estate Masranilane, Mumbai, Mumbai City, Maharashtra	India	S2-138956735	Gadin & Sons Ltd	HN G-725 RAMNAGAR BHAINSA, SAGAR, Madhya Pradesh	8	0.0983	SHARED_STEM_OR_PREFIX
S1-92502000	Gadin (India) Electricals Public Limited	30 Apaki Industrial Premises Co-Op Socy. Ltd., Sidhpura Ind Estate Masranilane, Mumbai, Mumbai City, Maharashtra	India	S2-709142211	GADIN &  SOBFNS LIMITED	HN G-725 RAMNAGAR BHAINSA, SAGAR, Madhya Pradesh	10	0.0983	SHARED_STEM_OR_PREFIX
S1-268149339	North Enterprises Private Limited	Bid, Vadvani, 360, Maharashtra, Khadaki Tq Dharur Beed	India	S2-728028284	North Enterprises Private Limited	DOOR NO 168 , PATTANDUR AGRAHARA, BANGALORE SOUTH, Karnataka	2	0.4500	SHARED_STEM_OR_PREFIX
S1-268149339	North Enterprises Private Limited	Bid, Vadvani, 360, Maharashtra, Khadaki Tq Dharur Beed	India	S2-538911360	North Enterprises Private Limited	7/40TILAK NAGAR KANPUR, UTTAR PRADESH, उत्तर प्रदेश	5	0.4500	SHARED_STEM_OR_PREFIX
S1-268149339	North Enterprises Private Limited	Bid, Vadvani, 360, Maharashtra, Khadaki Tq Dharur Beed	India	S3-818726307	NORTH ENTERPRISES PRIVATE LIMITED	Ghuntu, Block E-247 S. No. 588/2, Rajkot, GJ, Nr. Simpolo Ceramic Old Ghuntu Road, Tal. Morbi	8	0.4500	SHARED_STEM_OR_PREFIX
S1-268149339	North Enterprises Private Limited	Bid, Vadvani, 360, Maharashtra, Khadaki Tq Dharur Beed	India	S3-432520376	north enterprises private limited	10, Bele Park, Raviwar Peth, Nashik, MH	9	0.4500	SHARED_STEM_OR_PREFIX
S1-268149339	North Enterprises Private Limited	Bid, Vadvani, 360, Maharashtra, Khadaki Tq Dharur Beed	India	S3-703594707	North  Enterprises Private-Limited	Obeya Gusto, Bangalore South, Bangalore, KA	10	0.4500	SHARED_STEM_OR_PREFIX
S1-667406578	Miles and Wright	28 County Road 5100, Cleveland, TX	US	S2-258887098	Miles and Castrellon East Inc	0093 MIRRA DRIVE, GROTON, CT	2	0.4668	SHARED_STEM_OR_PREFIX
S1-667406578	Miles and Wright	28 County Road 5100, Cleveland, TX	US	S2-761849412	Miles And Martin Glen Cove	6 KEMP AVE, GLEN COEV, NY	4	0.4668	SHARED_STEM_OR_PREFIX
S1-667406578	Miles and Wright	28 County Road 5100, Cleveland, TX	US	S2-355917297	Miles and Wright Midtown LLC	47 COUNTY ROAD 5100, CLEVELAND, TX	6	0.4668	SHARED_STREET_OR_ADDRESS
S1-667406578	Miles and Wright	28 County Road 5100, Cleveland, TX	US	S2-619535087	Miles and-Tax Cayman	ROCKPORT, PALMETTO AVE, TX	7	0.4668	SHARED_NAME_AND_LOCATION_TOKENS
S1-667406578	Miles and Wright	28 County Road 5100, Cleveland, TX	US	S2-273747441	MILES  AND LEE (ID: 74903)	123ST AVENUE, GRAHAM, WA	9	0.4668	SHARED_STEM_OR_PREFIX
S1-667406578	Miles and Wright	28 County Road 5100, Cleveland, TX	US	S2-530638874	Miles and Spradling  LLC Services	56 KALORAMA ST, VENTURA TOWNSHIP, CA	10	0.4668	SHARED_STEM_OR_PREFIX
S1-908498505	LO Venture LLC	620 2nd Street, City Of Baraboo, WI	US	S2-961375979	LO VENTURE  LLC	55 Cedar Trails Ln, JACKS CREEK, TN	2	1.3264	SHARED_STEM_OR_PREFIX
S1-908498505	LO Venture LLC	620 2nd Street, City Of Baraboo, WI	US	S3-94823859	LO Venture (LLC)	00155 Cedar Trails Ln, Jacks Creek, Tennessee	4	1.3264	SHARED_STEM_OR_PREFIX
S1-908498505	LO Venture LLC	620 2nd Street, City Of Baraboo, WI	US	S2-352478417	LO Venture Southside LLC	625 2ND STREET, BARABOO, WI	6	0.8429	SHARED_STREET_OR_ADDRESS
S1-908498505	LO Venture LLC	620 2nd Street, City Of Baraboo, WI	US	S3-187824613	LO Venture Inc	176 Cedar Trails Lane, Tennessee, Jacks Creek	8	0.8429	SHARED_STEM_OR_PREFIX
S1-156883486	Gainey, Shanahan and Brown Chs Inc	604 Grand Lake Boulevard, West Chicago, IL	US	S2-815444916	Gainey Staffing	280 OAK DR, SYOSSSET CITY, NY	7	0.2211	SHARED_STEM_OR_PREFIX
S1-156883486	Gainey, Shanahan and Brown Chs Inc	604 Grand Lake Boulevard, West Chicago, IL	US	S2-97926790	Gainey, Lurleen,	9241 C AVE, HESPERIA, CA	10	0.2211	SHARED_STEM_OR_PREFIX
S1-231101064	Daisi Tate Ocean	922 Van Buren Avenue, Dixon, IL	US	S2-916039043	Daisi Trzeciak Worldwide	12 ANDERSON AVE, UTICA, OH	4	0.3634	SHARED_STEM_OR_PREFIX
S1-231101064	Daisi Tate Ocean	922 Van Buren Avenue, Dixon, IL	US	S2-984421933	Daisi's (Hóldings)	1581 ELMORE AVE, COLUMBUS, OH	6	0.0784	SHARED_STEM_OR_PREFIX
S1-231101064	Daisi Tate Ocean	922 Van Buren Avenue, Dixon, IL	US	S2-675495815	DAISI'S L.L.C.-RECRUITING	ALLBANY, NY, 22- PARK LANE	7	0.0784	SHARED_STEM_OR_PREFIX
S1-231101064	Daisi Tate Ocean	922 Van Buren Avenue, Dixon, IL	US	S2-71905244	STEVENS0N, DAISI CERTIFIED FAMILY PRACTICE INC	3252 WICKLOW RD, COLUMBUS, OH	8	0.0784	SHARED_STEM_OR_PREFIX
S1-372903225	Elevate Professional Center	74B, Lowther Road, Allahabad, Uttar Pradesh	India	S2-105395167	Elevate Professional Private	G-355 , 1 FLOOR, CHELKERE, 2ND CROSS, BESCOM OFFICE, BANGALORE NORTH, ಕರ್ನಾಟಕ	2	0.6349	SHARED_STEM_OR_PREFIX
S1-372903225	Elevate Professional Center	74B, Lowther Road, Allahabad, Uttar Pradesh	India	S3-664561222	Elevate Professional of Jaipur Exports LLP	F-366, Sector Road, James, Colony, Nrappolloapartment, Jaipur, राजस्थान	5	0.6349	SHARED_STREET_OR_ADDRESS
S1-372903225	Elevate Professional Center	74B, Lowther Road, Allahabad, Uttar Pradesh	India	S3-157858480	Elevate Professional of	F-364, Sector Road, James, Colony, Nrappolloapartment, Jaipur, राजस्थान	7	0.6349	SHARED_STREET_OR_ADDRESS
S1-372903225	Elevate Professional Center	74B, Lowther Road, Allahabad, Uttar Pradesh	India	S3-199007935	Elevate  Professional Private Limited	No 355, 1 Floor, Chelkere, 2Nd Cross, Bescom Office, Bangalore North, Bangalore, KA	9	0.6349	SHARED_STEM_OR_PREFIX
S1-621386822	Anand Impex Private Limited	15 809 Mhb Colony Kher Nagar, Bandra East M, Mumbai City, Maharashtra	India	S2-596209929	Anand Impex Private-Limited	288, INDUSTRIAL ESTATE, ELLAPPAN STREET, COIMBATORE SOUTH, Tamil Nadu	2	0.6194	SHARED_STEM_OR_PREFIX
S1-621386822	Anand Impex Private Limited	15 809 Mhb Colony Kher Nagar, Bandra East M, Mumbai City, Maharashtra	India	S2-834796227	anand impex private limited	WZ-1661, NANGAL RAYA, <NULL>, दिल्ली	3	0.6194	SHARED_STEM_OR_PREFIX
S1-621386822	Anand Impex Private Limited	15 809 Mhb Colony Kher Nagar, Bandra East M, Mumbai City, Maharashtra	India	S2-480699991	Anand Impex Private Limited	ROOM NO-A.303, JYOTI APARTMENT, NARAYAN NAGAR, MUMBRA, THANE, Maharashtra	5	0.6194	SHARED_STREET_OR_ADDRESS
S1-621386822	Anand Impex Private Limited	15 809 Mhb Colony Kher Nagar, Bandra East M, Mumbai City, Maharashtra	India	S2-237349275	Anand Impex Private Limited	G-1234 A, PLOT B, 12TH FLOOR, LODHA SUPREMUS, BUSINESS DISTRICT 2, KOLSHET, THANE, Maharashtra	7	0.6194	SHARED_NAME_AND_LOCATION_TOKENS
S1-621386822	Anand Impex Private Limited	15 809 Mhb Colony Kher Nagar, Bandra East M, Mumbai City, Maharashtra	India	S3-794109209	anand impex private limited	Adri Block No.28, Somanathanagar Dattagalli, Mysore, KA, Mysuru, No.g-04	8	0.6194	SHARED_STEM_OR_PREFIX
S1-621386822	Anand Impex Private Limited	15 809 Mhb Colony Kher Nagar, Bandra East M, Mumbai City, Maharashtra	India	S3-179286633	Anand Impex Private Limited	B-a-12, Jaipur, Chandpole Anaj Mandi, RJ	9	0.6194	SHARED_STEM_OR_PREFIX
S1-621386822	Anand Impex Private Limited	15 809 Mhb Colony Kher Nagar, Bandra East M, Mumbai City, Maharashtra	India	S3-299932512	Anand Impex Private Limited	#600 125/22, KL, Kollam	10	0.6194	SHARED_STEM_OR_PREFIX
S1-238012566	Baldwin Superior Farms LLC	5016 85, New Salem, ND	US	S3-199409591	Baldwin Superior Farms North LLC	New Salem, North Dakota, 5025 85	4	0.5450	SHARED_NAME_AND_LOCATION_TOKENS
S1-238012566	Baldwin Superior Farms LLC	5016 85, New Salem, ND	US	S2-186193638	Baldwin Strategic LLC Center	1831 APACHE BOULEVARD, TEMPE, AZ	5	0.1388	SHARED_STEM_OR_PREFIX
S1-238012566	Baldwin Superior Farms LLC	5016 85, New Salem, ND	US	S2-575639466	Baldwin Sbr Innovations Inc	306 FIRST STREET, PROOSPER, TX	6	0.1388	SHARED_STEM_OR_PREFIX
S1-238012566	Baldwin Superior Farms LLC	5016 85, New Salem, ND	US	S2-400156183	baldwin star innovations llc	5712 NOLAND ROAD, PRINCE WILLIAM COUNTY, VA	7	0.1388	SHARED_STEM_OR_PREFIX
S1-238012566	Baldwin Superior Farms LLC	5016 85, New Salem, ND	US	S2-768086730	Baldwin Ssthfr Innovations-LLC		8	0.1388	SHARED_STEM_OR_PREFIX
S1-238012566	Baldwin Superior Farms LLC	5016 85, New Salem, ND	US	S2-130736319	Baldwin Star Innovations [LLC]	1567 1/2 BROAD ST, COLUMBUS, OH	9	0.1388	SHARED_STEM_OR_PREFIX
S1-238012566	Baldwin Superior Farms LLC	5016 85, New Salem, ND	US	S2-668894286	Baldwin Star Innovations LLC	2067 APA RD, POINT ROBERTS, WA	10	0.1388	SHARED_STEM_OR_PREFIX
S1-96384915	Urban Agro LLP	C/O Shree Chand, Vill Maithna Inder Singh, Meerut, Uttar Pradesh	India	S2-43615368	Urban Agro L.L.P.	288, RASH BEHARI AVENUE, KOLKATA KOLKATA WB, KOLKATA, KOLKATA, West Bengal	2	0.8858	SHARED_STEM_OR_PREFIX
S1-96384915	Urban Agro LLP	C/O Shree Chand, Vill Maithna Inder Singh, Meerut, Uttar Pradesh	India	S2-890800252	URBAN AGRO PRIVATE LIMITED	FLAT NO. 105, IST FLOOR, DIAMOND RESIDENCY, JHOTWARA, JAIPUR, राजस्थान	6	0.4405	SHARED_STEM_OR_PREFIX
S1-96384915	Urban Agro LLP	C/O Shree Chand, Vill Maithna Inder Singh, Meerut, Uttar Pradesh	India	S2-230277522	URBAN AGRO  LTD	NO. 8-2-293/82/A/519/H/1, ROAD NO. 28, SHAIKPET, తెలంగాణ	7	0.4405	SHARED_STEM_OR_PREFIX
S1-96384915	Urban Agro LLP	C/O Shree Chand, Vill Maithna Inder Singh, Meerut, Uttar Pradesh	India	S2-829515670	Urban Agro Private	H.NO 632 HOUSE NO. 22, BLOCK-C, SECOND FLOOR, SOUTH CITY-1, GURGAON, हरियाणा	9	0.4405	SHARED_NAME_AND_LOCATION_TOKENS
S1-307702274	Da (India) Agro Limited	Flat No 1703, Brighton Tower, 2Nd Cross Lane, Lokhandwala Complex, Mumbai, Maharashtra	India	S2-652515903	Da (India)  Agritech Private Limited	C-08-9, 8TH FLOOR, PALM SPRING PLAZA, GOLF COURSE ROAD, SECTOR -45, Haryana	6	0.6308	SHARED_STEM_OR_PREFIX
S1-307702274	Da (India) Agro Limited	Flat No 1703, Brighton Tower, 2Nd Cross Lane, Lokhandwala Complex, Mumbai, Maharashtra	India	S2-473307752	DA (INDIA) INDIA PVT	B/1, 1305, LOK EVEREST J.S.D ROAD, MULUND (WEST), MUMBAI, Maharashtra	10	0.3449	SHARED_NAME_AND_LOCATION_TOKENS
S1-933356469	Agasti & Sons	Bangalore, Unit-G2 Ground Floor, Karnataka, No. 35/1 And 35/2 Sgr Dental College Main Road, Munnekolal	India	S2-374499391	Agasti Borthers Pvt. Ltd.	05/479, MOHALLA MAHARAM SHAHDARA, DELHI, दिल्ली	3	0.2458	SHARED_STEM_OR_PREFIX
S1-933356469	Agasti & Sons	Bangalore, Unit-G2 Ground Floor, Karnataka, No. 35/1 And 35/2 Sgr Dental College Main Road, Munnekolal	India	S2-871037619	Agasti Himghar Limited Services	G.NO 767, A/P KODIT BK, PURANDHAR, PUNE, Maharashtra	4	0.2458	SHARED_NAME_AND_LOCATION_TOKENS
S1-933356469	Agasti & Sons	Bangalore, Unit-G2 Ground Floor, Karnataka, No. 35/1 And 35/2 Sgr Dental College Main Road, Munnekolal	India	S2-198910186	Agasti India Public	C/O KALIM KHAN, NEAR VARVEL STATION ROAD, P.O-BARAKAR, BARDWAN, West Bengal	5	0.2458	SHARED_STREET_OR_ADDRESS
S1-933356469	Agasti & Sons	Bangalore, Unit-G2 Ground Floor, Karnataka, No. 35/1 And 35/2 Sgr Dental College Main Road, Munnekolal	India	S2-153517359	Agasti Ágritech	NANDADEEP C.T.S. NO. 767/11, FINAL PLOT NO. 242/11 NR. DECCAN GYMKHANA, SHIVAJINAGAR, PUNE, Maharashtra	8	0.2458	SHARED_NAME_AND_LOCATION_TOKENS
S1-933356469	Agasti & Sons	Bangalore, Unit-G2 Ground Floor, Karnataka, No. 35/1 And 35/2 Sgr Dental College Main Road, Munnekolal	India	S2-411955403	Agasti Agritech Public Limited	NANDADEEP C.T.S. NO. 767/16, FINAL PLOT NO. 242/11 NR. DECCAN GYMKHANA, SHIVAJINAGAR, PUNE, Maharashtra	9	0.2458	SHARED_NAME_AND_LOCATION_TOKENS
S1-164830224	Reliable Ameren	902 Ocean Avenue, West Haven, CT	US	S3-804039293	MCDANIEL, RATHBUN & & DUFORD BARIN6S	902 Ocean Drive, Bethany Beach, Delaware	8	0.2500	SAME_GEOGRAPHY_AND_GENERIC_KEY
S1-164830224	Reliable Ameren	902 Ocean Avenue, West Haven, CT	US	S3-139628151	Mcdaniel, Rathbun +  Duford Barings	902 Ocean Drive, Bethany Beach, Delaware	9	0.2500	SAME_GEOGRAPHY_AND_GENERIC_KEY
S1-100405609	Capital Network III LLC	3216 Frinks Street, Raleigh, NC	US	S2-215164855	Capital Network	75  BOND STREET, BATESVILLE, AR	5	0.2650	SHARED_STREET_OR_ADDRESS
S1-100405609	Capital Network III LLC	3216 Frinks Street, Raleigh, NC	US	S2-928725539	Capital Network West	MADISON TWP, OH, 032 RIDGE RD	6	0.2650	SHARED_STEM_OR_PREFIX
S1-100405609	Capital Network III LLC	3216 Frinks Street, Raleigh, NC	US	S2-964914847	Capital Network	2454 Arlington Ave, ABINGTON TOWNSHIP, PA	9	0.2650	SHARED_STEM_OR_PREFIX
S1-100405609	Capital Network III LLC	3216 Frinks Street, Raleigh, NC	US	S2-298407784	Capital Network	19631- MARINE VIEW DR, NORMANDY PARK, WA	10	0.2650	SHARED_STEM_OR_PREFIX
S1-234407650	Choice Iron LLC	KS, Sedgwick, Fl 0, 11750 Ridge Road	US	S2-782293071	Choice Iron Works Clinic	775 130TH STREET COUNTY ROAD PP, AMERY, WI	2	0.5602	SHARED_STREET_OR_ADDRESS
S1-234407650	Choice Iron LLC	KS, Sedgwick, Fl 0, 11750 Ridge Road	US	S2-770547479	Choice Iron Inc Services #45428	GREENWICH, 4 DOGWOOD LANE, CT	3	0.5602	SHARED_STEM_OR_PREFIX
S1-234407650	Choice Iron LLC	KS, Sedgwick, Fl 0, 11750 Ridge Road	US	S2-358879721	Choice Iron Works		4	0.5602	SHARED_STEM_OR_PREFIX
S1-234407650	Choice Iron LLC	KS, Sedgwick, Fl 0, 11750 Ridge Road	US	S3-186153480	Choice Iron Clinic Works	775 130th Street County Road Pp, Amery, Wisconsin	8	0.5602	SHARED_STREET_OR_ADDRESS
S1-725482440	Guru International Private Limited	Plot No - D-13/5, 13/6 13/7 Ttc Indl Area Turbhe, Navi Mumbai, Thane, Maharashtra	India	S2-652543015	Guru International Private  Limited	801, 8TH FLOOR, SWAGAT BUILDING, C.G. ROAD, NAVRANGPURA, AHEMDABAD, Gujarat	2	0.4805	SHARED_STEM_OR_PREFIX
S1-725482440	Guru International Private Limited	Plot No - D-13/5, 13/6 13/7 Ttc Indl Area Turbhe, Navi Mumbai, Thane, Maharashtra	India	S2-466409532	*** Guru  International Private Limited	VILL BAMETA GHAZIABADB, GHAZIABAD, Uttar Pradesh	3	0.4805	SHARED_STEM_OR_PREFIX
S1-725482440	Guru International Private Limited	Plot No - D-13/5, 13/6 13/7 Ttc Indl Area Turbhe, Navi Mumbai, Thane, Maharashtra	India	S3-16020239	Guru International Private  Limited	#12 Rps Flat F/f Madangir, South Delhi, New Delhi, DL	5	0.4805	SHARED_STEM_OR_PREFIX
S1-725482440	Guru International Private Limited	Plot No - D-13/5, 13/6 13/7 Ttc Indl Area Turbhe, Navi Mumbai, Thane, Maharashtra	India	S3-455459682	Guru International Private [Limited]	60/2 Lake Rd, Kolkata, WB	6	0.4805	SHARED_STEM_OR_PREFIX
S1-725482440	Guru International Private Limited	Plot No - D-13/5, 13/6 13/7 Ttc Indl Area Turbhe, Navi Mumbai, Thane, Maharashtra	India	S3-916086886	Guru International-Private Limited	Shriji Krupa, Rajkot, GJ	8	0.4805	SHARED_STEM_OR_PREFIX
S1-725482440	Guru International Private Limited	Plot No - D-13/5, 13/6 13/7 Ttc Indl Area Turbhe, Navi Mumbai, Thane, Maharashtra	India	S3-821290025	Guru International Private  (Limited)	801, Ahemdabad, Ahmedabad, GJ	10	0.4805	SHARED_STEM_OR_PREFIX
S1-192345497	Wildlife Center	7 Demar Road, Lexington, MA	US	S2-211858737	Wildlife Center	UNION AVENUE, TULSA, OK	6	0.1916	SHARED_STEM_OR_PREFIX
S1-192345497	Wildlife Center	7 Demar Road, Lexington, MA	US	S2-951528999	WILDLIFE CENTER	4 OLD HARBOR LANE, BRANSON, MO	7	0.1916	SHARED_STEM_OR_PREFIX
S1-192345497	Wildlife Center	7 Demar Road, Lexington, MA	US	S2-139721269	Wildlife Center	4725-4727 LYNN ROAD, MEMPHIS CITY, TN	8	0.1916	SHARED_STREET_OR_ADDRESS
S1-622515318	City Food Private Limited	Telangana, K.V.Rangareddy, Serilingampally, Fno B 305 3Rd Floor, Ramky One Kosmos	India	S2-908682366	City Food Private  Limited	SHOP B/108- TO 113, F. F., NEELKANTH PARK II, B/S NEELKANTH PARK I, OPP GHODA CAMP SHAHIBA, UG, AHMEDABAD, Gujarat	1	0.7778	SHARED_NAME_AND_LOCATION_TOKENS
S1-622515318	City Food Private Limited	Telangana, K.V.Rangareddy, Serilingampally, Fno B 305 3Rd Floor, Ramky One Kosmos	India	S2-163040146	City Food Private Limited	NO #107 , F. F. PLOT NO. 9, L. S. C. SRESHTHA VIHAR, ESAT DELHI, Delhi	2	0.7778	SHARED_STEM_OR_PREFIX
S1-622515318	City Food Private Limited	Telangana, K.V.Rangareddy, Serilingampally, Fno B 305 3Rd Floor, Ramky One Kosmos	India	S3-189842571	City Food Private Limited	M/mig-261, Ram Nagar, Lda Colony, Lucknow, उत्तर प्रदेश	3	0.7778	SHARED_STEM_OR_PREFIX
S1-622515318	City Food Private Limited	Telangana, K.V.Rangareddy, Serilingampally, Fno B 305 3Rd Floor, Ramky One Kosmos	India	S3-925687815	City Food Private (Limited)	No C-111, Mumbai, Mumbai City, MH	5	0.7778	SHARED_STEM_OR_PREFIX
S1-622515318	City Food Private Limited	Telangana, K.V.Rangareddy, Serilingampally, Fno B 305 3Rd Floor, Ramky One Kosmos	India	S3-229245476	city food private limited	D-242 Office No S 10B, Sector 63, Gautam Buddha Nagar, Noida, UP	7	0.7778	SHARED_STEM_OR_PREFIX
S1-622515318	City Food Private Limited	Telangana, K.V.Rangareddy, Serilingampally, Fno B 305 3Rd Floor, Ramky One Kosmos	India	S2-108995083	City Food Private Límited	CO MO AKRAM HNO. 361 VILL, MOHARKA, NEAR NEW MASJID, DHANAURA, Uttar Pradesh	9	0.4015	SHARED_STEM_OR_PREFIX
S1-622515318	City Food Private Limited	Telangana, K.V.Rangareddy, Serilingampally, Fno B 305 3Rd Floor, Ramky One Kosmos	India	S2-334067190	City Food Private (Limited) #68557	Delhi, SHOP NO-209, PLOT NO 8, 2ND FLOOR, SACHDEVA TOWER, COMMUNITY CENTER, SEC-8, ROHINI, NEW DELHI	10	0.4015	SHARED_STREET_OR_ADDRESS
S1-59409377	Alyss Lopez Dbdr Corp	2220 Jackson Avenue, Hempstead, NY	US	S2-28841666	Alyss Lopez  Dbdr Partners	543 COUNTY RD 637, ETOWAH, TN	1	0.7310	SHARED_STEM_OR_PREFIX
S1-59409377	Alyss Lopez Dbdr Corp	2220 Jackson Avenue, Hempstead, NY	US	S2-374603281	>> Alyss Lopez Dbdr, L.L.C.	SHOREWOOD, 588 PRESTWICK COURT, MN	3	0.7310	SHARED_STEM_OR_PREFIX
S1-59409377	Alyss Lopez Dbdr Corp	2220 Jackson Avenue, Hempstead, NY	US	S2-7244714	Alyss Lopez LLC Partners	7064 PINE MOUNTAIN CIR, GARDENDALE, AL	5	0.7310	SHARED_STEM_OR_PREFIX
S1-59409377	Alyss Lopez Dbdr Corp	2220 Jackson Avenue, Hempstead, NY	US	S3-906773875	Alyss  Lopez Management PC	543 County Rd 637, Etowah, Tennessee	7	0.7310	SHARED_STEM_OR_PREFIX
S1-59409377	Alyss Lopez Dbdr Corp	2220 Jackson Avenue, Hempstead, NY	US	S3-906551356	Alyss Lopez LLC Service	3750 Douglass Avenue, Tennessee, Memphis	8	0.7310	SHARED_STREET_OR_ADDRESS
S1-319952925	Pinnacle Federal Lionheart Inc	1785 Vizaleea Drive, Dubuque, IA	US	S2-967850484	Pinnacle Federal Aurora Partners Co	4458-A PARK FOREST COURT, PMB 1872, INDIANAPOLIS, IN	5	0.2064	SHARED_STEM_OR_PREFIX
S1-319952925	Pinnacle Federal Lionheart Inc	1785 Vizaleea Drive, Dubuque, IA	US	S2-957599031	Pinnacle Federal	2108 BEL AYR DRIVE, CITY OF WAUKESHA, WI	9	0.2064	SHARED_STREET_OR_ADDRESS
S1-319952925	Pinnacle Federal Lionheart Inc	1785 Vizaleea Drive, Dubuque, IA	US	S2-192300658	PINNACLE  FEDERAL	21 VAUGHNS GAP ROAD, NASHVILLE, TN	10	0.2064	SHARED_STEM_OR_PREFIX
S1-111867989	Sujal Technologies Company	G-1, Akruti Height Road No.3 Rajendra Nagar, R Nagar, Patna, Bihar	India	S2-814452803	Sujal Technologies (India) Pvt	VILLA NO. 67, CASA GRANDE PALLAGIO, KAMARAJ STREET, THORAIPAKKAM, CHENNAI, KANCHIPURAM, Tamil Nadu	2	0.8902	SHARED_NAME_AND_LOCATION_TOKENS
S1-111867989	Sujal Technologies Company	G-1, Akruti Height Road No.3 Rajendra Nagar, R Nagar, Patna, Bihar	India	S2-57676509	Sujal Technologies (India) Pvt Ltd.	VILLA NO. 67, CASA GRANDE PALLAGIO, KAMARAJ STREET, THORAIPAKKAM, CHENNAI, KANCHIPURAM, Tamil Nadu	4	0.8902	SHARED_NAME_AND_LOCATION_TOKENS
S1-111867989	Sujal Technologies Company	G-1, Akruti Height Road No.3 Rajendra Nagar, R Nagar, Patna, Bihar	India	S2-159066538	Sujal Technologies (India) Ltd Pvt - 5727052801	VILLA NO. 67, CASA GRANDE PALLAGIO, KAMARAJ STREET, THORAIPAKKAM, CHENNAI, KANCHIPURAM, Tamil Nadu	5	0.8902	SHARED_NAME_AND_LOCATION_TOKENS
S1-111867989	Sujal Technologies Company	G-1, Akruti Height Road No.3 Rajendra Nagar, R Nagar, Patna, Bihar	India	S3-167064822	Sujal Technologies (Idndg) Pvt Ltd	Villa No. 87, Kanchipuram, தமிழ்நாடு	6	0.8902	SHARED_NAME_AND_LOCATION_TOKENS
S1-111867989	Sujal Technologies Company	G-1, Akruti Height Road No.3 Rajendra Nagar, R Nagar, Patna, Bihar	India	S3-864976156	Sujal Technologies Group	Hig B Type No. 86, Sector A, Vidhya Nagar, Huzur, Bhojpur, MP	7	0.8902	SHARED_STREET_OR_ADDRESS
S1-111867989	Sujal Technologies Company	G-1, Akruti Height Road No.3 Rajendra Nagar, R Nagar, Patna, Bihar	India	S3-753337854	Sujal Limited Private Technologies	Hig B Type No. 84, Huzur, Bhopal, MP	10	0.3810	SHARED_NAME_AND_LOCATION_TOKENS
S1-580992307	Creative Baba It Private Limited	D220, S/Floor Defence Colony, New Delhi, South Delhi, Delhi	India	S3-428677418	Creative Baba Foods Private  Limited	105, K.v.rangareddy, TG	5	0.3161	SHARED_STEM_OR_PREFIX
S1-580992307	Creative Baba It Private Limited	D220, S/Floor Defence Colony, New Delhi, South Delhi, Delhi	India	S3-129437014	Creative Baba Projects-Ltd	H.no 4-110, Opp Water Tank, Dondapadu, S V Peta Post, Eluru, West Godavari, AP	8	0.3161	SHARED_NAME_AND_LOCATION_TOKENS
S1-684624531	Raj Global Private Limited	C/O Lhadom Wangdi, Patel Road, Behind Sn Bose, Siliguri, Darjiling, Darjeeling, West Bengal	India	S2-718031918	Raj Global Private (Limited)	091, ZAKIR BAGH, NEW DELHI, Delhi	2	0.8049	SHARED_STEM_OR_PREFIX
S1-684624531	Raj Global Private Limited	C/O Lhadom Wangdi, Patel Road, Behind Sn Bose, Siliguri, Darjiling, Darjeeling, West Bengal	India	S2-967086218	Raj  Global Private Limited		5	0.8049	SHARED_STEM_OR_PREFIX
S1-684624531	Raj Global Private Limited	C/O Lhadom Wangdi, Patel Road, Behind Sn Bose, Siliguri, Darjiling, Darjeeling, West Bengal	India	S2-191211374	Raj Global Private  Limited	DC-2-2003, 20TH FLOOR, SUPERTECH ECO VILLAGE I, NOIDA, Uttar Pradesh	6	0.8049	SHARED_STEM_OR_PREFIX
S1-684624531	Raj Global Private Limited	C/O Lhadom Wangdi, Patel Road, Behind Sn Bose, Siliguri, Darjiling, Darjeeling, West Bengal	India	S3-859408849	Raj Global Private Limited	R-23-d Dilshad Garden, Delhi, DL, East Delhi	7	0.8049	SHARED_STEM_OR_PREFIX
S1-684624531	Raj Global Private Limited	C/O Lhadom Wangdi, Patel Road, Behind Sn Bose, Siliguri, Darjiling, Darjeeling, West Bengal	India	S3-567049111	Raj-Global Private Limited	B10-002 Nirala Aspire Ph2, Gautam Buddha Nagar, UP	8	0.8049	SHARED_STEM_OR_PREFIX
S1-684624531	Raj Global Private Limited	C/O Lhadom Wangdi, Patel Road, Behind Sn Bose, Siliguri, Darjiling, Darjeeling, West Bengal	India	S2-684864136	RAJ GLOBAL	Maharashtra, G-01, MADINA COMPLEX, DAULAT NAGAR, KAUSA, MUMBRA. THANE, THANE	10	0.4435	SHARED_STEM_OR_PREFIX
S1-744424482	Nelson Classic Ship Inc	4715 Overview Drive, Fayetteville, NC	US	S3-32913575	NELSON CLASSIC SHIP INC	001929 Cone Street, Toledo, Ohio, PMB 5025	1	1.0860	SHARED_STEM_OR_PREFIX
S1-744424482	Nelson Classic Ship Inc	4715 Overview Drive, Fayetteville, NC	US	S3-933426039	Nelson Classic SHIP INC	001929 Cone Street, PMB 5025, Toledo, Ohio	2	1.0860	SHARED_STEM_OR_PREFIX
S1-744424482	Nelson Classic Ship Inc	4715 Overview Drive, Fayetteville, NC	US	S2-97095074	NELSON CLEAR ELECTRICAL SOUTHSIDE LLC	2041 ESES LN, COLUMBIA, TN	7	0.1976	SHARED_STEM_OR_PREFIX
S1-744424482	Nelson Classic Ship Inc	4715 Overview Drive, Fayetteville, NC	US	S2-550130352	Nelson, Cltter & Krawczyk P.C.	005449 E VIEW PARK, CHICAGO, IL	9	0.1976	SHARED_STEM_OR_PREFIX
S1-744424482	Nelson Classic Ship Inc	4715 Overview Drive, Fayetteville, NC	US	S2-447111681	Nelson Cleaning Service Inc	123- LN 447 LK JAMES, ANGOLA, IN	10	0.1976	SHARED_STEM_OR_PREFIX
S1-160617128	Winners Marketing Private Limited	Kh. No. 26/12/1 Ground Floor, Shahbad Daulatpur, Delhi, North West Delhi, Delhi	India	S2-905106851	PRIVATE WINNERS LIMITED MARKETING	DOOR NO 834 HD208, 264-265, WEWORK, VASWANICHAMBERS, DRANNIERD, MUMBAI, Maharashtra	5	0.4469	SHARED_NAME_AND_LOCATION_TOKENS
S1-160617128	Winners Marketing Private Limited	Kh. No. 26/12/1 Ground Floor, Shahbad Daulatpur, Delhi, North West Delhi, Delhi	India	S3-784494921	Private Winners Marketing Group Limited	Hd229, Mumbai, MH	6	0.4469	SHARED_STEM_OR_PREFIX
S1-160617128	Winners Marketing Private Limited	Kh. No. 26/12/1 Ground Floor, Shahbad Daulatpur, Delhi, North West Delhi, Delhi	India	S2-673306622	Winners Winners Atelier Pivate Limited		7	0.2509	SHARED_STEM_OR_PREFIX
S1-160617128	Winners Marketing Private Limited	Kh. No. 26/12/1 Ground Floor, Shahbad Daulatpur, Delhi, North West Delhi, Delhi	India	S2-363900987	Winners Winners Risk Overseas Pordvte Limited	F NO. 422, P NO 60, JANAK VIHAR, BHASKAR RES., JAIPUR, राजस्थान	8	0.2509	SHARED_NAME_AND_LOCATION_TOKENS
S1-160617128	Winners Marketing Private Limited	Kh. No. 26/12/1 Ground Floor, Shahbad Daulatpur, Delhi, North West Delhi, Delhi	India	S2-65462781	winners atelier private limited	62, MUNICIPLE ESTATE, WORLI, MUMBAI, MUMBAI, Maharashtra	9	0.1780	SHARED_STEM_OR_PREFIX
S1-388951829	Bastion Japan Ltd	422 165th Street Court, Spanaway, WA	US	S2-23806641	Bastion Jersey,	VAIL, AZ, 0010578 OBSERVATORY DRIVE	3	0.3167	SHARED_STEM_OR_PREFIX
S1-388951829	Bastion Japan Ltd	422 165th Street Court, Spanaway, WA	US	S3-602669715	Bastion Jeso, Corp	10564 Observatory Drive, Vail, Arizona	4	0.3167	SHARED_STEM_OR_PREFIX
S1-388951829	Bastion Japan Ltd	422 165th Street Court, Spanaway, WA	US	S3-355901495	Bastion Jersey,	10578 1/2 Observatory Dr, Vail, Arizona	5	0.3167	SHARED_STEM_OR_PREFIX
S1-502282153	Garland's Diamond Catering Inc	1402 Ravencrest Apts, Frankfort, KY	US	S2-124713452	Garland's United  Environmental Service	1322 EUCLID AVENUE, ATLANTA, GA	4	0.3660	SHARED_STEM_OR_PREFIX
S1-502282153	Garland's Diamond Catering Inc	1402 Ravencrest Apts, Frankfort, KY	US	S2-559034061	Garland's Safe Development Co	534 LEBAUM STREET, WASHINGTON, DC	5	0.3660	SHARED_STEM_OR_PREFIX
S1-502282153	Garland's Diamond Catering Inc	1402 Ravencrest Apts, Frankfort, KY	US	S2-379306063	Garland's-Brokerage	21 SOMERVILLE AVE, TONAWANDA CDP, NY	6	0.3660	SHARED_STEM_OR_PREFIX
S1-502282153	Garland's Diamond Catering Inc	1402 Ravencrest Apts, Frankfort, KY	US	S2-423847877	Garland's Modern Architecture P.L.L.C.	1911 Maple Street, ELLIS, KS	7	0.3660	SHARED_STEM_OR_PREFIX
S1-554328643	A Complete Gen LLC	1225 Providence Terrace, Fairfax County, VA	US	S2-961790334	A Complete  Becoahrmaeculticals LLC	879-883 CHURCH SAINT, SKNEATELES, NY	4	0.3439	SHARED_STEM_OR_PREFIX
S1-554328643	A Complete Gen LLC	1225 Providence Terrace, Fairfax County, VA	US	S2-857418665	A Complete-Bdc		5	0.3439	SHARED_STEM_OR_PREFIX
S1-554328643	A Complete Gen LLC	1225 Providence Terrace, Fairfax County, VA	US	S2-941412201	A COMPLETE LP CENTER	24 ELM ST, BELFATS, ME	6	0.3439	SHARED_STEM_OR_PREFIX
S1-554328643	A Complete Gen LLC	1225 Providence Terrace, Fairfax County, VA	US	S2-960767140	A  Complete Homecare Partners	724 Crosscreek Trail, PELHAM, AL	7	0.3439	SHARED_STEM_OR_PREFIX
S1-554328643	A Complete Gen LLC	1225 Providence Terrace, Fairfax County, VA	US	S2-932170144	A Complete Indonesia Eastgate	677 BRUNSWICK ROAD, BRUNSWICK, NY	8	0.3439	SHARED_STEM_OR_PREFIX
S1-554328643	A Complete Gen LLC	1225 Providence Terrace, Fairfax County, VA	US	S2-306065849	A Complete  Trtgamn (ID: 78417)	2449 Chestnut Avenue, NORRISTOWN CDP, PA	10	0.3439	SHARED_STEM_OR_PREFIX
S1-959189311	Allied Pembina	Nashville, 519 Yokley Road, TN	US	S2-184876079	Allied Pembina LLC	TN, NASHVILLE, 540-544 YOKLEY ROAD	1	0.5833	SHARED_STREET_OR_ADDRESS
S1-959189311	Allied Pembina	Nashville, 519 Yokley Road, TN	US	S3-107014678	Allied Pembina Silver	Providence Ridge Court, Chesterfield County, Virginia	3	0.5833	SHARED_STEM_OR_PREFIX
S1-959189311	Allied Pembina	Nashville, 519 Yokley Road, TN	US	S2-892960742	Lyraru Amicras	TN, NASHVILLE, 519 HERITAGE DR	4	0.4732	SAME_GEOGRAPHY_AND_GENERIC_KEY
S1-959189311	Allied Pembina	Nashville, 519 Yokley Road, TN	US	S2-45508951	Allied Peak  Stellar LLC	MANILLA, IN, 750	5	0.1311	SHARED_STEM_OR_PREFIX
S1-959189311	Allied Pembina	Nashville, 519 Yokley Road, TN	US	S2-582646016	allied peoples	1197 KILLINGWORTH RD, HADDAM, CT	6	0.1311	SHARED_STEM_OR_PREFIX
S1-959189311	Allied Pembina	Nashville, 519 Yokley Road, TN	US	S2-984515336	Allied Pegasus [Group]	8051 OLD CANYON AVENUE, NULL, TUCSON, AZ	7	0.1311	SHARED_STEM_OR_PREFIX
S1-959189311	Allied Pembina	Nashville, 519 Yokley Road, TN	US	S2-222627339	Allied Peak Berkley Central	145 STEIDLEY SAINT, IL, PALMYRA	8	0.1311	SHARED_STEM_OR_PREFIX
S1-959189311	Allied Pembina	Nashville, 519 Yokley Road, TN	US	S2-124986832	ALLIED PEDIATRICS PARTNERS CO	3589 ORMONDSVILLE RD, ADEN, NC	9	0.1311	SHARED_STEM_OR_PREFIX
S1-355110377	Anchor Medical Systems PC	258 Meadowbrook Lane, Nelson County, VA	US	S2-985504094	Scheidler  Keystone of Mcminnville Ltd	258 MEADOWBROOK DRIVE, MCMINNVILLE, TN	4	0.1799	SAME_GEOGRAPHY_AND_GENERIC_KEY
S1-355110377	Anchor Medical Systems PC	258 Meadowbrook Lane, Nelson County, VA	US	S2-100013506	SCHEIDLER KEYSTONE OF MCMÍNNVILLE	258 MEADOWBROOK DR, MCMINNVILLE, TN	8	0.1799	SAME_GEOGRAPHY_AND_GENERIC_KEY
S1-355110377	Anchor Medical Systems PC	258 Meadowbrook Lane, Nelson County, VA	US	S2-163340790	Precision  Mobility Inc	258- MEADOWBROOK AVE, YOUNGSTOWN CITY, OH	9	0.1799	SAME_GEOGRAPHY_AND_GENERIC_KEY
S1-355110377	Anchor Medical Systems PC	258 Meadowbrook Lane, Nelson County, VA	US	S3-542035303	Precision Mobility	258 Meadowbrook Avenue, Youngstown, Ohio	10	0.1799	SAME_GEOGRAPHY_AND_GENERIC_KEY
S1-419243203	Mcdonald Companies	337 Main Street, Unit 1, Medford, MA	US	S2-793400071	Jung's Research LLC	337 MAIN STREET, LOS LLUNAS TOWNSHIP, NM	3	0.1735	SHARED_STREET_OR_ADDRESS
S1-419243203	Mcdonald Companies	337 Main Street, Unit 1, Medford, MA	US	S2-838996887	Pediatric  Care Associates | www.pediatric.com	337 MAIN ST, WITESBURG, KY	4	0.1735	SAME_GEOGRAPHY_AND_GENERIC_KEY
S1-419243203	Mcdonald Companies	337 Main Street, Unit 1, Medford, MA	US	S2-910201705	OPPEL  RESEARCH	337 MAIN STREET, PO BOX 5328, CITY OF FOND DU LAC, WI	5	0.1735	SHARED_STREET_OR_ADDRESS
S1-419243203	Mcdonald Companies	337 Main Street, Unit 1, Medford, MA	US	S2-902950540	ROCKY COUNCIL	337 MAIN STREET, NEW CITY, NY	6	0.1735	SHARED_STREET_OR_ADDRESS
S1-419243203	Mcdonald Companies	337 Main Street, Unit 1, Medford, MA	US	S2-60361614	Pacheco Family Office Clinic Summit	337 MAIN ST, COLUMBIANA, OH	8	0.1735	SAME_GEOGRAPHY_AND_GENERIC_KEY
S1-419243203	Mcdonald Companies	337 Main Street, Unit 1, Medford, MA	US	S2-14254575	LP Frontier Program Valley	337 MAIN ST, NEWARK, DE	10	0.1735	SAME_GEOGRAPHY_AND_GENERIC_KEY
S1-791484925	International Vision Technologies Pvt Ltd	Shop No 50, Shivam Reality Shri Sharan Business Park, Changodar, Ahmedabad, Gujarat	India	S2-358549022	VISION  TECHNOLOGIES LIMITED	PLOT NO A-823-, 1ST FLOOR, TTC MIDC INDUSTRIAL AREA THANE BELAPUR ROAD, KHAIRNE, NAVI MUMBAI, Maharashtra	5	0.1491	SHARED_NAME_AND_LOCATION_TOKENS
S1-791484925	International Vision Technologies Pvt Ltd	Shop No 50, Shivam Reality Shri Sharan Business Park, Changodar, Ahmedabad, Gujarat	India	S2-573690954	Vision Technologies Provision	DOOR NO 92 BHAIRO MUNNA DISPENSARY, H.B. NO. 222, VILLAGE BHAIRO MUNNA, LUDHIANA, Punjab	6	0.1491	SHARED_NAME_AND_LOCATION_TOKENS
S1-791484925	International Vision Technologies Pvt Ltd	Shop No 50, Shivam Reality Shri Sharan Business Park, Changodar, Ahmedabad, Gujarat	India	S2-757356904	Vision Technologies Private [Limited]	VILL. & P. O. NAKAIJURI DIST. BANKURA, BANKURA, West Bengal	7	0.1491	SHARED_STEM_OR_PREFIX
S1-607311453	Family Horizon Associates LLC	Springfield, MO, 737 Westbypass	US	S2-7329628	Family Horizon Center | www.familyhor.com	8465 YALE ROAD, PMB 7547, DEERFIELD, OH	3	0.3018	SHARED_STEM_OR_PREFIX
S1-607311453	Family Horizon Associates LLC	Springfield, MO, 737 Westbypass	US	S2-445516231	Family Horizon Health Co.		4	0.3018	SHARED_STEM_OR_PREFIX
S1-607311453	Family Horizon Associates LLC	Springfield, MO, 737 Westbypass	US	S2-777578602	Family Horizon Health Center Co	353 HARTFORD AVENUE, BELLINGHAM CITY, MA	5	0.3018	SHARED_STEM_OR_PREFIX
S1-607311453	Family Horizon Associates LLC	Springfield, MO, 737 Westbypass	US	S2-854693475	family horizon associates corp	744. WESTBYPASS, PO BOX 9132, SPRINGFIELD, MO	7	0.3018	SHARED_NAME_AND_LOCATION_TOKENS
S1-823066174	Consultants Magnificent Marketing of Jabalpur Private Limited	C/O Sandeep Dubey Chatr Pal, Udna Sadak, Jabalpur, Madhya Pradesh	India	S2-498040118	Consultants Magnificent Marketing Corp	H.NO 3/9 , GROUND FLOOR, J K COMPLEX, NAGESHWAR FALIA, AMRI, NAVSARI, NAVSARI, Gujarat	5	0.3083	SHARED_STEM_OR_PREFIX
S1-823066174	Consultants Magnificent Marketing of Jabalpur Private Limited	C/O Sandeep Dubey Chatr Pal, Udna Sadak, Jabalpur, Madhya Pradesh	India	S3-650478897	Consultants Magnificent Marketing Prívate Limited		8	0.3083	SHARED_STEM_OR_PREFIX
S1-823066174	Consultants Magnificent Marketing of Jabalpur Private Limited	C/O Sandeep Dubey Chatr Pal, Udna Sadak, Jabalpur, Madhya Pradesh	India	S3-986504980	Consultants Magnificent [Marketing]	Navsari, N/A, ગુજરાત, Shop No. 8-3	9	0.3083	SHARED_STEM_OR_PREFIX
S1-169036830	C 5 H Ingredients Inc	232 Hoot Owl Circle, Quinlan, TX	US	S3-160784658	C  5 H Ingredients Co	235 Hoot Owl Cir, Quinlan, Texas	1	1.1460	SHARED_NAME_AND_LOCATION_TOKENS
S1-169036830	C 5 H Ingredients Inc	232 Hoot Owl Circle, Quinlan, TX	US	S2-259641402	C 5 Q COLA	#900 MONTGOMERY BLVD, ALLN, TX	3	0.1467	SHARED_NAME_AND_LOCATION_TOKENS
S1-169036830	C 5 H Ingredients Inc	232 Hoot Owl Circle, Quinlan, TX	US	S2-384815270	C 5 N Pimc0 L.L.C.	KILLEEN, 3106- BALDWIN LOOP, TX	4	0.1467	SHARED_NAME_AND_LOCATION_TOKENS
S1-169036830	C 5 H Ingredients Inc	232 Hoot Owl Circle, Quinlan, TX	US	S2-517305784	c 5 heritage culture llc	1601 1/2 GREENTREE ROAD, OR, LAKE OSWEGO	5	0.1467	SHARED_STEM_OR_PREFIX
S1-169036830	C 5 H Ingredients Inc	232 Hoot Owl Circle, Quinlan, TX	US	S2-42718373	C 5 N Pimco Inc	311 BALDWIN LOOP, KILLEEN, TX	7	0.1467	SHARED_NAME_AND_LOCATION_TOKENS
S1-169036830	C 5 H Ingredients Inc	232 Hoot Owl Circle, Quinlan, TX	US	S2-461911850	C 5 Pioneer Village Riverside Inc	6171 TETLIN FIELD DRIVE, NEW ALBANY, OH	8	0.1467	SHARED_STEM_OR_PREFIX
S1-169036830	C 5 H Ingredients Inc	232 Hoot Owl Circle, Quinlan, TX	US	S2-210669447	C 5  All Pantages	LOMBARD CIITY, CHASE AVE, IL	9	0.1467	SHARED_STEM_OR_PREFIX
S1-169036830	C 5 H Ingredients Inc	232 Hoot Owl Circle, Quinlan, TX	US	S2-982884704	C 5 J Microelectronics	1816 AIRPORT RD, PEORIA, IL	10	0.1467	SHARED_STEM_OR_PREFIX
S1-345107626	Childress Translational LP	5600 S 3rd St, Louisville, KY	US	S2-303391673	Childress, Harmon and Russo Chenghe Care Corp	3310 RANCIER AVENUE, KILLEEN, TX	10	0.1870	SHARED_STEM_OR_PREFIX
S1-748540962	Swastik Sun Investment Private Limited	H.No. B 1 Plot No. 8 1St Floor Extended Lal Dora Santnagar Parwati Anch, Al Burari, New Delhi, Central Delhi, Delhi	India	S2-693671399	Swastik Sun Private Impex Limited	E-05/99, ARERA COLONY, BHOPAL, Madhya Pradesh	2	0.3312	SHARED_STEM_OR_PREFIX
S1-748540962	Swastik Sun Investment Private Limited	H.No. B 1 Plot No. 8 1St Floor Extended Lal Dora Santnagar Parwati Anch, Al Burari, New Delhi, Central Delhi, Delhi	India	S3-985218371	Swastik  Sun It Private	Plot No 5(Western Part), Part 2, 7-2-104/4/A, Hyderabad, Andhra Pradesh, Hyderabad	3	0.3312	SHARED_NAME_AND_LOCATION_TOKENS
S1-748540962	Swastik Sun Investment Private Limited	H.No. B 1 Plot No. 8 1St Floor Extended Lal Dora Santnagar Parwati Anch, Al Burari, New Delhi, Central Delhi, Delhi	India	S3-558195437	Swastik Sun Private Trading Impex Limited	E-5/112, Arera Colony, Bhopal, मध्य प्रदेश	5	0.3312	SHARED_STEM_OR_PREFIX
S1-748540962	Swastik Sun Investment Private Limited	H.No. B 1 Plot No. 8 1St Floor Extended Lal Dora Santnagar Parwati Anch, Al Burari, New Delhi, Central Delhi, Delhi	India	S3-617467704	Swastik Sun Food Limited Center	Cws One Coworking Space, 4Th Floor, Plot No 40 41 And 42 Survey No 54, K.v.rangareddy, TG	6	0.3312	SHARED_STREET_OR_ADDRESS
S1-277014552	Tech Consulting Private Limited	Pl No. 1, Fl No. 2, Priyanka Kunj Co-Op Hsg. Soc., Kothrud, Pune, Sr. No. 5, Pune, Maharashtra	India	S2-88592036	Tech Consulting Private Limited	NO 240/IC PERIA COLONYATHIPET CHENNAI 53, CHENNAI 53, Tamil Nadu	2	0.5091	SAME_GEOGRAPHY_AND_GENERIC_KEY
S1-277014552	Tech Consulting Private Limited	Pl No. 1, Fl No. 2, Priyanka Kunj Co-Op Hsg. Soc., Kothrud, Pune, Sr. No. 5, Pune, Maharashtra	India	S3-97940486	tech consulting private limited	H.no.- A013 Gali No.-1, Near Molarband School, Gagan, Vihar, Badarpur, South Delhi, DL	3	0.5091	SAME_GEOGRAPHY_AND_GENERIC_KEY
S1-277014552	Tech Consulting Private Limited	Pl No. 1, Fl No. 2, Priyanka Kunj Co-Op Hsg. Soc., Kothrud, Pune, Sr. No. 5, Pune, Maharashtra	India	S3-263158636	Tech Consulting  Private Limited	No 13 Indo-german Technology Park, Survey No. 297, 298, 299, Post: Urawade, T, Pune, Al:mulshi, महाराष्ट्र	4	0.5091	SAME_GEOGRAPHY_AND_GENERIC_KEY
S1-277014552	Tech Consulting Private Limited	Pl No. 1, Fl No. 2, Priyanka Kunj Co-Op Hsg. Soc., Kothrud, Pune, Sr. No. 5, Pune, Maharashtra	India	S3-372993936	Tech Consulting Private [Limited]	महाराष्ट्र, Mumbai City, Royal Classic Chs, Next To D Mart, Link Road, Mulund (West), Bombay, D-1104	5	0.5091	SAME_GEOGRAPHY_AND_GENERIC_KEY
S1-277014552	Tech Consulting Private Limited	Pl No. 1, Fl No. 2, Priyanka Kunj Co-Op Hsg. Soc., Kothrud, Pune, Sr. No. 5, Pune, Maharashtra	India	S3-427180302	TECH Consulting Private Limited	D-112., New Delhi, DL	7	0.5091	SAME_GEOGRAPHY_AND_GENERIC_KEY
S1-277014552	Tech Consulting Private Limited	Pl No. 1, Fl No. 2, Priyanka Kunj Co-Op Hsg. Soc., Kothrud, Pune, Sr. No. 5, Pune, Maharashtra	India	S3-597858486	Tech  Consulting Private Limited	D-1002, Shreeji Towers, Opp. Himalaya Mall, Drive-in Road, Thaltej, Ahmedabad, ગુજરાત	8	0.5091	SAME_GEOGRAPHY_AND_GENERIC_KEY
S1-277014552	Tech Consulting Private Limited	Pl No. 1, Fl No. 2, Priyanka Kunj Co-Op Hsg. Soc., Kothrud, Pune, Sr. No. 5, Pune, Maharashtra	India	S3-458737985	Tech Consulting Private Limited	1/7, Second Floor, New Delhi, Central Delhi, DL	10	0.5091	SAME_GEOGRAPHY_AND_GENERIC_KEY
S1-912273534	Davis & Lucia Inc	IL, 1240 Beacon Ridge, Troy	US	S2-550845340	Davis & Lucia (Central)	TROY, IL, N/A, 1244 BEACON RIDGE	4	0.8413	SHARED_NAME_AND_LOCATION_TOKENS
S1-912273534	Davis & Lucia Inc	IL, 1240 Beacon Ridge, Troy	US	S2-637918225	Grand Newbridge P.L.L.C.	1240 BEACON RIDGE, TROY, IL	5	0.2258	SAME_GEOGRAPHY_AND_GENERIC_KEY
S1-912273534	Davis & Lucia Inc	IL, 1240 Beacon Ridge, Troy	US	S2-741287857	Grand Newbridge  PLLC	1240 BEACON RIDGE, COLLINSVILLE, IL	6	0.2258	SAME_GEOGRAPHY_AND_GENERIC_KEY
S1-912273534	Davis & Lucia Inc	IL, 1240 Beacon Ridge, Troy	US	S2-34011967	Ectoiri	1240 BEACON ST, BROOKLINE, MA	8	0.2258	SAME_GEOGRAPHY_AND_GENERIC_KEY
S1-456715439	Moses Corporation Center	6397 Murphy Drive, Victor, NY	US	S2-776718923	Moses Corporation	SNOWSHOE, WV, NULL, 174 WESTRIDGE RD	4	0.3304	SHARED_STEM_OR_PREFIX
S1-456715439	Moses Corporation Center	6397 Murphy Drive, Victor, NY	US	S2-426742136	Moses Corporation Lakeside	6762 KINGS STREET, SPRINGFIELD, MO	6	0.3304	SHARED_STEM_OR_PREFIX
S1-456715439	Moses Corporation Center	6397 Murphy Drive, Victor, NY	US	S2-380023348	Moses Corporation Highland	122 Wade St, REPUBLIC, MO	7	0.3304	SHARED_STEM_OR_PREFIX
S1-456715439	Moses Corporation Center	6397 Murphy Drive, Victor, NY	US	S2-175666806	MOSES CORPORATION LLC	174 WESTRIDGE RD, NULL, SNOWSHOE, WV	9	0.3304	SHARED_STEM_OR_PREFIX
S1-456715439	Moses Corporation Center	6397 Murphy Drive, Victor, NY	US	S2-856383095	Moses Corporation Midtown	514 NOAH LN, LINDALE, TX	10	0.3304	SHARED_STEM_OR_PREFIX
S1-637465929	Healthcare Kay Consulting Limited	Office No. 307, W Mall, Pearls Corporate, Mangalam Palace Sec-3, Rohini, New Delhi, Delhi	India	S3-367413425	Healthcare Kay Consulting Ventures	H.no 511 Office No. 308, W Mall, Pearls Corporate, Mangalam Palace Sec-3, Rohini, New Delhi, Rohini Delhi Eighty Five, DL	3	0.4522	SHARED_NAME_AND_LOCATION_TOKENS
S1-637465929	Healthcare Kay Consulting Limited	Office No. 307, W Mall, Pearls Corporate, Mangalam Palace Sec-3, Rohini, New Delhi, Delhi	India	S2-958039409	YBZ Security Limited	OFFICE NO-307, SECOND FLOOR(H-30ANDH-30A), VIAY CHOWK, EAST DELHI, Delhi	4	0.0995	SAME_GEOGRAPHY_AND_GENERIC_KEY
S1-637465929	Healthcare Kay Consulting Limited	Office No. 307, W Mall, Pearls Corporate, Mangalam Palace Sec-3, Rohini, New Delhi, Delhi	India	S2-141901711	Ahmedabad Seeds Pvt Ltd.	OFFICE NO. ##307, MAGNIFICO OPP. AVLON HOTEL, NR. AUDA GARDEN, BODAK, DEV, AHMEDABAD, Gujarat	5	0.0995	SAME_GEOGRAPHY_AND_GENERIC_KEY
S1-637465929	Healthcare Kay Consulting Limited	Office No. 307, W Mall, Pearls Corporate, Mangalam Palace Sec-3, Rohini, New Delhi, Delhi	India	S2-307972102	producerzenomfrozen.com	OFFICE NO #307 3RD FLOOR, PALADIUM BUSINESS HUB, OPP 4D SQUARE MALL, VISAT GANDHINAGAR HI, GHWAY, CHANDKHEDA, Gujarat	6	0.0995	SAME_GEOGRAPHY_AND_GENERIC_KEY
S1-637465929	Healthcare Kay Consulting Limited	Office No. 307, W Mall, Pearls Corporate, Mangalam Palace Sec-3, Rohini, New Delhi, Delhi	India	S2-373734455	Shri GREEN ENTERPRISES PVT LTD	OFFICE NO 307, S. NO. 106A/2A/6, CORPORATE PLAZA, S. B. ROAD, PUNE, Maharashtra	7	0.0995	SAME_GEOGRAPHY_AND_GENERIC_KEY
S1-637465929	Healthcare Kay Consulting Limited	Office No. 307, W Mall, Pearls Corporate, Mangalam Palace Sec-3, Rohini, New Delhi, Delhi	India	S2-40167878	Dass Ventures  Private Ltd	OFFICE NO. 307, SAMRAT BHAWAN, COMMERCIAL COMPLEX, RANJEET NAGAR, NEW DELHI, दिल्ली	9	0.0995	SAME_GEOGRAPHY_AND_GENERIC_KEY
S1-526349990	Peak Cloud Concepts	736 Ardmore Lane, Shelbyville, KY	US	S2-81450821	Peak Cloud  Digital, Inc	218 CARDINAL DR, FORREST CITY, AR	4	0.4846	SHARED_STEM_OR_PREFIX
S1-526349990	Peak Cloud Concepts	736 Ardmore Lane, Shelbyville, KY	US	S2-88254009	Peak Cloud Studios	NY, FOREST HILLS, METROPOLITAN AVE	5	0.4846	SHARED_STEM_OR_PREFIX
S1-526349990	Peak Cloud Concepts	736 Ardmore Lane, Shelbyville, KY	US	S2-16665615	Peak Cloud Alliance	0701 212, CLACKAMAS, OR	7	0.4846	SHARED_STEM_OR_PREFIX
S1-526349990	Peak Cloud Concepts	736 Ardmore Lane, Shelbyville, KY	US	S2-837598010	Peak Cloud-Systems Partners	8734 MILTON MORRIS DRIVE, CHARLOTTE, NC	8	0.4846	SHARED_STEM_OR_PREFIX
S1-526349990	Peak Cloud Concepts	736 Ardmore Lane, Shelbyville, KY	US	S2-308184101	Peak Cloud Advisors Llc	916- SOUTH HANCOCK ST, LOUISVILLE, KY	9	0.4846	SHARED_NAME_AND_LOCATION_TOKENS
S1-526349990	Peak Cloud Concepts	736 Ardmore Lane, Shelbyville, KY	US	S2-862288960	Peak Cloud Concepts LLC	749 ARDMORE LN, SELBYVILLE CDP, KY	10	0.4846	SHARED_NAME_AND_LOCATION_TOKENS
S1-296323848	Modern Consulting Private Limited	Bangalore Rural, Bengaluru, Karnataka, 29/1 Ground Floor Hosur Main Road Old Chandapura Anekal Taluk	India	S2-212646154	Modern Consulting Private  Limited		1	0.5459	SHARED_STEM_OR_PREFIX
S1-296323848	Modern Consulting Private Limited	Bangalore Rural, Bengaluru, Karnataka, 29/1 Ground Floor Hosur Main Road Old Chandapura Anekal Taluk	India	S3-538333950	Modern Consulting Private Limited	Shop No. F-d/70, Arora Shoppers Park Shakti Khand -2, Ghaziabad, UP	3	0.5459	SHARED_STEM_OR_PREFIX
S1-296323848	Modern Consulting Private Limited	Bangalore Rural, Bengaluru, Karnataka, 29/1 Ground Floor Hosur Main Road Old Chandapura Anekal Taluk	India	S3-834384688	Modern Consulting Private Limited	Plot No: D-214, Delhi, DL	4	0.5459	SHARED_STEM_OR_PREFIX
S1-296323848	Modern Consulting Private Limited	Bangalore Rural, Bengaluru, Karnataka, 29/1 Ground Floor Hosur Main Road Old Chandapura Anekal Taluk	India	S3-287113994	MODERN CONSULTING PRIVATE LIMITED	17-7-452/16., F. No.t4, Stan Park Apt., Falnir, Mangalore, Mangaluru, KA	6	0.5459	SHARED_STEM_OR_PREFIX
S1-296323848	Modern Consulting Private Limited	Bangalore Rural, Bengaluru, Karnataka, 29/1 Ground Floor Hosur Main Road Old Chandapura Anekal Taluk	India	S3-17714944	Modern-Consulting Private Limited	A/401, Polaris Business Park, Off Marol Maroshi Road, Andheri (East), Mumbai City, Mumbai, MH	7	0.5459	SHARED_STREET_OR_ADDRESS
S1-547546143	Delhi It Private Limited	West Delhi, G-106, Nandram Park Uttam Nagar, Delhi	India	S3-892935884	Delhi It  Private Limited	First Floor, Ashirwad Paras Corporate House 2, Nr. Auda Garden, Ahmedabad, Ahmadabad City, GJ	1	1.0559	SHARED_STEM_OR_PREFIX
S1-547546143	Delhi It Private Limited	West Delhi, G-106, Nandram Park Uttam Nagar, Delhi	India	S2-616119329	Delhi It Public	E-304, FIRST FLOOR, KH. NO. 540, GALI NO-8, SUBHASH VIHAR, GHONDA, NEAR WATER TANK, DELHI, Delhi	3	0.4309	SHARED_NAME_AND_LOCATION_TOKENS
S1-547546143	Delhi It Private Limited	West Delhi, G-106, Nandram Park Uttam Nagar, Delhi	India	S2-60394608	DELHI IT PVT LTD	NO 16-07 AMBADEEP BUILDING KG MAGR CONNAUGHT PLACE NEAR PARK, DELHI, Delhi	4	0.4309	SHARED_NAME_AND_LOCATION_TOKENS
S1-547546143	Delhi It Private Limited	West Delhi, G-106, Nandram Park Uttam Nagar, Delhi	India	S2-698258197	Delhi It Pvt  Ltd	A-15, GALI NO-6, MASTER MOHALLA LIBASPUR, DELHI, Delhi	5	0.4309	SHARED_NAME_AND_LOCATION_TOKENS
S1-547546143	Delhi It Private Limited	West Delhi, G-106, Nandram Park Uttam Nagar, Delhi	India	S2-391019363	DELHI IT PVT LTD	FIRST FLOOOR, D-1A / 52C KHASRA NO: 93 & 94, GALI NO-5 MAHAVIR ENCLAVE, DELHI, Delhi	6	0.4309	SHARED_NAME_AND_LOCATION_TOKENS
S1-547546143	Delhi It Private Limited	West Delhi, G-106, Nandram Park Uttam Nagar, Delhi	India	S2-67858322	Delhi It Private	दिल्ली, FLAT NO- C-4 UPPER GROUND FLOOR BLOCK-A KH NO-298/33/2, 298/34, 298/35, GHITORNI, DELHI	7	0.4309	SHARED_NAME_AND_LOCATION_TOKENS
S1-80960427	Hari Ram Infrastructure Private Limited	No.29 Moore Street, Chennai, Tamil Nadu	India	S2-127323856	Hari  Ram Industries	C/O: NASEEM SIDDIQUI, K.K. COMPOUND, JAIL ROAD, ALIGARH, Uttar Pradesh	2	0.7795	SHARED_STEM_OR_PREFIX
S1-80960427	Hari Ram Infrastructure Private Limited	No.29 Moore Street, Chennai, Tamil Nadu	India	S3-732346340	Hari Ram Infrastructure Public Limited	#50 Moore Street, Chennai, தமிழ்நாடு	3	0.7795	SHARED_STREET_OR_ADDRESS
S1-80960427	Hari Ram Infrastructure Private Limited	No.29 Moore Street, Chennai, Tamil Nadu	India	S3-362098097	HARI RAM INDUSTRIES LLP	C/o: Naseem Siddiqui, K.k. Compound, Jail Road, Aligarh, UP	4	0.7795	SHARED_STEM_OR_PREFIX
S1-80960427	Hari Ram Infrastructure Private Limited	No.29 Moore Street, Chennai, Tamil Nadu	India	S3-817317786	Hari Ram Technologies Private Limited	24, South Delhi, New Delhi, DL	9	0.4120	SHARED_STEM_OR_PREFIX
S1-80960427	Hari Ram Infrastructure Private Limited	No.29 Moore Street, Chennai, Tamil Nadu	India	S3-761787583	Hari Ram Energy Prívate	18, Kolkata, Howrah, WB	10	0.4120	SHARED_STEM_OR_PREFIX
S1-609323033	Batts Global	362 Ocean Parkway, Berlin, MD	US	S2-252997748	Batts Group Montage	59 GOLD ST, NEW YORK, NY	3	0.4134	SHARED_STEM_OR_PREFIX
S1-609323033	Batts Global	362 Ocean Parkway, Berlin, MD	US	S2-250388097	Evans, Batts Batts and Heller Company	521  MAIN ST, HECTOR, MN	6	0.1378	SHARED_STEM_OR_PREFIX
S1-609323033	Batts Global	362 Ocean Parkway, Berlin, MD	US	S2-428246019	Batts, Batts, Morales & Sooxn Compania LLC	40 MAPLE AVE, RANLO, NC	7	0.1378	SHARED_STEM_OR_PREFIX
S1-609323033	Batts Global	362 Ocean Parkway, Berlin, MD	US	S2-849656600	Batts, Morales & Séxton Compania LLC	20 MONTAUK AVE, EAST MORICES, NY	8	0.0689	SHARED_STEM_OR_PREFIX
S1-609323033	Batts Global	362 Ocean Parkway, Berlin, MD	US	S2-13090762	BATTS, RENAE ROCKY PEARL INC	1802 CAMPO BELLO DR, SUNNYSLOPE, AZ	9	0.0689	SHARED_STEM_OR_PREFIX
S1-609323033	Batts Global	362 Ocean Parkway, Berlin, MD	US	S2-38200728	Batts (Origin)	PEA RIDGE ROAD, RUTHERFORDTON, NC	10	0.0689	SHARED_STEM_OR_PREFIX
S1-523354110	Alpha Sky Logistics Private Limited	9/192/A, Lakshmi Building, Poovambayi, Panangad, Koyilandi, Kozhikode, Kerala	India	S2-554488305	ALPHA SKY PRIVATE LIMITED SERVICES	130, FIRST FLOOR C.T.CENTER, SANSAR CHANDRA ROAD, JAIPUR, राजस्थान	3	0.5487	SHARED_STEM_OR_PREFIX
S1-523354110	Alpha Sky Logistics Private Limited	9/192/A, Lakshmi Building, Poovambayi, Panangad, Koyilandi, Kozhikode, Kerala	India	S3-808297078	Alpha Sky Logistics Privhate Limited	Hn 966 B-4, F/f, Ph-1 Vivek Vihar, Delhi, East Delhi, DL	5	0.5487	SHARED_STEM_OR_PREFIX
S1-523354110	Alpha Sky Logistics Private Limited	9/192/A, Lakshmi Building, Poovambayi, Panangad, Koyilandi, Kozhikode, Kerala	India	S3-613809324	Alpha Sky  Projects Private Limited	130, First Floor C.t.center, Sansar Chandra Road, Jaipur, RJ	8	0.5487	SHARED_STEM_OR_PREFIX
S1-523354110	Alpha Sky Logistics Private Limited	9/192/A, Lakshmi Building, Poovambayi, Panangad, Koyilandi, Kozhikode, Kerala	India	S3-297031028	Alpha Sky Infotech Private Limited	KL, Kozhikode, 9/196/A, Lakshmi Building, Poovambayi, Panangad, Koyilandi	9	0.5487	SHARED_STREET_OR_ADDRESS
S1-231416129	Midwest Association	Unit STE 101, TX, 1404 Clarewood Drive, San Marcos	US	S2-914424202	Midwest Association	187 1/2 304, NEW CITY, NY	1	0.3970	SHARED_STEM_OR_PREFIX
S1-231416129	Midwest Association	Unit STE 101, TX, 1404 Clarewood Drive, San Marcos	US	S2-946649970	Midwest Association	801 SHARON LANE, <NULL>, BESSEMER, AL	4	0.3970	SHARED_STEM_OR_PREFIX
S1-231416129	Midwest Association	Unit STE 101, TX, 1404 Clarewood Drive, San Marcos	US	S2-116509147	MIDWEST-ASSOCIATION	23100 163ND AVENUE, SURPRRISE, AZ	5	0.3970	SHARED_STEM_OR_PREFIX
S1-231416129	Midwest Association	Unit STE 101, TX, 1404 Clarewood Drive, San Marcos	US	S2-531748529	MIDWEST ASSOCIATION	PARK CITY, UT, 4085- SADDLEBACK ROAD	6	0.3970	SHARED_STEM_OR_PREFIX
S1-231416129	Midwest Association	Unit STE 101, TX, 1404 Clarewood Drive, San Marcos	US	S2-147206569	>> Midwest Association	RED HOOK, NY, 73 ALBIE ROAD	7	0.3970	SHARED_STEM_OR_PREFIX
S1-231416129	Midwest Association	Unit STE 101, TX, 1404 Clarewood Drive, San Marcos	US	S2-774332953	MIDWEST ASSOCIATION	JOHNSON ROAD, KODAK, TN	8	0.3970	SHARED_STEM_OR_PREFIX
S1-460133008	Lo Blackrock Inc	9950 N Shore Road, Waconia, MN	US	S2-720819317	LO Blackrock L.L.C.	2628 CLIIGMAN RD, RONDA, NC	4	0.7917	SHARED_STEM_OR_PREFIX
S1-460133008	Lo Blackrock Inc	9950 N Shore Road, Waconia, MN	US	S3-845938305	LO Blackrock	2628 Clingman Road, Ronda, North Carolina	7	0.7917	SHARED_STREET_OR_ADDRESS
S1-460133008	Lo Blackrock Inc	9950 N Shore Road, Waconia, MN	US	S3-267438870	LO Blackrock	2628 Clingman Rd, Ronda, North Carolina	8	0.7917	SHARED_STEM_OR_PREFIX
S1-676648395	Bhubaneswar India	Rev. Plot No. 1063, Duplex No. 40, Golden Arena, Balianta, Bhubaneswar, Khordha, Orissa	India	S2-982661016	Bhubaneswar India	RAJENDRA VIHAR APPARTMENT BLOCK A, FLAT NO. 3-308, FOREST PARGK, BHUBANESWAR, Odisha	1	0.5252	SHARED_NAME_AND_LOCATION_TOKENS
S1-676648395	Bhubaneswar India	Rev. Plot No. 1063, Duplex No. 40, Golden Arena, Balianta, Bhubaneswar, Khordha, Orissa	India	S2-70813101	Bhubaneswar India	PLOT NO-3420/8536, KAPILESWAR VIHAR PANDARA, UNIT-38, PALASUNI, BHUBANESWAR, null, Odisha	5	0.5252	SHARED_NAME_AND_LOCATION_TOKENS
S1-676648395	Bhubaneswar India	Rev. Plot No. 1063, Duplex No. 40, Golden Arena, Balianta, Bhubaneswar, Khordha, Orissa	India	S3-887927883	Bhubaneswar (india)	Bhubaneswar, Irc Village Nayapalli, Orissa, Plot No-n2/70, Khordha	6	0.5252	SHARED_NAME_AND_LOCATION_TOKENS
S1-676648395	Bhubaneswar India	Rev. Plot No. 1063, Duplex No. 40, Golden Arena, Balianta, Bhubaneswar, Khordha, Orissa	India	S3-70982860	bhubaneswar india	C/o- Sanjay Mohanty, Flat No. 202 Ramji Tower, Plot No. 51, Unit-3, Bhubaneswar, Khordha, OD	8	0.5252	SHARED_NAME_AND_LOCATION_TOKENS
S1-676648395	Bhubaneswar India	Rev. Plot No. 1063, Duplex No. 40, Golden Arena, Balianta, Bhubaneswar, Khordha, Orissa	India	S2-348196841	BHUBANESWAR INDIA CORPORATION	PLOT NO - GA A-502, KHATIAN NO- 9/442, GA COLONY, PO- MAHALAXMI VIHAR, PS- BHARATPUR, BHUBANESWAR, Odisha	10	0.1638	SHARED_NAME_AND_LOCATION_TOKENS
S1-972836911	First Rapid Xsolla Corp	104 Lanita Drive, Roland, OK	US	S2-809528993	First Rapid-Xsolla, LLC	ELY ROAD, HIXSON, TN	3	0.3611	SHARED_STEM_OR_PREFIX
S1-972836911	First Rapid Xsolla Corp	104 Lanita Drive, Roland, OK	US	S2-479471444	First  Rapid Siddhi	AZ, MESA, 8706-8710 KILAREA CIRCLE	5	0.3611	SHARED_STEM_OR_PREFIX
S1-972836911	First Rapid Xsolla Corp	104 Lanita Drive, Roland, OK	US	S2-362120960	First Rapid Xsolla, Partners	10137 Breezy Point Dr, IN, FISHERS	6	0.3611	SHARED_STEM_OR_PREFIX
S1-972836911	First Rapid Xsolla Corp	104 Lanita Drive, Roland, OK	US	S2-624349260	First Rapid-Siddhi LLC	KILAREA CIR, MESA FOUR PEAKS, AZ	7	0.3611	SHARED_STEM_OR_PREFIX
S1-972836911	First Rapid Xsolla Corp	104 Lanita Drive, Roland, OK	US	S2-599581574	First Rapid LLC Services	309-311 MAGNOLIA AVENUE, HANNIBAL, MO	8	0.3611	SHARED_STEM_OR_PREFIX
S1-292830915	Heritage Therapies Inc	2115 Pennsylvania Avenue, Baltimore, MD	US	S2-574636596	HERITAGE  THERAPIES INC	708 1/2 IVY BRANCH ST, KY, BOWLING GREEN	1	0.7738	SHARED_STEM_OR_PREFIX
S1-292830915	Heritage Therapies Inc	2115 Pennsylvania Avenue, Baltimore, MD	US	S2-735337745	Heritage-Therapies	728 THIRD STREET, DELPHOS, OH	6	0.2355	SHARED_STEM_OR_PREFIX
S1-292830915	Heritage Therapies Inc	2115 Pennsylvania Avenue, Baltimore, MD	US	S2-672721896	Heritage Therapies Ltd	GREAT BEND, PO BOX 5276, 1310 PATTON RD, KS	7	0.2355	SHARED_STEM_OR_PREFIX
S1-292830915	Heritage Therapies Inc	2115 Pennsylvania Avenue, Baltimore, MD	US	S2-448676947	Heritage Therapies Partners Partners	AL, 723 BRADY RD, HOPE HULL	9	0.2355	SHARED_STEM_OR_PREFIX
S1-51101506	Krishna Media Pvt Ltd	House No. 8.64, Kva House Naduvattom - Karinkallthani Road Ayilakkad Po, Malappuram, Malappuram, Malapuram, Kerala	India	S2-436785911	Krishna Media Pvt Ltd.	PLOT NO- LIG 1100 DUMDUMA HB COLONY, KHANDAGIRI, BHUBANESWAR, Odisha	1	0.7936	SHARED_NAME_AND_LOCATION_TOKENS
S1-51101506	Krishna Media Pvt Ltd	House No. 8.64, Kva House Naduvattom - Karinkallthani Road Ayilakkad Po, Malappuram, Malappuram, Malapuram, Kerala	India	S2-266877403	Krishna Media लिमिटेड		4	0.1686	SHARED_STEM_OR_PREFIX
S1-51101506	Krishna Media Pvt Ltd	House No. 8.64, Kva House Naduvattom - Karinkallthani Road Ayilakkad Po, Malappuram, Malappuram, Malapuram, Kerala	India	S2-723506047	Krishna  Media	NO 25/33 T/F EAST PATEL NAGAR, DELHI, Delhi	5	0.1686	SHARED_NAME_AND_LOCATION_TOKENS
S1-51101506	Krishna Media Pvt Ltd	House No. 8.64, Kva House Naduvattom - Karinkallthani Road Ayilakkad Po, Malappuram, Malappuram, Malapuram, Kerala	India	S2-131607148	KRISHNA MEDIA PRÍVATE [(LIMITED)]	FLAT NO. 102-B 103-B, 104-D, CLASSIQUE HTS, CITY SURVEY NO. 4842-C/7, SURVEY NO. 976, BELGAUM, N/A, Karnataka	6	0.1686	SHARED_NAME_AND_LOCATION_TOKENS
S1-51101506	Krishna Media Pvt Ltd	House No. 8.64, Kva House Naduvattom - Karinkallthani Road Ayilakkad Po, Malappuram, Malappuram, Malapuram, Kerala	India	S2-172046554	Krishna Media Private Limited	H.NO C-96 S/O INDRADEO MISHRA RAJEEV NAGAR, GOPALGANJ, Bihar	7	0.1686	SHARED_NAME_AND_LOCATION_TOKENS
S1-51101506	Krishna Media Pvt Ltd	House No. 8.64, Kva House Naduvattom - Karinkallthani Road Ayilakkad Po, Malappuram, Malappuram, Malapuram, Kerala	India	S2-864820610	Krishna Media Private (Limited)	Maharashtra, DOOR NO 9-16 G-7/18, RANI SATI NAGAR, S. V. ROAD, MALAD (W), MUMBAI	8	0.1686	SHARED_STREET_OR_ADDRESS
S1-51101506	Krishna Media Pvt Ltd	House No. 8.64, Kva House Naduvattom - Karinkallthani Road Ayilakkad Po, Malappuram, Malappuram, Malapuram, Kerala	India	S2-243807759	Krishna Media Private	##1011, PLOT NO. 8, ONE PLATINUM, SECTOR NO. 15, NAVI MUMBAI, THANE, Maharashtra	9	0.1686	SHARED_NAME_AND_LOCATION_TOKENS
S1-509332273	Kolkata Animation Private Limited	Kolkata, B Block, 1St Floor, Suite-7, Kolkata, West Bengal, Howrah, 1 Chandney Chawk Street	India	S2-614643383	Kolkata  Animation Group Private	8 CHANDNEY CHAWK STREET, B BLOCK, 1ST FLOOR, SUITE-7, KOLKATA, KOLKATA, West Bengal	2	0.3689	SHARED_STREET_OR_ADDRESS
S1-509332273	Kolkata Animation Private Limited	Kolkata, B Block, 1St Floor, Suite-7, Kolkata, West Bengal, Howrah, 1 Chandney Chawk Street	India	S2-261206996	KOLKATA ANIMATION  LIMITED	BLOCK B-907 9/12, LAL BAZAR STREET, 3RD FLOOR BLOCK- E, ROOM NO- 2, KOLKATA, KOLKATA, পশ্চিমবঙ্গ	3	0.3689	SHARED_STREET_OR_ADDRESS
S1-509332273	Kolkata Animation Private Limited	Kolkata, B Block, 1St Floor, Suite-7, Kolkata, West Bengal, Howrah, 1 Chandney Chawk Street	India	S3-836477740	Kolkata Animation Holdings Private Limited	P-6, New C I T Road 2Nd Floor, Howrah, Kolkata, WB	6	0.3689	SHARED_STREET_OR_ADDRESS
S1-509332273	Kolkata Animation Private Limited	Kolkata, B Block, 1St Floor, Suite-7, Kolkata, West Bengal, Howrah, 1 Chandney Chawk Street	India	S3-503780798	Kolkata Animation Private	977 P-3, WB, Kolkata, New C I T Road 2Nd Floor	7	0.3689	SHARED_STREET_OR_ADDRESS
S1-509332273	Kolkata Animation Private Limited	Kolkata, B Block, 1St Floor, Suite-7, Kolkata, West Bengal, Howrah, 1 Chandney Chawk Street	India	S3-248618621	Kolkata Animation Ltd	Lal Bazar Street, 3Rd Floor Block- E, Room No- 2, Kolkata, ##9/12, Howrah, Kolkata, পশ্চিমবঙ্গ	8	0.3689	SHARED_STREET_OR_ADDRESS
S1-509332273	Kolkata Animation Private Limited	Kolkata, B Block, 1St Floor, Suite-7, Kolkata, West Bengal, Howrah, 1 Chandney Chawk Street	India	S3-179183554	Sri Vp (India) Animation Animation Pvt Ltd.	#442 L/5-6, Green Park Extension, South Delhi, New Delhi, दिल्ली	10	0.1307	SHARED_STEM_OR_PREFIX
S1-127222577	Shivam City Products Private Limited	Safa Building Airport Road, Ramanatkara, Calicut Dt, Kozhikode, Kerala	India	S2-756068835	Shivam City ટેક્નોલોજી પ્રાઇવેટ લિમિટેડ	A/13, SHAKUNTAL SOCIETY, NR GOVINDPURA PANCHAYAT, VIJAPUR, Gujarat	1	0.4336	SHARED_STEM_OR_PREFIX
S1-127222577	Shivam City Products Private Limited	Safa Building Airport Road, Ramanatkara, Calicut Dt, Kozhikode, Kerala	India	S2-273311454	Shivam City Software (L.L.P.)	B-1/E-33, MOHAN CO-OPERATIVE INDUSTRIAL AREA, MATHURA ROAD, DELHI, Delhi	3	0.4336	SHARED_STREET_OR_ADDRESS
S1-127222577	Shivam City Products Private Limited	Safa Building Airport Road, Ramanatkara, Calicut Dt, Kozhikode, Kerala	India	S2-421459139	Shivam City Food Co	01.G, CENTURY PLAZA, 560-562, ANNA SALAI, TEYNAMPET, Tamil Nadu	4	0.4336	SHARED_STEM_OR_PREFIX
S1-127222577	Shivam City Products Private Limited	Safa Building Airport Road, Ramanatkara, Calicut Dt, Kozhikode, Kerala	India	S2-66367255	Shivam City Foods Private	F 126 GROUND FLOOR LADO SARAI, NEW DELHI, Delhi	6	0.4336	SHARED_STEM_OR_PREFIX
S1-127222577	Shivam City Products Private Limited	Safa Building Airport Road, Ramanatkara, Calicut Dt, Kozhikode, Kerala	India	S2-462074274	shivam city power private limited	B-1/E-33, MOHAN CO-OPERATIVE INDUSTRIAL AREA, MATHURA ROAD, DELHI, दिल्ली	7	0.4336	SHARED_STREET_OR_ADDRESS
S1-127222577	Shivam City Products Private Limited	Safa Building Airport Road, Ramanatkara, Calicut Dt, Kozhikode, Kerala	India	S2-408622460	SHIVAM CITY VENTURES PRIVATE	F-CS-36, FOURTH FLOOR, ANSAL PLAZA, SECTOR-1, VAISHALI, GHAZIABAD, Uttar Pradesh	8	0.4336	SHARED_STEM_OR_PREFIX
S1-589521969	Ranice Haw Star Mfa	TN, 200 Stewarts Chapel Road, Flintville	US	S3-297020690	Ranice Hammer Heritage	1104 Hayes Ave, Oak Park, Illinois	4	0.5709	SHARED_STEM_OR_PREFIX
S1-589521969	Ranice Haw Star Mfa	TN, 200 Stewarts Chapel Road, Flintville	US	S3-112343414	Ranice Hammer Heritage House, Llc		5	0.5709	SHARED_STEM_OR_PREFIX
S1-589521969	Ranice Haw Star Mfa	TN, 200 Stewarts Chapel Road, Flintville	US	S2-925415357	RANICE N.-ENGLG, DO	HARLINGEN, TX, 0714 HUNTER DRIVE	6	0.2034	SHARED_STEM_OR_PREFIX
S1-589521969	Ranice Haw Star Mfa	TN, 200 Stewarts Chapel Road, Flintville	US	S2-881452572	Ranice Hilliard Platinum Citizens, LLC	19 AUGUSTA AVE, GROTTOES TOWN, VA	7	0.2034	SHARED_STEM_OR_PREFIX
S1-589521969	Ranice Haw Star Mfa	TN, 200 Stewarts Chapel Road, Flintville	US	S2-859098624	RANICE'S WELLNESS	03 LUCIA LANE, ROCKPORT, MA	9	0.2034	SHARED_STEM_OR_PREFIX
S1-208167915	Steel Welfare Society	Plot No K-4 1465 Kalinga Vihar, Bhuabneswar, Khordha, Orissa	India	S2-893435392	Steel Welfare Society Ventures	Odisha, PLOT NO K-4 1467 KALINGA VIHAR, BHUABNESWAR	2	0.7125	SHARED_NAME_AND_LOCATION_TOKENS
S1-208167915	Steel Welfare Society	Plot No K-4 1465 Kalinga Vihar, Bhuabneswar, Khordha, Orissa	India	S2-655306794	Steel Welfare Society Private Limited	தமிழ்நாடு, T S NO.A-10/14, 12, 13 NS TOWER, SALEM ROAD, NAMAKKAL, N/A	4	0.7125	SHARED_NAME_AND_LOCATION_TOKENS
S1-208167915	Steel Welfare Society	Plot No K-4 1465 Kalinga Vihar, Bhuabneswar, Khordha, Orissa	India	S2-257158307	Steel Welfare Society Co	Tamil Nadu, null, T S NO.A-10/9, 12, 13 NS TOWER, SALCM ROAD, NAMAKKAL	7	0.7125	SHARED_NAME_AND_LOCATION_TOKENS
S1-208167915	Steel Welfare Society	Plot No K-4 1465 Kalinga Vihar, Bhuabneswar, Khordha, Orissa	India	S3-352131076	Steel Welfare Society Co	No. 9-54 T S No.a-10/9, Namakkal, TN	8	0.7125	SHARED_NAME_AND_LOCATION_TOKENS
S1-208167915	Steel Welfare Society	Plot No K-4 1465 Kalinga Vihar, Bhuabneswar, Khordha, Orissa	India	S3-806116898	Steel Welfare	Door No 9-54 T S No.a-10/9, 12, 13 Ns Tower, Salem Road, Namakkal, TN	10	0.7125	SHARED_NAME_AND_LOCATION_TOKENS
S1-420226248	Rhea Karg Continental Technical LLC	Colerain, NC, 204 Dew Drop Road	US	S3-567926307	Rhea Karg Continental Technical Partners	207 Dew Drop Rd, Colerain, North Carolina	3	1.4149	SHARED_NAME_AND_LOCATION_TOKENS
S1-420226248	Rhea Karg Continental Technical LLC	Colerain, NC, 204 Dew Drop Road	US	S2-365566659	DIXON, KARG & LONG	0039 BARNHOUSE RD, PISGAH FOREST, NC	5	0.1445	SHARED_NAME_AND_LOCATION_TOKENS
S1-420226248	Rhea Karg Continental Technical LLC	Colerain, NC, 204 Dew Drop Road	US	S3-154294627	Foster, Karg and Cisek Corp	1966 Peek Home Rd, Dixon, Illinois	8	0.1445	SHARED_STEM_OR_PREFIX
S1-512080827	Komal Fusion Private Limited	H.No.12-2- 709/C/1, Flat No.2, 2Nd Floor, Sai Teja Apartments, Padmanabhanagar, Mehadipatnam, Hyderabad, Telangana	India	S2-546811510	Komal Foundation	K.NO 7/2, SITE NO30-M, BEGUR, HOBLI, BANGALORE SOUTH, ಕರ್ನಾಟಕ	5	0.2697	SHARED_NAME_AND_LOCATION_TOKENS
S1-512080827	Komal Fusion Private Limited	H.No.12-2- 709/C/1, Flat No.2, 2Nd Floor, Sai Teja Apartments, Padmanabhanagar, Mehadipatnam, Hyderabad, Telangana	India	S2-59300299	Komal Fund (India) Private	B602-, MEADOW IN THE SUN, APT, OWNER'S COURT WEST, BANGALORE SOUTH, Karnataka	6	0.2697	SHARED_STEM_OR_PREFIX
S1-512080827	Komal Fusion Private Limited	H.No.12-2- 709/C/1, Flat No.2, 2Nd Floor, Sai Teja Apartments, Padmanabhanagar, Mehadipatnam, Hyderabad, Telangana	India	S2-946385095	Komal Fund Private Límited Center	B602-, MEADOW IN THE SUN, APT, OWNER'S COURT WEST, BANGALORE SOUDH, Karnataka	8	0.2697	SHARED_STEM_OR_PREFIX
S1-512080827	Komal Fusion Private Limited	H.No.12-2- 709/C/1, Flat No.2, 2Nd Floor, Sai Teja Apartments, Padmanabhanagar, Mehadipatnam, Hyderabad, Telangana	India	S2-728264532	Komal Fund (India) Holdings Private Ltd	B603, MEADOW IN THE SUN, APT, OWNER'S COURT WEST, BANGALORE SOUTH, Karnataka	9	0.2697	SHARED_STEM_OR_PREFIX
S1-512080827	Komal Fusion Private Limited	H.No.12-2- 709/C/1, Flat No.2, 2Nd Floor, Sai Teja Apartments, Padmanabhanagar, Mehadipatnam, Hyderabad, Telangana	India	S2-146866548	Komal Fund (India) Private Ltd	B602-, MEADOW IN THE SUN, APT, OWNER'S COCRT WEST, BANGALORE SOUTH, ಕರ್ನಾಟಕ	10	0.2697	SHARED_STEM_OR_PREFIX
S1-151302070	Diamond Sterling Systems	1257 Spotswood Drive, Orange County, VA	US	S2-127671592	Diamond Sterling System  West	1266 SPOTSWOOD DR, LOCUST GROVE, VA	3	0.2234	SHARED_NAME_AND_LOCATION_TOKENS
S1-151302070	Diamond Sterling Systems	1257 Spotswood Drive, Orange County, VA	US	S2-651318815	Diamond  Sterling Towing	1177 FREEMONT LN, GREENWOOD, IN	5	0.2234	SHARED_STEM_OR_PREFIX
S1-151302070	Diamond Sterling Systems	1257 Spotswood Drive, Orange County, VA	US	S2-658279829	Diamond Sterling Towing Associates Co	227 PHILILPS SAINT, CHETEK, WI	9	0.2234	SHARED_STEM_OR_PREFIX
S1-151302070	Diamond Sterling Systems	1257 Spotswood Drive, Orange County, VA	US	S2-448781061	DIAMOND STERLING TOWING (PLLC)	130 FORT VALLEY COURT, NC, STATESVILLE	10	0.2234	SHARED_STEM_OR_PREFIX
S1-670025586	Inox Management Private Limited	14, Hamam Street, Fort, Mumbai, Maharashtra	India	S2-463498799	Inox Management Holdings Private Limited	23, HAMAM STREET, FORT, महाराष्ट्र	1	1.0675	SHARED_STREET_OR_ADDRESS
S1-670025586	Inox Management Private Limited	14, Hamam Street, Fort, Mumbai, Maharashtra	India	S3-7747861	Inox-Informatics Inox-Informatics (India)	Veer Singh Palace Road, Marqaze Masjid Ke Pass Bhatiyara Mohalla, Datia, मध्य प्रदेश	8	0.1403	SHARED_STEM_OR_PREFIX
S1-670025586	Inox Management Private Limited	14, Hamam Street, Fort, Mumbai, Maharashtra	India	S2-56035640	INOX WELFARE SOCIETY COMPANY	Gujarat, B 311 RADHE GOVIND GALAX, OPP. GOVARDHAN BUNG, AHMADABAD CITY	9	0.0701	SHARED_STEM_OR_PREFIX
S1-12487330	Upkar Success Private Limited	Radhabhawan, Jatarprinters, Girjakundward Nearmahavirvyayayamshala, Seoni, Madhya Pradesh	India	S2-596498312	Upkar Success Public Limited	DOOR NO A-73 RADHABHAWAN, JATARPRINTERS, GIRJAKUNDWARD NEARMAHAVIRVYAYAYAMSHALA, Madhya Pradesh	3	1.1746	SHARED_NAME_AND_LOCATION_TOKENS
S1-12487330	Upkar Success Private Limited	Radhabhawan, Jatarprinters, Girjakundward Nearmahavirvyayayamshala, Seoni, Madhya Pradesh	India	S2-577832052	Upkar Software Private	DOOR NO 9-178 7-2-1453, SANATH NAGAR I H COLONY, BALANAGAR, Telangana	4	0.3132	SHARED_STEM_OR_PREFIX
S1-12487330	Upkar Success Private Limited	Radhabhawan, Jatarprinters, Girjakundward Nearmahavirvyayayamshala, Seoni, Madhya Pradesh	India	S2-195486954	Upkar Software Private	#9-178 7-2-1453, SANATH NAGAR I H COLONY, BALANAGAR, తెలంగాణ	5	0.3132	SHARED_STEM_OR_PREFIX
S1-12487330	Upkar Success Private Limited	Radhabhawan, Jatarprinters, Girjakundward Nearmahavirvyayayamshala, Seoni, Madhya Pradesh	India	S3-447932899	Upkar Software Private		6	0.3132	SHARED_STEM_OR_PREFIX
S1-12487330	Upkar Success Private Limited	Radhabhawan, Jatarprinters, Girjakundward Nearmahavirvyayayamshala, Seoni, Madhya Pradesh	India	S3-260098340	upkar software enterprises private limited	7-2-1455, Sanath Nagar I H Colony, Balanagar, K.v.rangareddy, తెలంగాణ	7	0.3132	SHARED_STEM_OR_PREFIX
S1-12487330	Upkar Success Private Limited	Radhabhawan, Jatarprinters, Girjakundward Nearmahavirvyayayamshala, Seoni, Madhya Pradesh	India	S3-241801847	Upkar  Software Private [Limited]	7-2-1453, Sanath Nagar I H Colony, Balanagar, <NULL>, TG	8	0.3132	SHARED_STEM_OR_PREFIX
S1-12487330	Upkar Success Private Limited	Radhabhawan, Jatarprinters, Girjakundward Nearmahavirvyayayamshala, Seoni, Madhya Pradesh	India	S2-31880666	Sri Upkar Private Limited Center	5/85, MARUTHU GARDEN T.KEELAKKADU SUNDARAM (POST), Tamil Nadu	10	0.0724	SHARED_STEM_OR_PREFIX
S1-831133424	Metropolitan Trust	175 Amherst Mobile Homes, Amherst, OH	US	S2-627169949	METROPOLITAN TRUST	SANTA MONICA ST, YORKVILLE, IL	2	0.3675	SHARED_STEM_OR_PREFIX
S1-831133424	Metropolitan Trust	175 Amherst Mobile Homes, Amherst, OH	US	S2-867009585	Metropolitan Trust	475- 1425, LAYTON, UT	3	0.3675	SHARED_STEM_OR_PREFIX
S1-831133424	Metropolitan Trust	175 Amherst Mobile Homes, Amherst, OH	US	S2-116511240	METROPOLITAN TRUST	1400 1/2 BRISTOL SAINT, COSTA MSEA, CA	5	0.3675	SHARED_STEM_OR_PREFIX
S1-831133424	Metropolitan Trust	175 Amherst Mobile Homes, Amherst, OH	US	S2-961922894	Metropolitan Trust	WI, W2640 B, MARINETTE	8	0.3675	SHARED_STEM_OR_PREFIX
S1-831133424	Metropolitan Trust	175 Amherst Mobile Homes, Amherst, OH	US	S2-10010122	Metropolitan Trust	106 RIVER STREET, BERNARDSTON, MA	9	0.3675	SHARED_STEM_OR_PREFIX
S1-831133424	Metropolitan Trust	175 Amherst Mobile Homes, Amherst, OH	US	S2-430165901	Metropolitan Trust	1400 1/2 BRISTOL STREET, COSTA MSEA, CA	10	0.3675	SHARED_STEM_OR_PREFIX
S1-671445253	Metro Care, LLC	MA, 500 Quincy Street, Abington, Unit 3-C1	US	S2-442522387	Metro Care Inc [Center]	AZ, SURPRISE, 15775 DALE LANE	1	0.4779	SHARED_STEM_OR_PREFIX
S1-671445253	Metro Care, LLC	MA, 500 Quincy Street, Abington, Unit 3-C1	US	S2-198053711	METRO CARE INSTITUTE	##917 PALMETTO DR, PASADENA, TX	2	0.4779	SHARED_STEM_OR_PREFIX
S1-671445253	Metro Care, LLC	MA, 500 Quincy Street, Abington, Unit 3-C1	US	S3-496618150	Metro Care, Corp	50 Quincy St, # 3-C1, Abington, Massachusetts	5	0.4779	SHARED_NAME_AND_LOCATION_TOKENS
S1-671445253	Metro Care, LLC	MA, 500 Quincy Street, Abington, Unit 3-C1	US	S2-113752512	Group Metro Care	#4821 MARQUIS ST, COLFAX, NC	8	0.3312	SHARED_STEM_OR_PREFIX
S1-671445253	Metro Care, LLC	MA, 500 Quincy Street, Abington, Unit 3-C1	US	S2-535368712	Human Rights Program LP	MA, QUINCY, 500 WASHINGTON STREET	9	0.2500	SHARED_STREET_OR_ADDRESS
S1-700600281	Smith and Martin LLC	4 Peter Scott Drive, Cornwall, NY	US	S2-605128605	Smith And Martin LLC	004716 HIGHWAY 61, KNOXVILLE, TN	3	0.3613	SHARED_STEM_OR_PREFIX
S1-700600281	Smith and Martin LLC	4 Peter Scott Drive, Cornwall, NY	US	S2-206261754	Smith and Martin, LLC	805 BROOKRIDGE DRIVE, SAINT LOUIS, MO	5	0.3613	SHARED_STREET_OR_ADDRESS
S1-700600281	Smith and Martin LLC	4 Peter Scott Drive, Cornwall, NY	US	S3-648646485	Smith-and Martin, LLC	1728- 8th Street, Terre Haute, Indiana	9	0.3613	SHARED_STEM_OR_PREFIX
S1-857022301	Zepheus Barings LLC	1633 James Drive, Crawfordsville, IN	US	S2-244631269	Zepheus Barings	OR, 51 MAIN STREET, BROWNSVILLE	7	0.7177	SHARED_STEM_OR_PREFIX
S1-64140802	Hailee Willsey Innovation LLC	1120 Cedar Street, Jourdanton, TX	US	S3-873583923	Hailee Willsey Innovation Ltd. - 2835954031	1124 Cedar Street, Joudanton, Texas	2	1.1563	SHARED_STREET_OR_ADDRESS
S1-64140802	Hailee Willsey Innovation LLC	1120 Cedar Street, Jourdanton, TX	US	S2-655517824	Hailee Williams Lafayette	1842 1/2 MARLOW ROAD, null, TOLDO, OH	3	0.4808	SHARED_STEM_OR_PREFIX
S1-64140802	Hailee Willsey Innovation LLC	1120 Cedar Street, Jourdanton, TX	US	S2-287218798	Hailee Wilcox, CPA-Corp	360 WEBB CHURCH RD, ELLENBORO, NC	4	0.4808	SHARED_STEM_OR_PREFIX
S1-64140802	Hailee Willsey Innovation LLC	1120 Cedar Street, Jourdanton, TX	US	S2-73593867	HAILEE WILCOX, CPA LTD	WEBB CHURCH RD, ELLENBORO, NC	5	0.4808	SHARED_STEM_OR_PREFIX
S1-64140802	Hailee Willsey Innovation LLC	1120 Cedar Street, Jourdanton, TX	US	S2-16423423	Hailee Williams Lafayette Corporation	MARLOW RD, null, TOLDO, OH	6	0.4808	SHARED_STEM_OR_PREFIX
S1-64140802	Hailee Willsey Innovation LLC	1120 Cedar Street, Jourdanton, TX	US	S3-462212434	Hailee Williams Lafayette East | www.haileewil.com	1847 Marlow Rd, Toledo, Ohio	7	0.4808	SHARED_STEM_OR_PREFIX
S1-690449852	Jeannette White Anchor System P.C.	51 Howard Street, New York, NY	US	S2-145240589	Jeannette White Anchor		4	0.4562	SHARED_STEM_OR_PREFIX
S1-690449852	Jeannette White Anchor System P.C.	51 Howard Street, New York, NY	US	S2-185982357	Jeannette White Anchor	OK, OKEENE, 562 STATE HIGHWAY 51	6	0.4562	SHARED_NAME_AND_LOCATION_TOKENS
S1-690449852	Jeannette White Anchor System P.C.	51 Howard Street, New York, NY	US	S2-110126739	Jeannette White	STATE HIGHWAY 51, OKEENE, OK	8	0.4562	SHARED_NAME_AND_LOCATION_TOKENS
S1-690449852	Jeannette White Anchor System P.C.	51 Howard Street, New York, NY	US	S2-507205649	JEANNETTE WHITE ANCHOR SYSTEM LP	31 ELMWOOD DRIVE, NAPERVILLE, IL	9	0.4562	SHARED_STEM_OR_PREFIX
S1-690449852	Jeannette White Anchor System P.C.	51 Howard Street, New York, NY	US	S3-35160493	Jeannette White Anchor Systém Southside	34 Elmwood Dr, Naperville, Illinois	10	0.4562	SHARED_STEM_OR_PREFIX
S1-391697975	Marketing Nalin Chemical Private Limited	Flt No- E 219, Walchand Co, Kashmira Rd Oppkamla Park, Thane, Maharashtra	India	S2-979271493	Marketing Nalin Software Private Limited	Maharashtra, FLT NO- E 223, WALCHAND CO, KASHMIRA RD OPPKAMLA PARK, THANE	1	0.6327	SHARED_NAME_AND_LOCATION_TOKENS
S1-391697975	Marketing Nalin Chemical Private Limited	Flt No- E 219, Walchand Co, Kashmira Rd Oppkamla Park, Thane, Maharashtra	India	S2-377590530	Nalin (India) Developers-Group (ID: 30479)	C/O HARIDAS NARAYAN DEVKA, H NO.225 AT. KANKARWADI P, AKOLA, Maharashtra	3	0.1077	SHARED_NAME_AND_LOCATION_TOKENS
S1-391697975	Marketing Nalin Chemical Private Limited	Flt No- E 219, Walchand Co, Kashmira Rd Oppkamla Park, Thane, Maharashtra	India	S2-733704182	NALIN-REALTORS LIMITED SERVICES		5	0.1077	SHARED_STEM_OR_PREFIX
S1-391697975	Marketing Nalin Chemical Private Limited	Flt No- E 219, Walchand Co, Kashmira Rd Oppkamla Park, Thane, Maharashtra	India	S2-309863523	NALIN (INDIA) DEVELOPERS PVT. (LIMITED)	GAT NO. 1853/7, MURHE WASTI, A/P. KURULI TAL. KHED, PUNE, Maharashtra	6	0.1077	SHARED_NAME_AND_LOCATION_TOKENS
S1-391697975	Marketing Nalin Chemical Private Limited	Flt No- E 219, Walchand Co, Kashmira Rd Oppkamla Park, Thane, Maharashtra	India	S2-719772525	Smt Nalin Consultancy Ltd		7	0.1077	SHARED_STEM_OR_PREFIX
S1-391697975	Marketing Nalin Chemical Private Limited	Flt No- E 219, Walchand Co, Kashmira Rd Oppkamla Park, Thane, Maharashtra	India	S2-118557069	Nalin Partners + Private Limited		8	0.1077	SHARED_STEM_OR_PREFIX
S1-391697975	Marketing Nalin Chemical Private Limited	Flt No- E 219, Walchand Co, Kashmira Rd Oppkamla Park, Thane, Maharashtra	India	S2-911838815	Smt nalin (india) developers pvt. ltd.	GAT NO. 1853/7, MURHE WASTI, A/P. KURULI TAL. KHED, PUNE, महाराष्ट्र	10	0.1077	SHARED_NAME_AND_LOCATION_TOKENS
S1-486510827	Creative Developers Private Limited	2, Floor-5, 72 Keshari Bhavan, Shaikh Memon Street, Zaveri Bazar, Kalbadevi, Mumbai, Mumbai City, Maharashtra	India	S3-868645154	Creative Developers Private-Limited	#3, Bengaluru, Bangalore, KA	1	0.5482	SHARED_STEM_OR_PREFIX
S1-486510827	Creative Developers Private Limited	2, Floor-5, 72 Keshari Bhavan, Shaikh Memon Street, Zaveri Bazar, Kalbadevi, Mumbai, Mumbai City, Maharashtra	India	S3-600304263	CREATIVE DEVELOPERS PRIVATE LIMITED	31B, Delhi, दिल्ली, Prahlad Market, Karol Bagh, Near Khalsa College, Central Delhi	2	0.5482	SHARED_STEM_OR_PREFIX
S1-486510827	Creative Developers Private Limited	2, Floor-5, 72 Keshari Bhavan, Shaikh Memon Street, Zaveri Bazar, Kalbadevi, Mumbai, Mumbai City, Maharashtra	India	S3-669094084	Creative Developers Private (Limited)	Flat No 501, Tirumalagiri, Hyderabad, Andhra Pradesh	3	0.5482	SHARED_STEM_OR_PREFIX
S1-486510827	Creative Developers Private Limited	2, Floor-5, 72 Keshari Bhavan, Shaikh Memon Street, Zaveri Bazar, Kalbadevi, Mumbai, Mumbai City, Maharashtra	India	S3-367446770	Creative  Developers Private Limited	3, Calcutta, Howrah, WB	4	0.5482	SHARED_STEM_OR_PREFIX
S1-486510827	Creative Developers Private Limited	2, Floor-5, 72 Keshari Bhavan, Shaikh Memon Street, Zaveri Bazar, Kalbadevi, Mumbai, Mumbai City, Maharashtra	India	S3-871620510	creative developers private limited	Surat, GJ, Swagat, Rajkot	5	0.5482	SHARED_STEM_OR_PREFIX
S1-486510827	Creative Developers Private Limited	2, Floor-5, 72 Keshari Bhavan, Shaikh Memon Street, Zaveri Bazar, Kalbadevi, Mumbai, Mumbai City, Maharashtra	India	S3-151747004	Creative  Developers Private Limited	3, Rajdanga Chakraborty Para, Ground Floor, Kolkata, Calcutta, Howrah, WB	8	0.5482	SHARED_STREET_OR_ADDRESS
S1-516705356	Tele Future (India) Ltd	No127, Sriananthammalcompx Arcot Road, Virugambakkam, Chennai, Tamil Nadu	India	S2-288293143	Tele Future (India)  Ltd	B-1002- TIERRA, CASA UNIVIS LODHA, MUMBNI, महाराष्ट्र	1	1.6546	SHARED_STEM_OR_PREFIX
S1-516705356	Tele Future (India) Ltd	No127, Sriananthammalcompx Arcot Road, Virugambakkam, Chennai, Tamil Nadu	India	S3-574098164	Tele Future (India) Ltd	B-1002 Tierra, Casa Univis Lodha, Mumbai, Thane, महाराष्ट्र	2	1.6546	SHARED_STEM_OR_PREFIX
S1-516705356	Tele Future (India) Ltd	No127, Sriananthammalcompx Arcot Road, Virugambakkam, Chennai, Tamil Nadu	India	S3-436863634	Tele Future (India) Industries Ltd	No138., Sriananthammalcompx Arcot Road, Virugambakkam, Chennai, TN	4	1.0296	SHARED_STREET_OR_ADDRESS
S1-275228042	Primary Care Specialists Inc.	807 Calvert Drive, Bismarck, ND	US	S2-1167588	Primary Care Specialists Inc	100A EAST DR, HERCULANEUM, MO	3	0.2007	SHARED_STEM_OR_PREFIX
S1-275228042	Primary Care Specialists Inc.	807 Calvert Drive, Bismarck, ND	US	S2-728198281	Primary  Care Specialists Inc.	0312 10TH ST, MURRAY, KY	5	0.2007	SHARED_STEM_OR_PREFIX
S1-275228042	Primary Care Specialists Inc.	807 Calvert Drive, Bismarck, ND	US	S2-358034894	Primary Care Specialists Inc	4293 50TH ST, DESS MOINES CDP, IA	6	0.2007	SHARED_STEM_OR_PREFIX
S1-275228042	Primary Care Specialists Inc.	807 Calvert Drive, Bismarck, ND	US	S2-639840252	primary care specialists inc.	81 PROMENADE, GLEN HEAD, NY	8	0.2007	SHARED_STEM_OR_PREFIX
S1-612138552	Harini & Co	15/1-1, Malviya Nagar, New Delhi, Delhi	India	S2-572059915	Harini & Co Group	15/1-5 , MALVIYA NAGAR, Delhi	3	0.7218	SHARED_STREET_OR_ADDRESS
S1-612138552	Harini & Co	15/1-1, Malviya Nagar, New Delhi, Delhi	India	S2-535902883	Harini Efnterprses Private Limited	OFFNCE NO.00604/605, NATHUBHAI TOWER, UDHNA MAIN ROAD, ગુજરાત	5	0.2043	SHARED_STEM_OR_PREFIX
S1-612138552	Harini & Co	15/1-1, Malviya Nagar, New Delhi, Delhi	India	S2-191264483	Harini Vidyalaya Private Ltd	NO 124-A MOTIA CITI ZIRAKPUR TEHSIL DERAIBASSI DISTT SAS NAGAR, PATIALA, Punjab	8	0.2043	SHARED_STREET_OR_ADDRESS
S1-612138552	Harini & Co	15/1-1, Malviya Nagar, New Delhi, Delhi	India	S2-75532239	Harini Foundation Limited Center	H.NO C-1ST FLOOR AARADHNA COMPLEX INDIRA NAGAR RAILWAY CROSSING BARGAD CHAURAHA, RAEBARELI, RAE BARELI, Uttar Pradesh	9	0.2043	SHARED_STREET_OR_ADDRESS
S1-612138552	Harini & Co	15/1-1, Malviya Nagar, New Delhi, Delhi	India	S2-800254869	Harini Enterprises Private	OFFICE NO.00604/605, NATHUBHAI TOWER, UDHNA MAIN ROAD, ગુજરાત	10	0.2043	SHARED_STEM_OR_PREFIX
S1-571214733	Wooten Atlantic Bhav	Albuquerque, 2009 Pinonwood Avenue, NM	US	S2-410469400	WOOTEN, MERCADO AND  GRIFFITH PERIMETER INC	3975 SIMPSON AVENUE, CINCINNATI, OH	6	0.1017	SHARED_STREET_OR_ADDRESS
S1-571214733	Wooten Atlantic Bhav	Albuquerque, 2009 Pinonwood Avenue, NM	US	S2-79785678	Wooten, Pattie, L.C.S.W., M.D., P.C. Incorporated	2591 JEFFERSON PLAIE, STOOW, OH	7	0.1017	SHARED_STEM_OR_PREFIX
S1-571214733	Wooten Atlantic Bhav	Albuquerque, 2009 Pinonwood Avenue, NM	US	S2-892266110	Wooten, Robinson & Thomas  Neuberger	3617 ROCKY SHORE DR, VALLEJO, CA	9	0.1017	SHARED_STEM_OR_PREFIX
S1-571214733	Wooten Atlantic Bhav	Albuquerque, 2009 Pinonwood Avenue, NM	US	S2-875874656	Wooten Spdpyl	##175 4ST SAINT, COLUMBUS, OH	10	0.1017	SHARED_STEM_OR_PREFIX
S1-906686327	Happy Cleaning Service, LLC	15 Pirates Cove, Hampton City, VA	US	S2-476306993	Happy Cleaning Service Llc	01242 169, HIGDON, AL	1	0.5716	SHARED_STEM_OR_PREFIX
S1-906686327	Happy Cleaning Service, LLC	15 Pirates Cove, Hampton City, VA	US	S2-831151307	Happy Cleaning Service LLC	1338 MORDECAI OVERLOOK CIR, PMB 4863, RALEIGH, NC	2	0.5716	SHARED_STEM_OR_PREFIX
S1-906686327	Happy Cleaning Service, LLC	15 Pirates Cove, Hampton City, VA	US	S2-924530803	Happy Cleaning Service LLC	143RD AVENUE E, OWASSO, OK	3	0.5716	SHARED_STEM_OR_PREFIX
S1-906686327	Happy Cleaning Service, LLC	15 Pirates Cove, Hampton City, VA	US	S2-581595092	Happy Cleaning  Service L.L.C.	349 TUNNEL HILL CHURCH ROAD, ELIZABETHTOOWN, KY	4	0.5716	SHARED_STEM_OR_PREFIX
S1-906686327	Happy Cleaning Service, LLC	15 Pirates Cove, Hampton City, VA	US	S3-590089755	Happy Cleaning Service Llc	Flicer Loop, Fl 1, Olympia, Washington	6	0.5716	SHARED_STEM_OR_PREFIX
S1-906686327	Happy Cleaning Service, LLC	15 Pirates Cove, Hampton City, VA	US	S3-680733747	Happy Cleaning Service, Llc	2019 Northtowne Ct, Columbus, Ohio	7	0.5716	SHARED_STEM_OR_PREFIX
S1-906686327	Happy Cleaning Service, LLC	15 Pirates Cove, Hampton City, VA	US	S3-99142682	Happy Cleaning-Service LLC	2036 Oklahoma Street, Montgomery, Alabama	10	0.5716	SHARED_STEM_OR_PREFIX
S1-939880982	Montiq Treasury LLC	Columbus, IN, 735 Whitfield Drive	US	S3-166968699	Sandidge Pizza PLLC	735 Oak Street, Columbus, Ohio	3	0.4732	SAME_GEOGRAPHY_AND_GENERIC_KEY
S1-939880982	Montiq Treasury LLC	Columbus, IN, 735 Whitfield Drive	US	S2-366720652	MONTIQ MONTIQ LLC VISTA,	2870-A VT ROUTE 11, LONDONDERRY, VT	4	0.2423	SHARED_STEM_OR_PREFIX
S1-939880982	Montiq Treasury LLC	Columbus, IN, 735 Whitfield Drive	US	S3-853058592	Montiq Montiq Blhcktsóme LLC	19014 Polo Meadow Drive, Humble, Texas	5	0.2423	SHARED_STREET_OR_ADDRESS
S1-939880982	Montiq Treasury LLC	Columbus, IN, 735 Whitfield Drive	US	S2-153331897	MONTIQ  VSTA CORP	1219 CHESTNUT ST, LEWISVILLE, AR	6	0.1736	SHARED_STEM_OR_PREFIX
S1-939880982	Montiq Treasury LLC	Columbus, IN, 735 Whitfield Drive	US	S2-198758715	Montiq Barclays	2563  PERKINS LN, SEATTLE, WA	7	0.1736	SHARED_STEM_OR_PREFIX
S1-939880982	Montiq Treasury LLC	Columbus, IN, 735 Whitfield Drive	US	S2-644807393	Montiq Acres	UT, 48 700, SALT LAKE CITY	10	0.1736	SHARED_STEM_OR_PREFIX
S1-60980827	Bhavishya International School	B-104, Second Floor, Okhla Industrial Area, Phase-1, Delhi, South Delhi, Delhi	India	S2-904138775	Bhavishya International School Limited	B-15, BORIVALI SHOPPING CENTER, NEW DELIGHT CO-OPERATIVE HSG SOC, CHANDAV, ERKAR ROAD, BORIVALI WEST MUMBAI, Maharashtra	3	0.6517	SHARED_NAME_AND_LOCATION_TOKENS
S1-60980827	Bhavishya International School	B-104, Second Floor, Okhla Industrial Area, Phase-1, Delhi, South Delhi, Delhi	India	S2-571796729	bhavishya (india) automobiles private limited	C/O SANTOSH BATHAV, BUILDING NO .47, WARD NO.14, NEW COLONY BABU LINE PARASIA, CHHINDWARA, PARASIA, मध्य प्रदेश	10	0.3205	SHARED_STEM_OR_PREFIX
S1-476385483	Urology Pioneer Associates LLC	1365 Western Avenue, Unit Apartment 15, Saint Paul, MN	US	S3-113150522	Urology-Pioneer Associates LLC	1903. Gloucester Point Drive, Gloucester County, Virginia	7	0.5794	SHARED_STEM_OR_PREFIX
S1-476385483	Urology Pioneer Associates LLC	1365 Western Avenue, Unit Apartment 15, Saint Paul, MN	US	S2-67559898	Urology Pioneer Associates Greater LLC	32- WORCESTER ST, WEST SPRINGFIELD, MA	10	0.1851	SHARED_STEM_OR_PREFIX
S1-359497386	Shakti Global	2-40-314/C Ambedkar Nagar, Balamrai, Gymkhana, Hyderabad, Telangana	India	S3-787205673	Shakti Global	No. 58, I Floor, 17Th 'H' Main, 2Nd 'B' Cross, 5Th Block, Koramangala, Khb Colony, Bangalore, Karnataka	1	0.7389	SHARED_STEM_OR_PREFIX
S1-359497386	Shakti Global	2-40-314/C Ambedkar Nagar, Balamrai, Gymkhana, Hyderabad, Telangana	India	S3-24948288	Shakti Global	H.no: 3-5, Telangana, Mahabubnagar H.o, Andhra Pradesh	2	0.7389	SHARED_NAME_AND_LOCATION_TOKENS
S1-359497386	Shakti Global	2-40-314/C Ambedkar Nagar, Balamrai, Gymkhana, Hyderabad, Telangana	India	S3-66703412	Shakti Global	Plot No. 111, Bharat Nagar, Near Harinagar 2, Udhna, Surat City, Surat, GJ	3	0.7389	SHARED_STREET_OR_ADDRESS
S1-359497386	Shakti Global	2-40-314/C Ambedkar Nagar, Balamrai, Gymkhana, Hyderabad, Telangana	India	S3-458149855	@shaktiglobal	C/0 Gaytri, Gonda, UP	6	0.5687	SAME_GEOGRAPHY_AND_GENERIC_KEY
S1-359497386	Shakti Global	2-40-314/C Ambedkar Nagar, Balamrai, Gymkhana, Hyderabad, Telangana	India	S2-49604448	Shakti Global Steel	HOUSE NO ##638/17 SHOP NO, S-3 DIXA COMPLEX, GANDEVI, Gujarat	7	0.3222	SHARED_STEM_OR_PREFIX
S1-359497386	Shakti Global	2-40-314/C Ambedkar Nagar, Balamrai, Gymkhana, Hyderabad, Telangana	India	S2-521957278	Shakti Global  Private Limited	20 CHANDIN CHOWK STR NO 10 2ND FLOOR, KOLKATA, West Bengal	9	0.3222	SHARED_STEM_OR_PREFIX
S1-791947968	Hem Educational Society	2, Gulmohar Soc., Mithbunder Road Thane East, Thane, Maharashtra	India	S2-390963947	Sarvodaya Sarees	2 GULMOHAR GLORY GULMOHAR PARK OFF ITI ROAD AUNDH, PUNE, Maharashtra	2	0.1374	SHARED_STREET_OR_ADDRESS
S1-791947968	Hem Educational Society	2, Gulmohar Soc., Mithbunder Road Thane East, Thane, Maharashtra	India	S2-676269599	कृष्ण विजन ट्रेडिंग प्राइवेट लिमिटेड	G-2/298- E-12 GULMOHAR COLONY, BHOPAL, मध्य प्रदेश	4	0.1374	SAME_GEOGRAPHY_AND_GENERIC_KEY
S1-791947968	Hem Educational Society	2, Gulmohar Soc., Mithbunder Road Thane East, Thane, Maharashtra	India	S2-46303391	स्मार्ट लोटस एक्सपोर्ट्स लिमिटेड	A-2-26 GULMOHAR PARK NEW DELHI, DELHI, SOUTH DELHI, Delhi	7	0.1374	SAME_GEOGRAPHY_AND_GENERIC_KEY
S1-791947968	Hem Educational Society	2, Gulmohar Soc., Mithbunder Road Thane East, Thane, Maharashtra	India	S2-306213841	हाई हेल्थकेयर प्राइवेट लिमिटेड	2, GULMOHAR COLONY, INDORE, Madhya Pradesh	10	0.1374	SAME_GEOGRAPHY_AND_GENERIC_KEY
S1-2106291	Jai Producer Private Limited	Vishalaxmipur, Ashram More 24 Kakdweep Parganas South Wb, Kakdweep, Parganas South, West Bengal	India	S2-364017896	Jai Producer  Private Limited	32-239/4 BALAHRISHNA, NAGAR KHILLA ROAD, KRISHNA, ఆంధ్రప్రదేశ్	1	0.6004	SHARED_STEM_OR_PREFIX
S1-2106291	Jai Producer Private Limited	Vishalaxmipur, Ashram More 24 Kakdweep Parganas South Wb, Kakdweep, Parganas South, West Bengal	India	S2-171266772	Jai Producer Private (Limited)	Maharashtra, PLOT NO. 3/2 OFFICE NO X-3118, 3RD FLOOR AKSHAR BUSINESS PARK, VASHI, THANE	2	0.6004	SHARED_STEM_OR_PREFIX
S1-2106291	Jai Producer Private Limited	Vishalaxmipur, Ashram More 24 Kakdweep Parganas South Wb, Kakdweep, Parganas South, West Bengal	India	S2-274227954	JAI PRODUCER PRIVATE LIMITED	#752 C/OMOHD ZAHID IJJAT NAGAR, MAHIPAT MAU NEAR MADEENA, LUCKNOW, Uttar Pradesh	3	0.6004	SHARED_STEM_OR_PREFIX
S1-2106291	Jai Producer Private Limited	Vishalaxmipur, Ashram More 24 Kakdweep Parganas South Wb, Kakdweep, Parganas South, West Bengal	India	S3-497767393	jai producer private limited	25/26, Patel B Layout, Channanayakana Palya, Bangalore North, Bangalore, KA	9	0.6004	SHARED_STEM_OR_PREFIX
S1-802762694	Mamie Dsouza Management Inc	416 Castle Street, Knoxville, TN	US	S2-887167913	Mamie Dsouza Management Inc	100 DENA CT, WETUMPKA, AL	4	1.3062	SHARED_STEM_OR_PREFIX
S1-802762694	Mamie Dsouza Management Inc	416 Castle Street, Knoxville, TN	US	S2-407882832	Mamie Dsouza (Management)	4163 OLD RAILROAD BED RD, HARVEST, AL	8	0.8226	SHARED_STEM_OR_PREFIX
S1-802762694	Mamie Dsouza Management Inc	416 Castle Street, Knoxville, TN	US	S2-128658451	MAMIE DSOUZA MANAGEMENT GROUP	121 Dena Court, WEETUMPKA, AL	9	0.8226	SHARED_STEM_OR_PREFIX
S1-763758768	Empire Travel	136 County Road 4002, Chilton, TX	US	S2-340134305	Empire Travel American LLC	335 SECOND AVENUE, GARISON, ND	3	0.4062	SHARED_STEM_OR_PREFIX
S1-763758768	Empire Travel	136 County Road 4002, Chilton, TX	US	S2-114897739	STANLEY LEYVA-AND GLOBA LLC	136 COUNTY ROAD 2551, CLEVELAND, TX	5	0.1735	SHARED_STREET_OR_ADDRESS
S1-763758768	Empire Travel	136 County Road 4002, Chilton, TX	US	S2-844490993	earnosethroat.com	##136 COUNTY RD 420, ATHENS, TN	7	0.1735	SAME_GEOGRAPHY_AND_GENERIC_KEY
S1-763758768	Empire Travel	136 County Road 4002, Chilton, TX	US	S2-978014279	Luke Cornerstone Deutsche Cénter Metro	AZ, 136 COUNTY 22ND ST, SAN LLUIS	10	0.1735	SAME_GEOGRAPHY_AND_GENERIC_KEY
S1-368557784	Bhagwati (India) (madras) Limited	F547 Ph8A, Indl Area Mohali, S.A.S.Nagar (Mohali), Rupnagar, Punjab	India	S2-272649405	Bhagwati India L.L.P.	H.NO #9 SQUARE, RAMDAS SUTRALE MARG, OFF CHANDAVARKAR LANE, BORIVALI WEST., BORIVALI WEST, महाराष्ट्र	3	0.2261	SHARED_STEM_OR_PREFIX
S1-368557784	Bhagwati (India) (madras) Limited	F547 Ph8A, Indl Area Mohali, S.A.S.Nagar (Mohali), Rupnagar, Punjab	India	S2-514843514	Private Bhagwati (India) Nx (Limited)	SATARA, SAHJEEVAN SOCIETY, GODOLI VILASPUR, Maharashtra, H.NO #22, KARANDWADI	5	0.2261	SHARED_STEM_OR_PREFIX
S1-368557784	Bhagwati (India) (madras) Limited	F547 Ph8A, Indl Area Mohali, S.A.S.Nagar (Mohali), Rupnagar, Punjab	India	S2-153814397	BHAGWATI (INDIA) (INDIA) LIMITED SERVICES	DOOR NO 0074 , NEW VASAVI NAGAR KARKHANA, SECUNDERABAD, Telangana	6	0.2261	SHARED_STREET_OR_ADDRESS
S1-368557784	Bhagwati (India) (madras) Limited	F547 Ph8A, Indl Area Mohali, S.A.S.Nagar (Mohali), Rupnagar, Punjab	India	S2-182383318	Bhagwati (India) Software Group Private Ltd	PLOT NO.304, KAMALAPURI COLONY, PHASE-2 SRINAGAR COLONY, HYDERABAD, Telangana	9	0.2261	SHARED_STEM_OR_PREFIX
S1-368557784	Bhagwati (India) (madras) Limited	F547 Ph8A, Indl Area Mohali, S.A.S.Nagar (Mohali), Rupnagar, Punjab	India	S2-64509888	BHAGWATI SERVICES (INDIA) LIMITED CENTER	F-2, FLOOR-GRD, PLOT-68 G/H, RATAN ESTATE, R S NIMKAR MARG, CHIKALPADA, MUMBAI, महाराष्ट्र	10	0.2261	SHARED_NAME_AND_LOCATION_TOKENS
S1-801306682	Perfect Foundation	Chennai, No.388/8, 200 Feet Road, S.Kolathur, Tamil Nadu, Chennai	India	S3-884227094	Perfect Foundation Private Limited	388/11, Chennai, TN	1	0.4450	SHARED_NAME_AND_LOCATION_TOKENS
S1-801306682	Perfect Foundation	Chennai, No.388/8, 200 Feet Road, S.Kolathur, Tamil Nadu, Chennai	India	S2-798671710	Perfect Foundation	#1, BUILDING 1, SHIVSAGAR APARTMENT THAKUR COMPLEX, NEAR SANSKRITI, KANDIVAL, I EAST, MUMBAI, Maharashtra	2	0.4351	SHARED_STEM_OR_PREFIX
S1-801306682	Perfect Foundation	Chennai, No.388/8, 200 Feet Road, S.Kolathur, Tamil Nadu, Chennai	India	S2-708003956	Perfect Foundation	H.NO.-C-990 SECTOR-18, PANIPAT, Haryana	3	0.4351	SHARED_NAME_AND_LOCATION_TOKENS
S1-801306682	Perfect Foundation	Chennai, No.388/8, 200 Feet Road, S.Kolathur, Tamil Nadu, Chennai	India	S2-376402707	Perfect Foundation	FLAT NO.-7D, 7TH FLOOR, HANSALYA BUILDING 15, BARAKHAMBA ROAD, Delhi	4	0.4351	SHARED_STREET_OR_ADDRESS
S1-801306682	Perfect Foundation	Chennai, No.388/8, 200 Feet Road, S.Kolathur, Tamil Nadu, Chennai	India	S2-370259597	PERFECT  FOUNDATION	C/O BALBIR NONIA, DHEMOMAIN COLLIERY, KULTI MC, পশ্চিমবঙ্গ	6	0.4351	SHARED_STEM_OR_PREFIX
S1-801306682	Perfect Foundation	Chennai, No.388/8, 200 Feet Road, S.Kolathur, Tamil Nadu, Chennai	India	S2-194225593	Perfect Foundation	C/O BALBIR NONIA, DHEMOMAIN COLLIERY, KULTI MC, West Bengal	8	0.4351	SHARED_STEM_OR_PREFIX
S1-910150597	Regional Aria, LLC	711 Vintage Hills Way, Unit 302, Knoxville, TN	US	S3-160879542	Regional Aria, Co	715 Vintage Hills Way, Unit 302, Knoxville, Tennessee	5	0.3740	SHARED_NAME_AND_LOCATION_TOKENS
S1-204397870	Advanced Food LLC	5877 Glennon Drive, Galloway, OH	US	S2-324332947	Advanced Food Inc	5891 GLENNON DRIVE, GALLOWAY, OH	4	0.3161	SHARED_STREET_OR_ADDRESS
S1-204397870	Advanced Food LLC	5877 Glennon Drive, Galloway, OH	US	S2-132184374	Advanced Food Co	26 Mill Landing, HEBRON, CT	5	0.3161	SHARED_STEM_OR_PREFIX
S1-853669737	Jackson Wood Private Limited	Ground Floor, Office No12, Sunstar Tower Near Ioc Qtr., Panchayat Nagar, Rajkot, Gujarat	India	S2-934968835	Jackson Ácademy	DOOR NO 55PATPAR GANJ INDUSTRIAL AREA, NEW DELHI, Delhi	2	0.2379	SHARED_STEM_OR_PREFIX
S1-853669737	Jackson Wood Private Limited	Ground Floor, Office No12, Sunstar Tower Near Ioc Qtr., Panchayat Nagar, Rajkot, Gujarat	India	S2-852232424	JACKSON & BROTHERS LIMITED LIMITED	LG-22 PGANJJ, CENTRAL MARKET, IP EXTN PATPAR, EAST DELHI, Delhi	4	0.2379	SHARED_STEM_OR_PREFIX
S1-853669737	Jackson Wood Private Limited	Ground Floor, Office No12, Sunstar Tower Near Ioc Qtr., Panchayat Nagar, Rajkot, Gujarat	India	S2-191160522	Jackson  Sadan Private Limited	12-63/1, VIDYA NAGAR, KHANAPUR, Telangana	5	0.2379	SHARED_STREET_OR_ADDRESS
S1-853669737	Jackson Wood Private Limited	Ground Floor, Office No12, Sunstar Tower Near Ioc Qtr., Panchayat Nagar, Rajkot, Gujarat	India	S2-329188169	JACKSON & CO VENTURES	2115-2146A, 21ST FLOOR, TOWER A, BHUTANI, ALPHATHUM, PLOT NO. 1, SECTOR 90, NOIDA, Uttar Pradesh	8	0.2379	SHARED_STREET_OR_ADDRESS
S1-853669737	Jackson Wood Private Limited	Ground Floor, Office No12, Sunstar Tower Near Ioc Qtr., Panchayat Nagar, Rajkot, Gujarat	India	S2-508155549	Jackson Arun (Pvt)	F NO. 206 SECOND FLOOR AMAZON TOWERS SUNNY ENCLAVE, KHARAR, SAS NAGAR, MOHALI, Punjab	9	0.2379	SHARED_STREET_OR_ADDRESS
S1-853669737	Jackson Wood Private Limited	Ground Floor, Office No12, Sunstar Tower Near Ioc Qtr., Panchayat Nagar, Rajkot, Gujarat	India	S2-508441070	Jackson Hospital Private Ltd		10	0.2379	SHARED_STEM_OR_PREFIX
S1-170998977	Bridges and Baker	Ofallon, 2404 Meadow Pointe Drive, MO	US	S2-149298711	BRIDGES AND FACNINO KARBON INC	353 HUNGRY HOLLOW ROAD, CLEVELAND, TN	2	0.4292	SHARED_STEM_OR_PREFIX
S1-170998977	Bridges and Baker	Ofallon, 2404 Meadow Pointe Drive, MO	US	S2-349636884	Bridges  and Northside Myers Inc #60161	4704 EGYPT ROAD, BRISTOL, NY	4	0.4292	SHARED_STEM_OR_PREFIX
S1-170998977	Bridges and Baker	Ofallon, 2404 Meadow Pointe Drive, MO	US	S2-355734392	Bridges and  Baker Co	2406 MEADOW POINTE DR, OFALLON, MO	6	0.4292	SHARED_NAME_AND_LOCATION_TOKENS
S1-170998977	Bridges and Baker	Ofallon, 2404 Meadow Pointe Drive, MO	US	S2-61667263	Bridges and Mrrs Inc	EGYPT RD, NY, CANANDAIGUA	7	0.4292	SHARED_STEM_OR_PREFIX
S1-170998977	Bridges and Baker	Ofallon, 2404 Meadow Pointe Drive, MO	US	S3-254251796	Bridges and Farino Karbon	353 Hungry Hollow Rd, Cleveland, Tennessee	8	0.4292	SHARED_STEM_OR_PREFIX
S1-72369296	Enterprises Mittal Developers Private Limited	Haryana, Orchid Centre, Near, Iilm Institute, Sec 53, Tf, Dlf Qe, Gurgaon	India	S3-883388037	Enterprises Mittal Developers Holdings Holdings Private Ltd	No 68 Tf, Gurgaon, Mg Road, Gurgaon, HR	4	0.4062	SHARED_NAME_AND_LOCATION_TOKENS
S1-72369296	Enterprises Mittal Developers Private Limited	Haryana, Orchid Centre, Near, Iilm Institute, Sec 53, Tf, Dlf Qe, Gurgaon	India	S2-330307900	Sri Berar Technologies Pvt.	Haryana, BLOCK C-53 CS 1404, CELEBRITY SUITES, PALAM VIHAR, GURGAON	5	0.1799	SAME_GEOGRAPHY_AND_GENERIC_KEY
S1-72369296	Enterprises Mittal Developers Private Limited	Haryana, Orchid Centre, Near, Iilm Institute, Sec 53, Tf, Dlf Qe, Gurgaon	India	S2-574201373	NEWAR SAMITI SEVA	Haryana, #3RD FLOOR, ORCHID CENTER, SECTOR 53, GOLF COURSE ROAD, VILLAGE HAIDERPUR VIRAN, DISTRICT GURUGRAM, DLF QE	6	0.1799	SAME_GEOGRAPHY_AND_GENERIC_KEY
S1-72369296	Enterprises Mittal Developers Private Limited	Haryana, Orchid Centre, Near, Iilm Institute, Sec 53, Tf, Dlf Qe, Gurgaon	India	S2-244090743	Dr #goodit	Haryana, H.NO 3RD FLOOR, ORCHID CENTER, SEC-53 GURUGRAM, HR, IND, DLF QE	8	0.1799	SAME_GEOGRAPHY_AND_GENERIC_KEY
S1-72369296	Enterprises Mittal Developers Private Limited	Haryana, Orchid Centre, Near, Iilm Institute, Sec 53, Tf, Dlf Qe, Gurgaon	India	S2-117374394	ZYP Foundation Public Limited	Haryana, SCO 53 G, FLOOE, SECTOR 5, MDC SINGH DWAR MANDIR, AMBALA CITY	9	0.1799	SAME_GEOGRAPHY_AND_GENERIC_KEY
S1-72369296	Enterprises Mittal Developers Private Limited	Haryana, Orchid Centre, Near, Iilm Institute, Sec 53, Tf, Dlf Qe, Gurgaon	India	S2-175907984	विजन प्रॉपर्टीज स्टोर्स प्रा. लि.	Haryana, GURGAON, UNIT NO C 746A 7TH FLOOR JMD MEGAPOLIS SEC 53, GURGAON	10	0.1799	SAME_GEOGRAPHY_AND_GENERIC_KEY
S1-114279394	Stoddard Hickman House Clinic	NY, 285 5th Street, Smithtown	US	S2-863796922	Stoddard  Hickman LLC Center	23326 199TH STRECT, MAPLE VALLEY CDP, WA	1	0.6294	SHARED_STEM_OR_PREFIX
S1-114279394	Stoddard Hickman House Clinic	NY, 285 5th Street, Smithtown	US	S2-498594481	Stoddard Hickman House Group	2218 ELEANOR AVENUE, SPINGFIELD, IL	4	0.6294	SHARED_STEM_OR_PREFIX
S1-558634684	Prime Food Private Limited	Plot No. 23, Zone-1 M.P. Nagar, Bhopal, Madhya Pradesh	India	S2-674284128	Prime Food Private Limited	10-1-19/3/A ADJ LANE TO HOTEL GOLCONDA, MASABTANK, HYDERABAD, Telangana	1	0.6284	SHARED_NAME_AND_LOCATION_TOKENS
S1-558634684	Prime Food Private Limited	Plot No. 23, Zone-1 M.P. Nagar, Bhopal, Madhya Pradesh	India	S2-903151952	Prime Food Private  Limited	2-53 , BHAVANI NAGAR, TENNUBODDAVARA, S KOTA, Andhra Pradesh	4	0.6284	SHARED_STREET_OR_ADDRESS
S1-558634684	Prime Food Private Limited	Plot No. 23, Zone-1 M.P. Nagar, Bhopal, Madhya Pradesh	India	S3-480292832	Prime Food Private (Limited)	Doro No 76 A-3 179, N/A, Paschim Vihar, New Delhi, DL	6	0.6284	SHARED_NAME_AND_LOCATION_TOKENS
S1-558634684	Prime Food Private Limited	Plot No. 23, Zone-1 M.P. Nagar, Bhopal, Madhya Pradesh	India	S3-957506021	Prime Food Private Limited	No. 87 708, Thane, 709, 710, B Wing, 7Th Floor, Bsel Tech Park, 30A, Vashi, MH, Thane	7	0.6284	SHARED_NAME_AND_LOCATION_TOKENS
S1-558634684	Prime Food Private Limited	Plot No. 23, Zone-1 M.P. Nagar, Bhopal, Madhya Pradesh	India	S3-886965195	Prime  Food Private Limited	No. 87 708, 709, 710, B Wing, 7Th Floor, Bsel Tech Park, 30A, Vashi, Thane, MH	8	0.6284	SHARED_NAME_AND_LOCATION_TOKENS
S1-558634684	Prime Food Private Limited	Plot No. 23, Zone-1 M.P. Nagar, Bhopal, Madhya Pradesh	India	S3-784627409	Prime Food Private Limited	A-3, Akola, महाराष्ट्र	10	0.6284	SHARED_STEM_OR_PREFIX
S1-185338284	Aditya Sai Management Limited	Royal Space Bldg No, 154/20, 3Rd Flr, 5Th Main, Bangalore South, Bangalore, Karnataka	India	S2-211442670	ADITYA SAI PRIVATE LIMITED CENTER	Rajasthan, NO 792 340, KATEWA NAGAR NEW SANGANER ROAD, SODALA, JAIPUR	2	0.4734	SHARED_NAME_AND_LOCATION_TOKENS
S1-185338284	Aditya Sai Management Limited	Royal Space Bldg No, 154/20, 3Rd Flr, 5Th Main, Bangalore South, Bangalore, Karnataka	India	S2-944113664	Aditya-Sai Limited Partners	KH NO 232, NIZAMPUR MALHAU, PHUSU KA PURWA, LUCKNOW, Uttar Pradesh	3	0.4734	SHARED_NAME_AND_LOCATION_TOKENS
S1-185338284	Aditya Sai Management Limited	Royal Space Bldg No, 154/20, 3Rd Flr, 5Th Main, Bangalore South, Bangalore, Karnataka	India	S3-52713796	Aditya Sai Care Limited Services	Now Chowki Road Behind P.s., Jodhpur, Udaipur, RJ	4	0.4734	SHARED_STEM_OR_PREFIX
S1-185338284	Aditya Sai Management Limited	Royal Space Bldg No, 154/20, 3Rd Flr, 5Th Main, Bangalore South, Bangalore, Karnataka	India	S3-245783438	Aditya Sai Finance Límited	Kh No 232, Nizampur Malhau, Phusu Ka Purwa, Lucknow, Semra, UP	6	0.4734	SHARED_NAME_AND_LOCATION_TOKENS
S1-185338284	Aditya Sai Management Limited	Royal Space Bldg No, 154/20, 3Rd Flr, 5Th Main, Bangalore South, Bangalore, Karnataka	India	S3-938143642	Aditya Sai International Limited Services	Plot No D04 Additional Midc Area, Jalna, MH	8	0.4734	SHARED_NAME_AND_LOCATION_TOKENS
S1-185338284	Aditya Sai Management Limited	Royal Space Bldg No, 154/20, 3Rd Flr, 5Th Main, Bangalore South, Bangalore, Karnataka	India	S3-188905596	Aditya Sai Finhnhc Trading Limited	H.no 897 Kh No 241, Nizampur Malhau, Phusu Ka Purwa, Lucknow, UP	10	0.4734	SHARED_NAME_AND_LOCATION_TOKENS
S1-352005417	Wildrick and Sands LLC	25481 151st Drive, Surprise, AZ	US	S3-160454685	Wildrick & Sands LLC Service	1003 Orchard Ave, Farmington, New Mexico	8	0.6021	SHARED_STEM_OR_PREFIX
S1-870254921	Vm India Private Limited	Kanjirathani, Vattakkunnu, Kappur P.O, Ottappalam, Palakkad, Kerala	India	S3-145846448	Vm Indiaprivate Private Limited	No. ##122 Fl No 402 S No 23/1/2/14 Sankalpa Rachana, Pune, MH	3	0.5913	SHARED_STEM_OR_PREFIX
S1-870254921	Vm India Private Limited	Kanjirathani, Vattakkunnu, Kappur P.O, Ottappalam, Palakkad, Kerala	India	S2-601888632	VM (INDIA) COOPERS PRIVATE  LIMITED	BLOCK B-699 406, ORBIT INDUSTRIAL ESTATE, 4TH FLOOR CHINCHOLI, OFF LINK ROAD, MIND SPACE, MALAD(W), MUMBAI, null, Maharashtra	4	0.4212	SHARED_STEM_OR_PREFIX
S1-870254921	Vm India Private Limited	Kanjirathani, Vattakkunnu, Kappur P.O, Ottappalam, Palakkad, Kerala	India	S2-11796588	Vm (India) Coopers Private	BLOCK B-699 406, ORBIT INDUSTRIAL ESTATE, 4TH FLOOR CHINCHOLI, OFF LINK ROAD, MIND SPACE, MALAD(W), MUMBAI, null, Maharashtra	6	0.4212	SHARED_STEM_OR_PREFIX
S1-870254921	Vm India Private Limited	Kanjirathani, Vattakkunnu, Kappur P.O, Ottappalam, Palakkad, Kerala	India	S2-198127731	Vm (India) Limited Center	M-21, MALVIYA NAGAR EXTN. SAKET, NEW DELHI, दिल्ली	7	0.4212	SHARED_STEM_OR_PREFIX
S1-870254921	Vm India Private Limited	Kanjirathani, Vattakkunnu, Kappur P.O, Ottappalam, Palakkad, Kerala	India	S2-835481833	Vm India of Csm Nagar Private Limited	123, BHATGAVAN, (A0N) BHATGAVAN TEHSIL GAURIGANJ, CSM NAGAR, उत्तर प्रदेश	8	0.4212	SHARED_STEM_OR_PREFIX
S1-574943722	Hayes Unified Regions LLC	12 School Square, Unit 2, Winchendon, MA	US	S3-128042430	Hayes Unified Regions Llc		4	1.0941	SHARED_STEM_OR_PREFIX
S1-574943722	Hayes Unified Regions LLC	12 School Square, Unit 2, Winchendon, MA	US	S2-693613999	Hayes Unified Regions (P.C.)	42137  OAK CREST CIR, N/A, ALDIE, VA	7	0.6105	SHARED_STEM_OR_PREFIX
S1-574943722	Hayes Unified Regions LLC	12 School Square, Unit 2, Winchendon, MA	US	S2-709340217	Hayes Unified	1323- SEVENTH AVE, COLUMBUS, OH	8	0.6105	SHARED_STEM_OR_PREFIX
S1-574943722	Hayes Unified Regions LLC	12 School Square, Unit 2, Winchendon, MA	US	S2-896592971	Hayes Unified Regions	371D 100, HYRUM CP, UT	9	0.6105	SHARED_STEM_OR_PREFIX
S1-829163315	Silver Barbershop PC	230 Chapman Drive Extension, Asheville, NC	US	S2-64965575	Silver Barbershop  PC	26585 WELCHES RD, WELCHES, OR	1	0.7611	SHARED_STEM_OR_PREFIX
S1-829163315	Silver Barbershop PC	230 Chapman Drive Extension, Asheville, NC	US	S2-155967307	Silver Barbershop [PC]	26249  WELCHES ROAD, WELCHES, OR	2	0.7611	SHARED_STEM_OR_PREFIX
S1-829163315	Silver Barbershop PC	230 Chapman Drive Extension, Asheville, NC	US	S2-577942654	Silver  Barbershop (ID: 1834)	TULSA, 91ST ST, OK	4	0.1361	SHARED_STEM_OR_PREFIX
S1-829163315	Silver Barbershop PC	230 Chapman Drive Extension, Asheville, NC	US	S2-769592531	SILVER BARBERSHOP INC	2249 7500, OGDEN, UT	5	0.1361	SHARED_STEM_OR_PREFIX
S1-829163315	Silver Barbershop PC	230 Chapman Drive Extension, Asheville, NC	US	S2-15530867	Silver  Barbershop	SCHOOLHOUSE RD, WACCABUC, NY	6	0.1361	SHARED_STEM_OR_PREFIX
S1-829163315	Silver Barbershop PC	230 Chapman Drive Extension, Asheville, NC	US	S2-907543536	Silver Barbershop Corporation	4321 ABERNATHY RD, FAIRFIELD, CA	8	0.1361	SHARED_STEM_OR_PREFIX
S1-829163315	Silver Barbershop PC	230 Chapman Drive Extension, Asheville, NC	US	S2-420825616	Silver  PC Barbershop	#150 HILLSIDE RD, WESTFIELD, MA	9	0.1361	SHARED_STEM_OR_PREFIX
S1-829163315	Silver Barbershop PC	230 Chapman Drive Extension, Asheville, NC	US	S2-2442407	Silver Barbershop Central LLC	4244 PRAIRIE STAR COURT, SALEM, OR	10	0.1361	SHARED_STEM_OR_PREFIX
S1-657654513	Rodriguez, Watson and Anderson LLC	740 Western Avenue, New Lenox, IL	US	S2-108334518	HEARTLAND DENTAL ASSOCIATES,	740 WESTERN AVE, CHEVY CHASE, MD	4	0.3230	SAME_GEOGRAPHY_AND_GENERIC_KEY
S1-393157555	Golden Ice Cream!	307 Belleville Street, Freeburg, IL	US	S2-840171851	Golden Ice [Cream]	4804 GOOSE CREEK DR, CHARLOTTE, NC	3	0.2125	SHARED_STEM_OR_PREFIX
S1-393157555	Golden Ice Cream!	307 Belleville Street, Freeburg, IL	US	S2-353817699	Golden Ice Cream	151 MULVANE STREET, TOPEKACDP, KS	7	0.2125	SHARED_STREET_OR_ADDRESS
S1-393157555	Golden Ice Cream!	307 Belleville Street, Freeburg, IL	US	S2-387000265	GOLDEN ICE CREAM	1011 4TH ST, PEORIA, IL	8	0.2125	SHARED_NAME_AND_LOCATION_TOKENS
S1-528999441	Pacific Can	903 Main Street, Bourbon, IN	US	S2-125835922	Pacific Can	166 GLENN RD, SOUTHOLD, NY	1	0.8544	SHARED_STEM_OR_PREFIX
S1-528999441	Pacific Can	903 Main Street, Bourbon, IN	US	S2-19015727	Pacific Can Co	924 MAIN ST, BOURBON, IN	5	0.3161	SHARED_NAME_AND_LOCATION_TOKENS
S1-528999441	Pacific Can	903 Main Street, Bourbon, IN	US	S2-361622626	Pacific Can [LP]	16. WALNUT STREET, HARTFORD, VT	7	0.3161	SHARED_STREET_OR_ADDRESS
S1-528999441	Pacific Can	903 Main Street, Bourbon, IN	US	S3-181015625	Pacific  Can Ltd	01665 Glenn Road, Southold, New York	8	0.3161	SHARED_STEM_OR_PREFIX
S1-528999441	Pacific Can	903 Main Street, Bourbon, IN	US	S2-477479573	Moon Alternative	903 MAIN AVENUE, HICKORY, NC	10	0.1500	SAME_GEOGRAPHY_AND_GENERIC_KEY
S1-445131173	Luque Prairie Evolution Clinic	8261 Henry Circle, Anchorage, AK	US	S3-725942745	Luque Prairie Evolution Ltd	0232 Knobby Pines Ln, # 208, Candler, North Carolina	7	0.8878	SHARED_STEM_OR_PREFIX
S1-445131173	Luque Prairie Evolution Clinic	8261 Henry Circle, Anchorage, AK	US	S3-5861344	luque prairie evolution [llc]	228 Knobby Pines Ln, Unit 208, Cadnler CITY, North Carolina	8	0.8878	SHARED_STEM_OR_PREFIX
S1-906572599	Z & B Entergy	6801 35th Avenue, Fl 1, Lacey, WA	US	S2-501839184	Z-& B Entergy Lakeside	6812 35RD AVENUE, LACEY, WA	1	1.2754	SHARED_STREET_OR_ADDRESS
S1-906572599	Z & B Entergy	6801 35th Avenue, Fl 1, Lacey, WA	US	S2-436438452	Z & B NORTHWEST LLC	AL, 3028 28TH STEET, TUSCALOOSA	4	0.1713	SHARED_STEM_OR_PREFIX
S1-906572599	Z & B Entergy	6801 35th Avenue, Fl 1, Lacey, WA	US	S2-34840393	Z & B	1901 MERIDIAN ROAD, APACHE JUNCTION, AZ	6	0.1713	SHARED_STEM_OR_PREFIX
S1-906572599	Z & B Entergy	6801 35th Avenue, Fl 1, Lacey, WA	US	S2-236450777	Z B Daniel Stellar,	01421 SPRINGDALE DRIVE, N/A, ALMA, AR	9	0.1713	SHARED_STEM_OR_PREFIX
S1-720173062	Maurita's Crystal Wellness Inc	20198 Brookview Square, Loudoun County, VA	US	S3-940995812	Maurita's Crystal Wellness Inc	1160 1/2 Columbus Road, Vaalley, Alabama	1	1.3901	SHARED_STEM_OR_PREFIX
S1-720173062	Maurita's Crystal Wellness Inc	20198 Brookview Square, Loudoun County, VA	US	S2-171079643	Maurita's Crystal Wellness Corp.	01164 COLUMBUS ROAD, VALLEY, AL	5	0.6014	SHARED_STEM_OR_PREFIX
S1-720173062	Maurita's Crystal Wellness Inc	20198 Brookview Square, Loudoun County, VA	US	S2-863458025	MAURITA'S WELSNESS CRYSTAL	1513-1515 FALLCREEK COURT, PO BOX 1228, ALLEN, TX	9	0.6014	SHARED_STEM_OR_PREFIX
S1-720173062	Maurita's Crystal Wellness Inc	20198 Brookview Square, Loudoun County, VA	US	S2-825631526	Maurita'S Crystal Wellness Holdings	5193 MCMINNVILLE HWY, DOYLEC ITY, PO BOX 583, TN	10	0.6014	SHARED_STEM_OR_PREFIX
S1-779180246	Infratech Seva Samiti	Rzp-1/29, New Roshan Pura Nazafgarh, New Delhi, South West Delhi, Delhi	India	S2-172016327	Infratech Seva Samiti Rk	OFFICE 5, FLOOR - GRD., PLOT 352, NANDU HERITAGE, AMRAVATI, MUMBAI, Maharashtra	3	0.3500	SHARED_STEM_OR_PREFIX
S1-779180246	Infratech Seva Samiti	Rzp-1/29, New Roshan Pura Nazafgarh, New Delhi, South West Delhi, Delhi	India	S3-142107566	Infratech Seva Samiti Kashi	H.no 046 Trinity House, Plot No 5/B, Qureshi Nagar Kurla (East) Mumbai Maharashtra, Mumbai City, Mumbai, महाराष्ट्र	5	0.3500	SHARED_STEM_OR_PREFIX
S1-779180246	Infratech Seva Samiti	Rzp-1/29, New Roshan Pura Nazafgarh, New Delhi, South West Delhi, Delhi	India	S2-158447815	Vsn Public Public School	1/1- , 2ND FLOOR, ROSHAN BAGH ROAD V.V. PURAM, BENGALURU, ಕರ್ನಾಟಕ	7	0.1799	SAME_GEOGRAPHY_AND_GENERIC_KEY
S1-779180246	Infratech Seva Samiti	Rzp-1/29, New Roshan Pura Nazafgarh, New Delhi, South West Delhi, Delhi	India	S2-159306093	natures foundation	NO. 1/1, ROSHAN BAGH ROAD, V.V.PURAM, BANGALORE, Karnataka	9	0.1799	SAME_GEOGRAPHY_AND_GENERIC_KEY
S1-585692765	Golden Construction Technologies LLC	AZ, Sierra Vista, 1381 Jasmin Drive	US	S2-144139365	GOLDEN CONSTRUCTION LABS	605 ELM GROVE RD, VILLAGE OF ELM GROVE, WI	1	0.2031	SHARED_STEM_OR_PREFIX
S1-585692765	Golden Construction Technologies LLC	AZ, Sierra Vista, 1381 Jasmin Drive	US	S2-269433787	Golden Construction	118 LAKEWOOD DR, MASHPEE CITY, MA	2	0.2031	SHARED_STEM_OR_PREFIX
S1-585692765	Golden Construction Technologies LLC	AZ, Sierra Vista, 1381 Jasmin Drive	US	S2-117703444	Golden Construction Laboratories [Group]	14213 RODEO DR, VICTORVILLE, CA	3	0.2031	SHARED_STEM_OR_PREFIX
S1-585692765	Golden Construction Technologies LLC	AZ, Sierra Vista, 1381 Jasmin Drive	US	S2-282922653	golden construction co	#2543 APACHE TRL, APACHE JUNCTION, AZ	4	0.2031	SHARED_NAME_AND_LOCATION_TOKENS
S1-585692765	Golden Construction Technologies LLC	AZ, Sierra Vista, 1381 Jasmin Drive	US	S2-993934365	Golden  Construction Ltd	2540 APACHE TRAIL, PO BOX 4381, APACHE JUNCTION, AZ	5	0.2031	SHARED_NAME_AND_LOCATION_TOKENS
S1-585692765	Golden Construction Technologies LLC	AZ, Sierra Vista, 1381 Jasmin Drive	US	S2-482275310	Golden Construction Solutions East	5061 DUKESBERRY LN, HOFFMAN ESTATES, IL	6	0.2031	SHARED_STEM_OR_PREFIX
S1-585692765	Golden Construction Technologies LLC	AZ, Sierra Vista, 1381 Jasmin Drive	US	S2-841080788	Golden Construction Inc  Services	605 ELM GROVE RD, VILLAGE OF ELM GROVE, WI	7	0.2031	SHARED_STEM_OR_PREFIX
S1-585692765	Golden Construction Technologies LLC	AZ, Sierra Vista, 1381 Jasmin Drive	US	S2-508647011	GOLDEN  CONSTRUCTION-LABORATORIES LLC	14206 RODEO DR, NULL, VICTORVILLE, CA	9	0.2031	SHARED_STEM_OR_PREFIX
S1-585692765	Golden Construction Technologies LLC	AZ, Sierra Vista, 1381 Jasmin Drive	US	S2-818755188	CO GOLDEN CONSTRUCTION LABS	612 ELM GROVE RD, ELM  GROVE, WI	10	0.2031	SHARED_STEM_OR_PREFIX
S1-358447941	6-Star	1304 105th Place, Unit 1004, Mesa, AZ	US	S2-449074109	6-Star	10420 MONTEREY AVE, MESA, AZ	4	0.4305	SHARED_NAME_AND_LOCATION_TOKENS
S1-358447941	6-Star	1304 105th Place, Unit 1004, Mesa, AZ	US	S2-173929808	6-Star	7843  FIRWOOD WAY, MINNEAPOLIS CTY, MN	5	0.4305	SHARED_STEM_OR_PREFIX
S1-358447941	6-Star	1304 105th Place, Unit 1004, Mesa, AZ	US	S2-867203125	6-Star	CT, ##228 GRAND AVE, NEW HAVEN	6	0.4305	SHARED_STEM_OR_PREFIX
S1-358447941	6-Star	1304 105th Place, Unit 1004, Mesa, AZ	US	S2-558996781	6-Star	876 MONARCH VIEW LN, SALT LAKE CITY, UT	8	0.4305	SHARED_STEM_OR_PREFIX
S1-358447941	6-Star	1304 105th Place, Unit 1004, Mesa, AZ	US	S2-13017582	6-Star	10420 MONEREY AVE, MESA FOUR PEAKS, AZ	10	0.4305	SHARED_NAME_AND_LOCATION_TOKENS
S1-206894799	Dynamic Exports Pvt Ltd	#56, Saint Thomos School Road, Industrial Suburb, Vishweshwara Nagar, Mysore, Karnataka	India	S2-48142338	DYNAMIC EXPORTS PVT  LTD	A G-27SOUTH EXTENSION PART II, NEW DELHI, Delhi	3	0.5219	SHARED_STEM_OR_PREFIX
S1-206894799	Dynamic Exports Pvt Ltd	#56, Saint Thomos School Road, Industrial Suburb, Vishweshwara Nagar, Mysore, Karnataka	India	S2-777693585	... Dynamic Exports  Pvt Ltd	1182, BENGALURU NORTH, BANGALORE, Karnataka	4	0.5219	SHARED_NAME_AND_LOCATION_TOKENS
S1-206894799	Dynamic Exports Pvt Ltd	#56, Saint Thomos School Road, Industrial Suburb, Vishweshwara Nagar, Mysore, Karnataka	India	S3-862138056	Dynamic Exports  Pvt Ltd		7	0.5219	SHARED_STEM_OR_PREFIX
S1-206894799	Dynamic Exports Pvt Ltd	#56, Saint Thomos School Road, Industrial Suburb, Vishweshwara Nagar, Mysore, Karnataka	India	S3-297530036	Dynamic Exports Pvt (Ltd)	0D Moulana Saukat Ali Lane, Kolkata, South 24 Parganas, WB	9	0.5219	SHARED_STEM_OR_PREFIX
S1-27158214	Darby Thomas News LLC	125 Seward Street, Smyrna, TN	US	S3-588824409	Darby Thomas News	2449 Northbrier Cir, PO Box 1049, Chattanooga, Tennessee	6	0.8380	SHARED_STEM_OR_PREFIX
S1-196578854	Young Joint LLC	116-38 Merrick Boulevard, Jamaica, NY	US	S2-378653968	Sguecod,, Estella MD, M.D., P.C.	116 MERRICK RD, FREEPORT TOWNSHIP, NY	3	0.2027	SAME_GEOGRAPHY_AND_GENERIC_KEY
S1-196578854	Young Joint LLC	116-38 Merrick Boulevard, Jamaica, NY	US	S3-186875020	YOUNG LIQUOR (LLC)	116-40 Merrick Blvd, Jamaica, New York	7	0.2027	SHARED_NAME_AND_LOCATION_TOKENS
S1-196578854	Young Joint LLC	116-38 Merrick Boulevard, Jamaica, NY	US	S3-543005872	Estella Saucedo, MD, MD,	116 Merrick Rd, # Apartment 3G, Freeport, New York	10	0.2027	SAME_GEOGRAPHY_AND_GENERIC_KEY
S1-624045976	City Medical Centre	Andhra Pradesh, Revenue Ward 23, Vijaya Lakshmi Puram, Bapatla, Guntur, 14-5-26	India	S2-999029849	City Medical Centre	D/NO. 4/50, RAM NAGAR VILVAGUDI, KUTHUR (PO), TIRUCHIRAPPALLI, தமிழ்நாடு	1	0.9842	SHARED_STEM_OR_PREFIX
S1-624045976	City Medical Centre	Andhra Pradesh, Revenue Ward 23, Vijaya Lakshmi Puram, Bapatla, Guntur, 14-5-26	India	S2-546216158	City Medical [Centre]	101 SINCHAN APPTS NEW LINKRDJUNCTION OFF VEERA DESAI ROAD ANDHERI WEST, MUMBAI, महाराष्ट्र	3	0.9842	SHARED_STEM_OR_PREFIX
S1-624045976	City Medical Centre	Andhra Pradesh, Revenue Ward 23, Vijaya Lakshmi Puram, Bapatla, Guntur, 14-5-26	India	S2-852125843	City Medical  Centre Overseas Psrgte Limited #15574	H.NO 250B/32 CINDERELLA CASTE, UNIT NO.F-1, NR KARVIR, KARVIR, Maharashtra	5	0.5006	SHARED_STEM_OR_PREFIX
S1-624045976	City Medical Centre	Andhra Pradesh, Revenue Ward 23, Vijaya Lakshmi Puram, Bapatla, Guntur, 14-5-26	India	S2-138613348	City  Medical Centre Ltd	H. NO. 1-3-587 SHIWAJI NAGAR, BID, महाराष्ट्र	6	0.5006	SHARED_STEM_OR_PREFIX
S1-624045976	City Medical Centre	Andhra Pradesh, Revenue Ward 23, Vijaya Lakshmi Puram, Bapatla, Guntur, 14-5-26	India	S2-318427184	City Medical Centre Infratech	D/NO. 4/61, RAM NAGAR VILVAGUDI, KUTHUR (PO), TIRUCHIRAPPALLI, தமிழ்நாடு	8	0.5006	SHARED_STEM_OR_PREFIX
S1-624045976	City Medical Centre	Andhra Pradesh, Revenue Ward 23, Vijaya Lakshmi Puram, Bapatla, Guntur, 14-5-26	India	S2-390926093	City Medical Centre Private Ltd	Maharashtra, 250B/25 CINDERELLA CASTE, UNIT NO.F-1, NR KARVIR, KARVIR	9	0.5006	SHARED_STEM_OR_PREFIX
S1-624045976	City Medical Centre	Andhra Pradesh, Revenue Ward 23, Vijaya Lakshmi Puram, Bapatla, Guntur, 14-5-26	India	S2-631455912	City Medical Centre LLP	293 C MIANWALI COLONY, GURGAON, Haryana	10	0.5006	SHARED_STEM_OR_PREFIX
S1-362520	Empire Dental Associates	765 400, UT, Spanish Fork	US	S2-621554449	Empire Dental  Associates	1005 34, ITALY, TX	1	0.7256	SHARED_STEM_OR_PREFIX
S1-362520	Empire Dental Associates	765 400, UT, Spanish Fork	US	S2-154823421	Empire  Dental Associates	80 MODIFID LN, LOGAN, WV	2	0.7256	SHARED_STEM_OR_PREFIX
S1-362520	Empire Dental Associates	765 400, UT, Spanish Fork	US	S2-468702497	Empire Dental [Associates]	464 TOWNSEND ROAD, HENDERSONVILLE, NC	3	0.7256	SHARED_STEM_OR_PREFIX
S1-362520	Empire Dental Associates	765 400, UT, Spanish Fork	US	S2-722822942	Empire  Dental Associates	YORK AVENUE, BLOOMINGTON, MN	4	0.7256	SHARED_STEM_OR_PREFIX
S1-362520	Empire Dental Associates	765 400, UT, Spanish Fork	US	S2-148561205	Empire Dental Associates	212 1/2 33ST STREET, BILLINGS, MT	5	0.7256	SHARED_STEM_OR_PREFIX
S1-362520	Empire Dental Associates	765 400, UT, Spanish Fork	US	S2-810191067	Empire Dental Associates Riverside	4021 WILTON WOODS PL, CARY, NC	10	0.3089	SHARED_STEM_OR_PREFIX
S1-463548524	Swastik Shyam Enterprises Private Limited	Flat No-501, B-Wing, Barcelona, Off Madh Road, Bhd Madh Church, Malad (W, Est), Mumbai, Mumbai City, Maharashtra	India	S3-629946753	Swastik Shyam Investment Private	11/1A/3 East Topsia Road Tiljala, Kolkata, Calcutta, WB	3	0.3740	SHARED_STREET_OR_ADDRESS
S1-897226407	Lv Industries Group Private Limited	A 19, Ground Floor, Fiee Complex, Suite 1247, New Delhi, South Delhi, Delhi	India	S2-401436032	Lv Industries Group	D 93 SWAI MADHO SINGH ROAD BANI PARK, JAIPUR, Rajasthan	3	1.0832	SHARED_STEM_OR_PREFIX
S1-645713459	Ellis, Chavis and Renfro Hyperliquid Partners	4759 Mayfield Road, South Euclid, OH	US	S2-130289989	Ellis, Chavis and Renfro Hyperliquid Ltd	11646A SHEILA DRIVE, CITY OF EL PASO, TX	5	0.6350	SHARED_STEM_OR_PREFIX
S1-645713459	Ellis, Chavis and Renfro Hyperliquid Partners	4759 Mayfield Road, South Euclid, OH	US	S2-718232605	Ellis, Chavis and Renfro Hyperliquid Center Inc	0011417 SCOTT ST, DOUGLAS COUNTY, NE	8	0.6350	SHARED_STEM_OR_PREFIX
S1-229555888	Rapid Quality Made LP	6 Wildwood Lane, Goshen, MA	US	S2-837010072	Rapid Quality	26 DVON RD, BLOOMINGTON, IL	4	0.4807	SHARED_STEM_OR_PREFIX
S1-229555888	Rapid Quality Made LP	6 Wildwood Lane, Goshen, MA	US	S2-152967110	Rapid Quality Made Holdings	108B 26ST ST, OAK ISLAND, NC	6	0.4807	SHARED_STEM_OR_PREFIX
S1-68456921	Dynamic Hospitality Private Limited	2Nd Floor, Trivedi Bhawan, Pghpl Group Campus, Opp. Western Gate A.N. College, Boring R, Oad, Patna, Bihar	India	S2-158678315	Dynamic Hospitality Private Limited	Maharashtra, DOOR NO 87 RMC PLANT, R.K.HOUSE, NEAR GAVHAN PHATA, PANVEL - URAN ROAD, VAHAL	3	0.6165	SHARED_NAME_AND_LOCATION_TOKENS
S1-68456921	Dynamic Hospitality Private Limited	2Nd Floor, Trivedi Bhawan, Pghpl Group Campus, Opp. Western Gate A.N. College, Boring R, Oad, Patna, Bihar	India	S3-244607113	Dynamic Hospitality Private (Limited)	#3/380, Chennai, TN	5	0.6165	SHARED_STEM_OR_PREFIX
S1-68456921	Dynamic Hospitality Private Limited	2Nd Floor, Trivedi Bhawan, Pghpl Group Campus, Opp. Western Gate A.N. College, Boring R, Oad, Patna, Bihar	India	S3-296521650	Dynamic Hospitality Private-Limited	Office No 70, Mumbai (SUBURBAN), MH	9	0.6165	SHARED_STEM_OR_PREFIX
S1-68456921	Dynamic Hospitality Private Limited	2Nd Floor, Trivedi Bhawan, Pghpl Group Campus, Opp. Western Gate A.N. College, Boring R, Oad, Patna, Bihar	India	S3-5696563	dynamic hospitality private limited	Shantinagar Street No-2, Junagadh Road, Rajkot, Jetpur, GJ	10	0.6165	SHARED_STEM_OR_PREFIX
S1-992003464	Aashi & Co Corp	Row House 10Syno246/1Mani, Konda Chitrapuri Colony, Rangareddy, Telangana	India	S2-511665804	aashi & co clinic	ZIYA COLONY KHAMGAON, KHAMGOAN, Maharashtra	1	0.6152	SHARED_NAME_AND_LOCATION_TOKENS
S1-992003464	Aashi & Co Corp	Row House 10Syno246/1Mani, Konda Chitrapuri Colony, Rangareddy, Telangana	India	S3-156182372	Aashi & Co Clinic Enterprises	No 17 Ziya Colony Khamgaon, Akola, MH	3	0.6152	SHARED_NAME_AND_LOCATION_TOKENS
S1-992003464	Aashi & Co Corp	Row House 10Syno246/1Mani, Konda Chitrapuri Colony, Rangareddy, Telangana	India	S3-760798493	Aashi Co Clinic Center	Ziya Colony Khamgaon, Khamgoan, Buldhana, MH	4	0.6152	SHARED_NAME_AND_LOCATION_TOKENS
S1-992003464	Aashi & Co Corp	Row House 10Syno246/1Mani, Konda Chitrapuri Colony, Rangareddy, Telangana	India	S2-681943295	AASHI CHARITABLE TRUST CO	R-006/15, RAJ NAGAR, GHAZIABAD, उत्तर प्रदेश	10	0.2768	SHARED_STEM_OR_PREFIX
S1-912947277	Biomedical Institute of Technology Pvt Ltd	Plot No10, Kila No69, 1St Floor, Hans Enclave, Sadar Bazar, Gurgaon, Haryana	India	S2-145893538	BIOMEDICAL INSTITUTE OF TECHNOLOGY LTD	DHILLON NIWAS, TOSHAM ROAD, NEELKANTH MARG, NEAR OLD BIJLI BOARD OFFICE, BHIWANI, Haryana	2	0.8398	SHARED_NAME_AND_LOCATION_TOKENS
S1-912947277	Biomedical Institute of Technology Pvt Ltd	Plot No10, Kila No69, 1St Floor, Hans Enclave, Sadar Bazar, Gurgaon, Haryana	India	S3-13685555	Biomedical Institute of Technology Private Limited	0029 Dhillon Niwas, Tosham Road, Neelkanth Marg, Near Old Bijli Board Office, Bhiwani, Meham Gate, हरियाणा	6	0.8398	SHARED_STEM_OR_PREFIX
S1-912947277	Biomedical Institute of Technology Pvt Ltd	Plot No10, Kila No69, 1St Floor, Hans Enclave, Sadar Bazar, Gurgaon, Haryana	India	S2-106102131	Biomedical Ji-Prmmiate Limited	33/2, CIVIL LINESHOSHIARPUR HOSHIARPUR, NULL, Punjab	7	0.4898	SHARED_STEM_OR_PREFIX
S1-912947277	Biomedical Institute of Technology Pvt Ltd	Plot No10, Kila No69, 1St Floor, Hans Enclave, Sadar Bazar, Gurgaon, Haryana	India	S2-114055226	Biomedical It Private	H.NO 00341 33/23, CIVIL LINESHOSHIARPUR HOSHIARPUR, Punjab	8	0.4898	SHARED_STEM_OR_PREFIX
S1-912947277	Biomedical Institute of Technology Pvt Ltd	Plot No10, Kila No69, 1St Floor, Hans Enclave, Sadar Bazar, Gurgaon, Haryana	India	S2-253694163	biomedicssurender.com	FLAT NO G-207, GOPAL PARADISE PAUL NAGAR, VIZIZNAGARAM, VIZIANAGARAM, Andhra Pradesh	10	0.4142	SAME_GEOGRAPHY_AND_GENERIC_KEY
S1-417264639	Melton Workshop PLLC	9326 Hemphill Drive, Fort Wayne, IN	US	S3-297642439	Melton Workshop Partners	329 Hemphill Dr, Indiana, Ft Wayne	3	0.7689	SHARED_NAME_AND_LOCATION_TOKENS
S1-417264639	Melton Workshop PLLC	9326 Hemphill Drive, Fort Wayne, IN	US	S2-767484989	meltonworkscom	9781A HARBOUR POINTE DRIVE, BLOOMINGTON, IN	6	0.3167	SHARED_STREET_OR_ADDRESS
S1-987779515	Landeros, Liza N., D.C.	3400 Country Club Road, Tucson, AZ	US	S2-864604294	Landeros Liza N. D.C. Center	233717 Highpoint Rd, TOWN OF EASTON, WI	5	0.7279	SHARED_STEM_OR_PREFIX
S1-987779515	Landeros, Liza N., D.C.	3400 Country Club Road, Tucson, AZ	US	S2-702205386	Landeros, Liza D.C. Center Partners Service	##233718 HIGHPOINT ROAD, TOWN OF EASTON, WI	6	0.7279	SHARED_STREET_OR_ADDRESS
S1-987779515	Landeros, Liza N., D.C.	3400 Country Club Road, Tucson, AZ	US	S2-984646163	LANDEROS, LIZA N., D.C. CENTER LP	233717 HIGHPOINT ROAD, TOWN OF EASTON, WI	7	0.7279	SHARED_STREET_OR_ADDRESS
S1-987779515	Landeros, Liza N., D.C.	3400 Country Club Road, Tucson, AZ	US	S3-325206607	Landeros Liza N. D.C. East LLC	3411 Country Club Road, Tucson, Arizona	8	0.7279	SHARED_STREET_OR_ADDRESS
S1-509283665	Bay Pinnacle Horizon LP	2450 County Road 022, TX, Jasper	US	S2-145117730	Bay Pinnacle Critical	MANY TREES LANE, CONROE, TX	2	0.5217	SHARED_NAME_AND_LOCATION_TOKENS
S1-509283665	Bay Pinnacle Horizon LP	2450 County Road 022, TX, Jasper	US	S2-157156059	Bay Pinnacle Horizon Care	801 COUNTRY CLUB, TARBORO, NC	3	0.5217	SHARED_STEM_OR_PREFIX
S1-509283665	Bay Pinnacle Horizon LP	2450 County Road 022, TX, Jasper	US	S2-462089567	Bay  Pinnacle Kensington LLC	232 VICTORAI LANE, LONDON, AR	6	0.5217	SHARED_STEM_OR_PREFIX
S1-509283665	Bay Pinnacle Horizon LP	2450 County Road 022, TX, Jasper	US	S2-138908162	Bay Pinnacle	NC, 566 66, KERNERSVILLE	7	0.5217	SHARED_STEM_OR_PREFIX
S1-509283665	Bay Pinnacle Horizon LP	2450 County Road 022, TX, Jasper	US	S2-353581441	BAY PINNACLE CARE HORIZON	801 COUNTRY CLUB, TARBORO, NC	9	0.5217	SHARED_STEM_OR_PREFIX
S1-619895264	Dudley Invesco	2807 7th Avenue, Birmingham, AL	US	S2-378917646	Dudley Invesco  Co	2828 7ND AVENUE, BIRMINGHAM, AL	3	0.7231	SHARED_STREET_OR_ADDRESS
S1-619895264	Dudley Invesco	2807 7th Avenue, Birmingham, AL	US	S2-823182378	Dudley Inaovarmve Ellington  Ltd	002027 Twenty First Street, PHOEINX, AZ	9	0.3491	SHARED_STEM_OR_PREFIX
S1-619895264	Dudley Invesco	2807 7th Avenue, Birmingham, AL	US	S2-698712316	dudleyinnovativeellington.com	002027 21ST ST, PHOEINX, AZ	10	0.3491	SAME_GEOGRAPHY_AND_GENERIC_KEY
S1-17339733	Pediatric Dentistry Care Associates Inc	Norwich, CT, 59 Grant Court	US	S2-371975350	PEDIATRIC DENTISTRY CARE ASSOCIATES INC	#112 WEST ST, CORTLAND, IL	1	0.2108	SHARED_STEM_OR_PREFIX
S1-17339733	Pediatric Dentistry Care Associates Inc	Norwich, CT, 59 Grant Court	US	S2-770619736	Pediatric Dentistry Care Associates Inc	1934 CAPITOL AVE, WASHINGTON, DC	3	0.2108	SHARED_STEM_OR_PREFIX
S1-17339733	Pediatric Dentistry Care Associates Inc	Norwich, CT, 59 Grant Court	US	S2-246706351	Pediatric Dentistry-Care Associates Inc	N8628 GRUNDY RD, TOWN OF SKANAWAN, WI	4	0.2108	SHARED_STEM_OR_PREFIX
S1-17339733	Pediatric Dentistry Care Associates Inc	Norwich, CT, 59 Grant Court	US	S2-801827590	Pediatric  Dentistry Care Associates Inc	17366 INKSTER DRIVE, SHERWOOD, OR	6	0.2108	SHARED_STEM_OR_PREFIX
S1-17339733	Pediatric Dentistry Care Associates Inc	Norwich, CT, 59 Grant Court	US	S2-584544863	PEDIATRIC DENTISTRY CARE ASSOCIATES INC	PARADISE VILLAGE PARKWAY, <NULL>, CPU KARENS HALLMARK CACTUS, AZ	8	0.2108	SHARED_STEM_OR_PREFIX
S1-17339733	Pediatric Dentistry Care Associates Inc	Norwich, CT, 59 Grant Court	US	S2-806567910	pediatric dentistry care associates inc	FRIENDSWOOD, TX, 2210 PLEASANT HILL DRVE	10	0.2108	SHARED_STEM_OR_PREFIX
S1-647059934	ZJ Desert Plutonian	11602 Bannerstone Street, Marana, AZ	US	S3-587363879	ZJ Desert Plutonian Corp	11603 Bannerstone St, Marana, Arizona	3	1.2059	SHARED_NAME_AND_LOCATION_TOKENS
S1-241742700	Linderman Rapid Pennantpark Inc	Cedar Rapids, IA, Unit 3, 2134 N Towne Ct NE	US	S2-604421478	Linderman Rapid Pennantpark Inc	840 FINGERBOARD RD, STATEN ISLAND, NY	1	1.2541	SHARED_STEM_OR_PREFIX
S1-241742700	Linderman Rapid Pennantpark Inc	Cedar Rapids, IA, Unit 3, 2134 N Towne Ct NE	US	S3-631455215	Linderman Rapid  Pennantpark Inc	Court Lane, Amissville, Virginia	2	1.2541	SHARED_STEM_OR_PREFIX
S1-241742700	Linderman Rapid Pennantpark Inc	Cedar Rapids, IA, Unit 3, 2134 N Towne Ct NE	US	S2-423576790	Linderman Rapid	16 HOBBS ROAD, PLATTSBURGH, NY	5	0.6291	SHARED_STEM_OR_PREFIX
S1-241742700	Linderman Rapid Pennantpark Inc	Cedar Rapids, IA, Unit 3, 2134 N Towne Ct NE	US	S2-954597104	Linderman Rapid Rapid Pennantpark Inc	1106 CAMBERLEY COURT, ABINGDON, MD	6	0.6291	SHARED_STEM_OR_PREFIX
S1-512634625	Ironclad Lending LLC	OH, Hamilton, 736 East Avenue	US	S3-290893780	Taylor, Tabbitha, YMD, P.C.	736 Hamilton Ave, Portsmouth City, Virginia	8	0.2901	SAME_GEOGRAPHY_AND_GENERIC_KEY
S1-916773322	Integrated Myers Group	311 Glenn Avenue, Unit 33, Auburn, AL	US	S2-429754025	Integrated Myers Group Partners	332-336 GLENN AVENUE, AUBURN, AL	4	0.3500	SHARED_STREET_OR_ADDRESS
S1-916773322	Integrated Myers Group	311 Glenn Avenue, Unit 33, Auburn, AL	US	S3-303859822	Integrated Myers-LLC		7	0.3500	SHARED_STEM_OR_PREFIX
S1-263724589	Gadaon	TX, 900 30, Garland	US	S2-582013558	Gadaon	11585 SONORA RD, PHELAN, CA	2	0.6446	SHARED_STEM_OR_PREFIX
S1-263724589	Gadaon	TX, 900 30, Garland	US	S2-827587740	Gadaon	4 LAKEVIEW VILLAGE, SPRING VALLEY, NY	3	0.6446	SHARED_STEM_OR_PREFIX
S1-263724589	Gadaon	TX, 900 30, Garland	US	S3-680438236	Gadaon	Albany Rd, Frankfort, New York	5	0.6446	SHARED_STEM_OR_PREFIX
S1-263724589	Gadaon	TX, 900 30, Garland	US	S3-667115764	Gadaon	3 Lakeview Village, Spring Valley, New York	6	0.6446	SHARED_STEM_OR_PREFIX
S1-263724589	Gadaon	TX, 900 30, Garland	US	S3-412011468	Gadaon	11585 Sonora Road, Phelan, California	7	0.6446	SHARED_STEM_OR_PREFIX
S1-734453985	Kriste Ross Elite Auto Glass LLC	9837 Peakview Avenue, Unit D03, Cherry Creek, CO	US	S2-24120350	Kriste Ross Elite Auto Glass Llc	NORTHBOROUGH CITY, 121- BRIGHAM STREET, MA	1	1.4282	SHARED_STEM_OR_PREFIX
S1-734453985	Kriste Ross Elite Auto Glass LLC	9837 Peakview Avenue, Unit D03, Cherry Creek, CO	US	S2-272365985	Kriste Ross Elite Auto Glass Incorporated	3720- BLACKSTONE DRIVE, PARK CITY, UT	3	0.6396	SHARED_STEM_OR_PREFIX
S1-734453985	Kriste Ross Elite Auto Glass LLC	9837 Peakview Avenue, Unit D03, Cherry Creek, CO	US	S2-567925422	Kriste Ross Elite Auto  Glass PC	5016 LAKESIDE AVE, CRYSTAL, MN	4	0.6396	SHARED_STEM_OR_PREFIX
S1-734453985	Kriste Ross Elite Auto Glass LLC	9837 Peakview Avenue, Unit D03, Cherry Creek, CO	US	S2-744297613	KRISTE ROSS ELITE DIGITAL LLC	#2813 600, UNIONDALE, IN	6	0.6396	SHARED_STEM_OR_PREFIX
S1-734453985	Kriste Ross Elite Auto Glass LLC	9837 Peakview Avenue, Unit D03, Cherry Creek, CO	US	S2-934446040	Kriste Ross Elite Auto Glass	5016 LAKESIDE AVENUE, CRYSTAL, MN	7	0.6396	SHARED_STREET_OR_ADDRESS
S1-734453985	Kriste Ross Elite Auto Glass LLC	9837 Peakview Avenue, Unit D03, Cherry Creek, CO	US	S2-888281487	Kriste Ross-Elite Auto Glass PC	5016 LAKESIDE AVENUE, CRYSTAL, MN	9	0.6396	SHARED_STREET_OR_ADDRESS
S1-734453985	Kriste Ross Elite Auto Glass LLC	9837 Peakview Avenue, Unit D03, Cherry Creek, CO	US	S2-161129228	Kriste Ross Elite  Auto Glass		10	0.6396	SHARED_STEM_OR_PREFIX
S1-722883348	Red Nails LLC	1319 Ety Pointe Drive, Lancaster, OH	US	S2-113784699	RED-NAILS LLC	1025 SUNNYSIDE DRIVE, VIRGINIA BEACH TOWNSHIP, VA	2	0.6185	SHARED_STREET_OR_ADDRESS
S1-722883348	Red Nails LLC	1319 Ety Pointe Drive, Lancaster, OH	US	S2-535083529	Red Nails [L.L.C.]	4-8 WEBSTER PL, BOSTON, MA	3	0.6185	SHARED_STEM_OR_PREFIX
S1-722883348	Red Nails LLC	1319 Ety Pointe Drive, Lancaster, OH	US	S2-371545	Red Nails Llc	WV, 337 WADE LN, PMB 7387, CRAIGSVILLE	8	0.6185	SHARED_STEM_OR_PREFIX
S1-722883348	Red Nails LLC	1319 Ety Pointe Drive, Lancaster, OH	US	S2-7517031	Red Nails!, L.L.C.		9	0.6185	SHARED_STEM_OR_PREFIX
S1-309101313	Uniglobe Properties Limited	C/O-Suryadev Kumar, Patel Colony, Patna Sadar, Sampatchak, Patna, Bihar	India	S2-64823403	Uniglobe Properties Private Limited	Bihar, #54 C/O-SURYADEV KUMAR, PATEL COLONY, PATNA SADAR, SAMPATCHAK	3	0.7666	SHARED_NAME_AND_LOCATION_TOKENS
S1-309101313	Uniglobe Properties Limited	C/O-Suryadev Kumar, Patel Colony, Patna Sadar, Sampatchak, Patna, Bihar	India	S2-8065852	UNIGLOBE-PUBLIC SCHÓOL	CTS NO. 5647/, T-01, BAMANE TOWER OLD GOODS SHED ROAD, BELGAUM, Karnataka	6	0.3926	SHARED_STEM_OR_PREFIX
S1-309101313	Uniglobe Properties Limited	C/O-Suryadev Kumar, Patel Colony, Patna Sadar, Sampatchak, Patna, Bihar	India	S2-735095959	Uniglobe Health Limited	HN 558 JOLLY MIKER CHAMBERS II 17TH FLOOR, 225, MUMBAI, NARIMAN POINT, महाराष्ट्र	7	0.3926	SHARED_STEM_OR_PREFIX
S1-309101313	Uniglobe Properties Limited	C/O-Suryadev Kumar, Patel Colony, Patna Sadar, Sampatchak, Patna, Bihar	India	S2-786638866	UNIGLOBE TRÁDERS ASSOCIATES	#465 28, 2ND FLOOR ADVAITHA ASHRAM ROAD, FAIRLANDS, SALEM, Tamil Nadu	8	0.3926	SHARED_STEM_OR_PREFIX
S1-309101313	Uniglobe Properties Limited	C/O-Suryadev Kumar, Patel Colony, Patna Sadar, Sampatchak, Patna, Bihar	India	S2-212111400	Uniglobe Media Private Limited	Maharashtra, PLOT NO.##8 , NEAR PUNDLIK, BABA ASHRAM, RAUTWADI, AKOLA	9	0.3926	SHARED_STEM_OR_PREFIX
S1-309101313	Uniglobe Properties Limited	C/O-Suryadev Kumar, Patel Colony, Patna Sadar, Sampatchak, Patna, Bihar	India	S2-539884437	UNIGLOBE INFRA PRVATE LIMITED	PLOT NO.10, NEAR PUNDLIK, BABA ASHRAM, RAUTWADI, AKOLA, Maharashtra	10	0.3926	SHARED_STEM_OR_PREFIX
S1-266640251	Game Consultancy Private Limited	Delhi, South Delhi, Kh No-185, Lane No-3 U/G/Fr/S, Saidulajab, Delhi, B-39	India	S2-342994399	Game Game Sangh Ltd	DOOR NO 103 , CORAL REEF CO-OPERATIVE ROAD, CHEMBUKKAVU, THRISSUR, കേരളം	4	0.1415	SHARED_NAME_AND_LOCATION_TOKENS
S1-266640251	Game Consultancy Private Limited	Delhi, South Delhi, Kh No-185, Lane No-3 U/G/Fr/S, Saidulajab, Delhi, B-39	India	S2-631266597	DELHI CLEARING PRIVATE LTD	Delhi, 185, 2ND FLOOR, BLOCK-C, PUSHPANALI ENCLAVE, DELHI	9	0.1142	SAME_GEOGRAPHY_AND_GENERIC_KEY
S1-619068107	Reinecke Capital Inc	251 Polk Street, Gary, IN	US	S2-109127486	Reinecke Reinecke Capital Riverside	262 POLK ST, GARY, IN	2	0.5618	SHARED_NAME_AND_LOCATION_TOKENS
S1-619068107	Reinecke Capital Inc	251 Polk Street, Gary, IN	US	S2-439231608	Reinecke & Waggoner Braves, LLC	1565 WINDFALL RD, WESTON MILLS, NY	6	0.4627	SHARED_STEM_OR_PREFIX
S1-619068107	Reinecke Capital Inc	251 Polk Street, Gary, IN	US	S2-446018765	Reinecke & Waggoner Braves,	5524 RAYMOND ST, INDIANAPOLIS, IN	9	0.4627	SHARED_STEM_OR_PREFIX
S1-619068107	Reinecke Capital Inc	251 Polk Street, Gary, IN	US	S2-277962375	Reinecke Solutions L.L.C.	1367 HORNET WAY, PRINCE WILLIAM COUNTY, VA	10	0.4627	SHARED_STEM_OR_PREFIX
S1-706856946	Safe Vanguard Properties LLC	488 Lakeside Drive, Latonia Ky, KY	US	S2-979041762	Safe  Vanguard Culture Ltd.	4016 SALT MEADOW DRIVE, <NULL>, FENWICK ISLAND, DE	6	0.5859	SHARED_STREET_OR_ADDRESS
S1-706856946	Safe Vanguard Properties LLC	488 Lakeside Drive, Latonia Ky, KY	US	S2-289297437	Safe Vanguard Centurion	21228 CATAWBA AVENUE, PMB 2513, CORNELISU, NC	7	0.5859	SHARED_STEM_OR_PREFIX
S1-706856946	Safe Vanguard Properties LLC	488 Lakeside Drive, Latonia Ky, KY	US	S2-669613108	Safe Vanguard Centurion Group	21230 CATAWBA AVE, CORNELIUS, NC	10	0.5859	SHARED_STEM_OR_PREFIX
S1-774836812	Weiler Blue Brokerage PLLC	132 Danforth Street, Portland, ME	US	S2-107172479	WEILER SUMMIT  LAW GROUP GROUP	TOLEO, OH, 3831 SHERBROOKE RD	8	0.1926	SHARED_STEM_OR_PREFIX
S1-774836812	Weiler Blue Brokerage PLLC	132 Danforth Street, Portland, ME	US	S2-522958297	WEILER GARCIA JERSEY L.L.C.	#3102 SEALS DR, MCKINNEY, TX	10	0.1926	SHARED_STEM_OR_PREFIX
S1-452691275	Dd Memorial Trust	Hotel Swati 21/6 Chhoti Gwal Toli Near Sarvate Bus Stand, Indore, Madhya Pradesh	India	S2-187636408	ਸਟਾਰ ਟੈਕਨਾਲੋਜੀ	HOTEL REGENTA ALMEIDA NH-21 ZIRAKPUR CHANDIGARH ROAD, PABHAT, MOHALI, ZIRAKPUR, Punjab	4	0.2168	SAME_GEOGRAPHY_AND_GENERIC_KEY
S1-452691275	Dd Memorial Trust	Hotel Swati 21/6 Chhoti Gwal Toli Near Sarvate Bus Stand, Indore, Madhya Pradesh	India	S3-423481612	M/s Aadi &	No.21, I Floor, Hotel Woodlands Building, Trichy Main Road, Pondy, TN	7	0.2168	SAME_GEOGRAPHY_AND_GENERIC_KEY
S1-452691275	Dd Memorial Trust	Hotel Swati 21/6 Chhoti Gwal Toli Near Sarvate Bus Stand, Indore, Madhya Pradesh	India	S3-722003633	Solutions Bharadwaj Medico	21 A/6 Hotel Singh Contmentelw E A Karol Bagh, Central Delhi, New Delhi, DL	8	0.2168	SAME_GEOGRAPHY_AND_GENERIC_KEY
S1-452691275	Dd Memorial Trust	Hotel Swati 21/6 Chhoti Gwal Toli Near Sarvate Bus Stand, Indore, Madhya Pradesh	India	S3-199133701	Aadi & Brothers (Associates)	No.21, I Floor, Hotel Woodlands Building, Trichy Main Road, Pondy, TN	9	0.2168	SAME_GEOGRAPHY_AND_GENERIC_KEY
S1-110602510	Real Alpha Media Private Limited	House No C-262, Siddharth Nagar, Jaipur, Rajasthan	India	S2-636717770	Real Alpha Energy Private	Gujarat, D/931-932, SUN GRAVITOS, RADIO MIRCHI ROAD, NEAR PAREKH HOSPITAL, VEJALPUR, AHMADABAD CITY	3	0.8191	SHARED_STEM_OR_PREFIX
S1-110602510	Real Alpha Media Private Limited	House No C-262, Siddharth Nagar, Jaipur, Rajasthan	India	S2-980467601	*** Real Alpha Consulting Private  Ltd	HOSUE NO C-66, JAIPUR, Rajasthan	4	0.8191	SHARED_NAME_AND_LOCATION_TOKENS
S1-110602510	Real Alpha Media Private Limited	House No C-262, Siddharth Nagar, Jaipur, Rajasthan	India	S3-39788296	Real Alpha Private Limited (Center)	G-931-932, Sun Gravitos, Radio Mirchi Road, Near Parekh Hospital, Vejalpur, Ahmadabad City, Ahmedabad, ગુજરાત	5	0.8191	SHARED_STEM_OR_PREFIX
S1-770963722	Howard, Smith and Anderson, Inc	71 Hemlock Place, Middletown, CT	US	S2-148511910	Howard Smith Central	##22 UNION TRANSFER, WOODBURY, NY	6	0.5412	SHARED_STEM_OR_PREFIX
S1-770963722	Howard, Smith and Anderson, Inc	71 Hemlock Place, Middletown, CT	US	S2-184374959	Howard Smart Aluminum West Inc.	2633 7TH STREET, CITY OF MONROE, WI	9	0.2100	SHARED_STEM_OR_PREFIX
S1-770963722	Howard, Smith and Anderson, Inc	71 Hemlock Place, Middletown, CT	US	S2-10161067	Howard's Marmetibgn	106155- PINERIDGE TRAIL, MEEKER, OK	10	0.2100	SHARED_STEM_OR_PREFIX
S1-341378122	Bumoex Corporation	Chagrin Falls, OH, 8850 Taylor May Road	US	S3-684980622	bumoex corporation llc	8861 Taylor May Rd, Bainbridge Twp, Ohio	3	0.9690	SHARED_NAME_AND_LOCATION_TOKENS
S1-202909837	Sevue Family Office Inc	Baltimore, MD, 2102 Patapsco Avenue	US	S2-228488443	SEVUE  FAMILY OFFICE GROUP	1906 DIVISON ST, HOBART, IN	5	0.7587	SHARED_STEM_OR_PREFIX
S1-202909837	Sevue Family Office Inc	Baltimore, MD, 2102 Patapsco Avenue	US	S2-465920108	... sevue family office group	1906 DIVISION ST, HOBART, IN	7	0.7587	SHARED_STEM_OR_PREFIX
S1-202909837	Sevue Family Office Inc	Baltimore, MD, 2102 Patapsco Avenue	US	S2-790824194	Sevue Family	1906 DIVISION ST, HOBART, IN	8	0.7587	SHARED_STEM_OR_PREFIX
S1-202909837	Sevue Family Office Inc	Baltimore, MD, 2102 Patapsco Avenue	US	S3-426207344	Sevue Family Oeffie Group		9	0.7587	SHARED_STEM_OR_PREFIX
S1-520992658	Value Retail Global Inc.	2518 Young, Colville, WA	US	S2-573275027	VALUE RETAIL PARTNERS		4	0.3999	SHARED_STEM_OR_PREFIX
S1-520992658	Value Retail Global Inc.	2518 Young, Colville, WA	US	S2-258857579	Value Retail Dgitol LLC	001210 CARNOUSTIE CIR, OH, GROVE CITY	8	0.3999	SHARED_STEM_OR_PREFIX
S1-520992658	Value Retail Global Inc.	2518 Young, Colville, WA	US	S2-151313504	Value (Retail-Partners)	CLOVER DR, CELINA, TX	9	0.3999	SHARED_STEM_OR_PREFIX
S1-520992658	Value Retail Global Inc.	2518 Young, Colville, WA	US	S2-821936698	Value Retail Worldwide  Inc	3211 1/2 TAYLOR AVE, OGDEN, UT	10	0.3999	SHARED_STEM_OR_PREFIX
S1-277391322	Dynamic Textile Networks LLC	18848 250 Road E, Danvers, IL	US	S2-20056697	DYNAMIC TEXTILE ENTERPRISES L.L.C.	BROCKTON, MA, 16 WINSLOW AVE	7	0.1808	SHARED_STEM_OR_PREFIX
S1-277391322	Dynamic Textile Networks LLC	18848 250 Road E, Danvers, IL	US	S2-179005521	Dynamic Textile Ventures (L.L.C.)	##45 TEAGUE AVENUE, ME, TURNER	9	0.1808	SHARED_STEM_OR_PREFIX
S1-277391322	Dynamic Textile Networks LLC	18848 250 Road E, Danvers, IL	US	S2-380883945	Dynamic Textile Ventures	40-D TEAGUE AVENUE, TURNER, ME	10	0.1808	SHARED_STEM_OR_PREFIX
S1-638110492	Super Care Limited	Kalkaji, New Delhi, Delhi, J-86	India	S3-138173442	SUPER CARE LIMITED	No.21/1, 21St Street, Saidapet, Kanchipuram, TN	1	0.8680	SHARED_STEM_OR_PREFIX
S1-638110492	Super Care Limited	Kalkaji, New Delhi, Delhi, J-86	India	S3-522887053	Super Care-Limited	Block No.518/b, Shantivan Society Plot No.52, Kamrej, Surat, ગુજરાત	2	0.8680	SHARED_STEM_OR_PREFIX
S1-638110492	Super Care Limited	Kalkaji, New Delhi, Delhi, J-86	India	S3-292762495	Super Care Limited	Ahmedabad, A-607 Signature-9 Sarkhej Sanand Highway, ગુજરાત, Ahmedabad	3	0.8680	SHARED_STEM_OR_PREFIX
S1-638110492	Super Care Limited	Kalkaji, New Delhi, Delhi, J-86	India	S2-597570019	Super Care Ltd (Pvt)	#3/304-C3, VENKITTAPURAM, CHINNIYAMPALAYAM, COIMBATORE, Tamil Nadu	5	0.3296	SHARED_STEM_OR_PREFIX
S1-638110492	Super Care Limited	Kalkaji, New Delhi, Delhi, J-86	India	S2-178894150	Super Care Ltd		7	0.3296	SHARED_STEM_OR_PREFIX
S1-638110492	Super Care Limited	Kalkaji, New Delhi, Delhi, J-86	India	S2-560225815	Super Care प्राइवेट लिमिटेड	UNIT NO 1107/A, 11TH FLOOR, C WING, ONE BKC PLOT C 66, BANDRA KURLA COMPLEX, BANDRA, EAST, MUMBAI, Maharashtra	8	0.3296	SHARED_STEM_OR_PREFIX
S1-638110492	Super Care Limited	Kalkaji, New Delhi, Delhi, J-86	India	S2-307502484	SUPER CARE PRIVATE LTD	B3/504B2 5TH FLR SAMRAAT, PHASE 1, DHRUV NAGAR, NASHIK, Maharashtra	10	0.3296	SHARED_STEM_OR_PREFIX
S1-844896591	Modern Packaging Global PC	8935 Georgetown Pike, Fairfax County, VA	US	S2-328788758	Modern  Packaging	427 MCNALLY CT, ALLIANCE, OH	4	0.1691	SHARED_STEM_OR_PREFIX
S1-844896591	Modern Packaging Global PC	8935 Georgetown Pike, Fairfax County, VA	US	S2-556075518	Modern Packaging Partners LP	KACHINA VILLAGE, 335 JADITO TRL, AZ	6	0.1691	SHARED_STEM_OR_PREFIX
S1-844896591	Modern Packaging Global PC	8935 Georgetown Pike, Fairfax County, VA	US	S2-802063659	MODERN PACKAGING SYSTEMS,	JAMES PATRICK LN, SPANISH LAKE, MO	7	0.1691	SHARED_STEM_OR_PREFIX
S1-844896591	Modern Packaging Global PC	8935 Georgetown Pike, Fairfax County, VA	US	S2-518206108	Modern Packaging [[Partners]]	64 TOLLGATE RD, AVERILL PARK, NY	8	0.1691	SHARED_STEM_OR_PREFIX
S1-844896591	Modern Packaging Global PC	8935 Georgetown Pike, Fairfax County, VA	US	S2-405038427	Modern (Packaging)	RUSHVILLE, 635 SETON ST, IN	10	0.1691	SHARED_STEM_OR_PREFIX
S1-245014023	Keva Trust LLC	11451 Cherry Hill Road, Unit 203, Beltsville, MD	US	S2-905339743	KEVA  TRUST	#1624 KAYS POINT ROAD, FOUR SEASONS, MO	8	0.6228	SHARED_STREET_OR_ADDRESS
S1-245014023	Keva Trust LLC	11451 Cherry Hill Road, Unit 203, Beltsville, MD	US	S2-427784700	KEVA TRUST CENTER INC.		9	0.6228	SHARED_STEM_OR_PREFIX
S1-790771894	Nexnet Family Office LP	1330 Dale Avenue, Stephenville, TX	US	S2-392860341	NEXNET FAMILY L.L.C. OFFICE	5695 1/2 HICKORY KNOLL DRIVE, <NULL>, WINSTON-SALEM, NC	3	0.8133	SHARED_STEM_OR_PREFIX
S1-790771894	Nexnet Family Office LP	1330 Dale Avenue, Stephenville, TX	US	S3-820444754	Nexnet Family Office Corporation	4306 Woodlawn Dr, Dayton, Ohio	6	0.8133	SHARED_STEM_OR_PREFIX
S1-790771894	Nexnet Family Office LP	1330 Dale Avenue, Stephenville, TX	US	S3-777222121	Nexnet Family 0ffice Westgate L.L.C.	5698 Hickory Knoll Dr, Unit 2, Winston-Salem, North Carolina	7	0.8133	SHARED_STEM_OR_PREFIX
S1-790771894	Nexnet Family Office LP	1330 Dale Avenue, Stephenville, TX	US	S3-37133497	Nexnet Nexnet Equity Patnss	6 Farm Meadow Drive, East Lyme, Connecticut	10	0.2516	SHARED_STEM_OR_PREFIX
S1-870525516	Geo Brothers	Ernakulam, 36/1924 Sky Marks Chammani - Complx Judges Avenue Cross Rd (Sebastian Rd) Kochi, Ernakulam, Kerala	India	S2-82351696	Geo  Brothers	DOOR NO 35/ , AT-ARGADEGAVHAN TQ-GHANSAWANGI, JALNA, Maharashtra	1	1.3593	SHARED_STEM_OR_PREFIX
S1-870525516	Geo Brothers	Ernakulam, 36/1924 Sky Marks Chammani - Complx Judges Avenue Cross Rd (Sebastian Rd) Kochi, Ernakulam, Kerala	India	S2-194681344	Geo Brothers Enterprises Pvt Ltd	NO 70 GROUND FLOOR, 19, DESHAPRIYA NAGAR, KOLKATA, KOLKATA, West Bengal	2	0.5706	SHARED_STEM_OR_PREFIX
S1-870525516	Geo Brothers	Ernakulam, 36/1924 Sky Marks Chammani - Complx Judges Avenue Cross Rd (Sebastian Rd) Kochi, Ernakulam, Kerala	India	S2-552053654	Geo Brothers Exports LLP	0036/1925 SKY MARKS CHAMMANI - COMPLX JUDGES AVENUE CROSS RD (SEBASTIAN RD) KOCHI, ERNAKULAM, കേരളം	4	0.5706	SHARED_STREET_OR_ADDRESS
S1-870525516	Geo Brothers	Ernakulam, 36/1924 Sky Marks Chammani - Complx Judges Avenue Cross Rd (Sebastian Rd) Kochi, Ernakulam, Kerala	India	S2-751258113	Geo Brothers Infratech Private	63-BUNGALOW, MHADA ROAD, SV PATEL NAGAR, ANDHERI W, MUMBAI, Maharashtra	5	0.5706	SHARED_STEM_OR_PREFIX
S1-870525516	Geo Brothers	Ernakulam, 36/1924 Sky Marks Chammani - Complx Judges Avenue Cross Rd (Sebastian Rd) Kochi, Ernakulam, Kerala	India	S2-478765650	Geo Brothers Brothers	R.G.M/W-19/P-94, HATIARA, PURVAPARA NEAR WOMAN TRAINING CENTRE, KOLKATA, KOLKATA, পশ্চিমবঙ্গ	6	0.5706	SHARED_STEM_OR_PREFIX
S1-870525516	Geo Brothers	Ernakulam, 36/1924 Sky Marks Chammani - Complx Judges Avenue Cross Rd (Sebastian Rd) Kochi, Ernakulam, Kerala	India	S2-75483160	Geo Brothers Limited	NO.33/1 , 4TH FLOOR, 1ST MAIN, GANGANAGAR GRAMATANA, HMT LAYOUT, CBI ROAD, BANGALORE NORTH, null, Karnataka	7	0.5706	SHARED_STEM_OR_PREFIX
S1-870525516	Geo Brothers	Ernakulam, 36/1924 Sky Marks Chammani - Complx Judges Avenue Cross Rd (Sebastian Rd) Kochi, Ernakulam, Kerala	India	S2-264937745	Geo Brothers (Ltd)	DOOR NO 33/1 , 4TH FLOOR, 1ST MAIN, GANGANAGAR GRAMATANA, HMT LAYOUT, CBI ROAD, BANGALORE NORTH, null, Karnataka	8	0.5706	SHARED_STEM_OR_PREFIX
S1-870525516	Geo Brothers	Ernakulam, 36/1924 Sky Marks Chammani - Complx Judges Avenue Cross Rd (Sebastian Rd) Kochi, Ernakulam, Kerala	India	S2-586083792	Geo Brothers Private Limited	H-A-32, RAHEJA MALL SOHNA ROAD, GURGAON, Haryana	9	0.5706	SHARED_STEM_OR_PREFIX
S1-870525516	Geo Brothers	Ernakulam, 36/1924 Sky Marks Chammani - Complx Judges Avenue Cross Rd (Sebastian Rd) Kochi, Ernakulam, Kerala	India	S2-478863001	Geo Brothers Private Limited	PLOT NO 83, AVIN NAGAR, 2ND STREET, POTHUMBU, MADURAI, தமிழ்நாடு	10	0.5706	SHARED_STEM_OR_PREFIX
S1-382138150	Amrit Open Private Limited	Room No.6, Kashinath Patil Chawl, Opp Sapana Hotel, S V Road, Mumbai, Mumbai City, Maharashtra	India	S2-975563058	Open Open Hosiptal Group	G13, GRD FLOOR, PLOT NO 274, MAKANI MANZIL, PERIN NARIMAN STREET, FORT, MUMBAI, Maharashtra	7	0.1220	SHARED_NAME_AND_LOCATION_TOKENS
S1-382138150	Amrit Open Private Limited	Room No.6, Kashinath Patil Chawl, Opp Sapana Hotel, S V Road, Mumbai, Mumbai City, Maharashtra	India	S2-68616066	Smt OPEN OPEN POLYTECHHIC		8	0.1220	SHARED_STEM_OR_PREFIX
S1-382138150	Amrit Open Private Limited	Room No.6, Kashinath Patil Chawl, Opp Sapana Hotel, S V Road, Mumbai, Mumbai City, Maharashtra	India	S2-305560315	Open Aoaddey	39/9A, SAKET NAGAR, Madhya Pradesh	9	0.0610	SHARED_STEM_OR_PREFIX
S1-382138150	Amrit Open Private Limited	Room No.6, Kashinath Patil Chawl, Opp Sapana Hotel, S V Road, Mumbai, Mumbai City, Maharashtra	India	S2-867897203	Open Idnestlmlent Exports Pvt. [Ltd.]	FLAT NO.A-10, PARMAR PARADISE, SR.NO.7-9, B J ROAD, NEAR SADHU VASWANI CHOWK, PUNE, महाराष्ट्र	10	0.0610	SHARED_STREET_OR_ADDRESS
S1-470699785	Krystyna's Energy Inc	NY, Unit Apartment 206, 183 Main Street, Fredonia	US	S2-61359917	Krystyna's Seafood LLC	304 RIVER OAKS LN, RUSSELLVILLE, AR	1	0.5687	SHARED_STEM_OR_PREFIX
S1-470699785	Krystyna's Energy Inc	NY, Unit Apartment 206, 183 Main Street, Fredonia	US	S2-205845653	Krystyna's-Seafood Co	304 RIVER OAKS LANE, RUSSELLVILLE, AR	2	0.5687	SHARED_STEM_OR_PREFIX
S1-470699785	Krystyna's Energy Inc	NY, Unit Apartment 206, 183 Main Street, Fredonia	US	S2-845359936	Krystyna's Towing	SCOTTVIEW DRIVE, CHARLOTTE, NC	4	0.5687	SHARED_STEM_OR_PREFIX
S1-470699785	Krystyna's Energy Inc	NY, Unit Apartment 206, 183 Main Street, Fredonia	US	S2-236012492	KRYSTYNA'S HAIR	NC, 1351 Dekalb Street, SHELBY	5	0.5687	SHARED_STREET_OR_ADDRESS
S1-470699785	Krystyna's Energy Inc	NY, Unit Apartment 206, 183 Main Street, Fredonia	US	S2-861319882	Krystyna's Hair Studio  Holdings	1372 1/2 DEKALB ST, SHELBY, NC	6	0.5687	SHARED_STEM_OR_PREFIX
S1-470699785	Krystyna's Energy Inc	NY, Unit Apartment 206, 183 Main Street, Fredonia	US	S3-494821452	Krystyna's Seafood	304 River Oas Ln, Russellville, Arkansas	9	0.5687	SHARED_STEM_OR_PREFIX
S1-470699785	Krystyna's Energy Inc	NY, Unit Apartment 206, 183 Main Street, Fredonia	US	S3-596933662	Krystyna's Towing		10	0.5687	SHARED_STEM_OR_PREFIX
S1-696598587	Bell Controls LLC	136 Donegal Avenue, Thousand Oaks, CA	US	S2-456382210	BELL COASTAL COLUMBIA LLC	4949 BENTRIDGE DR, CONCORD, NC	5	0.1384	SHARED_STEM_OR_PREFIX
S1-696598587	Bell Controls LLC	136 Donegal Avenue, Thousand Oaks, CA	US	S2-7387755	Bell [Costamare]		9	0.1384	SHARED_STEM_OR_PREFIX
S1-696598587	Bell Controls LLC	136 Donegal Avenue, Thousand Oaks, CA	US	S2-741428174	Bell Co Biosciences Apex	#15529 COPPER CORRAL DRIVE, PLATTSMOUTH, NE	10	0.1384	SHARED_STEM_OR_PREFIX
S1-960756168	Board of Public Works	13265 601, Midland, NC	US	S2-574242248	Board  of Public Works	80855. KIK RD, HERMISTON, OR	4	0.1961	SHARED_STEM_OR_PREFIX
S1-960756168	Board of Public Works	13265 601, Midland, NC	US	S2-672155106	BOARD-OF PUBLIC-WORKS	01755 ROBIN WALK, HOFFMAN ESTATES, IL	5	0.1961	SHARED_STEM_OR_PREFIX
S1-960756168	Board of Public Works	13265 601, Midland, NC	US	S2-579123800	BOARD OF PUBLIC WORKS	ALEDO, TX, 777  JENKINS ROAD	6	0.1961	SHARED_STEM_OR_PREFIX
S1-960756168	Board of Public Works	13265 601, Midland, NC	US	S2-157097412	BOARD OF PUBLIC  WORKS	ASBURY AVENUE, EVANSTON, IL	8	0.1961	SHARED_STEM_OR_PREFIX
S1-960756168	Board of Public Works	13265 601, Midland, NC	US	S2-448901674	Board of Public [Works]	106 7ND AVENUE, MOORHEAD, MN	9	0.1961	SHARED_STEM_OR_PREFIX
S1-842881175	Mandie Cannon, DO	3315 Nelson Road, Town Of Algoma, WI	US	S2-894260746	Mandie Krueger Sterling Outdoor Summit Inc.	##1224 MAIN ST, ABINGDON, VA	6	0.1956	SHARED_STEM_OR_PREFIX
S1-842881175	Mandie Cannon, DO	3315 Nelson Road, Town Of Algoma, WI	US	S2-370426671	MANDIE WHITE ELECTRICAL INC	5816 HARRISBURG PIKE, ORIENT, OH	7	0.1956	SHARED_STEM_OR_PREFIX
S1-842881175	Mandie Cannon, DO	3315 Nelson Road, Town Of Algoma, WI	US	S2-314844120	Mandie's Star Distribution South	1707 MAYS STREET, ROUND ROCK, TX	8	0.1956	SHARED_STEM_OR_PREFIX
S1-842881175	Mandie Cannon, DO	3315 Nelson Road, Town Of Algoma, WI	US	S2-33281159	MANDIE OROZCO CLEAN WAVE	VORNHOLT AVENUE, <NULL>, TROY, OH	9	0.1956	SHARED_STEM_OR_PREFIX
S1-42596820	Lakshmi Construction Private Limited	B-11/C-2, Malviya Nagar, Ind. Area, Jaipur, Rajasthan	India	S2-604595164	Lakshmi Construction Private [Limited]	O1, PARVANA VIHAR SECTOR -9, ROHINI, Delhi	3	0.6678	SHARED_STEM_OR_PREFIX
S1-42596820	Lakshmi Construction Private Limited	B-11/C-2, Malviya Nagar, Ind. Area, Jaipur, Rajasthan	India	S3-491914258	Lakshmi-Construction Private Limited	25B, Kolkata, Howrah, WB	4	0.6678	SHARED_STEM_OR_PREFIX
S1-42596820	Lakshmi Construction Private Limited	B-11/C-2, Malviya Nagar, Ind. Area, Jaipur, Rajasthan	India	S2-167471325	Lakshmi Pvt Construction Ltd	RMZ MILLENNIA BUSINESS PK, CAMPUS 1A 143, DR MG RD, SAIDAPET, தமிழ்நாடு	6	0.1842	SHARED_STEM_OR_PREFIX
S1-42596820	Lakshmi Construction Private Limited	B-11/C-2, Malviya Nagar, Ind. Area, Jaipur, Rajasthan	India	S2-199213510	Lakshmi Construction  Limited	B##602, FLOOR 6, VIKAS APARTMENT, DADABHAI CHAMARBAUG ROAD, NEAR KEM HOSPIT, AL, PAREL, Maharashtra	7	0.1842	SHARED_NAME_AND_LOCATION_TOKENS
S1-42596820	Lakshmi Construction Private Limited	B-11/C-2, Malviya Nagar, Ind. Area, Jaipur, Rajasthan	India	S2-504258495	Lakshmi Construction	1003, 10TH FLOOR, B WING, ONE BKC, G BLOCK, BKC, MUMBAI, Maharashtra	10	0.1842	SHARED_NAME_AND_LOCATION_TOKENS
S1-868335410	Dorman Crest Group	5943 Otis Court, Columbine, CO	US	S3-340857829	Dorman Crest LLC	5950a Otis Court, Columbine, Colorado	4	0.9520	SHARED_NAME_AND_LOCATION_TOKENS
S1-868335410	Dorman Crest Group	5943 Otis Court, Columbine, CO	US	S2-148387588	DORMAN DORMAN ICGEDA INC	282 KAY RD, ENDICOTT, NY	5	0.2431	SHARED_STEM_OR_PREFIX
S1-868335410	Dorman Crest Group	5943 Otis Court, Columbine, CO	US	S2-147367965	Dorman Network Corp		6	0.1783	SHARED_STEM_OR_PREFIX
S1-868335410	Dorman Crest Group	5943 Otis Court, Columbine, CO	US	S2-529765756	Dorman-Network	#22 Sapphire Pt, MORTON, IL	7	0.1783	SHARED_STEM_OR_PREFIX
S1-868335410	Dorman Crest Group	5943 Otis Court, Columbine, CO	US	S2-381748761	DORMAN COMPANIA INC.	7224 ELWOOD AVENUE, TULSA, OK	8	0.1783	SHARED_STEM_OR_PREFIX
S1-780893579	Godbole City Corp	Building No. 61/245- B2, Zeia Arcade, Church Landing Road, Pallimukku, Kochi, Ernakulam, Kerala	India	S2-158379336	Godbole City	Gujarat, H NO 7-52 4-5, NEAR TOWER, NERA BANK OF INDIA, NANUPEMA MARKET, TOWER, NAVSARI	2	0.8671	SHARED_NAME_AND_LOCATION_TOKENS
S1-780893579	Godbole City Corp	Building No. 61/245- B2, Zeia Arcade, Church Landing Road, Pallimukku, Kochi, Ernakulam, Kerala	India	S3-102849120	Godbole City of Bhatar Ventures Limited	R-944, Dahod, GJ	7	0.8671	SHARED_STEM_OR_PREFIX
S1-780893579	Godbole City Corp	Building No. 61/245- B2, Zeia Arcade, Church Landing Road, Pallimukku, Kochi, Ernakulam, Kerala	India	S3-806934108	Godbole Corporation Service	Bombay, D-302, New Jay Palace Chs, Yari Road Versova, Andheri (West), Mumbai City, MH	10	0.5510	SHARED_STREET_OR_ADDRESS
S1-372897884	Brigit Brown Montreal	1890 Marble Ridge Drive, Rockingham County, VA	US	S2-274708351	Brigit's Brigit's Federal Environmental	MAXWELL AVE, LEWIS CENTER, OH	4	0.1371	SHARED_STEM_OR_PREFIX
S1-372897884	Brigit Brown Montreal	1890 Marble Ridge Drive, Rockingham County, VA	US	S2-73156123	Brigit Orsak Apex Center	1-3 FRANKLIN ST, ISLIP, NY	6	0.0685	SHARED_STEM_OR_PREFIX
S1-372897884	Brigit Brown Montreal	1890 Marble Ridge Drive, Rockingham County, VA	US	S2-262139137	BRIGIT'S HIGHLAND BOUTIQUE INC.	1609 WILSON RD, WAXAHACHIE, TX	8	0.0685	SHARED_STEM_OR_PREFIX
S1-372897884	Brigit Brown Montreal	1890 Marble Ridge Drive, Rockingham County, VA	US	S2-494388558	Brigit Husk Frontier Fusion	4880. 19TH AVE, BOZEMAN, MT	9	0.0685	SHARED_STEM_OR_PREFIX
S1-372897884	Brigit Brown Montreal	1890 Marble Ridge Drive, Rockingham County, VA	US	S2-133796032	Brigit Husk Fróntier Fusion LLC	4880. 19TH AVE, BOZEMAN, MT	10	0.0685	SHARED_STEM_OR_PREFIX
S1-582550646	U A & O Securities PLLC	514 Snow Mass Lane, Yakima, WA	US	S2-378010389	U A & O Securities Co	523 SNOW MASS LN, <NULL>, YAKIMA, WA	5	0.6107	SHARED_NAME_AND_LOCATION_TOKENS
S1-582550646	U A & O Securities PLLC	514 Snow Mass Lane, Yakima, WA	US	S2-137458850	U A O Securities Group Services	219 1/2 MCKINLEY, CHANDLR, OK	7	0.6107	SHARED_STEM_OR_PREFIX
S1-582550646	U A & O Securities PLLC	514 Snow Mass Lane, Yakima, WA	US	S3-46583902	U A & O Securities Group Holdings	221 Mckinley, Chandler, Oklahoma	8	0.6107	SHARED_STEM_OR_PREFIX
S1-582550646	U A & O Securities PLLC	514 Snow Mass Lane, Yakima, WA	US	S3-793496711	U A &  O Securities Inc.	2647 30, Booneville, Kentucky	9	0.6107	SHARED_STEM_OR_PREFIX
S1-582550646	U A & O Securities PLLC	514 Snow Mass Lane, Yakima, WA	US	S3-874192041	U A & O Securities Riverside L.L.C.	496 1/2 Pleasant Hill Road, Decatur, Alabama	10	0.6107	SHARED_STEM_OR_PREFIX
S1-761888543	Jhk Industries Private Limited	P-3, New C.I.T.Road Second Floor, Kolkata, Kolkata, Howrah, West Bengal	India	S2-700051163	Jhk Industries LLP	P-7., NEW C.I.T.ROAD SECOND FLOOR, KOLKATA, KOLKATA, West Bengal	4	1.0832	SHARED_STREET_OR_ADDRESS
S1-430842276	North Solutions Private Limited	Plot No. 18 Bhaisaura, Gomti Nagar Extension, Lucknow, Uttar Pradesh	India	S2-141818665	North Solutions Private Limited	NO. 735  1319, SHIVAM SOCIETY, SECTOR-27, GANDHINAGAR, GANDHINAGAR, Gujarat	1	0.5389	SHARED_NAME_AND_LOCATION_TOKENS
S1-430842276	North Solutions Private Limited	Plot No. 18 Bhaisaura, Gomti Nagar Extension, Lucknow, Uttar Pradesh	India	S2-979781807	North Solutions Private Limited	A/1170, H NO 182/4, ROOM NO 1, INAMDAR WADA, GAOTHAN, PUNE, महाराष्ट्र	2	0.5389	SHARED_NAME_AND_LOCATION_TOKENS
S1-430842276	North Solutions Private Limited	Plot No. 18 Bhaisaura, Gomti Nagar Extension, Lucknow, Uttar Pradesh	India	S3-641035133	North  Solutions Private Limited	KA, Bidar, Door No. G P 1019, Bangalore	3	0.5389	SHARED_NAME_AND_LOCATION_TOKENS
S1-430842276	North Solutions Private Limited	Plot No. 18 Bhaisaura, Gomti Nagar Extension, Lucknow, Uttar Pradesh	India	S3-600800441	NORTH SOLUTIONS PRIVATE LIMITED	#779 204-206, Siddharth Chambers Haus Khas, New Delhi, दिल्ली	5	0.5389	SHARED_STEM_OR_PREFIX
S1-430842276	North Solutions Private Limited	Plot No. 18 Bhaisaura, Gomti Nagar Extension, Lucknow, Uttar Pradesh	India	S3-386468237	North Solutions Private Limited	No 84 Goregaon Mulund Linkroad Mulund West, Mumbai, MH	7	0.5389	SHARED_NAME_AND_LOCATION_TOKENS
S1-430842276	North Solutions Private Limited	Plot No. 18 Bhaisaura, Gomti Nagar Extension, Lucknow, Uttar Pradesh	India	S2-984985181	NORTH SOLAPUR  APPARELS PVT	C.S NO 17/1B/1, 43-102, SWAPANPUSHP PHASE 2, NORTH SOLAPUR, Maharashtra	8	0.1446	SHARED_NAME_AND_LOCATION_TOKENS
S1-430842276	North Solutions Private Limited	Plot No. 18 Bhaisaura, Gomti Nagar Extension, Lucknow, Uttar Pradesh	India	S2-866123350	North Solutions	PLOT 816- 601, VIRESHWAR HEIGHTS, OFF PM ROAD NEAR HANUMAN MANDIR, KANKUWADI, MUMBAI, महाराष्ट्र	9	0.1446	SHARED_NAME_AND_LOCATION_TOKENS
S1-533701421	First Cartesian LLC	586 Country Way, Sanford, NC	US	S2-623811671	First Cartesian Inc	590-592 COUNTRY WAY, SANFORD, NC	5	0.5415	SHARED_NAME_AND_LOCATION_TOKENS
S1-533701421	First Cartesian LLC	586 Country Way, Sanford, NC	US	S2-882142235	First Cargo Associates	4 OBIREN AVE, APALACHIN, NY	8	0.1675	SHARED_STEM_OR_PREFIX
S1-140574806	Agneta Allen Shore	216 Eagle Lane, Pittsylvania County, VA	US	S2-328207592	Agneta Agneta Bailey Solutions Inc	25042 BECKS LN, GEORGETOWN, DE	6	0.2704	SHARED_STEM_OR_PREFIX
S1-140574806	Agneta Allen Shore	216 Eagle Lane, Pittsylvania County, VA	US	S2-165426270	Agneta Zaragoza Direct  Arc Uptown Inc	00171 INVERNESS CT, ELK GROVE VILLAGE DP, IL	7	0.1962	SHARED_STEM_OR_PREFIX
S1-140574806	Agneta Allen Shore	216 Eagle Lane, Pittsylvania County, VA	US	S2-295840991	AGNETA RICCO LEGACY INCOME LLC	490 ADAMS AVENUE, PELLA, IA	8	0.1962	SHARED_STEM_OR_PREFIX
S1-140574806	Agneta Allen Shore	216 Eagle Lane, Pittsylvania County, VA	US	S2-769077112	Agneta's Better Landscaping LLC	35TH AVE, SEATTLE, WA	10	0.1962	SHARED_STEM_OR_PREFIX
S1-388312190	Esparza, Kwon & Omara Sciences LLC	226 Barefield Drive, NC, Millers Creek	US	S2-747259939	Esparza, Kwon & Omara Sciences (Associates)	4434 VALLEY RD, DUNLAP, TN	2	0.7127	SHARED_STEM_OR_PREFIX
S1-388312190	Esparza, Kwon & Omara Sciences LLC	226 Barefield Drive, NC, Millers Creek	US	S2-550940016	ESPARZA, KWON OMARA SCIENCES ÍNC. SERVICES	940 VEGA COURT, FORT WORTH, TX	3	0.7127	SHARED_STEM_OR_PREFIX
S1-388312190	Esparza, Kwon & Omara Sciences LLC	226 Barefield Drive, NC, Millers Creek	US	S2-429894011	Esparza, Kwon & Omara Sciences Lakeside LLC	230 BAREFIELD DRIVE, MILLERS CREEK, NC	4	0.7127	SHARED_STREET_OR_ADDRESS
S1-388312190	Esparza, Kwon & Omara Sciences LLC	226 Barefield Drive, NC, Millers Creek	US	S3-370915547	Esparza, Kwon & Omara Sciences Incorporated	Fort Worth, Texas, 4940 Vega Court	5	0.7127	SHARED_STEM_OR_PREFIX
S1-388312190	Esparza, Kwon & Omara Sciences LLC	226 Barefield Drive, NC, Millers Creek	US	S3-416656679	esparza, kwon & omara sciences associates	4434 Vally Road, Dunlap, Tennessee	6	0.7127	SHARED_STEM_OR_PREFIX
S1-388312190	Esparza, Kwon & Omara Sciences LLC	226 Barefield Drive, NC, Millers Creek	US	S3-781102847	Esparza, Kwon & Omara Sciences Associates Holdings	Duunlap CITY, Tennessee, 4443 Valley Road	7	0.7127	SHARED_STEM_OR_PREFIX
S1-388312190	Esparza, Kwon & Omara Sciences LLC	226 Barefield Drive, NC, Millers Creek	US	S3-398285081	Esparza, Kwon &  Omara Sciences Inc. #44542	Fort Worth, 4940 Vega Ct, Texas	8	0.7127	SHARED_STEM_OR_PREFIX
S1-388312190	Esparza, Kwon & Omara Sciences LLC	226 Barefield Drive, NC, Millers Creek	US	S3-572006393	Holdings Esparza, Kwon & Omara 5ciences	4944 Vega Ct, FORT Worthc DP, Texas	10	0.4477	SHARED_STEM_OR_PREFIX
S1-767371184	Khush Memorial Trust	House No 8-B Jr Coconest, Marasur, Anekal, Bangalore, Karnataka	India	S3-875439077	Khush Memiral Trust Trust Overseas	House No 13-B Jr Coconest, Marasur, Bangalore, Anekal, KA	3	0.7779	SHARED_NAME_AND_LOCATION_TOKENS
S1-767371184	Khush Memorial Trust	House No 8-B Jr Coconest, Marasur, Anekal, Bangalore, Karnataka	India	S2-120976853	Khush +	A-707 DEV ATELIER COMPLEX ANAND NAGAR CROSS ROAD, PRAHLADNAGAR, AHMEDABAD, Gujarat	8	0.1009	SHARED_STEM_OR_PREFIX
S1-767371184	Khush Memorial Trust	House No 8-B Jr Coconest, Marasur, Anekal, Bangalore, Karnataka	India	S2-158607472	Khush Poultry-Private	FLAT NO 609, 6TH FLR, MEADOWS, SAHAR PLAZA COMPLEX NEXT TO KOHINOOR, A.K.ROAD, ANDHERI -EAS, T, MUMBAI, Maharashtra	9	0.1009	SHARED_NAME_AND_LOCATION_TOKENS
S1-767371184	Khush Memorial Trust	House No 8-B Jr Coconest, Marasur, Anekal, Bangalore, Karnataka	India	S2-174506498	Khush Engineering Private	GALAXY - WEWORK, GALAXY, 44, RESIDENCY ROAD, SHANTALA NAGAR, ASHOK NAGAR, BANGALORE NORTH, ಕರ್ನಾಟಕ	10	0.1009	SHARED_NAME_AND_LOCATION_TOKENS
S1-395950954	Aragon Biotech L.L.C.	8231 Rebecca Woods Drive, Bartlett, TN	US	S2-168155270	aragonrussellmoore.com	13998 WALLWORTH CIR, NOBLESVILLE TOWNSHIP, IN	3	0.1081	SAME_GEOGRAPHY_AND_GENERIC_KEY
S1-395950954	Aragon Biotech L.L.C.	8231 Rebecca Woods Drive, Bartlett, TN	US	S2-659030408	Aragon Center Learning Corp	461 GRANDVIEW DRIVE, VACAVILE, CA	5	0.1081	SHARED_STREET_OR_ADDRESS
S1-395950954	Aragon Biotech L.L.C.	8231 Rebecca Woods Drive, Bartlett, TN	US	S2-596628818	ARAGON ALL YIELD LP	336 MEADOW LANE, MILL NECK, NY	7	0.1081	SHARED_STEM_OR_PREFIX
S1-395950954	Aragon Biotech L.L.C.	8231 Rebecca Woods Drive, Bartlett, TN	US	S2-676759049	ARAGON DRILLING PLLC	512  BERTRAND STREET, ST MARYS, KS	8	0.1081	SHARED_STEM_OR_PREFIX
S1-395950954	Aragon Biotech L.L.C.	8231 Rebecca Woods Drive, Bartlett, TN	US	S2-188805365	Aragon Yield PC Service	TN, LEBANON, 2955 OLD LAGUARDO ROAD	9	0.1081	SHARED_NAME_AND_LOCATION_TOKENS
S1-395950954	Aragon Biotech L.L.C.	8231 Rebecca Woods Drive, Bartlett, TN	US	S2-851474232	Aragon (Drilling)	IA, 24TH ST, AMES	10	0.1081	SHARED_STEM_OR_PREFIX
S1-691555791	Kopf Labs	Spring, TX, 74 Slatestone Circle	US	S2-634042574	Kopf Lasas Corp	95  SLATESTONE CIRCLE, SPRING TOWNSHIP, TX	2	0.5395	SHARED_NAME_AND_LOCATION_TOKENS
S1-691555791	Kopf Labs	Spring, TX, 74 Slatestone Circle	US	S2-472387513	greatproject.com	TX, SPRING, 74 ELM WILLOW COURT	3	0.2027	SAME_GEOGRAPHY_AND_GENERIC_KEY
S1-691555791	Kopf Labs	Spring, TX, 74 Slatestone Circle	US	S2-278870436	Bowen Veterinary Clinic Group	74 SPRING CREEK RD, BARRINGTON HILLS, IL	4	0.2027	SAME_GEOGRAPHY_AND_GENERIC_KEY
S1-691555791	Kopf Labs	Spring, TX, 74 Slatestone Circle	US	S2-370577072	G 5 F Tearuy Downtown	74  SPRING STREET, WINDSOR LOCKS, CT	5	0.2027	SAME_GEOGRAPHY_AND_GENERIC_KEY
S1-691555791	Kopf Labs	Spring, TX, 74 Slatestone Circle	US	S2-867869562	Green Asia Ltd	74 SPRING WOODS RD, LAKE GEORGE, NY	7	0.2027	SAME_GEOGRAPHY_AND_GENERIC_KEY
S1-691555791	Kopf Labs	Spring, TX, 74 Slatestone Circle	US	S2-156983071	THE MADRID COHEN INC.	74 1/2 WEST STREET, SPRING VALLEY, NY	8	0.2027	SAME_GEOGRAPHY_AND_GENERIC_KEY
S1-793019850	Rocky Trust, LLC	846 217, Claverack, NY	US	S2-718999314	ROCKY TRUST LLC	5212. CORTLAND BLVD, FLAGSTAFF, AZ	1	0.5507	SHARED_STEM_OR_PREFIX
S1-793019850	Rocky Trust, LLC	846 217, Claverack, NY	US	S2-986651251	ROCKY TRUST LLC	88 OAK STREET, DUNSTABLE, MA	4	0.5507	SHARED_STEM_OR_PREFIX
S1-793019850	Rocky Trust, LLC	846 217, Claverack, NY	US	S2-840541700	Rocky  Trust LLC	KY, 1221 SHANNON DRIVE, BOWLING GREEN CTIY	7	0.5507	SHARED_STEM_OR_PREFIX
S1-793019850	Rocky Trust, LLC	846 217, Claverack, NY	US	S2-751136542	Rocky Trust L.L.C.	1420 43ND AVE, SACRAMENTO, CA	9	0.5507	SHARED_STEM_OR_PREFIX
S1-975506716	Radharani (India) Green Private Limited	Door No:6-21, C.Kothapalli, Chapalamadugu Gram Pancha, Markapur, Prakasam, Andhra Pradesh	India	S2-502288200	Radharani (India) Green Enterprises Limited Private	DOOR NO:-23, C.KOTHAPALLI, CHAPALAMADUGU GRAM PANCHA, MARKAPUR, Andhra Pradesh	2	0.7309	SHARED_NAME_AND_LOCATION_TOKENS
S1-975506716	Radharani (India) Green Private Limited	Door No:6-21, C.Kothapalli, Chapalamadugu Gram Pancha, Markapur, Prakasam, Andhra Pradesh	India	S3-187683002	Radharani Radharani Group	C2-4a., Srila Park Pride Near Sri Chaitanya Jr College, Hydernaga, Medchal Malkajgiri, Hyderabad, TG	6	0.3977	SHARED_STEM_OR_PREFIX
S1-975506716	Radharani (India) Green Private Limited	Door No:6-21, C.Kothapalli, Chapalamadugu Gram Pancha, Markapur, Prakasam, Andhra Pradesh	India	S2-977904835	Radharani Corp College	B-404-, VEENA BEENA APARTMENTS 4TH FLOOR, A. D. MARG, SEWREE, MUMBAI, Maharashtra	8	0.3247	SHARED_STEM_OR_PREFIX
S1-975506716	Radharani (India) Green Private Limited	Door No:6-21, C.Kothapalli, Chapalamadugu Gram Pancha, Markapur, Prakasam, Andhra Pradesh	India	S2-72595459	-- Radharani Other Públic Limited	C/O DR SANU MUTHUPALAKKAL HOUSE, THRISSUR, KAIPAMANGALAM, Keralam	10	0.3247	SHARED_NAME_AND_LOCATION_TOKENS
S1-666435696	Apex Pinnacle Music Group	NC, Albemarle, 29569 Forrest Road	US	S2-6742851	Apex Pinnacle  Networks Group	1605 MIDLNAD DR, EAST MEADOW, NY	1	0.6701	SHARED_STEM_OR_PREFIX
S1-666435696	Apex Pinnacle Music Group	NC, Albemarle, 29569 Forrest Road	US	S2-738027724	Apex Pinnacle Electrical LLC	2426 ZINFANDEL LN, LEWES, DE	3	0.6701	SHARED_STEM_OR_PREFIX
S1-666435696	Apex Pinnacle Music Group	NC, Albemarle, 29569 Forrest Road	US	S3-702738240	Apex Pinnacle-Music Co	North Carolina, Albemarle, 29573 Forrest Road	8	0.6701	SHARED_STREET_OR_ADDRESS
S1-129027978	Express Construction LLC	430 Haldimand Avenue, Hamilton, OH	US	S2-48287439	>> EXPRESS CONSTRUCTION-LLC	13 KIMBALL LN, <NULL>, MONMOUTH, ME	2	0.6216	SHARED_STEM_OR_PREFIX
S1-129027978	Express Construction LLC	430 Haldimand Avenue, Hamilton, OH	US	S2-884178938	express construction llc	1729 HACKAMORE STREET, MESQUITE, TX	3	0.6216	SHARED_STEM_OR_PREFIX
S1-129027978	Express Construction LLC	430 Haldimand Avenue, Hamilton, OH	US	S3-971261116	Express Construction Llc	13-D Kimball Ln, Monmouth, Maine	4	0.6216	SHARED_STEM_OR_PREFIX
S1-129027978	Express Construction LLC	430 Haldimand Avenue, Hamilton, OH	US	S3-788809240	Express Construction  [LLC]	Hackamore Street, Mesquite, Texas	5	0.6216	SHARED_STEM_OR_PREFIX
S1-129027978	Express Construction LLC	430 Haldimand Avenue, Hamilton, OH	US	S2-699397039	Express Construction Brands L.L.C.	2929 ROUTIER ROAD, RANCHO CORDOVA, CA	7	0.1763	SHARED_STEM_OR_PREFIX
S1-129027978	Express Construction LLC	430 Haldimand Avenue, Hamilton, OH	US	S2-462119493	Express-Construction  Company	106 FRANKLIN SREET, LEXINGTON, NC	9	0.1763	SHARED_STEM_OR_PREFIX
S1-129027978	Express Construction LLC	430 Haldimand Avenue, Hamilton, OH	US	S2-26388088	LLC EXPRESS CONSTRUCTION DIGITAL	WOODRIDGE, 2909 WILLIAMS DR, IL	10	0.1763	SHARED_STEM_OR_PREFIX
S1-922994065	Amethi Finance Limited	Amethi, Uttar Pradesh, Sultanpur, C/O Narsingh Yadav Ramganj Ram Awadh Rampur Ramganj	India	S3-318265342	Amethi Finance Pvt Ltd	##59 C/o Narsingh Yadav Ramganj Ram Awadh Rampur Ramganj, Sultanpur, Amethi, UP	3	1.0831	SHARED_NAME_AND_LOCATION_TOKENS
S1-922994065	Amethi Finance Limited	Amethi, Uttar Pradesh, Sultanpur, C/O Narsingh Yadav Ramganj Ram Awadh Rampur Ramganj	India	S3-174717890	Amethi Amethi +	S No 80- 4Ala, Gangalakunta Village, Rapthadu, AP	4	0.3045	SHARED_STEM_OR_PREFIX
S1-922994065	Amethi Finance Limited	Amethi, Uttar Pradesh, Sultanpur, C/O Narsingh Yadav Ramganj Ram Awadh Rampur Ramganj	India	S2-985700102	Amethi Nursing Hme	West Bengal, 12/4 WEST CHOWBHAGA (TILJALA) LP-14/72/5, KOLKATA, KOLKATA	5	0.2217	SHARED_STEM_OR_PREFIX
S1-922994065	Amethi Finance Limited	Amethi, Uttar Pradesh, Sultanpur, C/O Narsingh Yadav Ramganj Ram Awadh Rampur Ramganj	India	S2-894422141	Amethi Technical Infratech Private Limited	HOUSE NO 133 CHAUK BAZAAR MADHAVPUR, GAURIGANJ, AMETHI, Uttar Pradesh	9	0.2217	SHARED_NAME_AND_LOCATION_TOKENS
S1-623350674	K 7 Classic Painting LLC	3615 Jefferson Street, Kansas City, MO	US	S2-787573704	K 7 Classic Tóken Co	3563 RIDGE RD, OH, KINGSVILLE	2	0.7754	SHARED_STEM_OR_PREFIX
S1-623350674	K 7 Classic Painting LLC	3615 Jefferson Street, Kansas City, MO	US	S2-494931946	K 7 Classic Token Corp	356 RIDGE RD, KINGSVILLE TWP, OH	3	0.7754	SHARED_STEM_OR_PREFIX
S1-623350674	K 7 Classic Painting LLC	3615 Jefferson Street, Kansas City, MO	US	S3-559078329	K 7 Classic Painting Inc.	3620 Jefferson Street, Kansas City, Missouri	5	0.7754	SHARED_STREET_OR_ADDRESS
S1-623350674	K 7 Classic Painting LLC	3615 Jefferson Street, Kansas City, MO	US	S2-24251375	K 7 Z Bankshares	BAYOWN, SHORT STREET, TX	7	0.1520	SHARED_STREET_OR_ADDRESS
S1-623350674	K 7 Classic Painting LLC	3615 Jefferson Street, Kansas City, MO	US	S2-622346310	K 7 LLC Eaton Q	TX, HOUSTON, KAUFMAN	8	0.1520	SHARED_STEM_OR_PREFIX
S1-623350674	K 7 Classic Painting LLC	3615 Jefferson Street, Kansas City, MO	US	S2-607134616	K 7 Z  BANKSHARES L.L.C.	1574 SANDCASTLE LANE, null, HAPSHIRE, IL	9	0.1520	SHARED_STEM_OR_PREFIX
S1-623350674	K 7 Classic Painting LLC	3615 Jefferson Street, Kansas City, MO	US	S2-871142209	K 7 Supreme Stárlink Inc | www.ksuprem.com	20024 BETTIS HILL ROAD, HINDSVILLE, AR	10	0.1520	SHARED_STEM_OR_PREFIX
S1-753180274	Helios LLC	306 Wrights Lane, Bldg BRIAN GRIFFITH DENTISTRY, Prestonsburg, KY	US	S2-909744971	HELIOS LLC	12 LINCOLN AVENUE, ALBANY, NY	3	0.1612	SHARED_STEM_OR_PREFIX
S1-753180274	Helios LLC	306 Wrights Lane, Bldg BRIAN GRIFFITH DENTISTRY, Prestonsburg, KY	US	S2-237038454	HELIOS LLC	1033 Condor Junction Rd, WENDELL, NC	6	0.1612	SHARED_STEM_OR_PREFIX
S1-753180274	Helios LLC	306 Wrights Lane, Bldg BRIAN GRIFFITH DENTISTRY, Prestonsburg, KY	US	S2-574714058	Helios Llc	1473 MACK RD, NULL, ASHEBORO, NC	8	0.1612	SHARED_STEM_OR_PREFIX
S1-617270478	Aasara Brothers Private Limited	No:2 Shah Sultan Complex 17/1 Ali Asker Cross Road, Cunningham R, Oad, Bangalore, Karnataka	India	S2-198652099	AASARA VERA (INDIA) PRIVATE LTD	H.NO ##58 WADNER DUMALA, TAL AND DIST NASIK R 475, NASHIK, Maharashtra	10	0.2512	SHARED_NAME_AND_LOCATION_TOKENS
S1-334052695	Guru Constructions Private Limited	Plot No 13, Pushpak Nagar, Lokhande Mala, Nashik, Maharashtra	India	S3-949677607	guru constructions private limited	N 45 A Sanjay Nagar, Gaziabad, Ghaziabad, UP	2	0.5172	SHARED_STREET_OR_ADDRESS
S1-334052695	Guru Constructions Private Limited	Plot No 13, Pushpak Nagar, Lokhande Mala, Nashik, Maharashtra	India	S3-556058187	guru constructions private limited	MH, Mumbai, Brookhavenata113, Ctsno.33, Bmajasvillage, Jogeshwari-vikrolilink Road, Jogeshwari, (E)	3	0.5172	SHARED_STEM_OR_PREFIX
S1-334052695	Guru Constructions Private Limited	Plot No 13, Pushpak Nagar, Lokhande Mala, Nashik, Maharashtra	India	S3-819924972	GURU CONSTRUCTIONS PRIVATE LIMITED	No 006/646Pulamanthle P O Perinthalmanna Thaluk, Malappuram, Pulamanthole, KL	8	0.5172	SHARED_NAME_AND_LOCATION_TOKENS
S1-334052695	Guru Constructions Private Limited	Plot No 13, Pushpak Nagar, Lokhande Mala, Nashik, Maharashtra	India	S3-425982175	Guru  Constructions Private Limited	Rom No. #303, Howrah, WB	10	0.5172	SHARED_NAME_AND_LOCATION_TOKENS
S1-102971431	Delhi Hospitality Private Limited	West Delhi, Delhi, 25/2-W-1 West Patel Nagar	India	S3-244008947	Delhi Hospitality Private  Limited	DL, Delhi, 5735-5739 Plot No. 45, North East	3	0.9167	SHARED_NAME_AND_LOCATION_TOKENS
S1-102971431	Delhi Hospitality Private Limited	West Delhi, Delhi, 25/2-W-1 West Patel Nagar	India	S2-655933260	Delhi Hospitality Private Ltd	PROPERTY NO- 36, 1ST FLOOR, FLAT NO-4, RIGHT SIDE SIDA MOHALLA, VILLAGE-CHILLA, DELHI, Delhi	7	0.3783	SHARED_NAME_AND_LOCATION_TOKENS
S1-102971431	Delhi Hospitality Private Limited	West Delhi, Delhi, 25/2-W-1 West Patel Nagar	India	S2-292603698	Delhi Hospitality Prdivrate-Limited	H. NO. 30/113-MCD-142, GROUND FLOOR, SANT NAGAR, EAST OF KAILASH, DELHI, Delhi	10	0.3783	SHARED_STREET_OR_ADDRESS
S1-948624922	Smart Hall Inc.	935 Sycamore Avenue, Corvallis, OR	US	S2-449595793	Smart Halh Systems PLLC	36 UNION AVENUE, SCHENECTADY, NY	9	0.2860	SHARED_STREET_OR_ADDRESS
S1-948624922	Smart Hall Inc.	935 Sycamore Avenue, Corvallis, OR	US	S2-523153324	ace textile systems, co	935 SYCAMORE AVE, BUENA VISTA, VA	10	0.2092	SAME_GEOGRAPHY_AND_GENERIC_KEY
S1-638785454	Gs Hospitals Private Limited	H.No-30, Ward No-16, Near Ice Factory Near Hindalco Petrol Pump, Hindalco City, Renukoot, Sonbhadra, Uttar Pradesh	India	S2-124387309	Gs Hospital Corp	788 PLOT NO H-1-78, RIICO INDUSTRIAL AREA MANSAROVAR, JAIPUR, Rajasthan	3	0.6770	SHARED_NAME_AND_LOCATION_TOKENS
S1-638785454	Gs Hospitals Private Limited	H.No-30, Ward No-16, Near Ice Factory Near Hindalco Petrol Pump, Hindalco City, Renukoot, Sonbhadra, Uttar Pradesh	India	S2-929116810	Gs  Hospital	H.NO 788 PLOT NO H-1-78, RIICO INDUSTRIAL AREA MANSAROVAR, JAIPUR, राजस्थान	4	0.6770	SHARED_NAME_AND_LOCATION_TOKENS
S1-638785454	Gs Hospitals Private Limited	H.No-30, Ward No-16, Near Ice Factory Near Hindalco Petrol Pump, Hindalco City, Renukoot, Sonbhadra, Uttar Pradesh	India	S2-713069269	Tirupati Services Public Limited	WARD NO. ##30, VILL P.O MAJHAULIYA ESTATE, P.S BATHNAHA, SITAMARHI, Bihar	5	0.1265	SAME_GEOGRAPHY_AND_GENERIC_KEY
S1-638785454	Gs Hospitals Private Limited	H.No-30, Ward No-16, Near Ice Factory Near Hindalco Petrol Pump, Hindalco City, Renukoot, Sonbhadra, Uttar Pradesh	India	S2-549243202	ਗੁਰੂ ਲੌਜਿਸਟਿਕਸ ਪ੍ਰਾਈਵੇਟ ਲਿਮਟਿਡ	WARD NO C-30, STREET NO 4, SAHEED KARTAR SINGH SARABHA NAGAR, BARNALA, BARNALA, BARNALA, SANGRUR, Punjab	6	0.1265	SAME_GEOGRAPHY_AND_GENERIC_KEY
S1-638785454	Gs Hospitals Private Limited	H.No-30, Ward No-16, Near Ice Factory Near Hindalco Petrol Pump, Hindalco City, Renukoot, Sonbhadra, Uttar Pradesh	India	S2-409864235	Hotel Innovative Infra Private (Limited)	WARD-30, DOCTOR COLONY, KHANDAKPAR, Bihar	7	0.1265	SAME_GEOGRAPHY_AND_GENERIC_KEY
S1-638785454	Gs Hospitals Private Limited	H.No-30, Ward No-16, Near Ice Factory Near Hindalco Petrol Pump, Hindalco City, Renukoot, Sonbhadra, Uttar Pradesh	India	S2-519546186	PULSE PRIVATE OF COMPANIES GROUP [LIMITED]	#30/B , WARD NO. 19 PRAKASH NAGAR, GALI NO 05, NAGDA, मध्य प्रदेश	8	0.1265	SAME_GEOGRAPHY_AND_GENERIC_KEY
S1-638785454	Gs Hospitals Private Limited	H.No-30, Ward No-16, Near Ice Factory Near Hindalco Petrol Pump, Hindalco City, Renukoot, Sonbhadra, Uttar Pradesh	India	S2-726355315	jhunjhunu mongers exports private 1imited	WARD NO. 30, AGUNA MOHALLA BISSAU, JHUNJHUNU, Rajasthan	9	0.1265	SAME_GEOGRAPHY_AND_GENERIC_KEY
S1-455885431	Lyrial Aria	21406 Catalina Circle, Rehoboth Beach, DE	US	S2-489710396	Lyrial Armada	00121 FLEGAL LN, N/A, WINCHESTER, VA	1	0.6417	SHARED_STEM_OR_PREFIX
S1-455885431	Lyrial Aria	21406 Catalina Circle, Rehoboth Beach, DE	US	S2-212727573	Lyrial Mózayyx LLC	5111 MOUNTAIN VALLEY ROAD, DECATUR, AL	6	0.1667	SHARED_STEM_OR_PREFIX
S1-455885431	Lyrial Aria	21406 Catalina Circle, Rehoboth Beach, DE	US	S2-17935503	Lyrial  Partners	32 IROQUOIS DRIVE, SOUTHWICK, MA	7	0.1667	SHARED_STEM_OR_PREFIX
S1-455885431	Lyrial Aria	21406 Catalina Circle, Rehoboth Beach, DE	US	S2-686812079	Lyrial-Culture LLC	2402 16TH ST, YUMA, AZ	9	0.1667	SHARED_STEM_OR_PREFIX
S1-455885431	Lyrial Aria	21406 Catalina Circle, Rehoboth Beach, DE	US	S2-341093628	LYRIAL-PRIME	2232 GRIFFIN AVENUE, ENUMCLAW CP, WA	10	0.1667	SHARED_STEM_OR_PREFIX
S1-312194988	Dios Hospital	Bardhaman, West Bengal, Bijon Kumar Dey, Bulchandrapur, P O-Painta, Burdwan, C/O	India	S2-945566648	Dios Hospital Private Limited	NO 10 C/O, BIJON KUMAR DEY, BULCHANDRAPUR, P O-PAINTA, BURDWAN, West Bengal	3	1.2390	SHARED_NAME_AND_LOCATION_TOKENS
S1-312194988	Dios Hospital	Bardhaman, West Bengal, Bijon Kumar Dey, Bulchandrapur, P O-Painta, Burdwan, C/O	India	S2-369631219	Dios Medical Medical	കേരളം, 26/702 A-5 CHERINGAL BUILDING, THULLANKANDI PARAMBA CHEVANGOTTUKUNNU ROAD, PARAYANCHERY, CALICUT	6	0.0927	SHARED_STEM_OR_PREFIX
S1-312194988	Dios Hospital	Bardhaman, West Bengal, Bijon Kumar Dey, Bulchandrapur, P O-Painta, Burdwan, C/O	India	S2-586678091	Dios Dil Pcrivea (Limited)	1/1W GARIAHAT ROADSOUTH JODHPUR PARK, KOLKATA, West Bengal	9	0.0927	SHARED_NAME_AND_LOCATION_TOKENS
S1-312194988	Dios Hospital	Bardhaman, West Bengal, Bijon Kumar Dey, Bulchandrapur, P O-Painta, Burdwan, C/O	India	S2-106931475	Dios & Associates Public Limited	उत्तर प्रदेश, 7A/137 SECTOR 7A, VRINDAWAN YOJNA LUCKNOW/LFSA, LUCKNOW	10	0.0927	SHARED_STEM_OR_PREFIX
S1-745218864	Yodha Associates Private Limited	M.A. Sarani, Bisharpara, North 24 Paraganas, North 24 Parganas, West Bengal	India	S3-708054967	Yodha Associates Infratech Private Limited	No 92 M.a. Sarani, Bisharpara, North 24 Parganas, North 24 Paraganas, WB	1	1.1151	SHARED_NAME_AND_LOCATION_TOKENS
S1-745218864	Yodha Associates Private Limited	M.A. Sarani, Bisharpara, North 24 Paraganas, North 24 Parganas, West Bengal	India	S2-518104447	God (India) Nidhi Private | www.godindia.com	HI/24- SL SARANI PO JYANGRA RABINDAR PALLY, KOLKATA, KOLKATA, পশ্চিমবঙ্গ	5	0.1970	SAME_GEOGRAPHY_AND_GENERIC_KEY
S1-745218864	Yodha Associates Private Limited	M.A. Sarani, Bisharpara, North 24 Paraganas, North 24 Parganas, West Bengal	India	S2-414217935	Indian Consultancy of Kolkata Corporation	24 H B SARANI, KOLKATA, West Bengal	6	0.1970	SAME_GEOGRAPHY_AND_GENERIC_KEY
S1-745218864	Yodha Associates Private Limited	M.A. Sarani, Bisharpara, North 24 Paraganas, North 24 Parganas, West Bengal	India	S3-679506188	Sonarpur Builders Private	H C Sarani, Deshbandhu Park, South 24 Parganas, Sonarpur, WB	10	0.1970	SAME_GEOGRAPHY_AND_GENERIC_KEY
S1-576426786	Jennings, Seaver & Powell Corp	7159 Sagert Street, Unit #106, Tualatin, OR	US	S2-400771912	JENNINGS, SEAVER & POWELL CORP	1263 DIVOT CIR, AKRON, OH	1	0.8006	SHARED_STEM_OR_PREFIX
S1-576426786	Jennings, Seaver & Powell Corp	7159 Sagert Street, Unit #106, Tualatin, OR	US	S3-153476491	JENNINGS, SEAVER & POWELL CORP	North Carolina, Charlotte CITY, # 1, 9127 Baroda Ln	3	0.8006	SHARED_STEM_OR_PREFIX
S1-576426786	Jennings, Seaver & Powell Corp	7159 Sagert Street, Unit #106, Tualatin, OR	US	S2-192907813	Jennings, Seaver-Powell Ltd Partners	3130 BARODA LANE, PMB 2425, CHARLOTTE, NC	8	0.3171	SHARED_STEM_OR_PREFIX
S1-576426786	Jennings, Seaver & Powell Corp	7159 Sagert Street, Unit #106, Tualatin, OR	US	S2-65132633	Jennings, Seaver & Powell	564-566 2nd St, NEW BEDFORD, MA	10	0.3171	SHARED_STEM_OR_PREFIX
S1-298951977	Family Associates of New Hartford	20 Canterbury Road, New Hartford, NY	US	S2-867653759	Creative Asset Uhamton	20 CANTERBURY DR, CONROE, TX	3	0.2092	SAME_GEOGRAPHY_AND_GENERIC_KEY
S1-298951977	Family Associates of New Hartford	20 Canterbury Road, New Hartford, NY	US	S2-855786293	Keith United Gl Inc	20 CANTERBURY CT, WENDELL, NC	4	0.2092	SAME_GEOGRAPHY_AND_GENERIC_KEY
S1-298951977	Family Associates of New Hartford	20 Canterbury Road, New Hartford, NY	US	S2-365895205	BIG CFHE	20 CANTERBURY CIRCLE, BARNSTABLE, MA	6	0.2092	SAME_GEOGRAPHY_AND_GENERIC_KEY
S1-298951977	Family Associates of New Hartford	20 Canterbury Road, New Hartford, NY	US	S2-646925149	Creative  Union Services	20 CANTERBURY DR, CONROE, TX	7	0.2092	SAME_GEOGRAPHY_AND_GENERIC_KEY
S1-298951977	Family Associates of New Hartford	20 Canterbury Road, New Hartford, NY	US	S2-289375813	The 8ig Cáfe	20 CANTERBURY CIRCLE, BARNSTABLE, MA	8	0.2092	SAME_GEOGRAPHY_AND_GENERIC_KEY
S1-380060263	Devashish Plaza Private Limited	B-3 Horning Stars T Road Mahim, Mumbai, Maharashtra	India	S3-151093017	Devashish Devashish Service Private Limited	Shop No. 2, Gurgaon, HR	5	0.4816	SHARED_STEM_OR_PREFIX
S1-380060263	Devashish Plaza Private Limited	B-3 Horning Stars T Road Mahim, Mumbai, Maharashtra	India	S2-478079005	Devashish Services  Pvt Ltd	SAI BALAJI TOWERS, SAI BALAJI TOWN, JANGAR JANGAREDDIGUDEM, JANGAREDDIGUDEM, Andhra Pradesh	6	0.3967	SHARED_STEM_OR_PREFIX
S1-380060263	Devashish Plaza Private Limited	B-3 Horning Stars T Road Mahim, Mumbai, Maharashtra	India	S2-311019684	Devashish Telecom Industries Public Ltd	SF.NO. 172/4A10A, ETTAYAPURAM ROAD, TUTICORIN, தமிழ்நாடு	7	0.3967	SHARED_STREET_OR_ADDRESS
S1-380060263	Devashish Plaza Private Limited	B-3 Horning Stars T Road Mahim, Mumbai, Maharashtra	India	S2-387137373	Devashish Motors Corporation	714 , NORTHERN SKY APARTMENTS, NEAR PUMPWELL, MANGALORE, Karnataka	9	0.3967	SHARED_STEM_OR_PREFIX
S1-603442937	Skill Agro Private Limited	3/101 Shree Krishan Avenyu Face, Limbodi, Indore, Madhya Pradesh	India	S2-363908890	Skill Analytics	YANAM ROAD, PATAVALA(V), THALLAREVU MANDAL, KAKINA, KAKINADA, Andhra Pradesh	2	0.2313	SHARED_NAME_AND_LOCATION_TOKENS
S1-603442937	Skill Agro Private Limited	3/101 Shree Krishan Avenyu Face, Limbodi, Indore, Madhya Pradesh	India	S2-565445308	SKILL AUTOMOTIVES PRIVATE (INDIA) LIMITED		3	0.2313	SHARED_STEM_OR_PREFIX
S1-603442937	Skill Agro Private Limited	3/101 Shree Krishan Avenyu Face, Limbodi, Indore, Madhya Pradesh	India	S3-23342862	Skill Anartitc Limited	No 92 Yanam Road, Patavala(v), Thallarevu Mandal, Kakina, East Godavari, Kakinada, ఆంధ్రప్రదేశ్	5	0.2313	SHARED_STEM_OR_PREFIX
S1-603442937	Skill Agro Private Limited	3/101 Shree Krishan Avenyu Face, Limbodi, Indore, Madhya Pradesh	India	S3-876049819	Skill Analytics  Private		6	0.2313	SHARED_STEM_OR_PREFIX
S1-603442937	Skill Agro Private Limited	3/101 Shree Krishan Avenyu Face, Limbodi, Indore, Madhya Pradesh	India	S3-107610930	Skill Automotives (India) Private	No 03- 1St Floor, Scorpio House Marathahalli Bridge Near Laxmi Layout Mu, Nnekolala, Bangalore, KA	7	0.2313	SHARED_STEM_OR_PREFIX
S1-603442937	Skill Agro Private Limited	3/101 Shree Krishan Avenyu Face, Limbodi, Indore, Madhya Pradesh	India	S3-563841836	skill automotives (india) private limited	Door No 03- 1St Floor, Scorpio House Marathahalli Bridge Near Laxmi Layout Mu, Nnekolala, Bangalore, KA	9	0.2313	SHARED_STEM_OR_PREFIX
S1-603442937	Skill Agro Private Limited	3/101 Shree Krishan Avenyu Face, Limbodi, Indore, Madhya Pradesh	India	S2-231827631	Dr Tech Clinic Industries	SHOP NO.G/3, B/1, SHREE GANESH TOWER CHS LTD, GAVDEVI MANDIR ROAD, THANE W., THANE, महाराष्ट्र	10	0.1015	SAME_GEOGRAPHY_AND_GENERIC_KEY
S1-144718195	Golden Pizza	1101 22nd Avenue, Battle Ground, WA	US	S2-529056556	Golden  Pizza	6227 125, PIERCETON, IN	2	0.3328	SHARED_STEM_OR_PREFIX
S1-144718195	Golden Pizza	1101 22nd Avenue, Battle Ground, WA	US	S2-82399596	Golden Pizza	9050-9052 39rd Place, INDIANAPOLIS, IN	3	0.3328	SHARED_STEM_OR_PREFIX
S1-144718195	Golden Pizza	1101 22nd Avenue, Battle Ground, WA	US	S2-175372896	Golden  Pizza	6678 3235, WEST JORDAN CITY, UT	5	0.3328	SHARED_STEM_OR_PREFIX
S1-144718195	Golden Pizza	1101 22nd Avenue, Battle Ground, WA	US	S2-179060659	Golden  Pizza	388 ROBERTS CT, CLIFTON, CO	9	0.3328	SHARED_STEM_OR_PREFIX
S1-518394026	One Healthcare	E50, 3Rd Floor, Ihfd, Nagar, Pallavaram, Kanchipuram, Tamil Nadu	India	S2-849144965	One  Healthcare	4/25, FIRST FLOOR, KAMAL MANSION ARTHUR BUNDER ROAD, COLABA, महाराष्ट्र	1	0.8632	SHARED_STREET_OR_ADDRESS
S1-518394026	One Healthcare	E50, 3Rd Floor, Ihfd, Nagar, Pallavaram, Kanchipuram, Tamil Nadu	India	S2-284317346	ONE HEALTHCARE	WE WORK OBEROI COMMERZ II, 20TH FLOOR, OFF W.E. HIGHWAY, OBEROI GARDEN CITY, GOREGAON EAST, महाराष्ट्र	2	0.8632	SHARED_STREET_OR_ADDRESS
S1-518394026	One Healthcare	E50, 3Rd Floor, Ihfd, Nagar, Pallavaram, Kanchipuram, Tamil Nadu	India	S3-619120884	One Healthcare	Office No. A-11, Second Floor Aditya Centigra, Plot N, Pune, महाराष्ट्र	4	0.8632	SHARED_STREET_OR_ADDRESS
S1-518394026	One Healthcare	E50, 3Rd Floor, Ihfd, Nagar, Pallavaram, Kanchipuram, Tamil Nadu	India	S3-731615222	One Healthcare		5	0.8632	SHARED_STEM_OR_PREFIX
S1-518394026	One Healthcare	E50, 3Rd Floor, Ihfd, Nagar, Pallavaram, Kanchipuram, Tamil Nadu	India	S3-126481575	One  Healthcare	13-6-434/A/177/1 Sardar Bagh, Hyderabad, తెలంగాణ	6	0.8632	SHARED_STEM_OR_PREFIX
S1-518394026	One Healthcare	E50, 3Rd Floor, Ihfd, Nagar, Pallavaram, Kanchipuram, Tamil Nadu	India	S3-356502322	@onehealthcare	203, Senate Square, Opp. Gangotri Complex, Gotri, Bharuch, GJ	7	0.6889	SAME_GEOGRAPHY_AND_GENERIC_KEY
S1-518394026	One Healthcare	E50, 3Rd Floor, Ihfd, Nagar, Pallavaram, Kanchipuram, Tamil Nadu	India	S2-740530086	One Healthcare Technologies Private	PLOT NO.27A, 2ND FLOOR, 7TH STREET, SECTOR 3, AMBATTUR INDUSTRIAL ESTATE, AMBATTUR, CHENNAI, Tamil Nadu	8	0.4689	SHARED_STREET_OR_ADDRESS
S1-518394026	One Healthcare	E50, 3Rd Floor, Ihfd, Nagar, Pallavaram, Kanchipuram, Tamil Nadu	India	S2-412370165	One Healthcare L.L.P.	1005, SECTOR 31-32A, GURGAON, Haryana	10	0.4689	SHARED_STEM_OR_PREFIX
S1-703428973	WXP Commercial LP	Lavergne, 132 Vaughnwood Drive, TN	US	S3-19822299	WXP COMMERCIAL LP	120 Wine Country Rd, PMB 6318, Grandview, Washington	1	1.3557	SHARED_STEM_OR_PREFIX
S1-703428973	WXP Commercial LP	Lavergne, 132 Vaughnwood Drive, TN	US	S2-927565535	WXP  Commercial PC	9667-9671 MARING DRIVE, PORTLAND CITY, OR	2	0.5670	SHARED_STREET_OR_ADDRESS
S1-703428973	WXP Commercial LP	Lavergne, 132 Vaughnwood Drive, TN	US	S2-418735641	WXP Commercial	#27550 MEDALLION AVENUE, MILLSBORO, DE	3	0.5670	SHARED_STEM_OR_PREFIX
S1-703428973	WXP Commercial LP	Lavergne, 132 Vaughnwood Drive, TN	US	S2-173455393	WXP Commercial Inc	225C 4792, BOYD, TX	4	0.5670	SHARED_STEM_OR_PREFIX
S1-703428973	WXP Commercial LP	Lavergne, 132 Vaughnwood Drive, TN	US	S2-694742723	WXP [Commercial]	130 KETTLES LN, PMB 6639, BROOKHAVEN, NY	5	0.5670	SHARED_STEM_OR_PREFIX
S1-703428973	WXP Commercial LP	Lavergne, 132 Vaughnwood Drive, TN	US	S2-464949753	WXP Commercial	#27550 MEDALLION AVENUE, MILLSBORO, DE	10	0.5670	SHARED_STEM_OR_PREFIX
S1-478051664	Cruz Rare	8120 Holly Crest Drive, Chattanooga, TN	US	S2-181333556	Cruz Rare	YUCCA VALLEY, CA, 7314 PALOMAR AVE	4	1.2354	SHARED_STEM_OR_PREFIX
S1-478051664	Cruz Rare	8120 Holly Crest Drive, Chattanooga, TN	US	S2-166553538	Cruz Rare	7314 PALOMAR AVENUE, CA, YUCCA VALLEY	5	1.2354	SHARED_STEM_OR_PREFIX
S1-478051664	Cruz Rare	8120 Holly Crest Drive, Chattanooga, TN	US	S3-796499568	Cruz  Rare	7314 Palomar Avenue, Yucca Valley CITY, California	6	1.2354	SHARED_STEM_OR_PREFIX
S1-478051664	Cruz Rare	8120 Holly Crest Drive, Chattanooga, TN	US	S2-336577822	Cruz Range Central	405 CHARLESTON STREET, ALBUQUERQUE, NM	8	0.2101	SHARED_STEM_OR_PREFIX
S1-478051664	Cruz Rare	8120 Holly Crest Drive, Chattanooga, TN	US	S3-509875390	cruzramirezaragon.com	3889. Jamestown Curve, Woodbury, Minnesota	10	0.2101	SAME_GEOGRAPHY_AND_GENERIC_KEY
S1-95925372	Temple Presbyterian Church	11802 Hickory Drive, Fort Washington, MD	US	S2-107110980	Temple Presbyterian Church	3300 VIRGO STREET, RANCHO CORDOVA, CA	5	0.5094	SHARED_STEM_OR_PREFIX
S1-95925372	Temple Presbyterian Church	11802 Hickory Drive, Fort Washington, MD	US	S2-521734845	Temple-Presbyterian Church	MAHTOMEDI, 59 NEPTUNE STREET, MN	6	0.5094	SHARED_STEM_OR_PREFIX
S1-95925372	Temple Presbyterian Church	11802 Hickory Drive, Fort Washington, MD	US	S2-168882116	TEMPLE PRESBYTERIAN CHURCH	62 WILSON AVENUE, NORWALK, CT	7	0.5094	SHARED_STEM_OR_PREFIX
S1-95925372	Temple Presbyterian Church	11802 Hickory Drive, Fort Washington, MD	US	S2-713546016	Temple-Presbyterian Church	N/A, 537 HIGHLAND AVE, GRAFTON, WV	9	0.5094	SHARED_STEM_OR_PREFIX
S1-993604636	Nanak & Partners Pvt Ltd	288-B, Vivek Vihar, New Sanganer Road, Jaipur, Rajasthan	India	S2-480738113	NANAK PVT LTD CENTER	#18 KETKI BLDGMISQUTA NAGAR VIDYAMANDIR RD DAHISAR (E), MUMBAI, Maharashtra	4	0.2834	SHARED_STEM_OR_PREFIX
S1-993604636	Nanak & Partners Pvt Ltd	288-B, Vivek Vihar, New Sanganer Road, Jaipur, Rajasthan	India	S2-74167867	Nanak Pr0ducts Private Limited	NO. 711, 7TH FLOOR, A BLOCK, 8/115 (201), EGMORE NUGNAMBAKKA, Tamil Nadu	6	0.2834	SHARED_STEM_OR_PREFIX
S1-993604636	Nanak & Partners Pvt Ltd	288-B, Vivek Vihar, New Sanganer Road, Jaipur, Rajasthan	India	S2-425037488	nanak products private limited	#711 , 7TH FLOOR, A BLOCK, 8/115 (201), EGMORE NUNGAMBAKKA, Tamil Nadu	7	0.2834	SHARED_STEM_OR_PREFIX
S1-993604636	Nanak & Partners Pvt Ltd	288-B, Vivek Vihar, New Sanganer Road, Jaipur, Rajasthan	India	S3-292241407	Nanak Products Overseas Private Limited	No. 720, 7Th Floor, A Block, 8/115 (201), Egmore Nungambakka, Chennai, TN	8	0.2834	SHARED_STEM_OR_PREFIX
S1-993604636	Nanak & Partners Pvt Ltd	288-B, Vivek Vihar, New Sanganer Road, Jaipur, Rajasthan	India	S3-13976623	Nanak Products  Private Limited	No. 711, Egmore Nungambakka, Chennai, TN	9	0.2834	SHARED_STEM_OR_PREFIX
S1-993604636	Nanak & Partners Pvt Ltd	288-B, Vivek Vihar, New Sanganer Road, Jaipur, Rajasthan	India	S3-850535238	Nanak Products  Private Limited	No. 711, 7Th Floor, A Block, 8/115 (201), Egmore Nungambakka, Chennai, TN	10	0.2834	SHARED_STEM_OR_PREFIX
S1-515624637	Mireles Generation LLC	2114 S 3rd Street, Unit 5D, Shelbyville, IL	US	S2-270980704	Mireles Generation LLC LLC	MATHEWS, 275 PLANTATION TRL, AL	3	0.8205	SHARED_STEM_OR_PREFIX
S1-515624637	Mireles Generation LLC	2114 S 3rd Street, Unit 5D, Shelbyville, IL	US	S3-200370596	Mireles  Generation	275 Palntation Trl, Mathews, Alabama	4	0.8205	SHARED_STEM_OR_PREFIX
S1-515624637	Mireles Generation LLC	2114 S 3rd Street, Unit 5D, Shelbyville, IL	US	S2-246712229	Mireles, Garcia and Qiu LLC Center	419 MARSHALL STREET, PAXTON, MA	6	0.4464	SHARED_STREET_OR_ADDRESS
S1-515624637	Mireles Generation LLC	2114 S 3rd Street, Unit 5D, Shelbyville, IL	US	S3-522175334	Mireles, Garcia and Qiu Lakeside LLC	Paxton, 403 Marshall Street, Massachusetts	8	0.4464	SHARED_STREET_OR_ADDRESS
S1-295377582	Hotel Gujarat Management Private Limited	9Th Avenue Business Park, No. 3, Unit No. 503, 5Th Floor, K.P. Puttanna Chetty Road, 5Th Main Road, Bangalore South, Bangalore, Karnataka	India	S2-488297578	Hotel Gujarat Services	E-22, GREATER KAILASH ENCLAVE PART-II, Delhi	2	0.6847	SHARED_STEM_OR_PREFIX
S1-295377582	Hotel Gujarat Management Private Limited	9Th Avenue Business Park, No. 3, Unit No. 503, 5Th Floor, K.P. Puttanna Chetty Road, 5Th Main Road, Bangalore South, Bangalore, Karnataka	India	S2-992382153	Hotel Gujarat Foundation Stores Limited	PLOT NO. A-20-, SWAGAT INDUSTRIAL PARK, ODHAV-INDORE HIGHWAY, BAKROL BUJRANG, TA, .DASKROI, AHMEDABAD, ગુજરાત	3	0.6847	SHARED_NAME_AND_LOCATION_TOKENS
S1-295377582	Hotel Gujarat Management Private Limited	9Th Avenue Business Park, No. 3, Unit No. 503, 5Th Floor, K.P. Puttanna Chetty Road, 5Th Main Road, Bangalore South, Bangalore, Karnataka	India	S3-723000602	Hotel Gujarat Developers Private	Kolkata, Calcutta, Vardaan Suite No 41225A- Camac Street . Park Street, WB	5	0.6847	SHARED_NAME_AND_LOCATION_TOKENS
S1-295377582	Hotel Gujarat Management Private Limited	9Th Avenue Business Park, No. 3, Unit No. 503, 5Th Floor, K.P. Puttanna Chetty Road, 5Th Main Road, Bangalore South, Bangalore, Karnataka	India	S3-223781492	Hotel Gujarat Consultancy Private Ltd	J/27 Ansa Indl.estatesakivihar Road Sakinaka, Andheri East, Mumbai, महाराष्ट्र	6	0.6847	SHARED_STREET_OR_ADDRESS
S1-295377582	Hotel Gujarat Management Private Limited	9Th Avenue Business Park, No. 3, Unit No. 503, 5Th Floor, K.P. Puttanna Chetty Road, 5Th Main Road, Bangalore South, Bangalore, Karnataka	India	S3-481868597	Hotel Gujarat Constructions [Private]	J/240 Ansa Indl.estatesakivihar Road Sakinaaa, Greater Bombay, Andheri East, महाराष्ट्र	8	0.6847	SHARED_STREET_OR_ADDRESS
S1-295377582	Hotel Gujarat Management Private Limited	9Th Avenue Business Park, No. 3, Unit No. 503, 5Th Floor, K.P. Puttanna Chetty Road, 5Th Main Road, Bangalore South, Bangalore, Karnataka	India	S2-333248565	Soubhagya & Asoictes Pvt.-Ltd.	S. B. BUSINESS CENTRE, ROOM NO. 3, U-112 LGF, MAIN VIKASH MARG, DELHI, दिल्ली	10	0.1560	SAME_GEOGRAPHY_AND_GENERIC_KEY
S1-616628716	Apt Holdings	First & Second Floor, Shop No. 25, Malik Singh Complex, Sector-17, Kurukshetra, Haryana	India	S3-420593766	Apt Holdings Overseas	76 First & Second Floor, Shop No. 25, Malik Singh Complex, Sector-17, Uuht,, Kurukshetra, हरियाणा	5	0.6234	SHARED_STREET_OR_ADDRESS
S1-616628716	Apt Holdings	First & Second Floor, Shop No. 25, Malik Singh Complex, Sector-17, Kurukshetra, Haryana	India	S2-754467043	Sri SAMARPAN HOMES PRIVATE  LIMITED	FIRST FLOOR, FIRST BLOCK, /25 RAMANUJA IYER STEET OLD WASHERMENPET, CHENNAI, Tamil Nadu	6	0.0959	SHARED_STREET_OR_ADDRESS
S1-187058094	Ahmedabad Innovators Center	Indochem House 8 Sundarvansociety Opp Gujarat Vidyapith Ushmanpura Ashram Road, Gujarat, Ahmedabad	India	S2-282340464	Innovators Ave Innovators	தமிழ்நாடு, SALEM, C-67/1	6	0.1387	SHARED_STEM_OR_PREFIX
S1-187058094	Ahmedabad Innovators Center	Indochem House 8 Sundarvansociety Opp Gujarat Vidyapith Ushmanpura Ashram Road, Gujarat, Ahmedabad	India	S2-123122133	Agrawal Innovators Private (Límited)	DOOR NO 95 , VYAPAR VIKASH PARISHAD, DEOGURADIA, INDORE, Madhya Pradesh	7	0.0694	SHARED_STEM_OR_PREFIX
S1-187058094	Ahmedabad Innovators Center	Indochem House 8 Sundarvansociety Opp Gujarat Vidyapith Ushmanpura Ashram Road, Gujarat, Ahmedabad	India	S2-715303644	Global South Innovators Co		9	0.0694	SHARED_STEM_OR_PREFIX
S1-557975484	Tathastu Traders Pvt. Ltd.	Plot No.84/C, Phase -I, I.D.A Jeedimetla Quthubullapur, Medchal- Malkajgiri Dist., Hyderabad, Rangareddy, Telangana	India	S2-113050804	Tathastu Traders of Bhagwanpur Industries LLP	##81 C/O SOUMYASRI MITY, SECY, PAIKBHARI, BHAGWANPUR, BHAGWANPUR, West Bengal	2	0.6572	SHARED_NAME_AND_LOCATION_TOKENS
S1-557975484	Tathastu Traders Pvt. Ltd.	Plot No.84/C, Phase -I, I.D.A Jeedimetla Quthubullapur, Medchal- Malkajgiri Dist., Hyderabad, Rangareddy, Telangana	India	S2-692002980	Tathastu Traders Pvt	H.NO 61 OFFICE NO- 225, 2ND FLOOR, NBC COMPLEX PLOT NO.- 43, SECTOR-11, CBD BELAPUR, NAVI MUMBAI, Maharashtra	3	0.6572	SHARED_NAME_AND_LOCATION_TOKENS
S1-557975484	Tathastu Traders Pvt. Ltd.	Plot No.84/C, Phase -I, I.D.A Jeedimetla Quthubullapur, Medchal- Malkajgiri Dist., Hyderabad, Rangareddy, Telangana	India	S2-282488739	Tathastu Traders Group Private	104-, LINKS BUILDING KHAR PALI ROAD CORNER, KHAR WEST, MUMBAI, Maharashtra	4	0.6572	SHARED_STEM_OR_PREFIX
S1-557975484	Tathastu Traders Pvt. Ltd.	Plot No.84/C, Phase -I, I.D.A Jeedimetla Quthubullapur, Medchal- Malkajgiri Dist., Hyderabad, Rangareddy, Telangana	India	S2-571323148	Tathastu Traders  of Bhagwanpur	C/O SOUMYASRI MAITY, SECY, PLIKBHARI, BHAGWANPUR, BHAGWANPUR, West Bengal	5	0.6572	SHARED_NAME_AND_LOCATION_TOKENS
S1-557975484	Tathastu Traders Pvt. Ltd.	Plot No.84/C, Phase -I, I.D.A Jeedimetla Quthubullapur, Medchal- Malkajgiri Dist., Hyderabad, Rangareddy, Telangana	India	S2-286769242	TATHASTU GROUP OF COMPANIES COMPANIES COMPANY	NO.304, G BLOCK, STERLING GARDEN KEMPAPUR, HEBBAL, BANGALORE, ಕರ್ನಾಟಕ	10	0.3537	SHARED_NAME_AND_LOCATION_TOKENS
S1-487154804	Behavioral Health Medicine LLC	2770 163, Colorado City, TX	US	S2-23901043	Behavioral Health Medicine, LLC	76 RICHMOND RD, WARWICK, MA	4	0.1894	SHARED_STEM_OR_PREFIX
S1-487154804	Behavioral Health Medicine LLC	2770 163, Colorado City, TX	US	S2-897428573	Behavioral Health Medicine L.L.C.	40 TWELFTH ST, NORTH LITTLE ROCK, AR	5	0.1894	SHARED_STEM_OR_PREFIX
S1-487154804	Behavioral Health Medicine LLC	2770 163, Colorado City, TX	US	S2-242698439	Behavioral Health Medicine Llc	LEANDER, 2415 BRANDING IRON LANE, TX	6	0.1894	SHARED_NAME_AND_LOCATION_TOKENS
